{"type":"FeatureCollection","features":[{"type":"Feature","geometry":{"type":"Point","coordinates":[22.005555,43.292996]},"properties":{"name":"Niška Banja","band":0,"modes":"bus","arr":["1"],"off":[0,-0.8]}},{"type":"Feature","geometry":{"type":"Point","coordinates":[22.005555,43.292996]},"properties":{"line":"1","mode":"bus","color":"#0059a9","colorDark":"#00294f","band":0,"off":[0,1.1]}},{"type":"Feature","geometry":{"type":"Point","coordinates":[21.933472,43.310638]},"properties":{"name":"Ekonomska škola","band":0,"modes":"bus","arr":["10"],"off":[0,-0.8]}},{"type":"Feature","geometry":{"type":"Point","coordinates":[21.933472,43.310638]},"properties":{"line":"10","mode":"bus","color":"#0059a9","colorDark":"#00294f","band":0,"off":[0,1.1]}},{"type":"Feature","geometry":{"type":"Point","coordinates":[21.892086,43.311184]},"properties":{"name":"Trg kralja Milana (ka Uredu)","band":0,"modes":"bus","arr":["1","2","4","5","6","10","13","15A","27B","36"],"off":[0,-0.8]}},{"type":"Feature","geometry":{"type":"Point","coordinates":[21.892086,43.311184]},"properties":{"name":"Trg kralja Aleksandra","band":0,"modes":"bus","arr":["1","2","4","5","6","10","13","15A","27B","36"],"off":[0,-3]}},{"type":"Feature","geometry":{"type":"Point","coordinates":[21.892086,43.311184]},"properties":{"name":"Šivara","band":0,"modes":"bus","arr":["1","2","4","5","6","10","13","15A","27B","36"],"off":[0,-5.2]}},{"type":"Feature","geometry":{"type":"Point","coordinates":[21.892086,43.311184]},"properties":{"line":"1","mode":"bus","color":"#0059a9","colorDark":"#00294f","band":0,"off":[-6.8,1.1]}},{"type":"Feature","geometry":{"type":"Point","coordinates":[21.892086,43.311184]},"properties":{"line":"2","mode":"bus","color":"#0059a9","colorDark":"#00294f","band":0,"off":[-3.4,1.1]}},{"type":"Feature","geometry":{"type":"Point","coordinates":[21.892086,43.311184]},"properties":{"line":"4","mode":"bus","color":"#0059a9","colorDark":"#00294f","band":0,"off":[0,1.1]}},{"type":"Feature","geometry":{"type":"Point","coordinates":[21.892086,43.311184]},"properties":{"line":"5","mode":"bus","color":"#0059a9","colorDark":"#00294f","band":0,"off":[3.4,1.1]}},{"type":"Feature","geometry":{"type":"Point","coordinates":[21.892086,43.311184]},"properties":{"line":"6","mode":"bus","color":"#0059a9","colorDark":"#00294f","band":0,"off":[6.8,1.1]}},{"type":"Feature","geometry":{"type":"Point","coordinates":[21.892086,43.311184]},"properties":{"line":"10","mode":"bus","color":"#0059a9","colorDark":"#00294f","band":0,"off":[-6.8,3.1]}},{"type":"Feature","geometry":{"type":"Point","coordinates":[21.892086,43.311184]},"properties":{"line":"13","mode":"bus","color":"#0059a9","colorDark":"#00294f","band":0,"off":[-3.4,3.1]}},{"type":"Feature","geometry":{"type":"Point","coordinates":[21.892086,43.311184]},"properties":{"line":"15A","mode":"bus","color":"#0059a9","colorDark":"#00294f","band":0,"off":[0,3.1]}},{"type":"Feature","geometry":{"type":"Point","coordinates":[21.892086,43.311184]},"properties":{"line":"27B","mode":"bus","color":"#0059a9","colorDark":"#00294f","band":0,"off":[3.4,3.1]}},{"type":"Feature","geometry":{"type":"Point","coordinates":[21.892086,43.311184]},"properties":{"line":"36","mode":"bus","color":"#0059a9","colorDark":"#00294f","band":0,"off":[6.8,3.1]}},{"type":"Feature","geometry":{"type":"Point","coordinates":[21.866717,43.315215]},"properties":{"name":"Ledena Stena","band":0,"modes":"bus","arr":["1"],"off":[0,-0.8]}},{"type":"Feature","geometry":{"type":"Point","coordinates":[21.866717,43.315215]},"properties":{"line":"1","mode":"bus","color":"#0059a9","colorDark":"#00294f","band":0,"off":[0,1.1]}},{"type":"Feature","geometry":{"type":"Point","coordinates":[21.862362,43.308627]},"properties":{"name":"Minovo naselje I","band":0,"modes":"bus","arr":["1"],"off":[0,-0.8]}},{"type":"Feature","geometry":{"type":"Point","coordinates":[21.862362,43.308627]},"properties":{"line":"1","mode":"bus","color":"#0059a9","colorDark":"#00294f","band":0,"off":[0,1.1]}},{"type":"Feature","geometry":{"type":"Point","coordinates":[21.878718,43.315656]},"properties":{"name":"Železnička stanica","band":0,"modes":"bus","arr":["5","6"],"off":[0,-0.8]}},{"type":"Feature","geometry":{"type":"Point","coordinates":[21.878718,43.315656]},"properties":{"line":"5","mode":"bus","color":"#0059a9","colorDark":"#00294f","band":0,"off":[-1.7,1.1]}},{"type":"Feature","geometry":{"type":"Point","coordinates":[21.878718,43.315656]},"properties":{"line":"6","mode":"bus","color":"#0059a9","colorDark":"#00294f","band":0,"off":[1.7,1.1]}},{"type":"Feature","geometry":{"type":"Point","coordinates":[21.900193,43.323875]},"properties":{"name":"Ured","band":0,"modes":"bus","arr":["13","15A","500"],"off":[0,-0.8]}},{"type":"Feature","geometry":{"type":"Point","coordinates":[21.900193,43.323875]},"properties":{"name":"Učiteljski dom","band":0,"modes":"bus","arr":["13","15A","500"],"off":[0,-1.9]}},{"type":"Feature","geometry":{"type":"Point","coordinates":[21.900193,43.323875]},"properties":{"name":"Trg kralja Milana (ka Sudu)","band":0,"modes":"bus","arr":["13","15A","500"],"off":[0,-3]}},{"type":"Feature","geometry":{"type":"Point","coordinates":[21.900193,43.323875]},"properties":{"line":"13","mode":"bus","color":"#0059a9","colorDark":"#00294f","band":0,"off":[-3.4,1.1]}},{"type":"Feature","geometry":{"type":"Point","coordinates":[21.900193,43.323875]},"properties":{"line":"15A","mode":"bus","color":"#0059a9","colorDark":"#00294f","band":0,"off":[0,1.1]}},{"type":"Feature","geometry":{"type":"Point","coordinates":[21.900193,43.323875]},"properties":{"line":"500","mode":"bus","color":"#0059a9","colorDark":"#00294f","band":0,"off":[3.4,1.1]}},{"type":"Feature","geometry":{"type":"Point","coordinates":[21.962298,43.327091]},"properties":{"name":"Donja Vrežina 1","band":0,"modes":"bus","arr":["2"],"off":[0,-0.8]}},{"type":"Feature","geometry":{"type":"Point","coordinates":[21.962298,43.327091]},"properties":{"line":"2","mode":"bus","color":"#0059a9","colorDark":"#00294f","band":0,"off":[0,1.1]}},{"type":"Feature","geometry":{"type":"Point","coordinates":[21.947235,43.330507]},"properties":{"name":"Donja Vrežina","band":0,"modes":"bus","arr":["2"],"off":[0,-0.8]}},{"type":"Feature","geometry":{"type":"Point","coordinates":[21.947235,43.330507]},"properties":{"line":"2","mode":"bus","color":"#0059a9","colorDark":"#00294f","band":0,"off":[0,1.1]}},{"type":"Feature","geometry":{"type":"Point","coordinates":[21.876725,43.310965]},"properties":{"name":"Bubanj (okretnica)","band":0,"modes":"bus","arr":["2","4"],"off":[0,-0.8]}},{"type":"Feature","geometry":{"type":"Point","coordinates":[21.876725,43.310965]},"properties":{"name":"Bubanj","band":0,"modes":"bus","arr":["2","4"],"off":[0,-1.9]}},{"type":"Feature","geometry":{"type":"Point","coordinates":[21.876725,43.310965]},"properties":{"line":"2","mode":"bus","color":"#0059a9","colorDark":"#00294f","band":0,"off":[-1.7,1.1]}},{"type":"Feature","geometry":{"type":"Point","coordinates":[21.876725,43.310965]},"properties":{"line":"4","mode":"bus","color":"#0059a9","colorDark":"#00294f","band":0,"off":[1.7,1.1]}},{"type":"Feature","geometry":{"type":"Point","coordinates":[21.994876,43.329543]},"properties":{"name":"Gornja Vrežina MK","band":0,"modes":"bus","arr":["2","17A"],"off":[0,-0.8]}},{"type":"Feature","geometry":{"type":"Point","coordinates":[21.994876,43.329543]},"properties":{"line":"2","mode":"bus","color":"#0059a9","colorDark":"#00294f","band":0,"off":[-1.7,1.1]}},{"type":"Feature","geometry":{"type":"Point","coordinates":[21.994876,43.329543]},"properties":{"line":"17A","mode":"bus","color":"#0059a9","colorDark":"#00294f","band":0,"off":[1.7,1.1]}},{"type":"Feature","geometry":{"type":"Point","coordinates":[21.946327,43.325843]},"properties":{"name":"Skopska","band":0,"modes":"bus","arr":["2","6"],"off":[0,-0.8]}},{"type":"Feature","geometry":{"type":"Point","coordinates":[21.946327,43.325843]},"properties":{"line":"2","mode":"bus","color":"#0059a9","colorDark":"#00294f","band":0,"off":[-1.7,1.1]}},{"type":"Feature","geometry":{"type":"Point","coordinates":[21.946327,43.325843]},"properties":{"line":"6","mode":"bus","color":"#0059a9","colorDark":"#00294f","band":0,"off":[1.7,1.1]}},{"type":"Feature","geometry":{"type":"Point","coordinates":[21.868192,43.344109]},"properties":{"name":"Naselje Ratko Jović","band":0,"modes":"bus","arr":["3"],"off":[0,-0.8]}},{"type":"Feature","geometry":{"type":"Point","coordinates":[21.868192,43.344109]},"properties":{"line":"3","mode":"bus","color":"#0059a9","colorDark":"#00294f","band":0,"off":[0,1.1]}},{"type":"Feature","geometry":{"type":"Point","coordinates":[21.965977,43.308622]},"properties":{"name":"Brzi Brod","band":0,"modes":"bus","arr":["3"],"off":[0,-0.8]}},{"type":"Feature","geometry":{"type":"Point","coordinates":[21.965977,43.308622]},"properties":{"line":"3","mode":"bus","color":"#0059a9","colorDark":"#00294f","band":0,"off":[0,1.1]}},{"type":"Feature","geometry":{"type":"Point","coordinates":[21.878686,43.33537]},"properties":{"name":"Niš Mega maksi","band":0,"modes":"bus","arr":["7","5000","5001","5002","5004","5005","6000","7000"],"off":[0,-0.8]}},{"type":"Feature","geometry":{"type":"Point","coordinates":[21.878686,43.33537]},"properties":{"name":"DIN","band":0,"modes":"bus","arr":["7","5000","5001","5002","5004","5005","6000","7000"],"off":[0,-1.9]}},{"type":"Feature","geometry":{"type":"Point","coordinates":[21.878686,43.33537]},"properties":{"name":"63. Padobranske - ložionica","band":0,"modes":"bus","arr":["7","5000","5001","5002","5004","5005","6000","7000"],"off":[0,-3]}},{"type":"Feature","geometry":{"type":"Point","coordinates":[21.878686,43.33537]},"properties":{"line":"7","mode":"bus","color":"#0059a9","colorDark":"#00294f","band":0,"off":[-6.8,1.1]}},{"type":"Feature","geometry":{"type":"Point","coordinates":[21.878686,43.33537]},"properties":{"line":"5000","mode":"bus","color":"#0059a9","colorDark":"#00294f","band":0,"off":[-3.4,1.1]}},{"type":"Feature","geometry":{"type":"Point","coordinates":[21.878686,43.33537]},"properties":{"line":"5001","mode":"bus","color":"#0059a9","colorDark":"#00294f","band":0,"off":[0,1.1]}},{"type":"Feature","geometry":{"type":"Point","coordinates":[21.878686,43.33537]},"properties":{"line":"5002","mode":"bus","color":"#0059a9","colorDark":"#00294f","band":0,"off":[3.4,1.1]}},{"type":"Feature","geometry":{"type":"Point","coordinates":[21.878686,43.33537]},"properties":{"line":"5004","mode":"bus","color":"#0059a9","colorDark":"#00294f","band":0,"off":[6.8,1.1]}},{"type":"Feature","geometry":{"type":"Point","coordinates":[21.878686,43.33537]},"properties":{"line":"5005","mode":"bus","color":"#0059a9","colorDark":"#00294f","band":0,"off":[-3.4,3.1]}},{"type":"Feature","geometry":{"type":"Point","coordinates":[21.878686,43.33537]},"properties":{"line":"6000","mode":"bus","color":"#0059a9","colorDark":"#00294f","band":0,"off":[0,3.1]}},{"type":"Feature","geometry":{"type":"Point","coordinates":[21.878686,43.33537]},"properties":{"line":"7000","mode":"bus","color":"#0059a9","colorDark":"#00294f","band":0,"off":[3.4,3.1]}},{"type":"Feature","geometry":{"type":"Point","coordinates":[21.858417,43.344297]},"properties":{"name":"Velpro (raskrsnica)","band":0,"modes":"bus","arr":["3"],"off":[0,-0.8]}},{"type":"Feature","geometry":{"type":"Point","coordinates":[21.858417,43.344297]},"properties":{"line":"3","mode":"bus","color":"#0059a9","colorDark":"#00294f","band":0,"off":[0,1.1]}},{"type":"Feature","geometry":{"type":"Point","coordinates":[21.937438,43.335282]},"properties":{"name":"Matejevački put-kružna raskrsnica (iz grada)","band":0,"modes":"bus","arr":["4","5"],"off":[0,-0.8]}},{"type":"Feature","geometry":{"type":"Point","coordinates":[21.937438,43.335282]},"properties":{"name":"Matejevački put-kružna raskrsnica","band":0,"modes":"bus","arr":["4","5"],"off":[0,-4.1]}},{"type":"Feature","geometry":{"type":"Point","coordinates":[21.937438,43.335282]},"properties":{"name":"Čalije - ulica Ruža","band":0,"modes":"bus","arr":["4","5"],"off":[0,-6.3]}},{"type":"Feature","geometry":{"type":"Point","coordinates":[21.937438,43.335282]},"properties":{"line":"4","mode":"bus","color":"#0059a9","colorDark":"#00294f","band":0,"off":[-1.7,1.1]}},{"type":"Feature","geometry":{"type":"Point","coordinates":[21.937438,43.335282]},"properties":{"line":"5","mode":"bus","color":"#0059a9","colorDark":"#00294f","band":0,"off":[1.7,1.1]}},{"type":"Feature","geometry":{"type":"Point","coordinates":[21.935479,43.318892]},"properties":{"name":"Duvanište (okretnica)","band":0,"modes":"bus","arr":["6","11"],"off":[0,-0.8]}},{"type":"Feature","geometry":{"type":"Point","coordinates":[21.935479,43.318892]},"properties":{"name":"Duvanište","band":0,"modes":"bus","arr":["6","11"],"off":[0,-3]}},{"type":"Feature","geometry":{"type":"Point","coordinates":[21.935479,43.318892]},"properties":{"line":"6","mode":"bus","color":"#0059a9","colorDark":"#00294f","band":0,"off":[-1.7,1.1]}},{"type":"Feature","geometry":{"type":"Point","coordinates":[21.935479,43.318892]},"properties":{"line":"11","mode":"bus","color":"#0059a9","colorDark":"#00294f","band":0,"off":[1.7,1.1]}},{"type":"Feature","geometry":{"type":"Point","coordinates":[21.882955,43.306902]},"properties":{"name":"Kalač Brdo","band":0,"modes":"bus","arr":["7"],"off":[0,-0.8]}},{"type":"Feature","geometry":{"type":"Point","coordinates":[21.882955,43.306902]},"properties":{"line":"7","mode":"bus","color":"#0059a9","colorDark":"#00294f","band":0,"off":[0,1.1]}},{"type":"Feature","geometry":{"type":"Point","coordinates":[21.892021,43.316347]},"properties":{"name":"Trg Pavla Stojkovića ( ka Uredu)","band":0,"modes":"bus","arr":["8","11"],"off":[0,-0.8]}},{"type":"Feature","geometry":{"type":"Point","coordinates":[21.892021,43.316347]},"properties":{"name":"Trg Pavla Stojkovića ( ka Margeru)","band":0,"modes":"bus","arr":["8","11"],"off":[0,-3]}},{"type":"Feature","geometry":{"type":"Point","coordinates":[21.892021,43.316347]},"properties":{"line":"8","mode":"bus","color":"#0059a9","colorDark":"#00294f","band":0,"off":[-1.7,1.1]}},{"type":"Feature","geometry":{"type":"Point","coordinates":[21.892021,43.316347]},"properties":{"line":"11","mode":"bus","color":"#0059a9","colorDark":"#00294f","band":0,"off":[1.7,1.1]}},{"type":"Feature","geometry":{"type":"Point","coordinates":[21.92191,43.30306]},"properties":{"name":"Gabrovačka Reka","band":0,"modes":"bus","arr":["8"],"off":[0,-0.8]}},{"type":"Feature","geometry":{"type":"Point","coordinates":[21.92191,43.30306]},"properties":{"line":"8","mode":"bus","color":"#0059a9","colorDark":"#00294f","band":0,"off":[0,1.1]}},{"type":"Feature","geometry":{"type":"Point","coordinates":[21.875593,43.297184]},"properties":{"name":"Novo groblje","band":0,"modes":"bus","arr":["8"],"off":[0,-0.8]}},{"type":"Feature","geometry":{"type":"Point","coordinates":[21.875593,43.297184]},"properties":{"name":"Gligorija Đaka (c)","band":0,"modes":"bus","arr":["8"],"off":[0,-1.9]}},{"type":"Feature","geometry":{"type":"Point","coordinates":[21.875593,43.297184]},"properties":{"name":"Gligorija Đaka","band":0,"modes":"bus","arr":["8"],"off":[0,-3]}},{"type":"Feature","geometry":{"type":"Point","coordinates":[21.875593,43.297184]},"properties":{"line":"8","mode":"bus","color":"#0059a9","colorDark":"#00294f","band":0,"off":[0,1.1]}},{"type":"Feature","geometry":{"type":"Point","coordinates":[21.912105,43.304749]},"properties":{"name":"Mokranjčeva","band":0,"modes":"bus","arr":["9"],"off":[0,-0.8]}},{"type":"Feature","geometry":{"type":"Point","coordinates":[21.912105,43.304749]},"properties":{"line":"9","mode":"bus","color":"#0059a9","colorDark":"#00294f","band":0,"off":[0,1.1]}},{"type":"Feature","geometry":{"type":"Point","coordinates":[21.89675,43.345017]},"properties":{"name":"Dr Miloša Đorića (iz grada)","band":0,"modes":"bus","arr":["9"],"off":[0,-0.8]}},{"type":"Feature","geometry":{"type":"Point","coordinates":[21.89675,43.345017]},"properties":{"name":"Dr Miloša Đorića","band":0,"modes":"bus","arr":["9"],"off":[0,-3]}},{"type":"Feature","geometry":{"type":"Point","coordinates":[21.89675,43.345017]},"properties":{"line":"9","mode":"bus","color":"#0059a9","colorDark":"#00294f","band":0,"off":[0,1.1]}},{"type":"Feature","geometry":{"type":"Point","coordinates":[21.817941,43.316438]},"properties":{"name":"Naselje 9. Maj - MK","band":0,"modes":"bus","arr":["10","25"],"off":[0,-0.8]}},{"type":"Feature","geometry":{"type":"Point","coordinates":[21.817941,43.316438]},"properties":{"name":"Naselje 9. Maj","band":0,"modes":"bus","arr":["10","25"],"off":[0,-3]}},{"type":"Feature","geometry":{"type":"Point","coordinates":[21.817941,43.316438]},"properties":{"line":"10","mode":"bus","color":"#0059a9","colorDark":"#00294f","band":0,"off":[-1.7,1.1]}},{"type":"Feature","geometry":{"type":"Point","coordinates":[21.817941,43.316438]},"properties":{"line":"25","mode":"bus","color":"#0059a9","colorDark":"#00294f","band":0,"off":[1.7,1.1]}},{"type":"Feature","geometry":{"type":"Point","coordinates":[21.864117,43.324945]},"properties":{"name":"Medoševac - okretnica","band":0,"modes":"bus","arr":["11"],"off":[0,-0.8]}},{"type":"Feature","geometry":{"type":"Point","coordinates":[21.864117,43.324945]},"properties":{"line":"11","mode":"bus","color":"#0059a9","colorDark":"#00294f","band":0,"off":[0,1.1]}},{"type":"Feature","geometry":{"type":"Point","coordinates":[21.888077,43.307646]},"properties":{"name":"Njegoševa","band":0,"modes":"bus","arr":["12"],"off":[0,-0.8]}},{"type":"Feature","geometry":{"type":"Point","coordinates":[21.888077,43.307646]},"properties":{"line":"12","mode":"bus","color":"#0059a9","colorDark":"#00294f","band":0,"off":[0,1.1]}},{"type":"Feature","geometry":{"type":"Point","coordinates":[21.872855,43.349783]},"properties":{"name":"Donji Komren","band":0,"modes":"bus","arr":["12"],"off":[0,-0.8]}},{"type":"Feature","geometry":{"type":"Point","coordinates":[21.872855,43.349783]},"properties":{"line":"12","mode":"bus","color":"#0059a9","colorDark":"#00294f","band":0,"off":[0,1.1]}},{"type":"Feature","geometry":{"type":"Point","coordinates":[21.925717,43.311372]},"properties":{"name":"Ćele Kula 1","band":0,"modes":"bus","arr":["13"],"off":[0,-0.8]}},{"type":"Feature","geometry":{"type":"Point","coordinates":[21.925717,43.311372]},"properties":{"line":"13","mode":"bus","color":"#0059a9","colorDark":"#00294f","band":0,"off":[0,1.1]}},{"type":"Feature","geometry":{"type":"Point","coordinates":[21.940133,43.307643]},"properties":{"name":"Delijski Vis","band":0,"modes":"bus","arr":["13"],"off":[0,-0.8]}},{"type":"Feature","geometry":{"type":"Point","coordinates":[21.940133,43.307643]},"properties":{"line":"13","mode":"bus","color":"#0059a9","colorDark":"#00294f","band":0,"off":[0,1.1]}},{"type":"Feature","geometry":{"type":"Point","coordinates":[21.887655,43.331426]},"properties":{"name":"PAS Niš ( iz Niša )","band":0,"modes":"bus","arr":["14","14A","15","16","17","17A","19","20","20A","21","21A","22","23","23B","23K","23L","24","25","26","27A","27B","28","28B","29","29A","30","31","32","32A","33","33P","35","36A","37","39","5001","7000"],"off":[0,-0.8],"sc":0.85}},{"type":"Feature","geometry":{"type":"Point","coordinates":[21.887655,43.331426]},"properties":{"line":"14","mode":"bus","color":"#0059a9","colorDark":"#00294f","band":0,"sc":0.71,"off":[-10.2,1.1]}},{"type":"Feature","geometry":{"type":"Point","coordinates":[21.887655,43.331426]},"properties":{"line":"14A","mode":"bus","color":"#0059a9","colorDark":"#00294f","band":0,"sc":0.71,"off":[-6.8,1.1]}},{"type":"Feature","geometry":{"type":"Point","coordinates":[21.887655,43.331426]},"properties":{"line":"15","mode":"bus","color":"#0059a9","colorDark":"#00294f","band":0,"sc":0.71,"off":[-3.4,1.1]}},{"type":"Feature","geometry":{"type":"Point","coordinates":[21.887655,43.331426]},"properties":{"line":"16","mode":"bus","color":"#0059a9","colorDark":"#00294f","band":0,"sc":0.71,"off":[0,1.1]}},{"type":"Feature","geometry":{"type":"Point","coordinates":[21.887655,43.331426]},"properties":{"line":"17","mode":"bus","color":"#0059a9","colorDark":"#00294f","band":0,"sc":0.71,"off":[3.4,1.1]}},{"type":"Feature","geometry":{"type":"Point","coordinates":[21.887655,43.331426]},"properties":{"line":"17A","mode":"bus","color":"#0059a9","colorDark":"#00294f","band":0,"sc":0.71,"off":[6.8,1.1]}},{"type":"Feature","geometry":{"type":"Point","coordinates":[21.887655,43.331426]},"properties":{"line":"19","mode":"bus","color":"#0059a9","colorDark":"#00294f","band":0,"sc":0.71,"off":[10.2,1.1]}},{"type":"Feature","geometry":{"type":"Point","coordinates":[21.887655,43.331426]},"properties":{"line":"20","mode":"bus","color":"#0059a9","colorDark":"#00294f","band":0,"sc":0.71,"off":[-10.2,3.1]}},{"type":"Feature","geometry":{"type":"Point","coordinates":[21.887655,43.331426]},"properties":{"line":"20A","mode":"bus","color":"#0059a9","colorDark":"#00294f","band":0,"sc":0.71,"off":[-6.8,3.1]}},{"type":"Feature","geometry":{"type":"Point","coordinates":[21.887655,43.331426]},"properties":{"line":"21","mode":"bus","color":"#0059a9","colorDark":"#00294f","band":0,"sc":0.71,"off":[-3.4,3.1]}},{"type":"Feature","geometry":{"type":"Point","coordinates":[21.887655,43.331426]},"properties":{"line":"21A","mode":"bus","color":"#0059a9","colorDark":"#00294f","band":0,"sc":0.71,"off":[0,3.1]}},{"type":"Feature","geometry":{"type":"Point","coordinates":[21.887655,43.331426]},"properties":{"line":"22","mode":"bus","color":"#0059a9","colorDark":"#00294f","band":0,"sc":0.71,"off":[3.4,3.1]}},{"type":"Feature","geometry":{"type":"Point","coordinates":[21.887655,43.331426]},"properties":{"line":"23","mode":"bus","color":"#0059a9","colorDark":"#00294f","band":0,"sc":0.71,"off":[6.8,3.1]}},{"type":"Feature","geometry":{"type":"Point","coordinates":[21.887655,43.331426]},"properties":{"line":"23B","mode":"bus","color":"#0059a9","colorDark":"#00294f","band":0,"sc":0.71,"off":[10.2,3.1]}},{"type":"Feature","geometry":{"type":"Point","coordinates":[21.887655,43.331426]},"properties":{"line":"23K","mode":"bus","color":"#0059a9","colorDark":"#00294f","band":0,"sc":0.71,"off":[-10.2,5.1]}},{"type":"Feature","geometry":{"type":"Point","coordinates":[21.887655,43.331426]},"properties":{"line":"23L","mode":"bus","color":"#0059a9","colorDark":"#00294f","band":0,"sc":0.71,"off":[-6.8,5.1]}},{"type":"Feature","geometry":{"type":"Point","coordinates":[21.887655,43.331426]},"properties":{"line":"24","mode":"bus","color":"#0059a9","colorDark":"#00294f","band":0,"sc":0.71,"off":[-3.4,5.1]}},{"type":"Feature","geometry":{"type":"Point","coordinates":[21.887655,43.331426]},"properties":{"line":"25","mode":"bus","color":"#0059a9","colorDark":"#00294f","band":0,"sc":0.71,"off":[0,5.1]}},{"type":"Feature","geometry":{"type":"Point","coordinates":[21.887655,43.331426]},"properties":{"line":"26","mode":"bus","color":"#0059a9","colorDark":"#00294f","band":0,"sc":0.71,"off":[3.4,5.1]}},{"type":"Feature","geometry":{"type":"Point","coordinates":[21.887655,43.331426]},"properties":{"line":"27A","mode":"bus","color":"#0059a9","colorDark":"#00294f","band":0,"sc":0.71,"off":[6.8,5.1]}},{"type":"Feature","geometry":{"type":"Point","coordinates":[21.887655,43.331426]},"properties":{"line":"27B","mode":"bus","color":"#0059a9","colorDark":"#00294f","band":0,"sc":0.71,"off":[10.2,5.1]}},{"type":"Feature","geometry":{"type":"Point","coordinates":[21.887655,43.331426]},"properties":{"line":"28","mode":"bus","color":"#0059a9","colorDark":"#00294f","band":0,"sc":0.71,"off":[-10.2,7.1]}},{"type":"Feature","geometry":{"type":"Point","coordinates":[21.887655,43.331426]},"properties":{"line":"28B","mode":"bus","color":"#0059a9","colorDark":"#00294f","band":0,"sc":0.71,"off":[-6.8,7.1]}},{"type":"Feature","geometry":{"type":"Point","coordinates":[21.887655,43.331426]},"properties":{"line":"29","mode":"bus","color":"#0059a9","colorDark":"#00294f","band":0,"sc":0.71,"off":[-3.4,7.1]}},{"type":"Feature","geometry":{"type":"Point","coordinates":[21.887655,43.331426]},"properties":{"line":"29A","mode":"bus","color":"#0059a9","colorDark":"#00294f","band":0,"sc":0.71,"off":[0,7.1]}},{"type":"Feature","geometry":{"type":"Point","coordinates":[21.887655,43.331426]},"properties":{"line":"30","mode":"bus","color":"#0059a9","colorDark":"#00294f","band":0,"sc":0.71,"off":[3.4,7.1]}},{"type":"Feature","geometry":{"type":"Point","coordinates":[21.887655,43.331426]},"properties":{"line":"31","mode":"bus","color":"#0059a9","colorDark":"#00294f","band":0,"sc":0.71,"off":[6.8,7.1]}},{"type":"Feature","geometry":{"type":"Point","coordinates":[21.887655,43.331426]},"properties":{"line":"32","mode":"bus","color":"#0059a9","colorDark":"#00294f","band":0,"sc":0.71,"off":[10.2,7.1]}},{"type":"Feature","geometry":{"type":"Point","coordinates":[21.887655,43.331426]},"properties":{"line":"32A","mode":"bus","color":"#0059a9","colorDark":"#00294f","band":0,"sc":0.71,"off":[-10.2,9.1]}},{"type":"Feature","geometry":{"type":"Point","coordinates":[21.887655,43.331426]},"properties":{"line":"33","mode":"bus","color":"#0059a9","colorDark":"#00294f","band":0,"sc":0.71,"off":[-6.8,9.1]}},{"type":"Feature","geometry":{"type":"Point","coordinates":[21.887655,43.331426]},"properties":{"line":"33P","mode":"bus","color":"#0059a9","colorDark":"#00294f","band":0,"sc":0.71,"off":[-3.4,9.1]}},{"type":"Feature","geometry":{"type":"Point","coordinates":[21.887655,43.331426]},"properties":{"line":"35","mode":"bus","color":"#0059a9","colorDark":"#00294f","band":0,"sc":0.71,"off":[0,9.1]}},{"type":"Feature","geometry":{"type":"Point","coordinates":[21.887655,43.331426]},"properties":{"line":"36A","mode":"bus","color":"#0059a9","colorDark":"#00294f","band":0,"sc":0.71,"off":[3.4,9.1]}},{"type":"Feature","geometry":{"type":"Point","coordinates":[21.887655,43.331426]},"properties":{"line":"37","mode":"bus","color":"#0059a9","colorDark":"#00294f","band":0,"sc":0.71,"off":[6.8,9.1]}},{"type":"Feature","geometry":{"type":"Point","coordinates":[21.887655,43.331426]},"properties":{"line":"39","mode":"bus","color":"#0059a9","colorDark":"#00294f","band":0,"sc":0.71,"off":[10.2,9.1]}},{"type":"Feature","geometry":{"type":"Point","coordinates":[21.887655,43.331426]},"properties":{"line":"5001","mode":"bus","color":"#0059a9","colorDark":"#00294f","band":0,"sc":0.71,"off":[-1.7,11.1]}},{"type":"Feature","geometry":{"type":"Point","coordinates":[21.887655,43.331426]},"properties":{"line":"7000","mode":"bus","color":"#0059a9","colorDark":"#00294f","band":0,"sc":0.71,"off":[1.7,11.1]}},{"type":"Feature","geometry":{"type":"Point","coordinates":[21.932212,43.35835]},"properties":{"name":"Vinik izlaz (ka Viniku)","band":0,"modes":"bus","arr":["14"],"off":[0,-0.8]}},{"type":"Feature","geometry":{"type":"Point","coordinates":[21.932212,43.35835]},"properties":{"line":"14","mode":"bus","color":"#0059a9","colorDark":"#00294f","band":0,"off":[0,1.1]}},{"type":"Feature","geometry":{"type":"Point","coordinates":[21.928519,43.382089]},"properties":{"name":"Brenica (okretnica)","band":0,"modes":"bus","arr":["14"],"off":[0,-0.8]}},{"type":"Feature","geometry":{"type":"Point","coordinates":[21.928519,43.382089]},"properties":{"line":"14","mode":"bus","color":"#0059a9","colorDark":"#00294f","band":0,"off":[0,1.1]}},{"type":"Feature","geometry":{"type":"Point","coordinates":[21.889373,43.324852]},"properties":{"name":"PAS Niš ( ka Nišu )","band":0,"modes":"bus","arr":["14","14A","15","16","18","19","20","20A","21","23","23B","23K","23L","24","25","26","27A","27B","28","28A","29","29A","30","31","32","32A","33","35","36A","37","39","5000","5002","5004","5005","6000"],"off":[0,-0.8],"sc":0.85}},{"type":"Feature","geometry":{"type":"Point","coordinates":[21.889373,43.324852]},"properties":{"line":"14","mode":"bus","color":"#0059a9","colorDark":"#00294f","band":0,"sc":0.72,"off":[-8.5,1.1]}},{"type":"Feature","geometry":{"type":"Point","coordinates":[21.889373,43.324852]},"properties":{"line":"14A","mode":"bus","color":"#0059a9","colorDark":"#00294f","band":0,"sc":0.72,"off":[-5.1,1.1]}},{"type":"Feature","geometry":{"type":"Point","coordinates":[21.889373,43.324852]},"properties":{"line":"15","mode":"bus","color":"#0059a9","colorDark":"#00294f","band":0,"sc":0.72,"off":[-1.7,1.1]}},{"type":"Feature","geometry":{"type":"Point","coordinates":[21.889373,43.324852]},"properties":{"line":"16","mode":"bus","color":"#0059a9","colorDark":"#00294f","band":0,"sc":0.72,"off":[1.7,1.1]}},{"type":"Feature","geometry":{"type":"Point","coordinates":[21.889373,43.324852]},"properties":{"line":"18","mode":"bus","color":"#0059a9","colorDark":"#00294f","band":0,"sc":0.72,"off":[5.1,1.1]}},{"type":"Feature","geometry":{"type":"Point","coordinates":[21.889373,43.324852]},"properties":{"line":"19","mode":"bus","color":"#0059a9","colorDark":"#00294f","band":0,"sc":0.72,"off":[8.5,1.1]}},{"type":"Feature","geometry":{"type":"Point","coordinates":[21.889373,43.324852]},"properties":{"line":"20","mode":"bus","color":"#0059a9","colorDark":"#00294f","band":0,"sc":0.72,"off":[-8.5,3.1]}},{"type":"Feature","geometry":{"type":"Point","coordinates":[21.889373,43.324852]},"properties":{"line":"20A","mode":"bus","color":"#0059a9","colorDark":"#00294f","band":0,"sc":0.72,"off":[-5.1,3.1]}},{"type":"Feature","geometry":{"type":"Point","coordinates":[21.889373,43.324852]},"properties":{"line":"21","mode":"bus","color":"#0059a9","colorDark":"#00294f","band":0,"sc":0.72,"off":[-1.7,3.1]}},{"type":"Feature","geometry":{"type":"Point","coordinates":[21.889373,43.324852]},"properties":{"line":"23","mode":"bus","color":"#0059a9","colorDark":"#00294f","band":0,"sc":0.72,"off":[1.7,3.1]}},{"type":"Feature","geometry":{"type":"Point","coordinates":[21.889373,43.324852]},"properties":{"line":"23B","mode":"bus","color":"#0059a9","colorDark":"#00294f","band":0,"sc":0.72,"off":[5.1,3.1]}},{"type":"Feature","geometry":{"type":"Point","coordinates":[21.889373,43.324852]},"properties":{"line":"23K","mode":"bus","color":"#0059a9","colorDark":"#00294f","band":0,"sc":0.72,"off":[8.5,3.1]}},{"type":"Feature","geometry":{"type":"Point","coordinates":[21.889373,43.324852]},"properties":{"line":"23L","mode":"bus","color":"#0059a9","colorDark":"#00294f","band":0,"sc":0.72,"off":[-8.5,5.1]}},{"type":"Feature","geometry":{"type":"Point","coordinates":[21.889373,43.324852]},"properties":{"line":"24","mode":"bus","color":"#0059a9","colorDark":"#00294f","band":0,"sc":0.72,"off":[-5.1,5.1]}},{"type":"Feature","geometry":{"type":"Point","coordinates":[21.889373,43.324852]},"properties":{"line":"25","mode":"bus","color":"#0059a9","colorDark":"#00294f","band":0,"sc":0.72,"off":[-1.7,5.1]}},{"type":"Feature","geometry":{"type":"Point","coordinates":[21.889373,43.324852]},"properties":{"line":"26","mode":"bus","color":"#0059a9","colorDark":"#00294f","band":0,"sc":0.72,"off":[1.7,5.1]}},{"type":"Feature","geometry":{"type":"Point","coordinates":[21.889373,43.324852]},"properties":{"line":"27A","mode":"bus","color":"#0059a9","colorDark":"#00294f","band":0,"sc":0.72,"off":[5.1,5.1]}},{"type":"Feature","geometry":{"type":"Point","coordinates":[21.889373,43.324852]},"properties":{"line":"27B","mode":"bus","color":"#0059a9","colorDark":"#00294f","band":0,"sc":0.72,"off":[8.5,5.1]}},{"type":"Feature","geometry":{"type":"Point","coordinates":[21.889373,43.324852]},"properties":{"line":"28","mode":"bus","color":"#0059a9","colorDark":"#00294f","band":0,"sc":0.72,"off":[-8.5,7.1]}},{"type":"Feature","geometry":{"type":"Point","coordinates":[21.889373,43.324852]},"properties":{"line":"28A","mode":"bus","color":"#0059a9","colorDark":"#00294f","band":0,"sc":0.72,"off":[-5.1,7.1]}},{"type":"Feature","geometry":{"type":"Point","coordinates":[21.889373,43.324852]},"properties":{"line":"29","mode":"bus","color":"#0059a9","colorDark":"#00294f","band":0,"sc":0.72,"off":[-1.7,7.1]}},{"type":"Feature","geometry":{"type":"Point","coordinates":[21.889373,43.324852]},"properties":{"line":"29A","mode":"bus","color":"#0059a9","colorDark":"#00294f","band":0,"sc":0.72,"off":[1.7,7.1]}},{"type":"Feature","geometry":{"type":"Point","coordinates":[21.889373,43.324852]},"properties":{"line":"30","mode":"bus","color":"#0059a9","colorDark":"#00294f","band":0,"sc":0.72,"off":[5.1,7.1]}},{"type":"Feature","geometry":{"type":"Point","coordinates":[21.889373,43.324852]},"properties":{"line":"31","mode":"bus","color":"#0059a9","colorDark":"#00294f","band":0,"sc":0.72,"off":[8.5,7.1]}},{"type":"Feature","geometry":{"type":"Point","coordinates":[21.889373,43.324852]},"properties":{"line":"32","mode":"bus","color":"#0059a9","colorDark":"#00294f","band":0,"sc":0.72,"off":[-8.5,9.1]}},{"type":"Feature","geometry":{"type":"Point","coordinates":[21.889373,43.324852]},"properties":{"line":"32A","mode":"bus","color":"#0059a9","colorDark":"#00294f","band":0,"sc":0.72,"off":[-5.1,9.1]}},{"type":"Feature","geometry":{"type":"Point","coordinates":[21.889373,43.324852]},"properties":{"line":"33","mode":"bus","color":"#0059a9","colorDark":"#00294f","band":0,"sc":0.72,"off":[-1.7,9.1]}},{"type":"Feature","geometry":{"type":"Point","coordinates":[21.889373,43.324852]},"properties":{"line":"35","mode":"bus","color":"#0059a9","colorDark":"#00294f","band":0,"sc":0.72,"off":[1.7,9.1]}},{"type":"Feature","geometry":{"type":"Point","coordinates":[21.889373,43.324852]},"properties":{"line":"36A","mode":"bus","color":"#0059a9","colorDark":"#00294f","band":0,"sc":0.72,"off":[5.1,9.1]}},{"type":"Feature","geometry":{"type":"Point","coordinates":[21.889373,43.324852]},"properties":{"line":"37","mode":"bus","color":"#0059a9","colorDark":"#00294f","band":0,"sc":0.72,"off":[8.5,9.1]}},{"type":"Feature","geometry":{"type":"Point","coordinates":[21.889373,43.324852]},"properties":{"line":"39","mode":"bus","color":"#0059a9","colorDark":"#00294f","band":0,"sc":0.72,"off":[-8.5,11.1]}},{"type":"Feature","geometry":{"type":"Point","coordinates":[21.889373,43.324852]},"properties":{"line":"5000","mode":"bus","color":"#0059a9","colorDark":"#00294f","band":0,"sc":0.72,"off":[-5.1,11.1]}},{"type":"Feature","geometry":{"type":"Point","coordinates":[21.889373,43.324852]},"properties":{"line":"5002","mode":"bus","color":"#0059a9","colorDark":"#00294f","band":0,"sc":0.72,"off":[-1.7,11.1]}},{"type":"Feature","geometry":{"type":"Point","coordinates":[21.889373,43.324852]},"properties":{"line":"5004","mode":"bus","color":"#0059a9","colorDark":"#00294f","band":0,"sc":0.72,"off":[1.7,11.1]}},{"type":"Feature","geometry":{"type":"Point","coordinates":[21.889373,43.324852]},"properties":{"line":"5005","mode":"bus","color":"#0059a9","colorDark":"#00294f","band":0,"sc":0.72,"off":[5.1,11.1]}},{"type":"Feature","geometry":{"type":"Point","coordinates":[21.889373,43.324852]},"properties":{"line":"6000","mode":"bus","color":"#0059a9","colorDark":"#00294f","band":0,"sc":0.72,"off":[8.5,11.1]}},{"type":"Feature","geometry":{"type":"Point","coordinates":[21.910478,43.426961]},"properties":{"name":"Cerje","band":0,"modes":"bus","arr":["14A"],"off":[0,-0.8]}},{"type":"Feature","geometry":{"type":"Point","coordinates":[21.910478,43.426961]},"properties":{"line":"14A","mode":"bus","color":"#0059a9","colorDark":"#00294f","band":0,"off":[0,1.1]}},{"type":"Feature","geometry":{"type":"Point","coordinates":[21.994873,43.366242]},"properties":{"name":"Knez Selo ( iz grada )","band":0,"modes":"bus","arr":["15"],"off":[0,-0.8]}},{"type":"Feature","geometry":{"type":"Point","coordinates":[21.994873,43.366242]},"properties":{"name":"Knez Selo","band":0,"modes":"bus","arr":["15"],"off":[0,-3]}},{"type":"Feature","geometry":{"type":"Point","coordinates":[21.994873,43.366242]},"properties":{"line":"15","mode":"bus","color":"#0059a9","colorDark":"#00294f","band":0,"off":[0,1.1]}},{"type":"Feature","geometry":{"type":"Point","coordinates":[21.967781,43.363883]},"properties":{"name":"G. Matejevac prodavnica","band":0,"modes":"bus","arr":["15A"],"off":[0,-0.8]}},{"type":"Feature","geometry":{"type":"Point","coordinates":[21.967781,43.363883]},"properties":{"name":"G. Matejevac - prodavnica","band":0,"modes":"bus","arr":["15A"],"off":[0,-3]}},{"type":"Feature","geometry":{"type":"Point","coordinates":[21.967781,43.363883]},"properties":{"line":"15A","mode":"bus","color":"#0059a9","colorDark":"#00294f","band":0,"off":[0,1.1]}},{"type":"Feature","geometry":{"type":"Point","coordinates":[22.045476,43.37792]},"properties":{"name":"Vrelo okretnica","band":0,"modes":"bus","arr":["16"],"off":[0,-0.8]}},{"type":"Feature","geometry":{"type":"Point","coordinates":[22.045476,43.37792]},"properties":{"line":"16","mode":"bus","color":"#0059a9","colorDark":"#00294f","band":0,"off":[0,1.1]}},{"type":"Feature","geometry":{"type":"Point","coordinates":[22.068289,43.367206]},"properties":{"name":"Oreovac ( iz grada)","band":0,"modes":"bus","arr":["17"],"off":[0,-0.8]}},{"type":"Feature","geometry":{"type":"Point","coordinates":[22.068289,43.367206]},"properties":{"name":"Oreovac","band":0,"modes":"bus","arr":["17"],"off":[0,-3]}},{"type":"Feature","geometry":{"type":"Point","coordinates":[22.068289,43.367206]},"properties":{"line":"17","mode":"bus","color":"#0059a9","colorDark":"#00294f","band":0,"off":[0,1.1]}},{"type":"Feature","geometry":{"type":"Point","coordinates":[22.086508,43.339103]},"properties":{"name":"Sićevo okretnica - zadruga","band":0,"modes":"bus","arr":["18"],"off":[0,-0.8]}},{"type":"Feature","geometry":{"type":"Point","coordinates":[22.086508,43.339103]},"properties":{"line":"18","mode":"bus","color":"#0059a9","colorDark":"#00294f","band":0,"off":[0,1.1]}},{"type":"Feature","geometry":{"type":"Point","coordinates":[22.114754,43.271594]},"properties":{"name":"Bancarevo okretnica","band":0,"modes":"bus","arr":["19"],"off":[0,-0.8]}},{"type":"Feature","geometry":{"type":"Point","coordinates":[22.114754,43.271594]},"properties":{"line":"19","mode":"bus","color":"#0059a9","colorDark":"#00294f","band":0,"off":[0,1.1]}},{"type":"Feature","geometry":{"type":"Point","coordinates":[22.14439,43.291194]},"properties":{"name":"Ravni Do trafo","band":0,"modes":"bus","arr":["20"],"off":[0,-0.8]}},{"type":"Feature","geometry":{"type":"Point","coordinates":[22.14439,43.291194]},"properties":{"line":"20","mode":"bus","color":"#0059a9","colorDark":"#00294f","band":0,"off":[0,1.1]}},{"type":"Feature","geometry":{"type":"Point","coordinates":[22.124907,43.312549]},"properties":{"name":"Ostrovica naselje - okretnica ( ka Ravnom Dolu)","band":0,"modes":"bus","arr":["20A"],"off":[0,-0.8]}},{"type":"Feature","geometry":{"type":"Point","coordinates":[22.124907,43.312549]},"properties":{"name":"Ostrovica naselje - okretnica","band":0,"modes":"bus","arr":["20A"],"off":[0,-4.1]}},{"type":"Feature","geometry":{"type":"Point","coordinates":[22.124907,43.312549]},"properties":{"line":"20A","mode":"bus","color":"#0059a9","colorDark":"#00294f","band":0,"off":[0,1.1]}},{"type":"Feature","geometry":{"type":"Point","coordinates":[22.099264,43.248971]},"properties":{"name":"Gornja Studena okretnica","band":0,"modes":"bus","arr":["21"],"off":[0,-0.8]}},{"type":"Feature","geometry":{"type":"Point","coordinates":[22.099264,43.248971]},"properties":{"line":"21","mode":"bus","color":"#0059a9","colorDark":"#00294f","band":0,"off":[0,1.1]}},{"type":"Feature","geometry":{"type":"Point","coordinates":[22.062492,43.282944]},"properties":{"name":"Jelašnica okretnica","band":0,"modes":"bus","arr":["21A"],"off":[0,-0.8]}},{"type":"Feature","geometry":{"type":"Point","coordinates":[22.062492,43.282944]},"properties":{"line":"21A","mode":"bus","color":"#0059a9","colorDark":"#00294f","band":0,"off":[0,1.1]}},{"type":"Feature","geometry":{"type":"Point","coordinates":[21.958764,43.266389]},"properties":{"name":"Vukmanovo ( ka Berbatovu)","band":0,"modes":"bus","arr":["22","23B"],"off":[0,-0.8]}},{"type":"Feature","geometry":{"type":"Point","coordinates":[21.958764,43.266389]},"properties":{"name":"Vukmanovo","band":0,"modes":"bus","arr":["22","23B"],"off":[0,-3]}},{"type":"Feature","geometry":{"type":"Point","coordinates":[21.958764,43.266389]},"properties":{"line":"22","mode":"bus","color":"#0059a9","colorDark":"#00294f","band":0,"off":[-1.7,1.1]}},{"type":"Feature","geometry":{"type":"Point","coordinates":[21.958764,43.266389]},"properties":{"line":"23B","mode":"bus","color":"#0059a9","colorDark":"#00294f","band":0,"off":[1.7,1.1]}},{"type":"Feature","geometry":{"type":"Point","coordinates":[21.925808,43.264028]},"properties":{"name":"Gabrovac manastir okretnica ( ka Berbatovu)","band":0,"modes":"bus","arr":["23L"],"off":[0,-0.8]}},{"type":"Feature","geometry":{"type":"Point","coordinates":[21.925808,43.264028]},"properties":{"name":"Gabrovac manastir okretnica","band":0,"modes":"bus","arr":["23L"],"off":[0,-4.1]}},{"type":"Feature","geometry":{"type":"Point","coordinates":[21.925808,43.264028]},"properties":{"line":"23L","mode":"bus","color":"#0059a9","colorDark":"#00294f","band":0,"off":[0,1.1]}},{"type":"Feature","geometry":{"type":"Point","coordinates":[21.942252,43.257285]},"properties":{"name":"Berbatovo - trafo, okretnica ( ka Gabrovcu)","band":0,"modes":"bus","arr":["23"],"off":[0,-0.8]}},{"type":"Feature","geometry":{"type":"Point","coordinates":[21.942252,43.257285]},"properties":{"line":"23","mode":"bus","color":"#0059a9","colorDark":"#00294f","band":0,"off":[0,1.1]}},{"type":"Feature","geometry":{"type":"Point","coordinates":[21.912578,43.256641]},"properties":{"name":"Donje Vlase okretnica","band":0,"modes":"bus","arr":["24"],"off":[0,-0.8]}},{"type":"Feature","geometry":{"type":"Point","coordinates":[21.912578,43.256641]},"properties":{"line":"24","mode":"bus","color":"#0059a9","colorDark":"#00294f","band":0,"off":[0,1.1]}},{"type":"Feature","geometry":{"type":"Point","coordinates":[21.786214,43.342965]},"properties":{"name":"Lalinac okretnica - trafo","band":0,"modes":"bus","arr":["26"],"off":[0,-0.8]}},{"type":"Feature","geometry":{"type":"Point","coordinates":[21.786214,43.342965]},"properties":{"line":"26","mode":"bus","color":"#0059a9","colorDark":"#00294f","band":0,"off":[0,1.1]}},{"type":"Feature","geometry":{"type":"Point","coordinates":[21.796843,43.359401]},"properties":{"name":"Trupale - izlaz ( ka Vrtištu)","band":0,"modes":"bus","arr":["27A"],"off":[0,-0.8]}},{"type":"Feature","geometry":{"type":"Point","coordinates":[21.796843,43.359401]},"properties":{"name":"Trupale - izlaz","band":0,"modes":"bus","arr":["27A"],"off":[0,-3]}},{"type":"Feature","geometry":{"type":"Point","coordinates":[21.796843,43.359401]},"properties":{"line":"27A","mode":"bus","color":"#0059a9","colorDark":"#00294f","band":0,"off":[0,1.1]}},{"type":"Feature","geometry":{"type":"Point","coordinates":[21.830195,43.336144]},"properties":{"name":"Popovac - trafo","band":0,"modes":"bus","arr":["27B"],"off":[0,-0.8]}},{"type":"Feature","geometry":{"type":"Point","coordinates":[21.830195,43.336144]},"properties":{"line":"27B","mode":"bus","color":"#0059a9","colorDark":"#00294f","band":0,"off":[0,1.1]}},{"type":"Feature","geometry":{"type":"Point","coordinates":[21.803039,43.372134]},"properties":{"name":"Vrtište - centar ( ka Mezgraji)","band":0,"modes":"bus","arr":["28"],"off":[0,-0.8]}},{"type":"Feature","geometry":{"type":"Point","coordinates":[21.803039,43.372134]},"properties":{"name":"Vrtište - centar","band":0,"modes":"bus","arr":["28"],"off":[0,-3]}},{"type":"Feature","geometry":{"type":"Point","coordinates":[21.803039,43.372134]},"properties":{"line":"28","mode":"bus","color":"#0059a9","colorDark":"#00294f","band":0,"off":[0,1.1]}},{"type":"Feature","geometry":{"type":"Point","coordinates":[21.784788,43.396449]},"properties":{"name":"Mezgraja - raskrsnica ( ka Supovcu- G. Trnavi)","band":0,"modes":"bus","arr":["28A","28B"],"off":[0,-0.8]}},{"type":"Feature","geometry":{"type":"Point","coordinates":[21.784788,43.396449]},"properties":{"name":"Mezgraja - raskrsnica","band":0,"modes":"bus","arr":["28A","28B"],"off":[0,-4.1]}},{"type":"Feature","geometry":{"type":"Point","coordinates":[21.784788,43.396449]},"properties":{"line":"28A","mode":"bus","color":"#0059a9","colorDark":"#00294f","band":0,"off":[-1.7,1.1]}},{"type":"Feature","geometry":{"type":"Point","coordinates":[21.784788,43.396449]},"properties":{"line":"28B","mode":"bus","color":"#0059a9","colorDark":"#00294f","band":0,"off":[1.7,1.1]}},{"type":"Feature","geometry":{"type":"Point","coordinates":[21.821365,43.429846]},"properties":{"name":"Gornja Trnava - trafo","band":0,"modes":"bus","arr":["29","29A"],"off":[0,-0.8]}},{"type":"Feature","geometry":{"type":"Point","coordinates":[21.821365,43.429846]},"properties":{"name":"Gornja Trnava - Dom Kulture","band":0,"modes":"bus","arr":["29","29A"],"off":[0,-3]}},{"type":"Feature","geometry":{"type":"Point","coordinates":[21.821365,43.429846]},"properties":{"line":"29","mode":"bus","color":"#0059a9","colorDark":"#00294f","band":0,"off":[-1.7,1.1]}},{"type":"Feature","geometry":{"type":"Point","coordinates":[21.821365,43.429846]},"properties":{"line":"29A","mode":"bus","color":"#0059a9","colorDark":"#00294f","band":0,"off":[1.7,1.1]}},{"type":"Feature","geometry":{"type":"Point","coordinates":[21.898683,43.404786]},"properties":{"name":"Leskovik - česma","band":0,"modes":"bus","arr":["30"],"off":[0,-0.8]}},{"type":"Feature","geometry":{"type":"Point","coordinates":[21.898683,43.404786]},"properties":{"line":"30","mode":"bus","color":"#0059a9","colorDark":"#00294f","band":0,"off":[0,1.1]}},{"type":"Feature","geometry":{"type":"Point","coordinates":[21.900215,43.373149]},"properties":{"name":"Hum okretnica - spomenik ( ka Humu )","band":0,"modes":"bus","arr":["31"],"off":[0,-0.8]}},{"type":"Feature","geometry":{"type":"Point","coordinates":[21.900215,43.373149]},"properties":{"name":"Hum - spomenik, trafo","band":0,"modes":"bus","arr":["31"],"off":[0,-3]}},{"type":"Feature","geometry":{"type":"Point","coordinates":[21.900215,43.373149]},"properties":{"line":"31","mode":"bus","color":"#0059a9","colorDark":"#00294f","band":0,"off":[0,1.1]}},{"type":"Feature","geometry":{"type":"Point","coordinates":[21.861837,43.464524]},"properties":{"name":"Paligrace ( ka Paligracu)","band":0,"modes":"bus","arr":["32A"],"off":[0,-0.8]}},{"type":"Feature","geometry":{"type":"Point","coordinates":[21.861837,43.464524]},"properties":{"name":"Paligrace","band":0,"modes":"bus","arr":["32A"],"off":[0,-3]}},{"type":"Feature","geometry":{"type":"Point","coordinates":[21.861837,43.464524]},"properties":{"line":"32A","mode":"bus","color":"#0059a9","colorDark":"#00294f","band":0,"off":[0,1.1]}},{"type":"Feature","geometry":{"type":"Point","coordinates":[21.908,43.457769]},"properties":{"name":"Kravlje","band":0,"modes":"bus","arr":["32"],"off":[0,-0.8]}},{"type":"Feature","geometry":{"type":"Point","coordinates":[21.908,43.457769]},"properties":{"line":"32","mode":"bus","color":"#0059a9","colorDark":"#00294f","band":0,"off":[0,1.1]}},{"type":"Feature","geometry":{"type":"Point","coordinates":[21.748278,43.372699]},"properties":{"name":"Sečanica MK","band":0,"modes":"bus","arr":["33"],"off":[0,-0.8]}},{"type":"Feature","geometry":{"type":"Point","coordinates":[21.748278,43.372699]},"properties":{"line":"33","mode":"bus","color":"#0059a9","colorDark":"#00294f","band":0,"off":[0,1.1]}},{"type":"Feature","geometry":{"type":"Point","coordinates":[21.775909,43.329575]},"properties":{"name":"Krušce - igralište (na zahtev) ( ka Sečanici)","band":0,"modes":"bus","arr":["36"],"off":[0,-0.8]}},{"type":"Feature","geometry":{"type":"Point","coordinates":[21.775909,43.329575]},"properties":{"name":"Krušce - igralište (na zahtev)","band":0,"modes":"bus","arr":["36"],"off":[0,-4.1]}},{"type":"Feature","geometry":{"type":"Point","coordinates":[21.775909,43.329575]},"properties":{"line":"36","mode":"bus","color":"#0059a9","colorDark":"#00294f","band":0,"off":[0,1.1]}},{"type":"Feature","geometry":{"type":"Point","coordinates":[21.759718,43.389926]},"properties":{"name":"Supovac okretnica","band":0,"modes":"bus","arr":["33P","39"],"off":[0,-0.8]}},{"type":"Feature","geometry":{"type":"Point","coordinates":[21.759718,43.389926]},"properties":{"line":"33P","mode":"bus","color":"#0059a9","colorDark":"#00294f","band":0,"off":[-1.7,1.1]}},{"type":"Feature","geometry":{"type":"Point","coordinates":[21.759718,43.389926]},"properties":{"line":"39","mode":"bus","color":"#0059a9","colorDark":"#00294f","band":0,"off":[1.7,1.1]}},{"type":"Feature","geometry":{"type":"Point","coordinates":[21.866292,43.338225]},"properties":{"name":"Aerodrom Niš (iz grada)","band":0,"modes":"bus","arr":["34A","34B"],"off":[0,-0.8]}},{"type":"Feature","geometry":{"type":"Point","coordinates":[21.866292,43.338225]},"properties":{"name":"Aerodrom Niš","band":0,"modes":"bus","arr":["34A","34B"],"off":[0,-3]}},{"type":"Feature","geometry":{"type":"Point","coordinates":[21.866292,43.338225]},"properties":{"line":"34A","mode":"bus","color":"#0059a9","colorDark":"#00294f","band":0,"off":[-1.7,1.1]}},{"type":"Feature","geometry":{"type":"Point","coordinates":[21.866292,43.338225]},"properties":{"line":"34B","mode":"bus","color":"#0059a9","colorDark":"#00294f","band":0,"off":[1.7,1.1]}},{"type":"Feature","geometry":{"type":"Point","coordinates":[21.78383,43.313605]},"properties":{"name":"Mramor","band":0,"modes":"bus","arr":["36"],"off":[0,-0.8]}},{"type":"Feature","geometry":{"type":"Point","coordinates":[21.78383,43.313605]},"properties":{"line":"36","mode":"bus","color":"#0059a9","colorDark":"#00294f","band":0,"off":[0,1.1]}},{"type":"Feature","geometry":{"type":"Point","coordinates":[21.743145,43.313428]},"properties":{"name":"Mramorski Potok - okretnica","band":0,"modes":"bus","arr":["36A"],"off":[0,-0.8]}},{"type":"Feature","geometry":{"type":"Point","coordinates":[21.743145,43.313428]},"properties":{"line":"36A","mode":"bus","color":"#0059a9","colorDark":"#00294f","band":0,"off":[0,1.1]}},{"type":"Feature","geometry":{"type":"Point","coordinates":[21.995138,43.264589]},"properties":{"name":"Lazarevo Selo - raskrsnica","band":0,"modes":"bus","arr":["37"],"off":[0,-0.8]}},{"type":"Feature","geometry":{"type":"Point","coordinates":[21.995138,43.264589]},"properties":{"line":"37","mode":"bus","color":"#0059a9","colorDark":"#00294f","band":0,"off":[0,1.1]}},{"type":"Feature","geometry":{"type":"Point","coordinates":[22.005555,43.292996]},"properties":{"name":"Niška Banja","band":1,"modes":"bus","arr":["1"],"off":[0,-0.8]}},{"type":"Feature","geometry":{"type":"Point","coordinates":[22.005555,43.292996]},"properties":{"line":"1","mode":"bus","color":"#0059a9","colorDark":"#00294f","band":1,"off":[0,1.1]}},{"type":"Feature","geometry":{"type":"Point","coordinates":[21.933472,43.310638]},"properties":{"name":"Ekonomska škola","band":1,"modes":"bus","arr":["10"],"off":[0,-0.8]}},{"type":"Feature","geometry":{"type":"Point","coordinates":[21.933472,43.310638]},"properties":{"line":"10","mode":"bus","color":"#0059a9","colorDark":"#00294f","band":1,"off":[0,1.1]}},{"type":"Feature","geometry":{"type":"Point","coordinates":[21.894347,43.31987]},"properties":{"name":"Ured","band":1,"modes":"bus","arr":["2","4","5","6","10","13","15A","500"],"off":[0,-0.8]}},{"type":"Feature","geometry":{"type":"Point","coordinates":[21.894347,43.31987]},"properties":{"name":"Trg kralja Milana (ka Uredu)","band":1,"modes":"bus","arr":["2","4","5","6","10","13","15A","500"],"off":[0,-1.9]}},{"type":"Feature","geometry":{"type":"Point","coordinates":[21.894347,43.31987]},"properties":{"name":"Trg kralja Milana (ka Sudu)","band":1,"modes":"bus","arr":["2","4","5","6","10","13","15A","500"],"off":[0,-4.1]}},{"type":"Feature","geometry":{"type":"Point","coordinates":[21.894347,43.31987]},"properties":{"line":"2","mode":"bus","color":"#0059a9","colorDark":"#00294f","band":1,"off":[-6.8,1.1]}},{"type":"Feature","geometry":{"type":"Point","coordinates":[21.894347,43.31987]},"properties":{"line":"4","mode":"bus","color":"#0059a9","colorDark":"#00294f","band":1,"off":[-3.4,1.1]}},{"type":"Feature","geometry":{"type":"Point","coordinates":[21.894347,43.31987]},"properties":{"line":"5","mode":"bus","color":"#0059a9","colorDark":"#00294f","band":1,"off":[0,1.1]}},{"type":"Feature","geometry":{"type":"Point","coordinates":[21.894347,43.31987]},"properties":{"line":"6","mode":"bus","color":"#0059a9","colorDark":"#00294f","band":1,"off":[3.4,1.1]}},{"type":"Feature","geometry":{"type":"Point","coordinates":[21.894347,43.31987]},"properties":{"line":"10","mode":"bus","color":"#0059a9","colorDark":"#00294f","band":1,"off":[6.8,1.1]}},{"type":"Feature","geometry":{"type":"Point","coordinates":[21.894347,43.31987]},"properties":{"line":"13","mode":"bus","color":"#0059a9","colorDark":"#00294f","band":1,"off":[-3.4,3.1]}},{"type":"Feature","geometry":{"type":"Point","coordinates":[21.894347,43.31987]},"properties":{"line":"15A","mode":"bus","color":"#0059a9","colorDark":"#00294f","band":1,"off":[0,3.1]}},{"type":"Feature","geometry":{"type":"Point","coordinates":[21.894347,43.31987]},"properties":{"line":"500","mode":"bus","color":"#0059a9","colorDark":"#00294f","band":1,"off":[3.4,3.1]}},{"type":"Feature","geometry":{"type":"Point","coordinates":[21.89089,43.313608]},"properties":{"name":"Trg Pavla Stojkovića ( ka Uredu)","band":1,"modes":"bus","arr":["1","2","4","5","6","8","10","13","15A","27B","36"],"off":[0,-0.8]}},{"type":"Feature","geometry":{"type":"Point","coordinates":[21.89089,43.313608]},"properties":{"name":"Trg kralja Aleksandra","band":1,"modes":"bus","arr":["1","2","4","5","6","8","10","13","15A","27B","36"],"off":[0,-3]}},{"type":"Feature","geometry":{"type":"Point","coordinates":[21.89089,43.313608]},"properties":{"name":"Šivara","band":1,"modes":"bus","arr":["1","2","4","5","6","8","10","13","15A","27B","36"],"off":[0,-5.2]}},{"type":"Feature","geometry":{"type":"Point","coordinates":[21.89089,43.313608]},"properties":{"line":"1","mode":"bus","color":"#0059a9","colorDark":"#00294f","band":1,"off":[-6.8,1.1]}},{"type":"Feature","geometry":{"type":"Point","coordinates":[21.89089,43.313608]},"properties":{"line":"2","mode":"bus","color":"#0059a9","colorDark":"#00294f","band":1,"off":[-3.4,1.1]}},{"type":"Feature","geometry":{"type":"Point","coordinates":[21.89089,43.313608]},"properties":{"line":"4","mode":"bus","color":"#0059a9","colorDark":"#00294f","band":1,"off":[0,1.1]}},{"type":"Feature","geometry":{"type":"Point","coordinates":[21.89089,43.313608]},"properties":{"line":"5","mode":"bus","color":"#0059a9","colorDark":"#00294f","band":1,"off":[3.4,1.1]}},{"type":"Feature","geometry":{"type":"Point","coordinates":[21.89089,43.313608]},"properties":{"line":"6","mode":"bus","color":"#0059a9","colorDark":"#00294f","band":1,"off":[6.8,1.1]}},{"type":"Feature","geometry":{"type":"Point","coordinates":[21.89089,43.313608]},"properties":{"line":"8","mode":"bus","color":"#0059a9","colorDark":"#00294f","band":1,"off":[-6.8,3.1]}},{"type":"Feature","geometry":{"type":"Point","coordinates":[21.89089,43.313608]},"properties":{"line":"10","mode":"bus","color":"#0059a9","colorDark":"#00294f","band":1,"off":[-3.4,3.1]}},{"type":"Feature","geometry":{"type":"Point","coordinates":[21.89089,43.313608]},"properties":{"line":"13","mode":"bus","color":"#0059a9","colorDark":"#00294f","band":1,"off":[0,3.1]}},{"type":"Feature","geometry":{"type":"Point","coordinates":[21.89089,43.313608]},"properties":{"line":"15A","mode":"bus","color":"#0059a9","colorDark":"#00294f","band":1,"off":[3.4,3.1]}},{"type":"Feature","geometry":{"type":"Point","coordinates":[21.89089,43.313608]},"properties":{"line":"27B","mode":"bus","color":"#0059a9","colorDark":"#00294f","band":1,"off":[6.8,3.1]}},{"type":"Feature","geometry":{"type":"Point","coordinates":[21.89089,43.313608]},"properties":{"line":"36","mode":"bus","color":"#0059a9","colorDark":"#00294f","band":1,"off":[0,5.1]}},{"type":"Feature","geometry":{"type":"Point","coordinates":[21.866717,43.315215]},"properties":{"name":"Ledena Stena","band":1,"modes":"bus","arr":["1"],"off":[0,-0.8]}},{"type":"Feature","geometry":{"type":"Point","coordinates":[21.866717,43.315215]},"properties":{"line":"1","mode":"bus","color":"#0059a9","colorDark":"#00294f","band":1,"off":[0,1.1]}},{"type":"Feature","geometry":{"type":"Point","coordinates":[21.862362,43.308627]},"properties":{"name":"Minovo naselje I","band":1,"modes":"bus","arr":["1"],"off":[0,-0.8]}},{"type":"Feature","geometry":{"type":"Point","coordinates":[21.862362,43.308627]},"properties":{"line":"1","mode":"bus","color":"#0059a9","colorDark":"#00294f","band":1,"off":[0,1.1]}},{"type":"Feature","geometry":{"type":"Point","coordinates":[21.878718,43.315656]},"properties":{"name":"Železnička stanica","band":1,"modes":"bus","arr":["5","6"],"off":[0,-0.8]}},{"type":"Feature","geometry":{"type":"Point","coordinates":[21.878718,43.315656]},"properties":{"line":"5","mode":"bus","color":"#0059a9","colorDark":"#00294f","band":1,"off":[-1.7,1.1]}},{"type":"Feature","geometry":{"type":"Point","coordinates":[21.878718,43.315656]},"properties":{"line":"6","mode":"bus","color":"#0059a9","colorDark":"#00294f","band":1,"off":[1.7,1.1]}},{"type":"Feature","geometry":{"type":"Point","coordinates":[21.962298,43.327091]},"properties":{"name":"Donja Vrežina 1","band":1,"modes":"bus","arr":["2"],"off":[0,-0.8]}},{"type":"Feature","geometry":{"type":"Point","coordinates":[21.962298,43.327091]},"properties":{"line":"2","mode":"bus","color":"#0059a9","colorDark":"#00294f","band":1,"off":[0,1.1]}},{"type":"Feature","geometry":{"type":"Point","coordinates":[21.947235,43.330507]},"properties":{"name":"Donja Vrežina","band":1,"modes":"bus","arr":["2"],"off":[0,-0.8]}},{"type":"Feature","geometry":{"type":"Point","coordinates":[21.947235,43.330507]},"properties":{"line":"2","mode":"bus","color":"#0059a9","colorDark":"#00294f","band":1,"off":[0,1.1]}},{"type":"Feature","geometry":{"type":"Point","coordinates":[21.876725,43.310965]},"properties":{"name":"Bubanj (okretnica)","band":1,"modes":"bus","arr":["2","4"],"off":[0,-0.8]}},{"type":"Feature","geometry":{"type":"Point","coordinates":[21.876725,43.310965]},"properties":{"name":"Bubanj","band":1,"modes":"bus","arr":["2","4"],"off":[0,-1.9]}},{"type":"Feature","geometry":{"type":"Point","coordinates":[21.876725,43.310965]},"properties":{"line":"2","mode":"bus","color":"#0059a9","colorDark":"#00294f","band":1,"off":[-1.7,1.1]}},{"type":"Feature","geometry":{"type":"Point","coordinates":[21.876725,43.310965]},"properties":{"line":"4","mode":"bus","color":"#0059a9","colorDark":"#00294f","band":1,"off":[1.7,1.1]}},{"type":"Feature","geometry":{"type":"Point","coordinates":[21.901377,43.321544]},"properties":{"name":"Učiteljski dom","band":1,"modes":"bus","arr":["500"],"off":[0,-0.8]}},{"type":"Feature","geometry":{"type":"Point","coordinates":[21.901377,43.321544]},"properties":{"line":"500","mode":"bus","color":"#0059a9","colorDark":"#00294f","band":1,"off":[0,1.1]}},{"type":"Feature","geometry":{"type":"Point","coordinates":[21.994876,43.329543]},"properties":{"name":"Gornja Vrežina MK","band":1,"modes":"bus","arr":["2","17A"],"off":[0,-0.8]}},{"type":"Feature","geometry":{"type":"Point","coordinates":[21.994876,43.329543]},"properties":{"line":"2","mode":"bus","color":"#0059a9","colorDark":"#00294f","band":1,"off":[-1.7,1.1]}},{"type":"Feature","geometry":{"type":"Point","coordinates":[21.994876,43.329543]},"properties":{"line":"17A","mode":"bus","color":"#0059a9","colorDark":"#00294f","band":1,"off":[1.7,1.1]}},{"type":"Feature","geometry":{"type":"Point","coordinates":[21.946327,43.325843]},"properties":{"name":"Skopska","band":1,"modes":"bus","arr":["2","6"],"off":[0,-0.8]}},{"type":"Feature","geometry":{"type":"Point","coordinates":[21.946327,43.325843]},"properties":{"line":"2","mode":"bus","color":"#0059a9","colorDark":"#00294f","band":1,"off":[-1.7,1.1]}},{"type":"Feature","geometry":{"type":"Point","coordinates":[21.946327,43.325843]},"properties":{"line":"6","mode":"bus","color":"#0059a9","colorDark":"#00294f","band":1,"off":[1.7,1.1]}},{"type":"Feature","geometry":{"type":"Point","coordinates":[21.868192,43.344109]},"properties":{"name":"Naselje Ratko Jović","band":1,"modes":"bus","arr":["3"],"off":[0,-0.8]}},{"type":"Feature","geometry":{"type":"Point","coordinates":[21.868192,43.344109]},"properties":{"line":"3","mode":"bus","color":"#0059a9","colorDark":"#00294f","band":1,"off":[0,1.1]}},{"type":"Feature","geometry":{"type":"Point","coordinates":[21.965977,43.308622]},"properties":{"name":"Brzi Brod","band":1,"modes":"bus","arr":["3"],"off":[0,-0.8]}},{"type":"Feature","geometry":{"type":"Point","coordinates":[21.965977,43.308622]},"properties":{"line":"3","mode":"bus","color":"#0059a9","colorDark":"#00294f","band":1,"off":[0,1.1]}},{"type":"Feature","geometry":{"type":"Point","coordinates":[21.878409,43.332806]},"properties":{"name":"DIN","band":1,"modes":"bus","arr":["7","5001","5002","5004","5005","6000","7000"],"off":[0,-0.8]}},{"type":"Feature","geometry":{"type":"Point","coordinates":[21.878409,43.332806]},"properties":{"name":"63. Padobranske - ložionica","band":1,"modes":"bus","arr":["7","5001","5002","5004","5005","6000","7000"],"off":[0,-1.9]}},{"type":"Feature","geometry":{"type":"Point","coordinates":[21.878409,43.332806]},"properties":{"line":"7","mode":"bus","color":"#0059a9","colorDark":"#00294f","band":1,"off":[-6.8,1.1]}},{"type":"Feature","geometry":{"type":"Point","coordinates":[21.878409,43.332806]},"properties":{"line":"5001","mode":"bus","color":"#0059a9","colorDark":"#00294f","band":1,"off":[-3.4,1.1]}},{"type":"Feature","geometry":{"type":"Point","coordinates":[21.878409,43.332806]},"properties":{"line":"5002","mode":"bus","color":"#0059a9","colorDark":"#00294f","band":1,"off":[0,1.1]}},{"type":"Feature","geometry":{"type":"Point","coordinates":[21.878409,43.332806]},"properties":{"line":"5004","mode":"bus","color":"#0059a9","colorDark":"#00294f","band":1,"off":[3.4,1.1]}},{"type":"Feature","geometry":{"type":"Point","coordinates":[21.878409,43.332806]},"properties":{"line":"5005","mode":"bus","color":"#0059a9","colorDark":"#00294f","band":1,"off":[6.8,1.1]}},{"type":"Feature","geometry":{"type":"Point","coordinates":[21.878409,43.332806]},"properties":{"line":"6000","mode":"bus","color":"#0059a9","colorDark":"#00294f","band":1,"off":[-1.7,3.1]}},{"type":"Feature","geometry":{"type":"Point","coordinates":[21.878409,43.332806]},"properties":{"line":"7000","mode":"bus","color":"#0059a9","colorDark":"#00294f","band":1,"off":[1.7,3.1]}},{"type":"Feature","geometry":{"type":"Point","coordinates":[21.879242,43.335701]},"properties":{"name":"Niš Mega maksi","band":1,"modes":"bus","arr":["5000"],"off":[0,-0.8]}},{"type":"Feature","geometry":{"type":"Point","coordinates":[21.879242,43.335701]},"properties":{"line":"5000","mode":"bus","color":"#0059a9","colorDark":"#00294f","band":1,"off":[0,1.1]}},{"type":"Feature","geometry":{"type":"Point","coordinates":[21.858417,43.344297]},"properties":{"name":"Velpro (raskrsnica)","band":1,"modes":"bus","arr":["3"],"off":[0,-0.8]}},{"type":"Feature","geometry":{"type":"Point","coordinates":[21.858417,43.344297]},"properties":{"line":"3","mode":"bus","color":"#0059a9","colorDark":"#00294f","band":1,"off":[0,1.1]}},{"type":"Feature","geometry":{"type":"Point","coordinates":[21.941181,43.335484]},"properties":{"name":"Čalije - ulica Ruža","band":1,"modes":"bus","arr":["4"],"off":[0,-0.8]}},{"type":"Feature","geometry":{"type":"Point","coordinates":[21.941181,43.335484]},"properties":{"line":"4","mode":"bus","color":"#0059a9","colorDark":"#00294f","band":1,"off":[0,1.1]}},{"type":"Feature","geometry":{"type":"Point","coordinates":[21.935566,43.335182]},"properties":{"name":"Matejevački put-kružna raskrsnica (iz grada)","band":1,"modes":"bus","arr":["5"],"off":[0,-0.8]}},{"type":"Feature","geometry":{"type":"Point","coordinates":[21.935566,43.335182]},"properties":{"name":"Matejevački put-kružna raskrsnica","band":1,"modes":"bus","arr":["5"],"off":[0,-4.1]}},{"type":"Feature","geometry":{"type":"Point","coordinates":[21.935566,43.335182]},"properties":{"line":"5","mode":"bus","color":"#0059a9","colorDark":"#00294f","band":1,"off":[0,1.1]}},{"type":"Feature","geometry":{"type":"Point","coordinates":[21.935479,43.318892]},"properties":{"name":"Duvanište (okretnica)","band":1,"modes":"bus","arr":["6","11"],"off":[0,-0.8]}},{"type":"Feature","geometry":{"type":"Point","coordinates":[21.935479,43.318892]},"properties":{"name":"Duvanište","band":1,"modes":"bus","arr":["6","11"],"off":[0,-3]}},{"type":"Feature","geometry":{"type":"Point","coordinates":[21.935479,43.318892]},"properties":{"line":"6","mode":"bus","color":"#0059a9","colorDark":"#00294f","band":1,"off":[-1.7,1.1]}},{"type":"Feature","geometry":{"type":"Point","coordinates":[21.935479,43.318892]},"properties":{"line":"11","mode":"bus","color":"#0059a9","colorDark":"#00294f","band":1,"off":[1.7,1.1]}},{"type":"Feature","geometry":{"type":"Point","coordinates":[21.882955,43.306902]},"properties":{"name":"Kalač Brdo","band":1,"modes":"bus","arr":["7"],"off":[0,-0.8]}},{"type":"Feature","geometry":{"type":"Point","coordinates":[21.882955,43.306902]},"properties":{"line":"7","mode":"bus","color":"#0059a9","colorDark":"#00294f","band":1,"off":[0,1.1]}},{"type":"Feature","geometry":{"type":"Point","coordinates":[21.891782,43.317035]},"properties":{"name":"Trg Pavla Stojkovića ( ka Margeru)","band":1,"modes":"bus","arr":["8","11"],"off":[0,-0.8]}},{"type":"Feature","geometry":{"type":"Point","coordinates":[21.891782,43.317035]},"properties":{"line":"8","mode":"bus","color":"#0059a9","colorDark":"#00294f","band":1,"off":[-1.7,1.1]}},{"type":"Feature","geometry":{"type":"Point","coordinates":[21.891782,43.317035]},"properties":{"line":"11","mode":"bus","color":"#0059a9","colorDark":"#00294f","band":1,"off":[1.7,1.1]}},{"type":"Feature","geometry":{"type":"Point","coordinates":[21.92191,43.30306]},"properties":{"name":"Gabrovačka Reka","band":1,"modes":"bus","arr":["8"],"off":[0,-0.8]}},{"type":"Feature","geometry":{"type":"Point","coordinates":[21.92191,43.30306]},"properties":{"line":"8","mode":"bus","color":"#0059a9","colorDark":"#00294f","band":1,"off":[0,1.1]}},{"type":"Feature","geometry":{"type":"Point","coordinates":[21.879737,43.295753]},"properties":{"name":"Novo groblje","band":1,"modes":"bus","arr":["8"],"off":[0,-0.8]}},{"type":"Feature","geometry":{"type":"Point","coordinates":[21.879737,43.295753]},"properties":{"line":"8","mode":"bus","color":"#0059a9","colorDark":"#00294f","band":1,"off":[0,1.1]}},{"type":"Feature","geometry":{"type":"Point","coordinates":[21.873522,43.2979]},"properties":{"name":"Gligorija Đaka (c)","band":1,"modes":"bus","arr":["8"],"off":[0,-0.8]}},{"type":"Feature","geometry":{"type":"Point","coordinates":[21.873522,43.2979]},"properties":{"name":"Gligorija Đaka","band":1,"modes":"bus","arr":["8"],"off":[0,-1.9]}},{"type":"Feature","geometry":{"type":"Point","coordinates":[21.873522,43.2979]},"properties":{"line":"8","mode":"bus","color":"#0059a9","colorDark":"#00294f","band":1,"off":[0,1.1]}},{"type":"Feature","geometry":{"type":"Point","coordinates":[21.912105,43.304749]},"properties":{"name":"Mokranjčeva","band":1,"modes":"bus","arr":["9"],"off":[0,-0.8]}},{"type":"Feature","geometry":{"type":"Point","coordinates":[21.912105,43.304749]},"properties":{"line":"9","mode":"bus","color":"#0059a9","colorDark":"#00294f","band":1,"off":[0,1.1]}},{"type":"Feature","geometry":{"type":"Point","coordinates":[21.89675,43.345017]},"properties":{"name":"Dr Miloša Đorića (iz grada)","band":1,"modes":"bus","arr":["9"],"off":[0,-0.8]}},{"type":"Feature","geometry":{"type":"Point","coordinates":[21.89675,43.345017]},"properties":{"name":"Dr Miloša Đorića","band":1,"modes":"bus","arr":["9"],"off":[0,-3]}},{"type":"Feature","geometry":{"type":"Point","coordinates":[21.89675,43.345017]},"properties":{"line":"9","mode":"bus","color":"#0059a9","colorDark":"#00294f","band":1,"off":[0,1.1]}},{"type":"Feature","geometry":{"type":"Point","coordinates":[21.817941,43.316438]},"properties":{"name":"Naselje 9. Maj - MK","band":1,"modes":"bus","arr":["10","25"],"off":[0,-0.8]}},{"type":"Feature","geometry":{"type":"Point","coordinates":[21.817941,43.316438]},"properties":{"name":"Naselje 9. Maj","band":1,"modes":"bus","arr":["10","25"],"off":[0,-3]}},{"type":"Feature","geometry":{"type":"Point","coordinates":[21.817941,43.316438]},"properties":{"line":"10","mode":"bus","color":"#0059a9","colorDark":"#00294f","band":1,"off":[-1.7,1.1]}},{"type":"Feature","geometry":{"type":"Point","coordinates":[21.817941,43.316438]},"properties":{"line":"25","mode":"bus","color":"#0059a9","colorDark":"#00294f","band":1,"off":[1.7,1.1]}},{"type":"Feature","geometry":{"type":"Point","coordinates":[21.864117,43.324945]},"properties":{"name":"Medoševac - okretnica","band":1,"modes":"bus","arr":["11"],"off":[0,-0.8]}},{"type":"Feature","geometry":{"type":"Point","coordinates":[21.864117,43.324945]},"properties":{"line":"11","mode":"bus","color":"#0059a9","colorDark":"#00294f","band":1,"off":[0,1.1]}},{"type":"Feature","geometry":{"type":"Point","coordinates":[21.888077,43.30881]},"properties":{"name":"Njegoševa","band":1,"modes":"bus","arr":["12"],"off":[0,-0.8]}},{"type":"Feature","geometry":{"type":"Point","coordinates":[21.888077,43.30881]},"properties":{"line":"12","mode":"bus","color":"#0059a9","colorDark":"#00294f","band":1,"off":[0,1.1]}},{"type":"Feature","geometry":{"type":"Point","coordinates":[21.872855,43.349783]},"properties":{"name":"Donji Komren","band":1,"modes":"bus","arr":["12"],"off":[0,-0.8]}},{"type":"Feature","geometry":{"type":"Point","coordinates":[21.872855,43.349783]},"properties":{"line":"12","mode":"bus","color":"#0059a9","colorDark":"#00294f","band":1,"off":[0,1.1]}},{"type":"Feature","geometry":{"type":"Point","coordinates":[21.925717,43.311372]},"properties":{"name":"Ćele Kula 1","band":1,"modes":"bus","arr":["13"],"off":[0,-0.8]}},{"type":"Feature","geometry":{"type":"Point","coordinates":[21.925717,43.311372]},"properties":{"line":"13","mode":"bus","color":"#0059a9","colorDark":"#00294f","band":1,"off":[0,1.1]}},{"type":"Feature","geometry":{"type":"Point","coordinates":[21.940133,43.307643]},"properties":{"name":"Delijski Vis","band":1,"modes":"bus","arr":["13"],"off":[0,-0.8]}},{"type":"Feature","geometry":{"type":"Point","coordinates":[21.940133,43.307643]},"properties":{"line":"13","mode":"bus","color":"#0059a9","colorDark":"#00294f","band":1,"off":[0,1.1]}},{"type":"Feature","geometry":{"type":"Point","coordinates":[21.89063,43.330319]},"properties":{"name":"PAS Niš ( iz Niša )","band":1,"modes":"bus","arr":["14","14A","15","16","17","17A","19","20","20A","21","21A","22","23","23B","23K","23L","24","25","26","27A","27B","28","28B","29","29A","30","31","32","32A","33","33P","35","36A","37","39","5001","7000"],"off":[0,-0.8],"sc":0.85}},{"type":"Feature","geometry":{"type":"Point","coordinates":[21.89063,43.330319]},"properties":{"line":"14","mode":"bus","color":"#0059a9","colorDark":"#00294f","band":1,"sc":0.71,"off":[-10.2,1.1]}},{"type":"Feature","geometry":{"type":"Point","coordinates":[21.89063,43.330319]},"properties":{"line":"14A","mode":"bus","color":"#0059a9","colorDark":"#00294f","band":1,"sc":0.71,"off":[-6.8,1.1]}},{"type":"Feature","geometry":{"type":"Point","coordinates":[21.89063,43.330319]},"properties":{"line":"15","mode":"bus","color":"#0059a9","colorDark":"#00294f","band":1,"sc":0.71,"off":[-3.4,1.1]}},{"type":"Feature","geometry":{"type":"Point","coordinates":[21.89063,43.330319]},"properties":{"line":"16","mode":"bus","color":"#0059a9","colorDark":"#00294f","band":1,"sc":0.71,"off":[0,1.1]}},{"type":"Feature","geometry":{"type":"Point","coordinates":[21.89063,43.330319]},"properties":{"line":"17","mode":"bus","color":"#0059a9","colorDark":"#00294f","band":1,"sc":0.71,"off":[3.4,1.1]}},{"type":"Feature","geometry":{"type":"Point","coordinates":[21.89063,43.330319]},"properties":{"line":"17A","mode":"bus","color":"#0059a9","colorDark":"#00294f","band":1,"sc":0.71,"off":[6.8,1.1]}},{"type":"Feature","geometry":{"type":"Point","coordinates":[21.89063,43.330319]},"properties":{"line":"19","mode":"bus","color":"#0059a9","colorDark":"#00294f","band":1,"sc":0.71,"off":[10.2,1.1]}},{"type":"Feature","geometry":{"type":"Point","coordinates":[21.89063,43.330319]},"properties":{"line":"20","mode":"bus","color":"#0059a9","colorDark":"#00294f","band":1,"sc":0.71,"off":[-10.2,3.1]}},{"type":"Feature","geometry":{"type":"Point","coordinates":[21.89063,43.330319]},"properties":{"line":"20A","mode":"bus","color":"#0059a9","colorDark":"#00294f","band":1,"sc":0.71,"off":[-6.8,3.1]}},{"type":"Feature","geometry":{"type":"Point","coordinates":[21.89063,43.330319]},"properties":{"line":"21","mode":"bus","color":"#0059a9","colorDark":"#00294f","band":1,"sc":0.71,"off":[-3.4,3.1]}},{"type":"Feature","geometry":{"type":"Point","coordinates":[21.89063,43.330319]},"properties":{"line":"21A","mode":"bus","color":"#0059a9","colorDark":"#00294f","band":1,"sc":0.71,"off":[0,3.1]}},{"type":"Feature","geometry":{"type":"Point","coordinates":[21.89063,43.330319]},"properties":{"line":"22","mode":"bus","color":"#0059a9","colorDark":"#00294f","band":1,"sc":0.71,"off":[3.4,3.1]}},{"type":"Feature","geometry":{"type":"Point","coordinates":[21.89063,43.330319]},"properties":{"line":"23","mode":"bus","color":"#0059a9","colorDark":"#00294f","band":1,"sc":0.71,"off":[6.8,3.1]}},{"type":"Feature","geometry":{"type":"Point","coordinates":[21.89063,43.330319]},"properties":{"line":"23B","mode":"bus","color":"#0059a9","colorDark":"#00294f","band":1,"sc":0.71,"off":[10.2,3.1]}},{"type":"Feature","geometry":{"type":"Point","coordinates":[21.89063,43.330319]},"properties":{"line":"23K","mode":"bus","color":"#0059a9","colorDark":"#00294f","band":1,"sc":0.71,"off":[-10.2,5.1]}},{"type":"Feature","geometry":{"type":"Point","coordinates":[21.89063,43.330319]},"properties":{"line":"23L","mode":"bus","color":"#0059a9","colorDark":"#00294f","band":1,"sc":0.71,"off":[-6.8,5.1]}},{"type":"Feature","geometry":{"type":"Point","coordinates":[21.89063,43.330319]},"properties":{"line":"24","mode":"bus","color":"#0059a9","colorDark":"#00294f","band":1,"sc":0.71,"off":[-3.4,5.1]}},{"type":"Feature","geometry":{"type":"Point","coordinates":[21.89063,43.330319]},"properties":{"line":"25","mode":"bus","color":"#0059a9","colorDark":"#00294f","band":1,"sc":0.71,"off":[0,5.1]}},{"type":"Feature","geometry":{"type":"Point","coordinates":[21.89063,43.330319]},"properties":{"line":"26","mode":"bus","color":"#0059a9","colorDark":"#00294f","band":1,"sc":0.71,"off":[3.4,5.1]}},{"type":"Feature","geometry":{"type":"Point","coordinates":[21.89063,43.330319]},"properties":{"line":"27A","mode":"bus","color":"#0059a9","colorDark":"#00294f","band":1,"sc":0.71,"off":[6.8,5.1]}},{"type":"Feature","geometry":{"type":"Point","coordinates":[21.89063,43.330319]},"properties":{"line":"27B","mode":"bus","color":"#0059a9","colorDark":"#00294f","band":1,"sc":0.71,"off":[10.2,5.1]}},{"type":"Feature","geometry":{"type":"Point","coordinates":[21.89063,43.330319]},"properties":{"line":"28","mode":"bus","color":"#0059a9","colorDark":"#00294f","band":1,"sc":0.71,"off":[-10.2,7.1]}},{"type":"Feature","geometry":{"type":"Point","coordinates":[21.89063,43.330319]},"properties":{"line":"28B","mode":"bus","color":"#0059a9","colorDark":"#00294f","band":1,"sc":0.71,"off":[-6.8,7.1]}},{"type":"Feature","geometry":{"type":"Point","coordinates":[21.89063,43.330319]},"properties":{"line":"29","mode":"bus","color":"#0059a9","colorDark":"#00294f","band":1,"sc":0.71,"off":[-3.4,7.1]}},{"type":"Feature","geometry":{"type":"Point","coordinates":[21.89063,43.330319]},"properties":{"line":"29A","mode":"bus","color":"#0059a9","colorDark":"#00294f","band":1,"sc":0.71,"off":[0,7.1]}},{"type":"Feature","geometry":{"type":"Point","coordinates":[21.89063,43.330319]},"properties":{"line":"30","mode":"bus","color":"#0059a9","colorDark":"#00294f","band":1,"sc":0.71,"off":[3.4,7.1]}},{"type":"Feature","geometry":{"type":"Point","coordinates":[21.89063,43.330319]},"properties":{"line":"31","mode":"bus","color":"#0059a9","colorDark":"#00294f","band":1,"sc":0.71,"off":[6.8,7.1]}},{"type":"Feature","geometry":{"type":"Point","coordinates":[21.89063,43.330319]},"properties":{"line":"32","mode":"bus","color":"#0059a9","colorDark":"#00294f","band":1,"sc":0.71,"off":[10.2,7.1]}},{"type":"Feature","geometry":{"type":"Point","coordinates":[21.89063,43.330319]},"properties":{"line":"32A","mode":"bus","color":"#0059a9","colorDark":"#00294f","band":1,"sc":0.71,"off":[-10.2,9.1]}},{"type":"Feature","geometry":{"type":"Point","coordinates":[21.89063,43.330319]},"properties":{"line":"33","mode":"bus","color":"#0059a9","colorDark":"#00294f","band":1,"sc":0.71,"off":[-6.8,9.1]}},{"type":"Feature","geometry":{"type":"Point","coordinates":[21.89063,43.330319]},"properties":{"line":"33P","mode":"bus","color":"#0059a9","colorDark":"#00294f","band":1,"sc":0.71,"off":[-3.4,9.1]}},{"type":"Feature","geometry":{"type":"Point","coordinates":[21.89063,43.330319]},"properties":{"line":"35","mode":"bus","color":"#0059a9","colorDark":"#00294f","band":1,"sc":0.71,"off":[0,9.1]}},{"type":"Feature","geometry":{"type":"Point","coordinates":[21.89063,43.330319]},"properties":{"line":"36A","mode":"bus","color":"#0059a9","colorDark":"#00294f","band":1,"sc":0.71,"off":[3.4,9.1]}},{"type":"Feature","geometry":{"type":"Point","coordinates":[21.89063,43.330319]},"properties":{"line":"37","mode":"bus","color":"#0059a9","colorDark":"#00294f","band":1,"sc":0.71,"off":[6.8,9.1]}},{"type":"Feature","geometry":{"type":"Point","coordinates":[21.89063,43.330319]},"properties":{"line":"39","mode":"bus","color":"#0059a9","colorDark":"#00294f","band":1,"sc":0.71,"off":[10.2,9.1]}},{"type":"Feature","geometry":{"type":"Point","coordinates":[21.89063,43.330319]},"properties":{"line":"5001","mode":"bus","color":"#0059a9","colorDark":"#00294f","band":1,"sc":0.71,"off":[-1.7,11.1]}},{"type":"Feature","geometry":{"type":"Point","coordinates":[21.89063,43.330319]},"properties":{"line":"7000","mode":"bus","color":"#0059a9","colorDark":"#00294f","band":1,"sc":0.71,"off":[1.7,11.1]}},{"type":"Feature","geometry":{"type":"Point","coordinates":[21.932212,43.35835]},"properties":{"name":"Vinik izlaz (ka Viniku)","band":1,"modes":"bus","arr":["14"],"off":[0,-0.8]}},{"type":"Feature","geometry":{"type":"Point","coordinates":[21.932212,43.35835]},"properties":{"line":"14","mode":"bus","color":"#0059a9","colorDark":"#00294f","band":1,"off":[0,1.1]}},{"type":"Feature","geometry":{"type":"Point","coordinates":[21.928519,43.382089]},"properties":{"name":"Brenica (okretnica)","band":1,"modes":"bus","arr":["14"],"off":[0,-0.8]}},{"type":"Feature","geometry":{"type":"Point","coordinates":[21.928519,43.382089]},"properties":{"line":"14","mode":"bus","color":"#0059a9","colorDark":"#00294f","band":1,"off":[0,1.1]}},{"type":"Feature","geometry":{"type":"Point","coordinates":[21.890199,43.325935]},"properties":{"name":"PAS Niš ( ka Nišu )","band":1,"modes":"bus","arr":["14","14A","15","16","18","19","20","20A","21","23","23B","23K","23L","24","25","26","27A","27B","28","28A","29","29A","30","31","32","32A","33","35","36A","37","39","5000","5002","5004","5005","6000"],"off":[0,-0.8],"sc":0.85}},{"type":"Feature","geometry":{"type":"Point","coordinates":[21.890199,43.325935]},"properties":{"line":"14","mode":"bus","color":"#0059a9","colorDark":"#00294f","band":1,"sc":0.72,"off":[-8.5,1.1]}},{"type":"Feature","geometry":{"type":"Point","coordinates":[21.890199,43.325935]},"properties":{"line":"14A","mode":"bus","color":"#0059a9","colorDark":"#00294f","band":1,"sc":0.72,"off":[-5.1,1.1]}},{"type":"Feature","geometry":{"type":"Point","coordinates":[21.890199,43.325935]},"properties":{"line":"15","mode":"bus","color":"#0059a9","colorDark":"#00294f","band":1,"sc":0.72,"off":[-1.7,1.1]}},{"type":"Feature","geometry":{"type":"Point","coordinates":[21.890199,43.325935]},"properties":{"line":"16","mode":"bus","color":"#0059a9","colorDark":"#00294f","band":1,"sc":0.72,"off":[1.7,1.1]}},{"type":"Feature","geometry":{"type":"Point","coordinates":[21.890199,43.325935]},"properties":{"line":"18","mode":"bus","color":"#0059a9","colorDark":"#00294f","band":1,"sc":0.72,"off":[5.1,1.1]}},{"type":"Feature","geometry":{"type":"Point","coordinates":[21.890199,43.325935]},"properties":{"line":"19","mode":"bus","color":"#0059a9","colorDark":"#00294f","band":1,"sc":0.72,"off":[8.5,1.1]}},{"type":"Feature","geometry":{"type":"Point","coordinates":[21.890199,43.325935]},"properties":{"line":"20","mode":"bus","color":"#0059a9","colorDark":"#00294f","band":1,"sc":0.72,"off":[-8.5,3.1]}},{"type":"Feature","geometry":{"type":"Point","coordinates":[21.890199,43.325935]},"properties":{"line":"20A","mode":"bus","color":"#0059a9","colorDark":"#00294f","band":1,"sc":0.72,"off":[-5.1,3.1]}},{"type":"Feature","geometry":{"type":"Point","coordinates":[21.890199,43.325935]},"properties":{"line":"21","mode":"bus","color":"#0059a9","colorDark":"#00294f","band":1,"sc":0.72,"off":[-1.7,3.1]}},{"type":"Feature","geometry":{"type":"Point","coordinates":[21.890199,43.325935]},"properties":{"line":"23","mode":"bus","color":"#0059a9","colorDark":"#00294f","band":1,"sc":0.72,"off":[1.7,3.1]}},{"type":"Feature","geometry":{"type":"Point","coordinates":[21.890199,43.325935]},"properties":{"line":"23B","mode":"bus","color":"#0059a9","colorDark":"#00294f","band":1,"sc":0.72,"off":[5.1,3.1]}},{"type":"Feature","geometry":{"type":"Point","coordinates":[21.890199,43.325935]},"properties":{"line":"23K","mode":"bus","color":"#0059a9","colorDark":"#00294f","band":1,"sc":0.72,"off":[8.5,3.1]}},{"type":"Feature","geometry":{"type":"Point","coordinates":[21.890199,43.325935]},"properties":{"line":"23L","mode":"bus","color":"#0059a9","colorDark":"#00294f","band":1,"sc":0.72,"off":[-8.5,5.1]}},{"type":"Feature","geometry":{"type":"Point","coordinates":[21.890199,43.325935]},"properties":{"line":"24","mode":"bus","color":"#0059a9","colorDark":"#00294f","band":1,"sc":0.72,"off":[-5.1,5.1]}},{"type":"Feature","geometry":{"type":"Point","coordinates":[21.890199,43.325935]},"properties":{"line":"25","mode":"bus","color":"#0059a9","colorDark":"#00294f","band":1,"sc":0.72,"off":[-1.7,5.1]}},{"type":"Feature","geometry":{"type":"Point","coordinates":[21.890199,43.325935]},"properties":{"line":"26","mode":"bus","color":"#0059a9","colorDark":"#00294f","band":1,"sc":0.72,"off":[1.7,5.1]}},{"type":"Feature","geometry":{"type":"Point","coordinates":[21.890199,43.325935]},"properties":{"line":"27A","mode":"bus","color":"#0059a9","colorDark":"#00294f","band":1,"sc":0.72,"off":[5.1,5.1]}},{"type":"Feature","geometry":{"type":"Point","coordinates":[21.890199,43.325935]},"properties":{"line":"27B","mode":"bus","color":"#0059a9","colorDark":"#00294f","band":1,"sc":0.72,"off":[8.5,5.1]}},{"type":"Feature","geometry":{"type":"Point","coordinates":[21.890199,43.325935]},"properties":{"line":"28","mode":"bus","color":"#0059a9","colorDark":"#00294f","band":1,"sc":0.72,"off":[-8.5,7.1]}},{"type":"Feature","geometry":{"type":"Point","coordinates":[21.890199,43.325935]},"properties":{"line":"28A","mode":"bus","color":"#0059a9","colorDark":"#00294f","band":1,"sc":0.72,"off":[-5.1,7.1]}},{"type":"Feature","geometry":{"type":"Point","coordinates":[21.890199,43.325935]},"properties":{"line":"29","mode":"bus","color":"#0059a9","colorDark":"#00294f","band":1,"sc":0.72,"off":[-1.7,7.1]}},{"type":"Feature","geometry":{"type":"Point","coordinates":[21.890199,43.325935]},"properties":{"line":"29A","mode":"bus","color":"#0059a9","colorDark":"#00294f","band":1,"sc":0.72,"off":[1.7,7.1]}},{"type":"Feature","geometry":{"type":"Point","coordinates":[21.890199,43.325935]},"properties":{"line":"30","mode":"bus","color":"#0059a9","colorDark":"#00294f","band":1,"sc":0.72,"off":[5.1,7.1]}},{"type":"Feature","geometry":{"type":"Point","coordinates":[21.890199,43.325935]},"properties":{"line":"31","mode":"bus","color":"#0059a9","colorDark":"#00294f","band":1,"sc":0.72,"off":[8.5,7.1]}},{"type":"Feature","geometry":{"type":"Point","coordinates":[21.890199,43.325935]},"properties":{"line":"32","mode":"bus","color":"#0059a9","colorDark":"#00294f","band":1,"sc":0.72,"off":[-8.5,9.1]}},{"type":"Feature","geometry":{"type":"Point","coordinates":[21.890199,43.325935]},"properties":{"line":"32A","mode":"bus","color":"#0059a9","colorDark":"#00294f","band":1,"sc":0.72,"off":[-5.1,9.1]}},{"type":"Feature","geometry":{"type":"Point","coordinates":[21.890199,43.325935]},"properties":{"line":"33","mode":"bus","color":"#0059a9","colorDark":"#00294f","band":1,"sc":0.72,"off":[-1.7,9.1]}},{"type":"Feature","geometry":{"type":"Point","coordinates":[21.890199,43.325935]},"properties":{"line":"35","mode":"bus","color":"#0059a9","colorDark":"#00294f","band":1,"sc":0.72,"off":[1.7,9.1]}},{"type":"Feature","geometry":{"type":"Point","coordinates":[21.890199,43.325935]},"properties":{"line":"36A","mode":"bus","color":"#0059a9","colorDark":"#00294f","band":1,"sc":0.72,"off":[5.1,9.1]}},{"type":"Feature","geometry":{"type":"Point","coordinates":[21.890199,43.325935]},"properties":{"line":"37","mode":"bus","color":"#0059a9","colorDark":"#00294f","band":1,"sc":0.72,"off":[8.5,9.1]}},{"type":"Feature","geometry":{"type":"Point","coordinates":[21.890199,43.325935]},"properties":{"line":"39","mode":"bus","color":"#0059a9","colorDark":"#00294f","band":1,"sc":0.72,"off":[-8.5,11.1]}},{"type":"Feature","geometry":{"type":"Point","coordinates":[21.890199,43.325935]},"properties":{"line":"5000","mode":"bus","color":"#0059a9","colorDark":"#00294f","band":1,"sc":0.72,"off":[-5.1,11.1]}},{"type":"Feature","geometry":{"type":"Point","coordinates":[21.890199,43.325935]},"properties":{"line":"5002","mode":"bus","color":"#0059a9","colorDark":"#00294f","band":1,"sc":0.72,"off":[-1.7,11.1]}},{"type":"Feature","geometry":{"type":"Point","coordinates":[21.890199,43.325935]},"properties":{"line":"5004","mode":"bus","color":"#0059a9","colorDark":"#00294f","band":1,"sc":0.72,"off":[1.7,11.1]}},{"type":"Feature","geometry":{"type":"Point","coordinates":[21.890199,43.325935]},"properties":{"line":"5005","mode":"bus","color":"#0059a9","colorDark":"#00294f","band":1,"sc":0.72,"off":[5.1,11.1]}},{"type":"Feature","geometry":{"type":"Point","coordinates":[21.890199,43.325935]},"properties":{"line":"6000","mode":"bus","color":"#0059a9","colorDark":"#00294f","band":1,"sc":0.72,"off":[8.5,11.1]}},{"type":"Feature","geometry":{"type":"Point","coordinates":[21.910478,43.426961]},"properties":{"name":"Cerje","band":1,"modes":"bus","arr":["14A"],"off":[0,-0.8]}},{"type":"Feature","geometry":{"type":"Point","coordinates":[21.910478,43.426961]},"properties":{"line":"14A","mode":"bus","color":"#0059a9","colorDark":"#00294f","band":1,"off":[0,1.1]}},{"type":"Feature","geometry":{"type":"Point","coordinates":[21.994873,43.366242]},"properties":{"name":"Knez Selo ( iz grada )","band":1,"modes":"bus","arr":["15"],"off":[0,-0.8]}},{"type":"Feature","geometry":{"type":"Point","coordinates":[21.994873,43.366242]},"properties":{"name":"Knez Selo","band":1,"modes":"bus","arr":["15"],"off":[0,-3]}},{"type":"Feature","geometry":{"type":"Point","coordinates":[21.994873,43.366242]},"properties":{"line":"15","mode":"bus","color":"#0059a9","colorDark":"#00294f","band":1,"off":[0,1.1]}},{"type":"Feature","geometry":{"type":"Point","coordinates":[21.967781,43.363883]},"properties":{"name":"G. Matejevac prodavnica","band":1,"modes":"bus","arr":["15A"],"off":[0,-0.8]}},{"type":"Feature","geometry":{"type":"Point","coordinates":[21.967781,43.363883]},"properties":{"name":"G. Matejevac - prodavnica","band":1,"modes":"bus","arr":["15A"],"off":[0,-3]}},{"type":"Feature","geometry":{"type":"Point","coordinates":[21.967781,43.363883]},"properties":{"line":"15A","mode":"bus","color":"#0059a9","colorDark":"#00294f","band":1,"off":[0,1.1]}},{"type":"Feature","geometry":{"type":"Point","coordinates":[22.045476,43.37792]},"properties":{"name":"Vrelo okretnica","band":1,"modes":"bus","arr":["16"],"off":[0,-0.8]}},{"type":"Feature","geometry":{"type":"Point","coordinates":[22.045476,43.37792]},"properties":{"line":"16","mode":"bus","color":"#0059a9","colorDark":"#00294f","band":1,"off":[0,1.1]}},{"type":"Feature","geometry":{"type":"Point","coordinates":[22.068289,43.367206]},"properties":{"name":"Oreovac ( iz grada)","band":1,"modes":"bus","arr":["17"],"off":[0,-0.8]}},{"type":"Feature","geometry":{"type":"Point","coordinates":[22.068289,43.367206]},"properties":{"name":"Oreovac","band":1,"modes":"bus","arr":["17"],"off":[0,-3]}},{"type":"Feature","geometry":{"type":"Point","coordinates":[22.068289,43.367206]},"properties":{"line":"17","mode":"bus","color":"#0059a9","colorDark":"#00294f","band":1,"off":[0,1.1]}},{"type":"Feature","geometry":{"type":"Point","coordinates":[22.086508,43.339103]},"properties":{"name":"Sićevo okretnica - zadruga","band":1,"modes":"bus","arr":["18"],"off":[0,-0.8]}},{"type":"Feature","geometry":{"type":"Point","coordinates":[22.086508,43.339103]},"properties":{"line":"18","mode":"bus","color":"#0059a9","colorDark":"#00294f","band":1,"off":[0,1.1]}},{"type":"Feature","geometry":{"type":"Point","coordinates":[22.114754,43.271594]},"properties":{"name":"Bancarevo okretnica","band":1,"modes":"bus","arr":["19"],"off":[0,-0.8]}},{"type":"Feature","geometry":{"type":"Point","coordinates":[22.114754,43.271594]},"properties":{"line":"19","mode":"bus","color":"#0059a9","colorDark":"#00294f","band":1,"off":[0,1.1]}},{"type":"Feature","geometry":{"type":"Point","coordinates":[22.14439,43.291194]},"properties":{"name":"Ravni Do trafo","band":1,"modes":"bus","arr":["20"],"off":[0,-0.8]}},{"type":"Feature","geometry":{"type":"Point","coordinates":[22.14439,43.291194]},"properties":{"line":"20","mode":"bus","color":"#0059a9","colorDark":"#00294f","band":1,"off":[0,1.1]}},{"type":"Feature","geometry":{"type":"Point","coordinates":[22.124907,43.312549]},"properties":{"name":"Ostrovica naselje - okretnica ( ka Ravnom Dolu)","band":1,"modes":"bus","arr":["20A"],"off":[0,-0.8]}},{"type":"Feature","geometry":{"type":"Point","coordinates":[22.124907,43.312549]},"properties":{"name":"Ostrovica naselje - okretnica","band":1,"modes":"bus","arr":["20A"],"off":[0,-4.1]}},{"type":"Feature","geometry":{"type":"Point","coordinates":[22.124907,43.312549]},"properties":{"line":"20A","mode":"bus","color":"#0059a9","colorDark":"#00294f","band":1,"off":[0,1.1]}},{"type":"Feature","geometry":{"type":"Point","coordinates":[22.099264,43.248971]},"properties":{"name":"Gornja Studena okretnica","band":1,"modes":"bus","arr":["21"],"off":[0,-0.8]}},{"type":"Feature","geometry":{"type":"Point","coordinates":[22.099264,43.248971]},"properties":{"line":"21","mode":"bus","color":"#0059a9","colorDark":"#00294f","band":1,"off":[0,1.1]}},{"type":"Feature","geometry":{"type":"Point","coordinates":[22.062492,43.282944]},"properties":{"name":"Jelašnica okretnica","band":1,"modes":"bus","arr":["21A"],"off":[0,-0.8]}},{"type":"Feature","geometry":{"type":"Point","coordinates":[22.062492,43.282944]},"properties":{"line":"21A","mode":"bus","color":"#0059a9","colorDark":"#00294f","band":1,"off":[0,1.1]}},{"type":"Feature","geometry":{"type":"Point","coordinates":[21.958764,43.266389]},"properties":{"name":"Vukmanovo ( ka Berbatovu)","band":1,"modes":"bus","arr":["22","23B"],"off":[0,-0.8]}},{"type":"Feature","geometry":{"type":"Point","coordinates":[21.958764,43.266389]},"properties":{"name":"Vukmanovo","band":1,"modes":"bus","arr":["22","23B"],"off":[0,-3]}},{"type":"Feature","geometry":{"type":"Point","coordinates":[21.958764,43.266389]},"properties":{"line":"22","mode":"bus","color":"#0059a9","colorDark":"#00294f","band":1,"off":[-1.7,1.1]}},{"type":"Feature","geometry":{"type":"Point","coordinates":[21.958764,43.266389]},"properties":{"line":"23B","mode":"bus","color":"#0059a9","colorDark":"#00294f","band":1,"off":[1.7,1.1]}},{"type":"Feature","geometry":{"type":"Point","coordinates":[21.925808,43.264028]},"properties":{"name":"Gabrovac manastir okretnica ( ka Berbatovu)","band":1,"modes":"bus","arr":["23L"],"off":[0,-0.8]}},{"type":"Feature","geometry":{"type":"Point","coordinates":[21.925808,43.264028]},"properties":{"name":"Gabrovac manastir okretnica","band":1,"modes":"bus","arr":["23L"],"off":[0,-4.1]}},{"type":"Feature","geometry":{"type":"Point","coordinates":[21.925808,43.264028]},"properties":{"line":"23L","mode":"bus","color":"#0059a9","colorDark":"#00294f","band":1,"off":[0,1.1]}},{"type":"Feature","geometry":{"type":"Point","coordinates":[21.942252,43.257285]},"properties":{"name":"Berbatovo - trafo, okretnica ( ka Gabrovcu)","band":1,"modes":"bus","arr":["23"],"off":[0,-0.8]}},{"type":"Feature","geometry":{"type":"Point","coordinates":[21.942252,43.257285]},"properties":{"line":"23","mode":"bus","color":"#0059a9","colorDark":"#00294f","band":1,"off":[0,1.1]}},{"type":"Feature","geometry":{"type":"Point","coordinates":[21.912578,43.256641]},"properties":{"name":"Donje Vlase okretnica","band":1,"modes":"bus","arr":["24"],"off":[0,-0.8]}},{"type":"Feature","geometry":{"type":"Point","coordinates":[21.912578,43.256641]},"properties":{"line":"24","mode":"bus","color":"#0059a9","colorDark":"#00294f","band":1,"off":[0,1.1]}},{"type":"Feature","geometry":{"type":"Point","coordinates":[21.786214,43.342965]},"properties":{"name":"Lalinac okretnica - trafo","band":1,"modes":"bus","arr":["26"],"off":[0,-0.8]}},{"type":"Feature","geometry":{"type":"Point","coordinates":[21.786214,43.342965]},"properties":{"line":"26","mode":"bus","color":"#0059a9","colorDark":"#00294f","band":1,"off":[0,1.1]}},{"type":"Feature","geometry":{"type":"Point","coordinates":[21.796843,43.359401]},"properties":{"name":"Trupale - izlaz ( ka Vrtištu)","band":1,"modes":"bus","arr":["27A"],"off":[0,-0.8]}},{"type":"Feature","geometry":{"type":"Point","coordinates":[21.796843,43.359401]},"properties":{"name":"Trupale - izlaz","band":1,"modes":"bus","arr":["27A"],"off":[0,-3]}},{"type":"Feature","geometry":{"type":"Point","coordinates":[21.796843,43.359401]},"properties":{"line":"27A","mode":"bus","color":"#0059a9","colorDark":"#00294f","band":1,"off":[0,1.1]}},{"type":"Feature","geometry":{"type":"Point","coordinates":[21.830195,43.336144]},"properties":{"name":"Popovac - trafo","band":1,"modes":"bus","arr":["27B"],"off":[0,-0.8]}},{"type":"Feature","geometry":{"type":"Point","coordinates":[21.830195,43.336144]},"properties":{"line":"27B","mode":"bus","color":"#0059a9","colorDark":"#00294f","band":1,"off":[0,1.1]}},{"type":"Feature","geometry":{"type":"Point","coordinates":[21.803039,43.372134]},"properties":{"name":"Vrtište - centar ( ka Mezgraji)","band":1,"modes":"bus","arr":["28"],"off":[0,-0.8]}},{"type":"Feature","geometry":{"type":"Point","coordinates":[21.803039,43.372134]},"properties":{"name":"Vrtište - centar","band":1,"modes":"bus","arr":["28"],"off":[0,-3]}},{"type":"Feature","geometry":{"type":"Point","coordinates":[21.803039,43.372134]},"properties":{"line":"28","mode":"bus","color":"#0059a9","colorDark":"#00294f","band":1,"off":[0,1.1]}},{"type":"Feature","geometry":{"type":"Point","coordinates":[21.784788,43.396449]},"properties":{"name":"Mezgraja - raskrsnica ( ka Supovcu- G. Trnavi)","band":1,"modes":"bus","arr":["28A","28B"],"off":[0,-0.8]}},{"type":"Feature","geometry":{"type":"Point","coordinates":[21.784788,43.396449]},"properties":{"name":"Mezgraja - raskrsnica","band":1,"modes":"bus","arr":["28A","28B"],"off":[0,-4.1]}},{"type":"Feature","geometry":{"type":"Point","coordinates":[21.784788,43.396449]},"properties":{"line":"28A","mode":"bus","color":"#0059a9","colorDark":"#00294f","band":1,"off":[-1.7,1.1]}},{"type":"Feature","geometry":{"type":"Point","coordinates":[21.784788,43.396449]},"properties":{"line":"28B","mode":"bus","color":"#0059a9","colorDark":"#00294f","band":1,"off":[1.7,1.1]}},{"type":"Feature","geometry":{"type":"Point","coordinates":[21.821365,43.429846]},"properties":{"name":"Gornja Trnava - trafo","band":1,"modes":"bus","arr":["29","29A"],"off":[0,-0.8]}},{"type":"Feature","geometry":{"type":"Point","coordinates":[21.821365,43.429846]},"properties":{"name":"Gornja Trnava - Dom Kulture","band":1,"modes":"bus","arr":["29","29A"],"off":[0,-3]}},{"type":"Feature","geometry":{"type":"Point","coordinates":[21.821365,43.429846]},"properties":{"line":"29","mode":"bus","color":"#0059a9","colorDark":"#00294f","band":1,"off":[-1.7,1.1]}},{"type":"Feature","geometry":{"type":"Point","coordinates":[21.821365,43.429846]},"properties":{"line":"29A","mode":"bus","color":"#0059a9","colorDark":"#00294f","band":1,"off":[1.7,1.1]}},{"type":"Feature","geometry":{"type":"Point","coordinates":[21.898683,43.404786]},"properties":{"name":"Leskovik - česma","band":1,"modes":"bus","arr":["30"],"off":[0,-0.8]}},{"type":"Feature","geometry":{"type":"Point","coordinates":[21.898683,43.404786]},"properties":{"line":"30","mode":"bus","color":"#0059a9","colorDark":"#00294f","band":1,"off":[0,1.1]}},{"type":"Feature","geometry":{"type":"Point","coordinates":[21.900215,43.373149]},"properties":{"name":"Hum okretnica - spomenik ( ka Humu )","band":1,"modes":"bus","arr":["31"],"off":[0,-0.8]}},{"type":"Feature","geometry":{"type":"Point","coordinates":[21.900215,43.373149]},"properties":{"name":"Hum - spomenik, trafo","band":1,"modes":"bus","arr":["31"],"off":[0,-3]}},{"type":"Feature","geometry":{"type":"Point","coordinates":[21.900215,43.373149]},"properties":{"line":"31","mode":"bus","color":"#0059a9","colorDark":"#00294f","band":1,"off":[0,1.1]}},{"type":"Feature","geometry":{"type":"Point","coordinates":[21.861837,43.464524]},"properties":{"name":"Paligrace ( ka Paligracu)","band":1,"modes":"bus","arr":["32A"],"off":[0,-0.8]}},{"type":"Feature","geometry":{"type":"Point","coordinates":[21.861837,43.464524]},"properties":{"name":"Paligrace","band":1,"modes":"bus","arr":["32A"],"off":[0,-3]}},{"type":"Feature","geometry":{"type":"Point","coordinates":[21.861837,43.464524]},"properties":{"line":"32A","mode":"bus","color":"#0059a9","colorDark":"#00294f","band":1,"off":[0,1.1]}},{"type":"Feature","geometry":{"type":"Point","coordinates":[21.908,43.457769]},"properties":{"name":"Kravlje","band":1,"modes":"bus","arr":["32"],"off":[0,-0.8]}},{"type":"Feature","geometry":{"type":"Point","coordinates":[21.908,43.457769]},"properties":{"line":"32","mode":"bus","color":"#0059a9","colorDark":"#00294f","band":1,"off":[0,1.1]}},{"type":"Feature","geometry":{"type":"Point","coordinates":[21.748278,43.372699]},"properties":{"name":"Sečanica MK","band":1,"modes":"bus","arr":["33"],"off":[0,-0.8]}},{"type":"Feature","geometry":{"type":"Point","coordinates":[21.748278,43.372699]},"properties":{"line":"33","mode":"bus","color":"#0059a9","colorDark":"#00294f","band":1,"off":[0,1.1]}},{"type":"Feature","geometry":{"type":"Point","coordinates":[21.775909,43.329575]},"properties":{"name":"Krušce - igralište (na zahtev) ( ka Sečanici)","band":1,"modes":"bus","arr":["36"],"off":[0,-0.8]}},{"type":"Feature","geometry":{"type":"Point","coordinates":[21.775909,43.329575]},"properties":{"name":"Krušce - igralište (na zahtev)","band":1,"modes":"bus","arr":["36"],"off":[0,-4.1]}},{"type":"Feature","geometry":{"type":"Point","coordinates":[21.775909,43.329575]},"properties":{"line":"36","mode":"bus","color":"#0059a9","colorDark":"#00294f","band":1,"off":[0,1.1]}},{"type":"Feature","geometry":{"type":"Point","coordinates":[21.759718,43.389926]},"properties":{"name":"Supovac okretnica","band":1,"modes":"bus","arr":["33P","39"],"off":[0,-0.8]}},{"type":"Feature","geometry":{"type":"Point","coordinates":[21.759718,43.389926]},"properties":{"line":"33P","mode":"bus","color":"#0059a9","colorDark":"#00294f","band":1,"off":[-1.7,1.1]}},{"type":"Feature","geometry":{"type":"Point","coordinates":[21.759718,43.389926]},"properties":{"line":"39","mode":"bus","color":"#0059a9","colorDark":"#00294f","band":1,"off":[1.7,1.1]}},{"type":"Feature","geometry":{"type":"Point","coordinates":[21.866292,43.338225]},"properties":{"name":"Aerodrom Niš (iz grada)","band":1,"modes":"bus","arr":["34A","34B"],"off":[0,-0.8]}},{"type":"Feature","geometry":{"type":"Point","coordinates":[21.866292,43.338225]},"properties":{"name":"Aerodrom Niš","band":1,"modes":"bus","arr":["34A","34B"],"off":[0,-3]}},{"type":"Feature","geometry":{"type":"Point","coordinates":[21.866292,43.338225]},"properties":{"line":"34A","mode":"bus","color":"#0059a9","colorDark":"#00294f","band":1,"off":[-1.7,1.1]}},{"type":"Feature","geometry":{"type":"Point","coordinates":[21.866292,43.338225]},"properties":{"line":"34B","mode":"bus","color":"#0059a9","colorDark":"#00294f","band":1,"off":[1.7,1.1]}},{"type":"Feature","geometry":{"type":"Point","coordinates":[21.78383,43.313605]},"properties":{"name":"Mramor","band":1,"modes":"bus","arr":["36"],"off":[0,-0.8]}},{"type":"Feature","geometry":{"type":"Point","coordinates":[21.78383,43.313605]},"properties":{"line":"36","mode":"bus","color":"#0059a9","colorDark":"#00294f","band":1,"off":[0,1.1]}},{"type":"Feature","geometry":{"type":"Point","coordinates":[21.743145,43.313428]},"properties":{"name":"Mramorski Potok - okretnica","band":1,"modes":"bus","arr":["36A"],"off":[0,-0.8]}},{"type":"Feature","geometry":{"type":"Point","coordinates":[21.743145,43.313428]},"properties":{"line":"36A","mode":"bus","color":"#0059a9","colorDark":"#00294f","band":1,"off":[0,1.1]}},{"type":"Feature","geometry":{"type":"Point","coordinates":[21.995138,43.264589]},"properties":{"name":"Lazarevo Selo - raskrsnica","band":1,"modes":"bus","arr":["37"],"off":[0,-0.8]}},{"type":"Feature","geometry":{"type":"Point","coordinates":[21.995138,43.264589]},"properties":{"line":"37","mode":"bus","color":"#0059a9","colorDark":"#00294f","band":1,"off":[0,1.1]}},{"type":"Feature","geometry":{"type":"Point","coordinates":[22.005555,43.292996]},"properties":{"name":"Niška Banja","band":2,"modes":"bus","arr":["1"],"off":[0,-0.8]}},{"type":"Feature","geometry":{"type":"Point","coordinates":[22.005555,43.292996]},"properties":{"line":"1","mode":"bus","color":"#0059a9","colorDark":"#00294f","band":2,"off":[0,1.1]}},{"type":"Feature","geometry":{"type":"Point","coordinates":[21.933472,43.310638]},"properties":{"name":"Ekonomska škola","band":2,"modes":"bus","arr":["10"],"off":[0,-0.8]}},{"type":"Feature","geometry":{"type":"Point","coordinates":[21.933472,43.310638]},"properties":{"line":"10","mode":"bus","color":"#0059a9","colorDark":"#00294f","band":2,"off":[0,1.1]}},{"type":"Feature","geometry":{"type":"Point","coordinates":[21.896272,43.321295]},"properties":{"name":"Trg kralja Milana (ka Uredu)","band":2,"modes":"bus","arr":["2","4","5","6","10","500"],"off":[0,-0.8]}},{"type":"Feature","geometry":{"type":"Point","coordinates":[21.896272,43.321295]},"properties":{"name":"Trg kralja Milana (ka Sudu)","band":2,"modes":"bus","arr":["2","4","5","6","10","500"],"off":[0,-3]}},{"type":"Feature","geometry":{"type":"Point","coordinates":[21.896272,43.321295]},"properties":{"line":"2","mode":"bus","color":"#0059a9","colorDark":"#00294f","band":2,"off":[-6.8,1.1]}},{"type":"Feature","geometry":{"type":"Point","coordinates":[21.896272,43.321295]},"properties":{"line":"4","mode":"bus","color":"#0059a9","colorDark":"#00294f","band":2,"off":[-3.4,1.1]}},{"type":"Feature","geometry":{"type":"Point","coordinates":[21.896272,43.321295]},"properties":{"line":"5","mode":"bus","color":"#0059a9","colorDark":"#00294f","band":2,"off":[0,1.1]}},{"type":"Feature","geometry":{"type":"Point","coordinates":[21.896272,43.321295]},"properties":{"line":"6","mode":"bus","color":"#0059a9","colorDark":"#00294f","band":2,"off":[3.4,1.1]}},{"type":"Feature","geometry":{"type":"Point","coordinates":[21.896272,43.321295]},"properties":{"line":"10","mode":"bus","color":"#0059a9","colorDark":"#00294f","band":2,"off":[6.8,1.1]}},{"type":"Feature","geometry":{"type":"Point","coordinates":[21.896272,43.321295]},"properties":{"line":"500","mode":"bus","color":"#0059a9","colorDark":"#00294f","band":2,"off":[0,3.1]}},{"type":"Feature","geometry":{"type":"Point","coordinates":[21.888492,43.319681]},"properties":{"name":"Šivara","band":2,"modes":"bus","arr":["10"],"off":[0,-0.8]}},{"type":"Feature","geometry":{"type":"Point","coordinates":[21.888492,43.319681]},"properties":{"line":"10","mode":"bus","color":"#0059a9","colorDark":"#00294f","band":2,"off":[0,1.1]}},{"type":"Feature","geometry":{"type":"Point","coordinates":[21.866717,43.315215]},"properties":{"name":"Ledena Stena","band":2,"modes":"bus","arr":["1"],"off":[0,-0.8]}},{"type":"Feature","geometry":{"type":"Point","coordinates":[21.866717,43.315215]},"properties":{"line":"1","mode":"bus","color":"#0059a9","colorDark":"#00294f","band":2,"off":[0,1.1]}},{"type":"Feature","geometry":{"type":"Point","coordinates":[21.862362,43.308627]},"properties":{"name":"Minovo naselje I","band":2,"modes":"bus","arr":["1"],"off":[0,-0.8]}},{"type":"Feature","geometry":{"type":"Point","coordinates":[21.862362,43.308627]},"properties":{"line":"1","mode":"bus","color":"#0059a9","colorDark":"#00294f","band":2,"off":[0,1.1]}},{"type":"Feature","geometry":{"type":"Point","coordinates":[21.878718,43.315656]},"properties":{"name":"Železnička stanica","band":2,"modes":"bus","arr":["5","6"],"off":[0,-0.8]}},{"type":"Feature","geometry":{"type":"Point","coordinates":[21.878718,43.315656]},"properties":{"line":"5","mode":"bus","color":"#0059a9","colorDark":"#00294f","band":2,"off":[-1.7,1.1]}},{"type":"Feature","geometry":{"type":"Point","coordinates":[21.878718,43.315656]},"properties":{"line":"6","mode":"bus","color":"#0059a9","colorDark":"#00294f","band":2,"off":[1.7,1.1]}},{"type":"Feature","geometry":{"type":"Point","coordinates":[21.891937,43.318822]},"properties":{"name":"Ured","band":2,"modes":"bus","arr":["1","2","4","5","6","8","10","13","15A","27B","36"],"off":[0,-0.8]}},{"type":"Feature","geometry":{"type":"Point","coordinates":[21.891937,43.318822]},"properties":{"name":"Trg Pavla Stojkovića ( ka Uredu)","band":2,"modes":"bus","arr":["1","2","4","5","6","8","10","13","15A","27B","36"],"off":[0,-1.9]}},{"type":"Feature","geometry":{"type":"Point","coordinates":[21.891937,43.318822]},"properties":{"name":"Trg kralja Aleksandra","band":2,"modes":"bus","arr":["1","2","4","5","6","8","10","13","15A","27B","36"],"off":[0,-4.1]}},{"type":"Feature","geometry":{"type":"Point","coordinates":[21.891937,43.318822]},"properties":{"line":"1","mode":"bus","color":"#0059a9","colorDark":"#00294f","band":2,"off":[-6.8,1.1]}},{"type":"Feature","geometry":{"type":"Point","coordinates":[21.891937,43.318822]},"properties":{"line":"2","mode":"bus","color":"#0059a9","colorDark":"#00294f","band":2,"off":[-3.4,1.1]}},{"type":"Feature","geometry":{"type":"Point","coordinates":[21.891937,43.318822]},"properties":{"line":"4","mode":"bus","color":"#0059a9","colorDark":"#00294f","band":2,"off":[0,1.1]}},{"type":"Feature","geometry":{"type":"Point","coordinates":[21.891937,43.318822]},"properties":{"line":"5","mode":"bus","color":"#0059a9","colorDark":"#00294f","band":2,"off":[3.4,1.1]}},{"type":"Feature","geometry":{"type":"Point","coordinates":[21.891937,43.318822]},"properties":{"line":"6","mode":"bus","color":"#0059a9","colorDark":"#00294f","band":2,"off":[6.8,1.1]}},{"type":"Feature","geometry":{"type":"Point","coordinates":[21.891937,43.318822]},"properties":{"line":"8","mode":"bus","color":"#0059a9","colorDark":"#00294f","band":2,"off":[-6.8,3.1]}},{"type":"Feature","geometry":{"type":"Point","coordinates":[21.891937,43.318822]},"properties":{"line":"10","mode":"bus","color":"#0059a9","colorDark":"#00294f","band":2,"off":[-3.4,3.1]}},{"type":"Feature","geometry":{"type":"Point","coordinates":[21.891937,43.318822]},"properties":{"line":"13","mode":"bus","color":"#0059a9","colorDark":"#00294f","band":2,"off":[0,3.1]}},{"type":"Feature","geometry":{"type":"Point","coordinates":[21.891937,43.318822]},"properties":{"line":"15A","mode":"bus","color":"#0059a9","colorDark":"#00294f","band":2,"off":[3.4,3.1]}},{"type":"Feature","geometry":{"type":"Point","coordinates":[21.891937,43.318822]},"properties":{"line":"27B","mode":"bus","color":"#0059a9","colorDark":"#00294f","band":2,"off":[6.8,3.1]}},{"type":"Feature","geometry":{"type":"Point","coordinates":[21.891937,43.318822]},"properties":{"line":"36","mode":"bus","color":"#0059a9","colorDark":"#00294f","band":2,"off":[0,5.1]}},{"type":"Feature","geometry":{"type":"Point","coordinates":[21.962298,43.327091]},"properties":{"name":"Donja Vrežina 1","band":2,"modes":"bus","arr":["2"],"off":[0,-0.8]}},{"type":"Feature","geometry":{"type":"Point","coordinates":[21.962298,43.327091]},"properties":{"line":"2","mode":"bus","color":"#0059a9","colorDark":"#00294f","band":2,"off":[0,1.1]}},{"type":"Feature","geometry":{"type":"Point","coordinates":[21.947235,43.330507]},"properties":{"name":"Donja Vrežina","band":2,"modes":"bus","arr":["2"],"off":[0,-0.8]}},{"type":"Feature","geometry":{"type":"Point","coordinates":[21.947235,43.330507]},"properties":{"line":"2","mode":"bus","color":"#0059a9","colorDark":"#00294f","band":2,"off":[0,1.1]}},{"type":"Feature","geometry":{"type":"Point","coordinates":[21.876725,43.310965]},"properties":{"name":"Bubanj (okretnica)","band":2,"modes":"bus","arr":["2","4"],"off":[0,-0.8]}},{"type":"Feature","geometry":{"type":"Point","coordinates":[21.876725,43.310965]},"properties":{"name":"Bubanj","band":2,"modes":"bus","arr":["2","4"],"off":[0,-1.9]}},{"type":"Feature","geometry":{"type":"Point","coordinates":[21.876725,43.310965]},"properties":{"line":"2","mode":"bus","color":"#0059a9","colorDark":"#00294f","band":2,"off":[-1.7,1.1]}},{"type":"Feature","geometry":{"type":"Point","coordinates":[21.876725,43.310965]},"properties":{"line":"4","mode":"bus","color":"#0059a9","colorDark":"#00294f","band":2,"off":[1.7,1.1]}},{"type":"Feature","geometry":{"type":"Point","coordinates":[21.901074,43.321544]},"properties":{"name":"Učiteljski dom","band":2,"modes":"bus","arr":["500"],"off":[0,-0.8]}},{"type":"Feature","geometry":{"type":"Point","coordinates":[21.901074,43.321544]},"properties":{"line":"500","mode":"bus","color":"#0059a9","colorDark":"#00294f","band":2,"off":[0,1.1]}},{"type":"Feature","geometry":{"type":"Point","coordinates":[21.994876,43.329543]},"properties":{"name":"Gornja Vrežina MK","band":2,"modes":"bus","arr":["2","17A"],"off":[0,-0.8]}},{"type":"Feature","geometry":{"type":"Point","coordinates":[21.994876,43.329543]},"properties":{"line":"2","mode":"bus","color":"#0059a9","colorDark":"#00294f","band":2,"off":[-1.7,1.1]}},{"type":"Feature","geometry":{"type":"Point","coordinates":[21.994876,43.329543]},"properties":{"line":"17A","mode":"bus","color":"#0059a9","colorDark":"#00294f","band":2,"off":[1.7,1.1]}},{"type":"Feature","geometry":{"type":"Point","coordinates":[21.946327,43.325843]},"properties":{"name":"Skopska","band":2,"modes":"bus","arr":["2","6"],"off":[0,-0.8]}},{"type":"Feature","geometry":{"type":"Point","coordinates":[21.946327,43.325843]},"properties":{"line":"2","mode":"bus","color":"#0059a9","colorDark":"#00294f","band":2,"off":[-1.7,1.1]}},{"type":"Feature","geometry":{"type":"Point","coordinates":[21.946327,43.325843]},"properties":{"line":"6","mode":"bus","color":"#0059a9","colorDark":"#00294f","band":2,"off":[1.7,1.1]}},{"type":"Feature","geometry":{"type":"Point","coordinates":[21.868192,43.344109]},"properties":{"name":"Naselje Ratko Jović","band":2,"modes":"bus","arr":["3"],"off":[0,-0.8]}},{"type":"Feature","geometry":{"type":"Point","coordinates":[21.868192,43.344109]},"properties":{"line":"3","mode":"bus","color":"#0059a9","colorDark":"#00294f","band":2,"off":[0,1.1]}},{"type":"Feature","geometry":{"type":"Point","coordinates":[21.965977,43.308622]},"properties":{"name":"Brzi Brod","band":2,"modes":"bus","arr":["3"],"off":[0,-0.8]}},{"type":"Feature","geometry":{"type":"Point","coordinates":[21.965977,43.308622]},"properties":{"line":"3","mode":"bus","color":"#0059a9","colorDark":"#00294f","band":2,"off":[0,1.1]}},{"type":"Feature","geometry":{"type":"Point","coordinates":[21.881747,43.333759]},"properties":{"name":"DIN","band":2,"modes":"bus","arr":["5001","5002","5004","5005","6000","7000"],"off":[0,-0.8]}},{"type":"Feature","geometry":{"type":"Point","coordinates":[21.881747,43.333759]},"properties":{"line":"5001","mode":"bus","color":"#0059a9","colorDark":"#00294f","band":2,"off":[-6.8,1.1]}},{"type":"Feature","geometry":{"type":"Point","coordinates":[21.881747,43.333759]},"properties":{"line":"5002","mode":"bus","color":"#0059a9","colorDark":"#00294f","band":2,"off":[-3.4,1.1]}},{"type":"Feature","geometry":{"type":"Point","coordinates":[21.881747,43.333759]},"properties":{"line":"5004","mode":"bus","color":"#0059a9","colorDark":"#00294f","band":2,"off":[0,1.1]}},{"type":"Feature","geometry":{"type":"Point","coordinates":[21.881747,43.333759]},"properties":{"line":"5005","mode":"bus","color":"#0059a9","colorDark":"#00294f","band":2,"off":[3.4,1.1]}},{"type":"Feature","geometry":{"type":"Point","coordinates":[21.881747,43.333759]},"properties":{"line":"6000","mode":"bus","color":"#0059a9","colorDark":"#00294f","band":2,"off":[6.8,1.1]}},{"type":"Feature","geometry":{"type":"Point","coordinates":[21.881747,43.333759]},"properties":{"line":"7000","mode":"bus","color":"#0059a9","colorDark":"#00294f","band":2,"off":[0,3.1]}},{"type":"Feature","geometry":{"type":"Point","coordinates":[21.879242,43.335701]},"properties":{"name":"Niš Mega maksi","band":2,"modes":"bus","arr":["5000"],"off":[0,-0.8]}},{"type":"Feature","geometry":{"type":"Point","coordinates":[21.879242,43.335701]},"properties":{"line":"5000","mode":"bus","color":"#0059a9","colorDark":"#00294f","band":2,"off":[0,1.1]}},{"type":"Feature","geometry":{"type":"Point","coordinates":[21.858417,43.344297]},"properties":{"name":"Velpro (raskrsnica)","band":2,"modes":"bus","arr":["3"],"off":[0,-0.8]}},{"type":"Feature","geometry":{"type":"Point","coordinates":[21.858417,43.344297]},"properties":{"line":"3","mode":"bus","color":"#0059a9","colorDark":"#00294f","band":2,"off":[0,1.1]}},{"type":"Feature","geometry":{"type":"Point","coordinates":[21.941181,43.335484]},"properties":{"name":"Čalije - ulica Ruža","band":2,"modes":"bus","arr":["4"],"off":[0,-0.8]}},{"type":"Feature","geometry":{"type":"Point","coordinates":[21.941181,43.335484]},"properties":{"line":"4","mode":"bus","color":"#0059a9","colorDark":"#00294f","band":2,"off":[0,1.1]}},{"type":"Feature","geometry":{"type":"Point","coordinates":[21.935566,43.335182]},"properties":{"name":"Matejevački put-kružna raskrsnica (iz grada)","band":2,"modes":"bus","arr":["5"],"off":[0,-0.8]}},{"type":"Feature","geometry":{"type":"Point","coordinates":[21.935566,43.335182]},"properties":{"name":"Matejevački put-kružna raskrsnica","band":2,"modes":"bus","arr":["5"],"off":[0,-4.1]}},{"type":"Feature","geometry":{"type":"Point","coordinates":[21.935566,43.335182]},"properties":{"line":"5","mode":"bus","color":"#0059a9","colorDark":"#00294f","band":2,"off":[0,1.1]}},{"type":"Feature","geometry":{"type":"Point","coordinates":[21.935479,43.318892]},"properties":{"name":"Duvanište (okretnica)","band":2,"modes":"bus","arr":["6","11"],"off":[0,-0.8]}},{"type":"Feature","geometry":{"type":"Point","coordinates":[21.935479,43.318892]},"properties":{"name":"Duvanište","band":2,"modes":"bus","arr":["6","11"],"off":[0,-3]}},{"type":"Feature","geometry":{"type":"Point","coordinates":[21.935479,43.318892]},"properties":{"line":"6","mode":"bus","color":"#0059a9","colorDark":"#00294f","band":2,"off":[-1.7,1.1]}},{"type":"Feature","geometry":{"type":"Point","coordinates":[21.935479,43.318892]},"properties":{"line":"11","mode":"bus","color":"#0059a9","colorDark":"#00294f","band":2,"off":[1.7,1.1]}},{"type":"Feature","geometry":{"type":"Point","coordinates":[21.882955,43.306902]},"properties":{"name":"Kalač Brdo","band":2,"modes":"bus","arr":["7"],"off":[0,-0.8]}},{"type":"Feature","geometry":{"type":"Point","coordinates":[21.882955,43.306902]},"properties":{"line":"7","mode":"bus","color":"#0059a9","colorDark":"#00294f","band":2,"off":[0,1.1]}},{"type":"Feature","geometry":{"type":"Point","coordinates":[21.87507,43.331853]},"properties":{"name":"63. Padobranske - ložionica","band":2,"modes":"bus","arr":["7"],"off":[0,-0.8]}},{"type":"Feature","geometry":{"type":"Point","coordinates":[21.87507,43.331853]},"properties":{"line":"7","mode":"bus","color":"#0059a9","colorDark":"#00294f","band":2,"off":[0,1.1]}},{"type":"Feature","geometry":{"type":"Point","coordinates":[21.891782,43.316783]},"properties":{"name":"Trg Pavla Stojkovića ( ka Margeru)","band":2,"modes":"bus","arr":["8","11"],"off":[0,-0.8]}},{"type":"Feature","geometry":{"type":"Point","coordinates":[21.891782,43.316783]},"properties":{"line":"8","mode":"bus","color":"#0059a9","colorDark":"#00294f","band":2,"off":[-1.7,1.1]}},{"type":"Feature","geometry":{"type":"Point","coordinates":[21.891782,43.316783]},"properties":{"line":"11","mode":"bus","color":"#0059a9","colorDark":"#00294f","band":2,"off":[1.7,1.1]}},{"type":"Feature","geometry":{"type":"Point","coordinates":[21.92191,43.30306]},"properties":{"name":"Gabrovačka Reka","band":2,"modes":"bus","arr":["8"],"off":[0,-0.8]}},{"type":"Feature","geometry":{"type":"Point","coordinates":[21.92191,43.30306]},"properties":{"line":"8","mode":"bus","color":"#0059a9","colorDark":"#00294f","band":2,"off":[0,1.1]}},{"type":"Feature","geometry":{"type":"Point","coordinates":[21.879737,43.295753]},"properties":{"name":"Novo groblje","band":2,"modes":"bus","arr":["8"],"off":[0,-0.8]}},{"type":"Feature","geometry":{"type":"Point","coordinates":[21.879737,43.295753]},"properties":{"line":"8","mode":"bus","color":"#0059a9","colorDark":"#00294f","band":2,"off":[0,1.1]}},{"type":"Feature","geometry":{"type":"Point","coordinates":[21.873522,43.2979]},"properties":{"name":"Gligorija Đaka (c)","band":2,"modes":"bus","arr":["8"],"off":[0,-0.8]}},{"type":"Feature","geometry":{"type":"Point","coordinates":[21.873522,43.2979]},"properties":{"name":"Gligorija Đaka","band":2,"modes":"bus","arr":["8"],"off":[0,-1.9]}},{"type":"Feature","geometry":{"type":"Point","coordinates":[21.873522,43.2979]},"properties":{"line":"8","mode":"bus","color":"#0059a9","colorDark":"#00294f","band":2,"off":[0,1.1]}},{"type":"Feature","geometry":{"type":"Point","coordinates":[21.912105,43.304749]},"properties":{"name":"Mokranjčeva","band":2,"modes":"bus","arr":["9"],"off":[0,-0.8]}},{"type":"Feature","geometry":{"type":"Point","coordinates":[21.912105,43.304749]},"properties":{"line":"9","mode":"bus","color":"#0059a9","colorDark":"#00294f","band":2,"off":[0,1.1]}},{"type":"Feature","geometry":{"type":"Point","coordinates":[21.896685,43.345485]},"properties":{"name":"Dr Miloša Đorića (iz grada)","band":2,"modes":"bus","arr":["9"],"off":[0,-0.8]}},{"type":"Feature","geometry":{"type":"Point","coordinates":[21.896685,43.345485]},"properties":{"line":"9","mode":"bus","color":"#0059a9","colorDark":"#00294f","band":2,"off":[0,1.1]}},{"type":"Feature","geometry":{"type":"Point","coordinates":[21.896814,43.344548]},"properties":{"name":"Dr Miloša Đorića","band":2,"modes":"bus","arr":["9"],"off":[0,-0.8]}},{"type":"Feature","geometry":{"type":"Point","coordinates":[21.896814,43.344548]},"properties":{"line":"9","mode":"bus","color":"#0059a9","colorDark":"#00294f","band":2,"off":[0,1.1]}},{"type":"Feature","geometry":{"type":"Point","coordinates":[21.817941,43.316438]},"properties":{"name":"Naselje 9. Maj - MK","band":2,"modes":"bus","arr":["10","25"],"off":[0,-0.8]}},{"type":"Feature","geometry":{"type":"Point","coordinates":[21.817941,43.316438]},"properties":{"name":"Naselje 9. Maj","band":2,"modes":"bus","arr":["10","25"],"off":[0,-3]}},{"type":"Feature","geometry":{"type":"Point","coordinates":[21.817941,43.316438]},"properties":{"line":"10","mode":"bus","color":"#0059a9","colorDark":"#00294f","band":2,"off":[-1.7,1.1]}},{"type":"Feature","geometry":{"type":"Point","coordinates":[21.817941,43.316438]},"properties":{"line":"25","mode":"bus","color":"#0059a9","colorDark":"#00294f","band":2,"off":[1.7,1.1]}},{"type":"Feature","geometry":{"type":"Point","coordinates":[21.864117,43.324945]},"properties":{"name":"Medoševac - okretnica","band":2,"modes":"bus","arr":["11"],"off":[0,-0.8]}},{"type":"Feature","geometry":{"type":"Point","coordinates":[21.864117,43.324945]},"properties":{"line":"11","mode":"bus","color":"#0059a9","colorDark":"#00294f","band":2,"off":[0,1.1]}},{"type":"Feature","geometry":{"type":"Point","coordinates":[21.888077,43.30881]},"properties":{"name":"Njegoševa","band":2,"modes":"bus","arr":["12"],"off":[0,-0.8]}},{"type":"Feature","geometry":{"type":"Point","coordinates":[21.888077,43.30881]},"properties":{"line":"12","mode":"bus","color":"#0059a9","colorDark":"#00294f","band":2,"off":[0,1.1]}},{"type":"Feature","geometry":{"type":"Point","coordinates":[21.872855,43.349783]},"properties":{"name":"Donji Komren","band":2,"modes":"bus","arr":["12"],"off":[0,-0.8]}},{"type":"Feature","geometry":{"type":"Point","coordinates":[21.872855,43.349783]},"properties":{"line":"12","mode":"bus","color":"#0059a9","colorDark":"#00294f","band":2,"off":[0,1.1]}},{"type":"Feature","geometry":{"type":"Point","coordinates":[21.925717,43.311372]},"properties":{"name":"Ćele Kula 1","band":2,"modes":"bus","arr":["13"],"off":[0,-0.8]}},{"type":"Feature","geometry":{"type":"Point","coordinates":[21.925717,43.311372]},"properties":{"line":"13","mode":"bus","color":"#0059a9","colorDark":"#00294f","band":2,"off":[0,1.1]}},{"type":"Feature","geometry":{"type":"Point","coordinates":[21.940133,43.307643]},"properties":{"name":"Delijski Vis","band":2,"modes":"bus","arr":["13"],"off":[0,-0.8]}},{"type":"Feature","geometry":{"type":"Point","coordinates":[21.940133,43.307643]},"properties":{"line":"13","mode":"bus","color":"#0059a9","colorDark":"#00294f","band":2,"off":[0,1.1]}},{"type":"Feature","geometry":{"type":"Point","coordinates":[21.89063,43.326597]},"properties":{"name":"PAS Niš ( iz Niša )","band":2,"modes":"bus","arr":["14","14A","15","16","17","17A","19","20","20A","21","21A","22","23","23B","23K","23L","24","25","26","27A","27B","28","28B","29","29A","30","31","32","32A","33","33P","35","36A","37","39","5001","7000"],"off":[0,-0.8],"sc":0.85}},{"type":"Feature","geometry":{"type":"Point","coordinates":[21.89063,43.326597]},"properties":{"line":"14","mode":"bus","color":"#0059a9","colorDark":"#00294f","band":2,"sc":0.85,"off":[-10.2,1.1]}},{"type":"Feature","geometry":{"type":"Point","coordinates":[21.89063,43.326597]},"properties":{"line":"14A","mode":"bus","color":"#0059a9","colorDark":"#00294f","band":2,"sc":0.85,"off":[-6.8,1.1]}},{"type":"Feature","geometry":{"type":"Point","coordinates":[21.89063,43.326597]},"properties":{"line":"15","mode":"bus","color":"#0059a9","colorDark":"#00294f","band":2,"sc":0.85,"off":[-3.4,1.1]}},{"type":"Feature","geometry":{"type":"Point","coordinates":[21.89063,43.326597]},"properties":{"line":"16","mode":"bus","color":"#0059a9","colorDark":"#00294f","band":2,"sc":0.85,"off":[0,1.1]}},{"type":"Feature","geometry":{"type":"Point","coordinates":[21.89063,43.326597]},"properties":{"line":"17","mode":"bus","color":"#0059a9","colorDark":"#00294f","band":2,"sc":0.85,"off":[3.4,1.1]}},{"type":"Feature","geometry":{"type":"Point","coordinates":[21.89063,43.326597]},"properties":{"line":"17A","mode":"bus","color":"#0059a9","colorDark":"#00294f","band":2,"sc":0.85,"off":[6.8,1.1]}},{"type":"Feature","geometry":{"type":"Point","coordinates":[21.89063,43.326597]},"properties":{"line":"19","mode":"bus","color":"#0059a9","colorDark":"#00294f","band":2,"sc":0.85,"off":[10.2,1.1]}},{"type":"Feature","geometry":{"type":"Point","coordinates":[21.89063,43.326597]},"properties":{"line":"20","mode":"bus","color":"#0059a9","colorDark":"#00294f","band":2,"sc":0.85,"off":[-10.2,3.1]}},{"type":"Feature","geometry":{"type":"Point","coordinates":[21.89063,43.326597]},"properties":{"line":"20A","mode":"bus","color":"#0059a9","colorDark":"#00294f","band":2,"sc":0.85,"off":[-6.8,3.1]}},{"type":"Feature","geometry":{"type":"Point","coordinates":[21.89063,43.326597]},"properties":{"line":"21","mode":"bus","color":"#0059a9","colorDark":"#00294f","band":2,"sc":0.85,"off":[-3.4,3.1]}},{"type":"Feature","geometry":{"type":"Point","coordinates":[21.89063,43.326597]},"properties":{"line":"21A","mode":"bus","color":"#0059a9","colorDark":"#00294f","band":2,"sc":0.85,"off":[0,3.1]}},{"type":"Feature","geometry":{"type":"Point","coordinates":[21.89063,43.326597]},"properties":{"line":"22","mode":"bus","color":"#0059a9","colorDark":"#00294f","band":2,"sc":0.85,"off":[3.4,3.1]}},{"type":"Feature","geometry":{"type":"Point","coordinates":[21.89063,43.326597]},"properties":{"line":"23","mode":"bus","color":"#0059a9","colorDark":"#00294f","band":2,"sc":0.85,"off":[6.8,3.1]}},{"type":"Feature","geometry":{"type":"Point","coordinates":[21.89063,43.326597]},"properties":{"line":"23B","mode":"bus","color":"#0059a9","colorDark":"#00294f","band":2,"sc":0.85,"off":[10.2,3.1]}},{"type":"Feature","geometry":{"type":"Point","coordinates":[21.89063,43.326597]},"properties":{"line":"23K","mode":"bus","color":"#0059a9","colorDark":"#00294f","band":2,"sc":0.85,"off":[-10.2,5.1]}},{"type":"Feature","geometry":{"type":"Point","coordinates":[21.89063,43.326597]},"properties":{"line":"23L","mode":"bus","color":"#0059a9","colorDark":"#00294f","band":2,"sc":0.85,"off":[-6.8,5.1]}},{"type":"Feature","geometry":{"type":"Point","coordinates":[21.89063,43.326597]},"properties":{"line":"24","mode":"bus","color":"#0059a9","colorDark":"#00294f","band":2,"sc":0.85,"off":[-3.4,5.1]}},{"type":"Feature","geometry":{"type":"Point","coordinates":[21.89063,43.326597]},"properties":{"line":"25","mode":"bus","color":"#0059a9","colorDark":"#00294f","band":2,"sc":0.85,"off":[0,5.1]}},{"type":"Feature","geometry":{"type":"Point","coordinates":[21.89063,43.326597]},"properties":{"line":"26","mode":"bus","color":"#0059a9","colorDark":"#00294f","band":2,"sc":0.85,"off":[3.4,5.1]}},{"type":"Feature","geometry":{"type":"Point","coordinates":[21.89063,43.326597]},"properties":{"line":"27A","mode":"bus","color":"#0059a9","colorDark":"#00294f","band":2,"sc":0.85,"off":[6.8,5.1]}},{"type":"Feature","geometry":{"type":"Point","coordinates":[21.89063,43.326597]},"properties":{"line":"27B","mode":"bus","color":"#0059a9","colorDark":"#00294f","band":2,"sc":0.85,"off":[10.2,5.1]}},{"type":"Feature","geometry":{"type":"Point","coordinates":[21.89063,43.326597]},"properties":{"line":"28","mode":"bus","color":"#0059a9","colorDark":"#00294f","band":2,"sc":0.85,"off":[-10.2,7.1]}},{"type":"Feature","geometry":{"type":"Point","coordinates":[21.89063,43.326597]},"properties":{"line":"28B","mode":"bus","color":"#0059a9","colorDark":"#00294f","band":2,"sc":0.85,"off":[-6.8,7.1]}},{"type":"Feature","geometry":{"type":"Point","coordinates":[21.89063,43.326597]},"properties":{"line":"29","mode":"bus","color":"#0059a9","colorDark":"#00294f","band":2,"sc":0.85,"off":[-3.4,7.1]}},{"type":"Feature","geometry":{"type":"Point","coordinates":[21.89063,43.326597]},"properties":{"line":"29A","mode":"bus","color":"#0059a9","colorDark":"#00294f","band":2,"sc":0.85,"off":[0,7.1]}},{"type":"Feature","geometry":{"type":"Point","coordinates":[21.89063,43.326597]},"properties":{"line":"30","mode":"bus","color":"#0059a9","colorDark":"#00294f","band":2,"sc":0.85,"off":[3.4,7.1]}},{"type":"Feature","geometry":{"type":"Point","coordinates":[21.89063,43.326597]},"properties":{"line":"31","mode":"bus","color":"#0059a9","colorDark":"#00294f","band":2,"sc":0.85,"off":[6.8,7.1]}},{"type":"Feature","geometry":{"type":"Point","coordinates":[21.89063,43.326597]},"properties":{"line":"32","mode":"bus","color":"#0059a9","colorDark":"#00294f","band":2,"sc":0.85,"off":[10.2,7.1]}},{"type":"Feature","geometry":{"type":"Point","coordinates":[21.89063,43.326597]},"properties":{"line":"32A","mode":"bus","color":"#0059a9","colorDark":"#00294f","band":2,"sc":0.85,"off":[-10.2,9.1]}},{"type":"Feature","geometry":{"type":"Point","coordinates":[21.89063,43.326597]},"properties":{"line":"33","mode":"bus","color":"#0059a9","colorDark":"#00294f","band":2,"sc":0.85,"off":[-6.8,9.1]}},{"type":"Feature","geometry":{"type":"Point","coordinates":[21.89063,43.326597]},"properties":{"line":"33P","mode":"bus","color":"#0059a9","colorDark":"#00294f","band":2,"sc":0.85,"off":[-3.4,9.1]}},{"type":"Feature","geometry":{"type":"Point","coordinates":[21.89063,43.326597]},"properties":{"line":"35","mode":"bus","color":"#0059a9","colorDark":"#00294f","band":2,"sc":0.85,"off":[0,9.1]}},{"type":"Feature","geometry":{"type":"Point","coordinates":[21.89063,43.326597]},"properties":{"line":"36A","mode":"bus","color":"#0059a9","colorDark":"#00294f","band":2,"sc":0.85,"off":[3.4,9.1]}},{"type":"Feature","geometry":{"type":"Point","coordinates":[21.89063,43.326597]},"properties":{"line":"37","mode":"bus","color":"#0059a9","colorDark":"#00294f","band":2,"sc":0.85,"off":[6.8,9.1]}},{"type":"Feature","geometry":{"type":"Point","coordinates":[21.89063,43.326597]},"properties":{"line":"39","mode":"bus","color":"#0059a9","colorDark":"#00294f","band":2,"sc":0.85,"off":[10.2,9.1]}},{"type":"Feature","geometry":{"type":"Point","coordinates":[21.89063,43.326597]},"properties":{"line":"5001","mode":"bus","color":"#0059a9","colorDark":"#00294f","band":2,"sc":0.85,"off":[-1.7,11.1]}},{"type":"Feature","geometry":{"type":"Point","coordinates":[21.89063,43.326597]},"properties":{"line":"7000","mode":"bus","color":"#0059a9","colorDark":"#00294f","band":2,"sc":0.85,"off":[1.7,11.1]}},{"type":"Feature","geometry":{"type":"Point","coordinates":[21.932212,43.35835]},"properties":{"name":"Vinik izlaz (ka Viniku)","band":2,"modes":"bus","arr":["14"],"off":[0,-0.8]}},{"type":"Feature","geometry":{"type":"Point","coordinates":[21.932212,43.35835]},"properties":{"line":"14","mode":"bus","color":"#0059a9","colorDark":"#00294f","band":2,"off":[0,1.1]}},{"type":"Feature","geometry":{"type":"Point","coordinates":[21.928519,43.382089]},"properties":{"name":"Brenica (okretnica)","band":2,"modes":"bus","arr":["14"],"off":[0,-0.8]}},{"type":"Feature","geometry":{"type":"Point","coordinates":[21.928519,43.382089]},"properties":{"line":"14","mode":"bus","color":"#0059a9","colorDark":"#00294f","band":2,"off":[0,1.1]}},{"type":"Feature","geometry":{"type":"Point","coordinates":[21.890199,43.323678]},"properties":{"name":"PAS Niš ( ka Nišu )","band":2,"modes":"bus","arr":["14","14A","15","16","18","19","20","20A","21","23","23B","23K","23L","24","25","26","27A","27B","28","28A","29","29A","30","31","32","32A","33","35","36A","37","39","5000","5002","5004","5005","6000"],"off":[0,-0.8],"sc":0.85}},{"type":"Feature","geometry":{"type":"Point","coordinates":[21.890199,43.323678]},"properties":{"line":"14","mode":"bus","color":"#0059a9","colorDark":"#00294f","band":2,"sc":0.85,"off":[-8.5,1.1]}},{"type":"Feature","geometry":{"type":"Point","coordinates":[21.890199,43.323678]},"properties":{"line":"14A","mode":"bus","color":"#0059a9","colorDark":"#00294f","band":2,"sc":0.85,"off":[-5.1,1.1]}},{"type":"Feature","geometry":{"type":"Point","coordinates":[21.890199,43.323678]},"properties":{"line":"15","mode":"bus","color":"#0059a9","colorDark":"#00294f","band":2,"sc":0.85,"off":[-1.7,1.1]}},{"type":"Feature","geometry":{"type":"Point","coordinates":[21.890199,43.323678]},"properties":{"line":"16","mode":"bus","color":"#0059a9","colorDark":"#00294f","band":2,"sc":0.85,"off":[1.7,1.1]}},{"type":"Feature","geometry":{"type":"Point","coordinates":[21.890199,43.323678]},"properties":{"line":"18","mode":"bus","color":"#0059a9","colorDark":"#00294f","band":2,"sc":0.85,"off":[5.1,1.1]}},{"type":"Feature","geometry":{"type":"Point","coordinates":[21.890199,43.323678]},"properties":{"line":"19","mode":"bus","color":"#0059a9","colorDark":"#00294f","band":2,"sc":0.85,"off":[8.5,1.1]}},{"type":"Feature","geometry":{"type":"Point","coordinates":[21.890199,43.323678]},"properties":{"line":"20","mode":"bus","color":"#0059a9","colorDark":"#00294f","band":2,"sc":0.85,"off":[-8.5,3.1]}},{"type":"Feature","geometry":{"type":"Point","coordinates":[21.890199,43.323678]},"properties":{"line":"20A","mode":"bus","color":"#0059a9","colorDark":"#00294f","band":2,"sc":0.85,"off":[-5.1,3.1]}},{"type":"Feature","geometry":{"type":"Point","coordinates":[21.890199,43.323678]},"properties":{"line":"21","mode":"bus","color":"#0059a9","colorDark":"#00294f","band":2,"sc":0.85,"off":[-1.7,3.1]}},{"type":"Feature","geometry":{"type":"Point","coordinates":[21.890199,43.323678]},"properties":{"line":"23","mode":"bus","color":"#0059a9","colorDark":"#00294f","band":2,"sc":0.85,"off":[1.7,3.1]}},{"type":"Feature","geometry":{"type":"Point","coordinates":[21.890199,43.323678]},"properties":{"line":"23B","mode":"bus","color":"#0059a9","colorDark":"#00294f","band":2,"sc":0.85,"off":[5.1,3.1]}},{"type":"Feature","geometry":{"type":"Point","coordinates":[21.890199,43.323678]},"properties":{"line":"23K","mode":"bus","color":"#0059a9","colorDark":"#00294f","band":2,"sc":0.85,"off":[8.5,3.1]}},{"type":"Feature","geometry":{"type":"Point","coordinates":[21.890199,43.323678]},"properties":{"line":"23L","mode":"bus","color":"#0059a9","colorDark":"#00294f","band":2,"sc":0.85,"off":[-8.5,5.1]}},{"type":"Feature","geometry":{"type":"Point","coordinates":[21.890199,43.323678]},"properties":{"line":"24","mode":"bus","color":"#0059a9","colorDark":"#00294f","band":2,"sc":0.85,"off":[-5.1,5.1]}},{"type":"Feature","geometry":{"type":"Point","coordinates":[21.890199,43.323678]},"properties":{"line":"25","mode":"bus","color":"#0059a9","colorDark":"#00294f","band":2,"sc":0.85,"off":[-1.7,5.1]}},{"type":"Feature","geometry":{"type":"Point","coordinates":[21.890199,43.323678]},"properties":{"line":"26","mode":"bus","color":"#0059a9","colorDark":"#00294f","band":2,"sc":0.85,"off":[1.7,5.1]}},{"type":"Feature","geometry":{"type":"Point","coordinates":[21.890199,43.323678]},"properties":{"line":"27A","mode":"bus","color":"#0059a9","colorDark":"#00294f","band":2,"sc":0.85,"off":[5.1,5.1]}},{"type":"Feature","geometry":{"type":"Point","coordinates":[21.890199,43.323678]},"properties":{"line":"27B","mode":"bus","color":"#0059a9","colorDark":"#00294f","band":2,"sc":0.85,"off":[8.5,5.1]}},{"type":"Feature","geometry":{"type":"Point","coordinates":[21.890199,43.323678]},"properties":{"line":"28","mode":"bus","color":"#0059a9","colorDark":"#00294f","band":2,"sc":0.85,"off":[-8.5,7.1]}},{"type":"Feature","geometry":{"type":"Point","coordinates":[21.890199,43.323678]},"properties":{"line":"28A","mode":"bus","color":"#0059a9","colorDark":"#00294f","band":2,"sc":0.85,"off":[-5.1,7.1]}},{"type":"Feature","geometry":{"type":"Point","coordinates":[21.890199,43.323678]},"properties":{"line":"29","mode":"bus","color":"#0059a9","colorDark":"#00294f","band":2,"sc":0.85,"off":[-1.7,7.1]}},{"type":"Feature","geometry":{"type":"Point","coordinates":[21.890199,43.323678]},"properties":{"line":"29A","mode":"bus","color":"#0059a9","colorDark":"#00294f","band":2,"sc":0.85,"off":[1.7,7.1]}},{"type":"Feature","geometry":{"type":"Point","coordinates":[21.890199,43.323678]},"properties":{"line":"30","mode":"bus","color":"#0059a9","colorDark":"#00294f","band":2,"sc":0.85,"off":[5.1,7.1]}},{"type":"Feature","geometry":{"type":"Point","coordinates":[21.890199,43.323678]},"properties":{"line":"31","mode":"bus","color":"#0059a9","colorDark":"#00294f","band":2,"sc":0.85,"off":[8.5,7.1]}},{"type":"Feature","geometry":{"type":"Point","coordinates":[21.890199,43.323678]},"properties":{"line":"32","mode":"bus","color":"#0059a9","colorDark":"#00294f","band":2,"sc":0.85,"off":[-8.5,9.1]}},{"type":"Feature","geometry":{"type":"Point","coordinates":[21.890199,43.323678]},"properties":{"line":"32A","mode":"bus","color":"#0059a9","colorDark":"#00294f","band":2,"sc":0.85,"off":[-5.1,9.1]}},{"type":"Feature","geometry":{"type":"Point","coordinates":[21.890199,43.323678]},"properties":{"line":"33","mode":"bus","color":"#0059a9","colorDark":"#00294f","band":2,"sc":0.85,"off":[-1.7,9.1]}},{"type":"Feature","geometry":{"type":"Point","coordinates":[21.890199,43.323678]},"properties":{"line":"35","mode":"bus","color":"#0059a9","colorDark":"#00294f","band":2,"sc":0.85,"off":[1.7,9.1]}},{"type":"Feature","geometry":{"type":"Point","coordinates":[21.890199,43.323678]},"properties":{"line":"36A","mode":"bus","color":"#0059a9","colorDark":"#00294f","band":2,"sc":0.85,"off":[5.1,9.1]}},{"type":"Feature","geometry":{"type":"Point","coordinates":[21.890199,43.323678]},"properties":{"line":"37","mode":"bus","color":"#0059a9","colorDark":"#00294f","band":2,"sc":0.85,"off":[8.5,9.1]}},{"type":"Feature","geometry":{"type":"Point","coordinates":[21.890199,43.323678]},"properties":{"line":"39","mode":"bus","color":"#0059a9","colorDark":"#00294f","band":2,"sc":0.85,"off":[-8.5,11.1]}},{"type":"Feature","geometry":{"type":"Point","coordinates":[21.890199,43.323678]},"properties":{"line":"5000","mode":"bus","color":"#0059a9","colorDark":"#00294f","band":2,"sc":0.85,"off":[-5.1,11.1]}},{"type":"Feature","geometry":{"type":"Point","coordinates":[21.890199,43.323678]},"properties":{"line":"5002","mode":"bus","color":"#0059a9","colorDark":"#00294f","band":2,"sc":0.85,"off":[-1.7,11.1]}},{"type":"Feature","geometry":{"type":"Point","coordinates":[21.890199,43.323678]},"properties":{"line":"5004","mode":"bus","color":"#0059a9","colorDark":"#00294f","band":2,"sc":0.85,"off":[1.7,11.1]}},{"type":"Feature","geometry":{"type":"Point","coordinates":[21.890199,43.323678]},"properties":{"line":"5005","mode":"bus","color":"#0059a9","colorDark":"#00294f","band":2,"sc":0.85,"off":[5.1,11.1]}},{"type":"Feature","geometry":{"type":"Point","coordinates":[21.890199,43.323678]},"properties":{"line":"6000","mode":"bus","color":"#0059a9","colorDark":"#00294f","band":2,"sc":0.85,"off":[8.5,11.1]}},{"type":"Feature","geometry":{"type":"Point","coordinates":[21.910478,43.426961]},"properties":{"name":"Cerje","band":2,"modes":"bus","arr":["14A"],"off":[0,-0.8]}},{"type":"Feature","geometry":{"type":"Point","coordinates":[21.910478,43.426961]},"properties":{"line":"14A","mode":"bus","color":"#0059a9","colorDark":"#00294f","band":2,"off":[0,1.1]}},{"type":"Feature","geometry":{"type":"Point","coordinates":[21.994873,43.366242]},"properties":{"name":"Knez Selo ( iz grada )","band":2,"modes":"bus","arr":["15"],"off":[0,-0.8]}},{"type":"Feature","geometry":{"type":"Point","coordinates":[21.994873,43.366242]},"properties":{"name":"Knez Selo","band":2,"modes":"bus","arr":["15"],"off":[0,-3]}},{"type":"Feature","geometry":{"type":"Point","coordinates":[21.994873,43.366242]},"properties":{"line":"15","mode":"bus","color":"#0059a9","colorDark":"#00294f","band":2,"off":[0,1.1]}},{"type":"Feature","geometry":{"type":"Point","coordinates":[21.967781,43.363883]},"properties":{"name":"G. Matejevac prodavnica","band":2,"modes":"bus","arr":["15A"],"off":[0,-0.8]}},{"type":"Feature","geometry":{"type":"Point","coordinates":[21.967781,43.363883]},"properties":{"name":"G. Matejevac - prodavnica","band":2,"modes":"bus","arr":["15A"],"off":[0,-3]}},{"type":"Feature","geometry":{"type":"Point","coordinates":[21.967781,43.363883]},"properties":{"line":"15A","mode":"bus","color":"#0059a9","colorDark":"#00294f","band":2,"off":[0,1.1]}},{"type":"Feature","geometry":{"type":"Point","coordinates":[22.045476,43.37792]},"properties":{"name":"Vrelo okretnica","band":2,"modes":"bus","arr":["16"],"off":[0,-0.8]}},{"type":"Feature","geometry":{"type":"Point","coordinates":[22.045476,43.37792]},"properties":{"line":"16","mode":"bus","color":"#0059a9","colorDark":"#00294f","band":2,"off":[0,1.1]}},{"type":"Feature","geometry":{"type":"Point","coordinates":[22.068289,43.367206]},"properties":{"name":"Oreovac ( iz grada)","band":2,"modes":"bus","arr":["17"],"off":[0,-0.8]}},{"type":"Feature","geometry":{"type":"Point","coordinates":[22.068289,43.367206]},"properties":{"name":"Oreovac","band":2,"modes":"bus","arr":["17"],"off":[0,-3]}},{"type":"Feature","geometry":{"type":"Point","coordinates":[22.068289,43.367206]},"properties":{"line":"17","mode":"bus","color":"#0059a9","colorDark":"#00294f","band":2,"off":[0,1.1]}},{"type":"Feature","geometry":{"type":"Point","coordinates":[22.086508,43.339103]},"properties":{"name":"Sićevo okretnica - zadruga","band":2,"modes":"bus","arr":["18"],"off":[0,-0.8]}},{"type":"Feature","geometry":{"type":"Point","coordinates":[22.086508,43.339103]},"properties":{"line":"18","mode":"bus","color":"#0059a9","colorDark":"#00294f","band":2,"off":[0,1.1]}},{"type":"Feature","geometry":{"type":"Point","coordinates":[22.114754,43.271594]},"properties":{"name":"Bancarevo okretnica","band":2,"modes":"bus","arr":["19"],"off":[0,-0.8]}},{"type":"Feature","geometry":{"type":"Point","coordinates":[22.114754,43.271594]},"properties":{"line":"19","mode":"bus","color":"#0059a9","colorDark":"#00294f","band":2,"off":[0,1.1]}},{"type":"Feature","geometry":{"type":"Point","coordinates":[22.14439,43.291194]},"properties":{"name":"Ravni Do trafo","band":2,"modes":"bus","arr":["20"],"off":[0,-0.8]}},{"type":"Feature","geometry":{"type":"Point","coordinates":[22.14439,43.291194]},"properties":{"line":"20","mode":"bus","color":"#0059a9","colorDark":"#00294f","band":2,"off":[0,1.1]}},{"type":"Feature","geometry":{"type":"Point","coordinates":[22.124907,43.312549]},"properties":{"name":"Ostrovica naselje - okretnica ( ka Ravnom Dolu)","band":2,"modes":"bus","arr":["20A"],"off":[0,-0.8]}},{"type":"Feature","geometry":{"type":"Point","coordinates":[22.124907,43.312549]},"properties":{"name":"Ostrovica naselje - okretnica","band":2,"modes":"bus","arr":["20A"],"off":[0,-4.1]}},{"type":"Feature","geometry":{"type":"Point","coordinates":[22.124907,43.312549]},"properties":{"line":"20A","mode":"bus","color":"#0059a9","colorDark":"#00294f","band":2,"off":[0,1.1]}},{"type":"Feature","geometry":{"type":"Point","coordinates":[22.099264,43.248971]},"properties":{"name":"Gornja Studena okretnica","band":2,"modes":"bus","arr":["21"],"off":[0,-0.8]}},{"type":"Feature","geometry":{"type":"Point","coordinates":[22.099264,43.248971]},"properties":{"line":"21","mode":"bus","color":"#0059a9","colorDark":"#00294f","band":2,"off":[0,1.1]}},{"type":"Feature","geometry":{"type":"Point","coordinates":[22.062492,43.282944]},"properties":{"name":"Jelašnica okretnica","band":2,"modes":"bus","arr":["21A"],"off":[0,-0.8]}},{"type":"Feature","geometry":{"type":"Point","coordinates":[22.062492,43.282944]},"properties":{"line":"21A","mode":"bus","color":"#0059a9","colorDark":"#00294f","band":2,"off":[0,1.1]}},{"type":"Feature","geometry":{"type":"Point","coordinates":[21.958764,43.266389]},"properties":{"name":"Vukmanovo ( ka Berbatovu)","band":2,"modes":"bus","arr":["22","23B"],"off":[0,-0.8]}},{"type":"Feature","geometry":{"type":"Point","coordinates":[21.958764,43.266389]},"properties":{"name":"Vukmanovo","band":2,"modes":"bus","arr":["22","23B"],"off":[0,-3]}},{"type":"Feature","geometry":{"type":"Point","coordinates":[21.958764,43.266389]},"properties":{"line":"22","mode":"bus","color":"#0059a9","colorDark":"#00294f","band":2,"off":[-1.7,1.1]}},{"type":"Feature","geometry":{"type":"Point","coordinates":[21.958764,43.266389]},"properties":{"line":"23B","mode":"bus","color":"#0059a9","colorDark":"#00294f","band":2,"off":[1.7,1.1]}},{"type":"Feature","geometry":{"type":"Point","coordinates":[21.925808,43.264028]},"properties":{"name":"Gabrovac manastir okretnica ( ka Berbatovu)","band":2,"modes":"bus","arr":["23L"],"off":[0,-0.8]}},{"type":"Feature","geometry":{"type":"Point","coordinates":[21.925808,43.264028]},"properties":{"name":"Gabrovac manastir okretnica","band":2,"modes":"bus","arr":["23L"],"off":[0,-4.1]}},{"type":"Feature","geometry":{"type":"Point","coordinates":[21.925808,43.264028]},"properties":{"line":"23L","mode":"bus","color":"#0059a9","colorDark":"#00294f","band":2,"off":[0,1.1]}},{"type":"Feature","geometry":{"type":"Point","coordinates":[21.942252,43.257285]},"properties":{"name":"Berbatovo - trafo, okretnica ( ka Gabrovcu)","band":2,"modes":"bus","arr":["23"],"off":[0,-0.8]}},{"type":"Feature","geometry":{"type":"Point","coordinates":[21.942252,43.257285]},"properties":{"line":"23","mode":"bus","color":"#0059a9","colorDark":"#00294f","band":2,"off":[0,1.1]}},{"type":"Feature","geometry":{"type":"Point","coordinates":[21.912578,43.256641]},"properties":{"name":"Donje Vlase okretnica","band":2,"modes":"bus","arr":["24"],"off":[0,-0.8]}},{"type":"Feature","geometry":{"type":"Point","coordinates":[21.912578,43.256641]},"properties":{"line":"24","mode":"bus","color":"#0059a9","colorDark":"#00294f","band":2,"off":[0,1.1]}},{"type":"Feature","geometry":{"type":"Point","coordinates":[21.786214,43.342965]},"properties":{"name":"Lalinac okretnica - trafo","band":2,"modes":"bus","arr":["26"],"off":[0,-0.8]}},{"type":"Feature","geometry":{"type":"Point","coordinates":[21.786214,43.342965]},"properties":{"line":"26","mode":"bus","color":"#0059a9","colorDark":"#00294f","band":2,"off":[0,1.1]}},{"type":"Feature","geometry":{"type":"Point","coordinates":[21.796843,43.359401]},"properties":{"name":"Trupale - izlaz ( ka Vrtištu)","band":2,"modes":"bus","arr":["27A"],"off":[0,-0.8]}},{"type":"Feature","geometry":{"type":"Point","coordinates":[21.796843,43.359401]},"properties":{"name":"Trupale - izlaz","band":2,"modes":"bus","arr":["27A"],"off":[0,-3]}},{"type":"Feature","geometry":{"type":"Point","coordinates":[21.796843,43.359401]},"properties":{"line":"27A","mode":"bus","color":"#0059a9","colorDark":"#00294f","band":2,"off":[0,1.1]}},{"type":"Feature","geometry":{"type":"Point","coordinates":[21.830195,43.336144]},"properties":{"name":"Popovac - trafo","band":2,"modes":"bus","arr":["27B"],"off":[0,-0.8]}},{"type":"Feature","geometry":{"type":"Point","coordinates":[21.830195,43.336144]},"properties":{"line":"27B","mode":"bus","color":"#0059a9","colorDark":"#00294f","band":2,"off":[0,1.1]}},{"type":"Feature","geometry":{"type":"Point","coordinates":[21.803039,43.372134]},"properties":{"name":"Vrtište - centar ( ka Mezgraji)","band":2,"modes":"bus","arr":["28"],"off":[0,-0.8]}},{"type":"Feature","geometry":{"type":"Point","coordinates":[21.803039,43.372134]},"properties":{"name":"Vrtište - centar","band":2,"modes":"bus","arr":["28"],"off":[0,-3]}},{"type":"Feature","geometry":{"type":"Point","coordinates":[21.803039,43.372134]},"properties":{"line":"28","mode":"bus","color":"#0059a9","colorDark":"#00294f","band":2,"off":[0,1.1]}},{"type":"Feature","geometry":{"type":"Point","coordinates":[21.784788,43.396449]},"properties":{"name":"Mezgraja - raskrsnica ( ka Supovcu- G. Trnavi)","band":2,"modes":"bus","arr":["28A","28B"],"off":[0,-0.8]}},{"type":"Feature","geometry":{"type":"Point","coordinates":[21.784788,43.396449]},"properties":{"name":"Mezgraja - raskrsnica","band":2,"modes":"bus","arr":["28A","28B"],"off":[0,-4.1]}},{"type":"Feature","geometry":{"type":"Point","coordinates":[21.784788,43.396449]},"properties":{"line":"28A","mode":"bus","color":"#0059a9","colorDark":"#00294f","band":2,"off":[-1.7,1.1]}},{"type":"Feature","geometry":{"type":"Point","coordinates":[21.784788,43.396449]},"properties":{"line":"28B","mode":"bus","color":"#0059a9","colorDark":"#00294f","band":2,"off":[1.7,1.1]}},{"type":"Feature","geometry":{"type":"Point","coordinates":[21.821365,43.429846]},"properties":{"name":"Gornja Trnava - trafo","band":2,"modes":"bus","arr":["29","29A"],"off":[0,-0.8]}},{"type":"Feature","geometry":{"type":"Point","coordinates":[21.821365,43.429846]},"properties":{"name":"Gornja Trnava - Dom Kulture","band":2,"modes":"bus","arr":["29","29A"],"off":[0,-3]}},{"type":"Feature","geometry":{"type":"Point","coordinates":[21.821365,43.429846]},"properties":{"line":"29","mode":"bus","color":"#0059a9","colorDark":"#00294f","band":2,"off":[-1.7,1.1]}},{"type":"Feature","geometry":{"type":"Point","coordinates":[21.821365,43.429846]},"properties":{"line":"29A","mode":"bus","color":"#0059a9","colorDark":"#00294f","band":2,"off":[1.7,1.1]}},{"type":"Feature","geometry":{"type":"Point","coordinates":[21.898683,43.404786]},"properties":{"name":"Leskovik - česma","band":2,"modes":"bus","arr":["30"],"off":[0,-0.8]}},{"type":"Feature","geometry":{"type":"Point","coordinates":[21.898683,43.404786]},"properties":{"line":"30","mode":"bus","color":"#0059a9","colorDark":"#00294f","band":2,"off":[0,1.1]}},{"type":"Feature","geometry":{"type":"Point","coordinates":[21.900215,43.373149]},"properties":{"name":"Hum okretnica - spomenik ( ka Humu )","band":2,"modes":"bus","arr":["31"],"off":[0,-0.8]}},{"type":"Feature","geometry":{"type":"Point","coordinates":[21.900215,43.373149]},"properties":{"name":"Hum - spomenik, trafo","band":2,"modes":"bus","arr":["31"],"off":[0,-3]}},{"type":"Feature","geometry":{"type":"Point","coordinates":[21.900215,43.373149]},"properties":{"line":"31","mode":"bus","color":"#0059a9","colorDark":"#00294f","band":2,"off":[0,1.1]}},{"type":"Feature","geometry":{"type":"Point","coordinates":[21.861837,43.464524]},"properties":{"name":"Paligrace ( ka Paligracu)","band":2,"modes":"bus","arr":["32A"],"off":[0,-0.8]}},{"type":"Feature","geometry":{"type":"Point","coordinates":[21.861837,43.464524]},"properties":{"name":"Paligrace","band":2,"modes":"bus","arr":["32A"],"off":[0,-3]}},{"type":"Feature","geometry":{"type":"Point","coordinates":[21.861837,43.464524]},"properties":{"line":"32A","mode":"bus","color":"#0059a9","colorDark":"#00294f","band":2,"off":[0,1.1]}},{"type":"Feature","geometry":{"type":"Point","coordinates":[21.908,43.457769]},"properties":{"name":"Kravlje","band":2,"modes":"bus","arr":["32"],"off":[0,-0.8]}},{"type":"Feature","geometry":{"type":"Point","coordinates":[21.908,43.457769]},"properties":{"line":"32","mode":"bus","color":"#0059a9","colorDark":"#00294f","band":2,"off":[0,1.1]}},{"type":"Feature","geometry":{"type":"Point","coordinates":[21.748278,43.372699]},"properties":{"name":"Sečanica MK","band":2,"modes":"bus","arr":["33"],"off":[0,-0.8]}},{"type":"Feature","geometry":{"type":"Point","coordinates":[21.748278,43.372699]},"properties":{"line":"33","mode":"bus","color":"#0059a9","colorDark":"#00294f","band":2,"off":[0,1.1]}},{"type":"Feature","geometry":{"type":"Point","coordinates":[21.775909,43.329575]},"properties":{"name":"Krušce - igralište (na zahtev) ( ka Sečanici)","band":2,"modes":"bus","arr":["36"],"off":[0,-0.8]}},{"type":"Feature","geometry":{"type":"Point","coordinates":[21.775909,43.329575]},"properties":{"name":"Krušce - igralište (na zahtev)","band":2,"modes":"bus","arr":["36"],"off":[0,-4.1]}},{"type":"Feature","geometry":{"type":"Point","coordinates":[21.775909,43.329575]},"properties":{"line":"36","mode":"bus","color":"#0059a9","colorDark":"#00294f","band":2,"off":[0,1.1]}},{"type":"Feature","geometry":{"type":"Point","coordinates":[21.759718,43.389926]},"properties":{"name":"Supovac okretnica","band":2,"modes":"bus","arr":["33P","39"],"off":[0,-0.8]}},{"type":"Feature","geometry":{"type":"Point","coordinates":[21.759718,43.389926]},"properties":{"line":"33P","mode":"bus","color":"#0059a9","colorDark":"#00294f","band":2,"off":[-1.7,1.1]}},{"type":"Feature","geometry":{"type":"Point","coordinates":[21.759718,43.389926]},"properties":{"line":"39","mode":"bus","color":"#0059a9","colorDark":"#00294f","band":2,"off":[1.7,1.1]}},{"type":"Feature","geometry":{"type":"Point","coordinates":[21.866292,43.338225]},"properties":{"name":"Aerodrom Niš (iz grada)","band":2,"modes":"bus","arr":["34A","34B"],"off":[0,-0.8]}},{"type":"Feature","geometry":{"type":"Point","coordinates":[21.866292,43.338225]},"properties":{"name":"Aerodrom Niš","band":2,"modes":"bus","arr":["34A","34B"],"off":[0,-3]}},{"type":"Feature","geometry":{"type":"Point","coordinates":[21.866292,43.338225]},"properties":{"line":"34A","mode":"bus","color":"#0059a9","colorDark":"#00294f","band":2,"off":[-1.7,1.1]}},{"type":"Feature","geometry":{"type":"Point","coordinates":[21.866292,43.338225]},"properties":{"line":"34B","mode":"bus","color":"#0059a9","colorDark":"#00294f","band":2,"off":[1.7,1.1]}},{"type":"Feature","geometry":{"type":"Point","coordinates":[21.78383,43.313605]},"properties":{"name":"Mramor","band":2,"modes":"bus","arr":["36"],"off":[0,-0.8]}},{"type":"Feature","geometry":{"type":"Point","coordinates":[21.78383,43.313605]},"properties":{"line":"36","mode":"bus","color":"#0059a9","colorDark":"#00294f","band":2,"off":[0,1.1]}},{"type":"Feature","geometry":{"type":"Point","coordinates":[21.743145,43.313428]},"properties":{"name":"Mramorski Potok - okretnica","band":2,"modes":"bus","arr":["36A"],"off":[0,-0.8]}},{"type":"Feature","geometry":{"type":"Point","coordinates":[21.743145,43.313428]},"properties":{"line":"36A","mode":"bus","color":"#0059a9","colorDark":"#00294f","band":2,"off":[0,1.1]}},{"type":"Feature","geometry":{"type":"Point","coordinates":[21.995138,43.264589]},"properties":{"name":"Lazarevo Selo - raskrsnica","band":2,"modes":"bus","arr":["37"],"off":[0,-0.8]}},{"type":"Feature","geometry":{"type":"Point","coordinates":[21.995138,43.264589]},"properties":{"line":"37","mode":"bus","color":"#0059a9","colorDark":"#00294f","band":2,"off":[0,1.1]}},{"type":"Feature","geometry":{"type":"Point","coordinates":[22.005555,43.292996]},"properties":{"name":"Niška Banja","band":3,"modes":"bus","arr":["1"],"off":[0,-0.8]}},{"type":"Feature","geometry":{"type":"Point","coordinates":[22.005555,43.292996]},"properties":{"line":"1","mode":"bus","color":"#0059a9","colorDark":"#00294f","band":3,"off":[0,1.1]}},{"type":"Feature","geometry":{"type":"Point","coordinates":[21.933472,43.310638]},"properties":{"name":"Ekonomska škola","band":3,"modes":"bus","arr":["10"],"off":[0,-0.8]}},{"type":"Feature","geometry":{"type":"Point","coordinates":[21.933472,43.310638]},"properties":{"line":"10","mode":"bus","color":"#0059a9","colorDark":"#00294f","band":3,"off":[0,1.1]}},{"type":"Feature","geometry":{"type":"Point","coordinates":[21.896272,43.320907]},"properties":{"name":"Trg kralja Milana (ka Uredu)","band":3,"modes":"bus","arr":["2","4","5","6","10","500"],"off":[0,-0.8]}},{"type":"Feature","geometry":{"type":"Point","coordinates":[21.896272,43.320907]},"properties":{"name":"Trg kralja Milana (ka Sudu)","band":3,"modes":"bus","arr":["2","4","5","6","10","500"],"off":[0,-3]}},{"type":"Feature","geometry":{"type":"Point","coordinates":[21.896272,43.320907]},"properties":{"line":"2","mode":"bus","color":"#0059a9","colorDark":"#00294f","band":3,"off":[-6.8,1.1]}},{"type":"Feature","geometry":{"type":"Point","coordinates":[21.896272,43.320907]},"properties":{"line":"4","mode":"bus","color":"#0059a9","colorDark":"#00294f","band":3,"off":[-3.4,1.1]}},{"type":"Feature","geometry":{"type":"Point","coordinates":[21.896272,43.320907]},"properties":{"line":"5","mode":"bus","color":"#0059a9","colorDark":"#00294f","band":3,"off":[0,1.1]}},{"type":"Feature","geometry":{"type":"Point","coordinates":[21.896272,43.320907]},"properties":{"line":"6","mode":"bus","color":"#0059a9","colorDark":"#00294f","band":3,"off":[3.4,1.1]}},{"type":"Feature","geometry":{"type":"Point","coordinates":[21.896272,43.320907]},"properties":{"line":"10","mode":"bus","color":"#0059a9","colorDark":"#00294f","band":3,"off":[6.8,1.1]}},{"type":"Feature","geometry":{"type":"Point","coordinates":[21.896272,43.320907]},"properties":{"line":"500","mode":"bus","color":"#0059a9","colorDark":"#00294f","band":3,"off":[0,3.1]}},{"type":"Feature","geometry":{"type":"Point","coordinates":[21.888606,43.319681]},"properties":{"name":"Šivara","band":3,"modes":"bus","arr":["10"],"off":[0,-0.8]}},{"type":"Feature","geometry":{"type":"Point","coordinates":[21.888606,43.319681]},"properties":{"line":"10","mode":"bus","color":"#0059a9","colorDark":"#00294f","band":3,"off":[0,1.1]}},{"type":"Feature","geometry":{"type":"Point","coordinates":[21.866717,43.315215]},"properties":{"name":"Ledena Stena","band":3,"modes":"bus","arr":["1"],"off":[0,-0.8]}},{"type":"Feature","geometry":{"type":"Point","coordinates":[21.866717,43.315215]},"properties":{"line":"1","mode":"bus","color":"#0059a9","colorDark":"#00294f","band":3,"off":[0,1.1]}},{"type":"Feature","geometry":{"type":"Point","coordinates":[21.862362,43.308627]},"properties":{"name":"Minovo naselje I","band":3,"modes":"bus","arr":["1"],"off":[0,-0.8]}},{"type":"Feature","geometry":{"type":"Point","coordinates":[21.862362,43.308627]},"properties":{"line":"1","mode":"bus","color":"#0059a9","colorDark":"#00294f","band":3,"off":[0,1.1]}},{"type":"Feature","geometry":{"type":"Point","coordinates":[21.878718,43.315656]},"properties":{"name":"Železnička stanica","band":3,"modes":"bus","arr":["5","6"],"off":[0,-0.8]}},{"type":"Feature","geometry":{"type":"Point","coordinates":[21.878718,43.315656]},"properties":{"line":"5","mode":"bus","color":"#0059a9","colorDark":"#00294f","band":3,"off":[-1.7,1.1]}},{"type":"Feature","geometry":{"type":"Point","coordinates":[21.878718,43.315656]},"properties":{"line":"6","mode":"bus","color":"#0059a9","colorDark":"#00294f","band":3,"off":[1.7,1.1]}},{"type":"Feature","geometry":{"type":"Point","coordinates":[21.891949,43.317825]},"properties":{"name":"Trg Pavla Stojkovića ( ka Uredu)","band":3,"modes":"bus","arr":["1","2","4","5","6","8","10","11","13","15A","27B","36"],"off":[0,-0.8]}},{"type":"Feature","geometry":{"type":"Point","coordinates":[21.891949,43.317825]},"properties":{"name":"Trg Pavla Stojkovića ( ka Margeru)","band":3,"modes":"bus","arr":["1","2","4","5","6","8","10","11","13","15A","27B","36"],"off":[0,-3]}},{"type":"Feature","geometry":{"type":"Point","coordinates":[21.891949,43.317825]},"properties":{"name":"Trg kralja Aleksandra","band":3,"modes":"bus","arr":["1","2","4","5","6","8","10","11","13","15A","27B","36"],"off":[0,-5.2]}},{"type":"Feature","geometry":{"type":"Point","coordinates":[21.891949,43.317825]},"properties":{"line":"1","mode":"bus","color":"#0059a9","colorDark":"#00294f","band":3,"off":[-6.8,1.1]}},{"type":"Feature","geometry":{"type":"Point","coordinates":[21.891949,43.317825]},"properties":{"line":"2","mode":"bus","color":"#0059a9","colorDark":"#00294f","band":3,"off":[-3.4,1.1]}},{"type":"Feature","geometry":{"type":"Point","coordinates":[21.891949,43.317825]},"properties":{"line":"4","mode":"bus","color":"#0059a9","colorDark":"#00294f","band":3,"off":[0,1.1]}},{"type":"Feature","geometry":{"type":"Point","coordinates":[21.891949,43.317825]},"properties":{"line":"5","mode":"bus","color":"#0059a9","colorDark":"#00294f","band":3,"off":[3.4,1.1]}},{"type":"Feature","geometry":{"type":"Point","coordinates":[21.891949,43.317825]},"properties":{"line":"6","mode":"bus","color":"#0059a9","colorDark":"#00294f","band":3,"off":[6.8,1.1]}},{"type":"Feature","geometry":{"type":"Point","coordinates":[21.891949,43.317825]},"properties":{"line":"8","mode":"bus","color":"#0059a9","colorDark":"#00294f","band":3,"off":[-6.8,3.1]}},{"type":"Feature","geometry":{"type":"Point","coordinates":[21.891949,43.317825]},"properties":{"line":"10","mode":"bus","color":"#0059a9","colorDark":"#00294f","band":3,"off":[-3.4,3.1]}},{"type":"Feature","geometry":{"type":"Point","coordinates":[21.891949,43.317825]},"properties":{"line":"11","mode":"bus","color":"#0059a9","colorDark":"#00294f","band":3,"off":[0,3.1]}},{"type":"Feature","geometry":{"type":"Point","coordinates":[21.891949,43.317825]},"properties":{"line":"13","mode":"bus","color":"#0059a9","colorDark":"#00294f","band":3,"off":[3.4,3.1]}},{"type":"Feature","geometry":{"type":"Point","coordinates":[21.891949,43.317825]},"properties":{"line":"15A","mode":"bus","color":"#0059a9","colorDark":"#00294f","band":3,"off":[6.8,3.1]}},{"type":"Feature","geometry":{"type":"Point","coordinates":[21.891949,43.317825]},"properties":{"line":"27B","mode":"bus","color":"#0059a9","colorDark":"#00294f","band":3,"off":[-1.7,5.1]}},{"type":"Feature","geometry":{"type":"Point","coordinates":[21.891949,43.317825]},"properties":{"line":"36","mode":"bus","color":"#0059a9","colorDark":"#00294f","band":3,"off":[1.7,5.1]}},{"type":"Feature","geometry":{"type":"Point","coordinates":[21.962298,43.327091]},"properties":{"name":"Donja Vrežina 1","band":3,"modes":"bus","arr":["2"],"off":[0,-0.8]}},{"type":"Feature","geometry":{"type":"Point","coordinates":[21.962298,43.327091]},"properties":{"line":"2","mode":"bus","color":"#0059a9","colorDark":"#00294f","band":3,"off":[0,1.1]}},{"type":"Feature","geometry":{"type":"Point","coordinates":[21.947235,43.330507]},"properties":{"name":"Donja Vrežina","band":3,"modes":"bus","arr":["2"],"off":[0,-0.8]}},{"type":"Feature","geometry":{"type":"Point","coordinates":[21.947235,43.330507]},"properties":{"line":"2","mode":"bus","color":"#0059a9","colorDark":"#00294f","band":3,"off":[0,1.1]}},{"type":"Feature","geometry":{"type":"Point","coordinates":[21.891406,43.319437]},"properties":{"name":"Ured","band":3,"modes":"bus","arr":["13","15A"],"off":[0,-0.8]}},{"type":"Feature","geometry":{"type":"Point","coordinates":[21.891406,43.319437]},"properties":{"line":"13","mode":"bus","color":"#0059a9","colorDark":"#00294f","band":3,"off":[-1.7,1.1]}},{"type":"Feature","geometry":{"type":"Point","coordinates":[21.891406,43.319437]},"properties":{"line":"15A","mode":"bus","color":"#0059a9","colorDark":"#00294f","band":3,"off":[1.7,1.1]}},{"type":"Feature","geometry":{"type":"Point","coordinates":[21.876725,43.310965]},"properties":{"name":"Bubanj (okretnica)","band":3,"modes":"bus","arr":["2","4"],"off":[0,-0.8]}},{"type":"Feature","geometry":{"type":"Point","coordinates":[21.876725,43.310965]},"properties":{"name":"Bubanj","band":3,"modes":"bus","arr":["2","4"],"off":[0,-1.9]}},{"type":"Feature","geometry":{"type":"Point","coordinates":[21.876725,43.310965]},"properties":{"line":"2","mode":"bus","color":"#0059a9","colorDark":"#00294f","band":3,"off":[-1.7,1.1]}},{"type":"Feature","geometry":{"type":"Point","coordinates":[21.876725,43.310965]},"properties":{"line":"4","mode":"bus","color":"#0059a9","colorDark":"#00294f","band":3,"off":[1.7,1.1]}},{"type":"Feature","geometry":{"type":"Point","coordinates":[21.901074,43.321544]},"properties":{"name":"Učiteljski dom","band":3,"modes":"bus","arr":["500"],"off":[0,-0.8]}},{"type":"Feature","geometry":{"type":"Point","coordinates":[21.901074,43.321544]},"properties":{"line":"500","mode":"bus","color":"#0059a9","colorDark":"#00294f","band":3,"off":[0,1.1]}},{"type":"Feature","geometry":{"type":"Point","coordinates":[21.994876,43.329543]},"properties":{"name":"Gornja Vrežina MK","band":3,"modes":"bus","arr":["2","17A"],"off":[0,-0.8]}},{"type":"Feature","geometry":{"type":"Point","coordinates":[21.994876,43.329543]},"properties":{"line":"2","mode":"bus","color":"#0059a9","colorDark":"#00294f","band":3,"off":[-1.7,1.1]}},{"type":"Feature","geometry":{"type":"Point","coordinates":[21.994876,43.329543]},"properties":{"line":"17A","mode":"bus","color":"#0059a9","colorDark":"#00294f","band":3,"off":[1.7,1.1]}},{"type":"Feature","geometry":{"type":"Point","coordinates":[21.946327,43.325843]},"properties":{"name":"Skopska","band":3,"modes":"bus","arr":["2","6"],"off":[0,-0.8]}},{"type":"Feature","geometry":{"type":"Point","coordinates":[21.946327,43.325843]},"properties":{"line":"2","mode":"bus","color":"#0059a9","colorDark":"#00294f","band":3,"off":[-1.7,1.1]}},{"type":"Feature","geometry":{"type":"Point","coordinates":[21.946327,43.325843]},"properties":{"line":"6","mode":"bus","color":"#0059a9","colorDark":"#00294f","band":3,"off":[1.7,1.1]}},{"type":"Feature","geometry":{"type":"Point","coordinates":[21.868192,43.344109]},"properties":{"name":"Naselje Ratko Jović","band":3,"modes":"bus","arr":["3"],"off":[0,-0.8]}},{"type":"Feature","geometry":{"type":"Point","coordinates":[21.868192,43.344109]},"properties":{"line":"3","mode":"bus","color":"#0059a9","colorDark":"#00294f","band":3,"off":[0,1.1]}},{"type":"Feature","geometry":{"type":"Point","coordinates":[21.965977,43.308622]},"properties":{"name":"Brzi Brod","band":3,"modes":"bus","arr":["3"],"off":[0,-0.8]}},{"type":"Feature","geometry":{"type":"Point","coordinates":[21.965977,43.308622]},"properties":{"line":"3","mode":"bus","color":"#0059a9","colorDark":"#00294f","band":3,"off":[0,1.1]}},{"type":"Feature","geometry":{"type":"Point","coordinates":[21.881747,43.333759]},"properties":{"name":"DIN","band":3,"modes":"bus","arr":["5001","5002","5004","5005","6000","7000"],"off":[0,-0.8]}},{"type":"Feature","geometry":{"type":"Point","coordinates":[21.881747,43.333759]},"properties":{"line":"5001","mode":"bus","color":"#0059a9","colorDark":"#00294f","band":3,"off":[-6.8,1.1]}},{"type":"Feature","geometry":{"type":"Point","coordinates":[21.881747,43.333759]},"properties":{"line":"5002","mode":"bus","color":"#0059a9","colorDark":"#00294f","band":3,"off":[-3.4,1.1]}},{"type":"Feature","geometry":{"type":"Point","coordinates":[21.881747,43.333759]},"properties":{"line":"5004","mode":"bus","color":"#0059a9","colorDark":"#00294f","band":3,"off":[0,1.1]}},{"type":"Feature","geometry":{"type":"Point","coordinates":[21.881747,43.333759]},"properties":{"line":"5005","mode":"bus","color":"#0059a9","colorDark":"#00294f","band":3,"off":[3.4,1.1]}},{"type":"Feature","geometry":{"type":"Point","coordinates":[21.881747,43.333759]},"properties":{"line":"6000","mode":"bus","color":"#0059a9","colorDark":"#00294f","band":3,"off":[6.8,1.1]}},{"type":"Feature","geometry":{"type":"Point","coordinates":[21.881747,43.333759]},"properties":{"line":"7000","mode":"bus","color":"#0059a9","colorDark":"#00294f","band":3,"off":[0,3.1]}},{"type":"Feature","geometry":{"type":"Point","coordinates":[21.879242,43.335701]},"properties":{"name":"Niš Mega maksi","band":3,"modes":"bus","arr":["5000"],"off":[0,-0.8]}},{"type":"Feature","geometry":{"type":"Point","coordinates":[21.879242,43.335701]},"properties":{"line":"5000","mode":"bus","color":"#0059a9","colorDark":"#00294f","band":3,"off":[0,1.1]}},{"type":"Feature","geometry":{"type":"Point","coordinates":[21.858417,43.344297]},"properties":{"name":"Velpro (raskrsnica)","band":3,"modes":"bus","arr":["3"],"off":[0,-0.8]}},{"type":"Feature","geometry":{"type":"Point","coordinates":[21.858417,43.344297]},"properties":{"line":"3","mode":"bus","color":"#0059a9","colorDark":"#00294f","band":3,"off":[0,1.1]}},{"type":"Feature","geometry":{"type":"Point","coordinates":[21.941181,43.335484]},"properties":{"name":"Čalije - ulica Ruža","band":3,"modes":"bus","arr":["4"],"off":[0,-0.8]}},{"type":"Feature","geometry":{"type":"Point","coordinates":[21.941181,43.335484]},"properties":{"line":"4","mode":"bus","color":"#0059a9","colorDark":"#00294f","band":3,"off":[0,1.1]}},{"type":"Feature","geometry":{"type":"Point","coordinates":[21.935566,43.335182]},"properties":{"name":"Matejevački put-kružna raskrsnica (iz grada)","band":3,"modes":"bus","arr":["5"],"off":[0,-0.8]}},{"type":"Feature","geometry":{"type":"Point","coordinates":[21.935566,43.335182]},"properties":{"name":"Matejevački put-kružna raskrsnica","band":3,"modes":"bus","arr":["5"],"off":[0,-4.1]}},{"type":"Feature","geometry":{"type":"Point","coordinates":[21.935566,43.335182]},"properties":{"line":"5","mode":"bus","color":"#0059a9","colorDark":"#00294f","band":3,"off":[0,1.1]}},{"type":"Feature","geometry":{"type":"Point","coordinates":[21.935479,43.318892]},"properties":{"name":"Duvanište (okretnica)","band":3,"modes":"bus","arr":["6","11"],"off":[0,-0.8]}},{"type":"Feature","geometry":{"type":"Point","coordinates":[21.935479,43.318892]},"properties":{"name":"Duvanište","band":3,"modes":"bus","arr":["6","11"],"off":[0,-3]}},{"type":"Feature","geometry":{"type":"Point","coordinates":[21.935479,43.318892]},"properties":{"line":"6","mode":"bus","color":"#0059a9","colorDark":"#00294f","band":3,"off":[-1.7,1.1]}},{"type":"Feature","geometry":{"type":"Point","coordinates":[21.935479,43.318892]},"properties":{"line":"11","mode":"bus","color":"#0059a9","colorDark":"#00294f","band":3,"off":[1.7,1.1]}},{"type":"Feature","geometry":{"type":"Point","coordinates":[21.882955,43.306902]},"properties":{"name":"Kalač Brdo","band":3,"modes":"bus","arr":["7"],"off":[0,-0.8]}},{"type":"Feature","geometry":{"type":"Point","coordinates":[21.882955,43.306902]},"properties":{"line":"7","mode":"bus","color":"#0059a9","colorDark":"#00294f","band":3,"off":[0,1.1]}},{"type":"Feature","geometry":{"type":"Point","coordinates":[21.87507,43.331853]},"properties":{"name":"63. Padobranske - ložionica","band":3,"modes":"bus","arr":["7"],"off":[0,-0.8]}},{"type":"Feature","geometry":{"type":"Point","coordinates":[21.87507,43.331853]},"properties":{"line":"7","mode":"bus","color":"#0059a9","colorDark":"#00294f","band":3,"off":[0,1.1]}},{"type":"Feature","geometry":{"type":"Point","coordinates":[21.92191,43.30306]},"properties":{"name":"Gabrovačka Reka","band":3,"modes":"bus","arr":["8"],"off":[0,-0.8]}},{"type":"Feature","geometry":{"type":"Point","coordinates":[21.92191,43.30306]},"properties":{"line":"8","mode":"bus","color":"#0059a9","colorDark":"#00294f","band":3,"off":[0,1.1]}},{"type":"Feature","geometry":{"type":"Point","coordinates":[21.879737,43.295753]},"properties":{"name":"Novo groblje","band":3,"modes":"bus","arr":["8"],"off":[0,-0.8]}},{"type":"Feature","geometry":{"type":"Point","coordinates":[21.879737,43.295753]},"properties":{"line":"8","mode":"bus","color":"#0059a9","colorDark":"#00294f","band":3,"off":[0,1.1]}},{"type":"Feature","geometry":{"type":"Point","coordinates":[21.873522,43.2979]},"properties":{"name":"Gligorija Đaka (c)","band":3,"modes":"bus","arr":["8"],"off":[0,-0.8]}},{"type":"Feature","geometry":{"type":"Point","coordinates":[21.873522,43.2979]},"properties":{"name":"Gligorija Đaka","band":3,"modes":"bus","arr":["8"],"off":[0,-1.9]}},{"type":"Feature","geometry":{"type":"Point","coordinates":[21.873522,43.2979]},"properties":{"line":"8","mode":"bus","color":"#0059a9","colorDark":"#00294f","band":3,"off":[0,1.1]}},{"type":"Feature","geometry":{"type":"Point","coordinates":[21.912105,43.304749]},"properties":{"name":"Mokranjčeva","band":3,"modes":"bus","arr":["9"],"off":[0,-0.8]}},{"type":"Feature","geometry":{"type":"Point","coordinates":[21.912105,43.304749]},"properties":{"line":"9","mode":"bus","color":"#0059a9","colorDark":"#00294f","band":3,"off":[0,1.1]}},{"type":"Feature","geometry":{"type":"Point","coordinates":[21.896685,43.345485]},"properties":{"name":"Dr Miloša Đorića (iz grada)","band":3,"modes":"bus","arr":["9"],"off":[0,-0.8]}},{"type":"Feature","geometry":{"type":"Point","coordinates":[21.896685,43.345485]},"properties":{"line":"9","mode":"bus","color":"#0059a9","colorDark":"#00294f","band":3,"off":[0,1.1]}},{"type":"Feature","geometry":{"type":"Point","coordinates":[21.896814,43.344548]},"properties":{"name":"Dr Miloša Đorića","band":3,"modes":"bus","arr":["9"],"off":[0,-0.8]}},{"type":"Feature","geometry":{"type":"Point","coordinates":[21.896814,43.344548]},"properties":{"line":"9","mode":"bus","color":"#0059a9","colorDark":"#00294f","band":3,"off":[0,1.1]}},{"type":"Feature","geometry":{"type":"Point","coordinates":[21.817941,43.316438]},"properties":{"name":"Naselje 9. Maj - MK","band":3,"modes":"bus","arr":["10","25"],"off":[0,-0.8]}},{"type":"Feature","geometry":{"type":"Point","coordinates":[21.817941,43.316438]},"properties":{"name":"Naselje 9. Maj","band":3,"modes":"bus","arr":["10","25"],"off":[0,-3]}},{"type":"Feature","geometry":{"type":"Point","coordinates":[21.817941,43.316438]},"properties":{"line":"10","mode":"bus","color":"#0059a9","colorDark":"#00294f","band":3,"off":[-1.7,1.1]}},{"type":"Feature","geometry":{"type":"Point","coordinates":[21.817941,43.316438]},"properties":{"line":"25","mode":"bus","color":"#0059a9","colorDark":"#00294f","band":3,"off":[1.7,1.1]}},{"type":"Feature","geometry":{"type":"Point","coordinates":[21.864117,43.324945]},"properties":{"name":"Medoševac - okretnica","band":3,"modes":"bus","arr":["11"],"off":[0,-0.8]}},{"type":"Feature","geometry":{"type":"Point","coordinates":[21.864117,43.324945]},"properties":{"line":"11","mode":"bus","color":"#0059a9","colorDark":"#00294f","band":3,"off":[0,1.1]}},{"type":"Feature","geometry":{"type":"Point","coordinates":[21.888077,43.30881]},"properties":{"name":"Njegoševa","band":3,"modes":"bus","arr":["12"],"off":[0,-0.8]}},{"type":"Feature","geometry":{"type":"Point","coordinates":[21.888077,43.30881]},"properties":{"line":"12","mode":"bus","color":"#0059a9","colorDark":"#00294f","band":3,"off":[0,1.1]}},{"type":"Feature","geometry":{"type":"Point","coordinates":[21.872855,43.349783]},"properties":{"name":"Donji Komren","band":3,"modes":"bus","arr":["12"],"off":[0,-0.8]}},{"type":"Feature","geometry":{"type":"Point","coordinates":[21.872855,43.349783]},"properties":{"line":"12","mode":"bus","color":"#0059a9","colorDark":"#00294f","band":3,"off":[0,1.1]}},{"type":"Feature","geometry":{"type":"Point","coordinates":[21.925717,43.311372]},"properties":{"name":"Ćele Kula 1","band":3,"modes":"bus","arr":["13"],"off":[0,-0.8]}},{"type":"Feature","geometry":{"type":"Point","coordinates":[21.925717,43.311372]},"properties":{"line":"13","mode":"bus","color":"#0059a9","colorDark":"#00294f","band":3,"off":[0,1.1]}},{"type":"Feature","geometry":{"type":"Point","coordinates":[21.940133,43.307643]},"properties":{"name":"Delijski Vis","band":3,"modes":"bus","arr":["13"],"off":[0,-0.8]}},{"type":"Feature","geometry":{"type":"Point","coordinates":[21.940133,43.307643]},"properties":{"line":"13","mode":"bus","color":"#0059a9","colorDark":"#00294f","band":3,"off":[0,1.1]}},{"type":"Feature","geometry":{"type":"Point","coordinates":[21.89063,43.32593]},"properties":{"name":"PAS Niš ( iz Niša )","band":3,"modes":"bus","arr":["14","14A","15","16","17","17A","19","20","20A","21","21A","22","23","23B","23K","23L","24","25","26","27A","27B","28","28B","29","29A","30","31","32","32A","33","33P","35","36A","37","39","5001","7000"],"off":[0,-0.8]}},{"type":"Feature","geometry":{"type":"Point","coordinates":[21.89063,43.32593]},"properties":{"line":"14","mode":"bus","color":"#0059a9","colorDark":"#00294f","band":3,"off":[-10.2,1.1]}},{"type":"Feature","geometry":{"type":"Point","coordinates":[21.89063,43.32593]},"properties":{"line":"14A","mode":"bus","color":"#0059a9","colorDark":"#00294f","band":3,"off":[-6.8,1.1]}},{"type":"Feature","geometry":{"type":"Point","coordinates":[21.89063,43.32593]},"properties":{"line":"15","mode":"bus","color":"#0059a9","colorDark":"#00294f","band":3,"off":[-3.4,1.1]}},{"type":"Feature","geometry":{"type":"Point","coordinates":[21.89063,43.32593]},"properties":{"line":"16","mode":"bus","color":"#0059a9","colorDark":"#00294f","band":3,"off":[0,1.1]}},{"type":"Feature","geometry":{"type":"Point","coordinates":[21.89063,43.32593]},"properties":{"line":"17","mode":"bus","color":"#0059a9","colorDark":"#00294f","band":3,"off":[3.4,1.1]}},{"type":"Feature","geometry":{"type":"Point","coordinates":[21.89063,43.32593]},"properties":{"line":"17A","mode":"bus","color":"#0059a9","colorDark":"#00294f","band":3,"off":[6.8,1.1]}},{"type":"Feature","geometry":{"type":"Point","coordinates":[21.89063,43.32593]},"properties":{"line":"19","mode":"bus","color":"#0059a9","colorDark":"#00294f","band":3,"off":[10.2,1.1]}},{"type":"Feature","geometry":{"type":"Point","coordinates":[21.89063,43.32593]},"properties":{"line":"20","mode":"bus","color":"#0059a9","colorDark":"#00294f","band":3,"off":[-10.2,3.1]}},{"type":"Feature","geometry":{"type":"Point","coordinates":[21.89063,43.32593]},"properties":{"line":"20A","mode":"bus","color":"#0059a9","colorDark":"#00294f","band":3,"off":[-6.8,3.1]}},{"type":"Feature","geometry":{"type":"Point","coordinates":[21.89063,43.32593]},"properties":{"line":"21","mode":"bus","color":"#0059a9","colorDark":"#00294f","band":3,"off":[-3.4,3.1]}},{"type":"Feature","geometry":{"type":"Point","coordinates":[21.89063,43.32593]},"properties":{"line":"21A","mode":"bus","color":"#0059a9","colorDark":"#00294f","band":3,"off":[0,3.1]}},{"type":"Feature","geometry":{"type":"Point","coordinates":[21.89063,43.32593]},"properties":{"line":"22","mode":"bus","color":"#0059a9","colorDark":"#00294f","band":3,"off":[3.4,3.1]}},{"type":"Feature","geometry":{"type":"Point","coordinates":[21.89063,43.32593]},"properties":{"line":"23","mode":"bus","color":"#0059a9","colorDark":"#00294f","band":3,"off":[6.8,3.1]}},{"type":"Feature","geometry":{"type":"Point","coordinates":[21.89063,43.32593]},"properties":{"line":"23B","mode":"bus","color":"#0059a9","colorDark":"#00294f","band":3,"off":[10.2,3.1]}},{"type":"Feature","geometry":{"type":"Point","coordinates":[21.89063,43.32593]},"properties":{"line":"23K","mode":"bus","color":"#0059a9","colorDark":"#00294f","band":3,"off":[-10.2,5.1]}},{"type":"Feature","geometry":{"type":"Point","coordinates":[21.89063,43.32593]},"properties":{"line":"23L","mode":"bus","color":"#0059a9","colorDark":"#00294f","band":3,"off":[-6.8,5.1]}},{"type":"Feature","geometry":{"type":"Point","coordinates":[21.89063,43.32593]},"properties":{"line":"24","mode":"bus","color":"#0059a9","colorDark":"#00294f","band":3,"off":[-3.4,5.1]}},{"type":"Feature","geometry":{"type":"Point","coordinates":[21.89063,43.32593]},"properties":{"line":"25","mode":"bus","color":"#0059a9","colorDark":"#00294f","band":3,"off":[0,5.1]}},{"type":"Feature","geometry":{"type":"Point","coordinates":[21.89063,43.32593]},"properties":{"line":"26","mode":"bus","color":"#0059a9","colorDark":"#00294f","band":3,"off":[3.4,5.1]}},{"type":"Feature","geometry":{"type":"Point","coordinates":[21.89063,43.32593]},"properties":{"line":"27A","mode":"bus","color":"#0059a9","colorDark":"#00294f","band":3,"off":[6.8,5.1]}},{"type":"Feature","geometry":{"type":"Point","coordinates":[21.89063,43.32593]},"properties":{"line":"27B","mode":"bus","color":"#0059a9","colorDark":"#00294f","band":3,"off":[10.2,5.1]}},{"type":"Feature","geometry":{"type":"Point","coordinates":[21.89063,43.32593]},"properties":{"line":"28","mode":"bus","color":"#0059a9","colorDark":"#00294f","band":3,"off":[-10.2,7.1]}},{"type":"Feature","geometry":{"type":"Point","coordinates":[21.89063,43.32593]},"properties":{"line":"28B","mode":"bus","color":"#0059a9","colorDark":"#00294f","band":3,"off":[-6.8,7.1]}},{"type":"Feature","geometry":{"type":"Point","coordinates":[21.89063,43.32593]},"properties":{"line":"29","mode":"bus","color":"#0059a9","colorDark":"#00294f","band":3,"off":[-3.4,7.1]}},{"type":"Feature","geometry":{"type":"Point","coordinates":[21.89063,43.32593]},"properties":{"line":"29A","mode":"bus","color":"#0059a9","colorDark":"#00294f","band":3,"off":[0,7.1]}},{"type":"Feature","geometry":{"type":"Point","coordinates":[21.89063,43.32593]},"properties":{"line":"30","mode":"bus","color":"#0059a9","colorDark":"#00294f","band":3,"off":[3.4,7.1]}},{"type":"Feature","geometry":{"type":"Point","coordinates":[21.89063,43.32593]},"properties":{"line":"31","mode":"bus","color":"#0059a9","colorDark":"#00294f","band":3,"off":[6.8,7.1]}},{"type":"Feature","geometry":{"type":"Point","coordinates":[21.89063,43.32593]},"properties":{"line":"32","mode":"bus","color":"#0059a9","colorDark":"#00294f","band":3,"off":[10.2,7.1]}},{"type":"Feature","geometry":{"type":"Point","coordinates":[21.89063,43.32593]},"properties":{"line":"32A","mode":"bus","color":"#0059a9","colorDark":"#00294f","band":3,"off":[-10.2,9.1]}},{"type":"Feature","geometry":{"type":"Point","coordinates":[21.89063,43.32593]},"properties":{"line":"33","mode":"bus","color":"#0059a9","colorDark":"#00294f","band":3,"off":[-6.8,9.1]}},{"type":"Feature","geometry":{"type":"Point","coordinates":[21.89063,43.32593]},"properties":{"line":"33P","mode":"bus","color":"#0059a9","colorDark":"#00294f","band":3,"off":[-3.4,9.1]}},{"type":"Feature","geometry":{"type":"Point","coordinates":[21.89063,43.32593]},"properties":{"line":"35","mode":"bus","color":"#0059a9","colorDark":"#00294f","band":3,"off":[0,9.1]}},{"type":"Feature","geometry":{"type":"Point","coordinates":[21.89063,43.32593]},"properties":{"line":"36A","mode":"bus","color":"#0059a9","colorDark":"#00294f","band":3,"off":[3.4,9.1]}},{"type":"Feature","geometry":{"type":"Point","coordinates":[21.89063,43.32593]},"properties":{"line":"37","mode":"bus","color":"#0059a9","colorDark":"#00294f","band":3,"off":[6.8,9.1]}},{"type":"Feature","geometry":{"type":"Point","coordinates":[21.89063,43.32593]},"properties":{"line":"39","mode":"bus","color":"#0059a9","colorDark":"#00294f","band":3,"off":[10.2,9.1]}},{"type":"Feature","geometry":{"type":"Point","coordinates":[21.89063,43.32593]},"properties":{"line":"5001","mode":"bus","color":"#0059a9","colorDark":"#00294f","band":3,"off":[-1.7,11.1]}},{"type":"Feature","geometry":{"type":"Point","coordinates":[21.89063,43.32593]},"properties":{"line":"7000","mode":"bus","color":"#0059a9","colorDark":"#00294f","band":3,"off":[1.7,11.1]}},{"type":"Feature","geometry":{"type":"Point","coordinates":[21.932212,43.35835]},"properties":{"name":"Vinik izlaz (ka Viniku)","band":3,"modes":"bus","arr":["14"],"off":[0,-0.8]}},{"type":"Feature","geometry":{"type":"Point","coordinates":[21.932212,43.35835]},"properties":{"line":"14","mode":"bus","color":"#0059a9","colorDark":"#00294f","band":3,"off":[0,1.1]}},{"type":"Feature","geometry":{"type":"Point","coordinates":[21.928519,43.382089]},"properties":{"name":"Brenica (okretnica)","band":3,"modes":"bus","arr":["14"],"off":[0,-0.8]}},{"type":"Feature","geometry":{"type":"Point","coordinates":[21.928519,43.382089]},"properties":{"line":"14","mode":"bus","color":"#0059a9","colorDark":"#00294f","band":3,"off":[0,1.1]}},{"type":"Feature","geometry":{"type":"Point","coordinates":[21.890199,43.324345]},"properties":{"name":"PAS Niš ( ka Nišu )","band":3,"modes":"bus","arr":["14","14A","15","16","18","19","20","20A","21","23","23B","23K","23L","24","25","26","27A","27B","28","28A","29","29A","30","31","32","32A","33","35","36A","37","39","5000","5002","5004","5005","6000"],"off":[0,-0.8]}},{"type":"Feature","geometry":{"type":"Point","coordinates":[21.890199,43.324345]},"properties":{"line":"14","mode":"bus","color":"#0059a9","colorDark":"#00294f","band":3,"off":[-8.5,1.1]}},{"type":"Feature","geometry":{"type":"Point","coordinates":[21.890199,43.324345]},"properties":{"line":"14A","mode":"bus","color":"#0059a9","colorDark":"#00294f","band":3,"off":[-5.1,1.1]}},{"type":"Feature","geometry":{"type":"Point","coordinates":[21.890199,43.324345]},"properties":{"line":"15","mode":"bus","color":"#0059a9","colorDark":"#00294f","band":3,"off":[-1.7,1.1]}},{"type":"Feature","geometry":{"type":"Point","coordinates":[21.890199,43.324345]},"properties":{"line":"16","mode":"bus","color":"#0059a9","colorDark":"#00294f","band":3,"off":[1.7,1.1]}},{"type":"Feature","geometry":{"type":"Point","coordinates":[21.890199,43.324345]},"properties":{"line":"18","mode":"bus","color":"#0059a9","colorDark":"#00294f","band":3,"off":[5.1,1.1]}},{"type":"Feature","geometry":{"type":"Point","coordinates":[21.890199,43.324345]},"properties":{"line":"19","mode":"bus","color":"#0059a9","colorDark":"#00294f","band":3,"off":[8.5,1.1]}},{"type":"Feature","geometry":{"type":"Point","coordinates":[21.890199,43.324345]},"properties":{"line":"20","mode":"bus","color":"#0059a9","colorDark":"#00294f","band":3,"off":[-8.5,3.1]}},{"type":"Feature","geometry":{"type":"Point","coordinates":[21.890199,43.324345]},"properties":{"line":"20A","mode":"bus","color":"#0059a9","colorDark":"#00294f","band":3,"off":[-5.1,3.1]}},{"type":"Feature","geometry":{"type":"Point","coordinates":[21.890199,43.324345]},"properties":{"line":"21","mode":"bus","color":"#0059a9","colorDark":"#00294f","band":3,"off":[-1.7,3.1]}},{"type":"Feature","geometry":{"type":"Point","coordinates":[21.890199,43.324345]},"properties":{"line":"23","mode":"bus","color":"#0059a9","colorDark":"#00294f","band":3,"off":[1.7,3.1]}},{"type":"Feature","geometry":{"type":"Point","coordinates":[21.890199,43.324345]},"properties":{"line":"23B","mode":"bus","color":"#0059a9","colorDark":"#00294f","band":3,"off":[5.1,3.1]}},{"type":"Feature","geometry":{"type":"Point","coordinates":[21.890199,43.324345]},"properties":{"line":"23K","mode":"bus","color":"#0059a9","colorDark":"#00294f","band":3,"off":[8.5,3.1]}},{"type":"Feature","geometry":{"type":"Point","coordinates":[21.890199,43.324345]},"properties":{"line":"23L","mode":"bus","color":"#0059a9","colorDark":"#00294f","band":3,"off":[-8.5,5.1]}},{"type":"Feature","geometry":{"type":"Point","coordinates":[21.890199,43.324345]},"properties":{"line":"24","mode":"bus","color":"#0059a9","colorDark":"#00294f","band":3,"off":[-5.1,5.1]}},{"type":"Feature","geometry":{"type":"Point","coordinates":[21.890199,43.324345]},"properties":{"line":"25","mode":"bus","color":"#0059a9","colorDark":"#00294f","band":3,"off":[-1.7,5.1]}},{"type":"Feature","geometry":{"type":"Point","coordinates":[21.890199,43.324345]},"properties":{"line":"26","mode":"bus","color":"#0059a9","colorDark":"#00294f","band":3,"off":[1.7,5.1]}},{"type":"Feature","geometry":{"type":"Point","coordinates":[21.890199,43.324345]},"properties":{"line":"27A","mode":"bus","color":"#0059a9","colorDark":"#00294f","band":3,"off":[5.1,5.1]}},{"type":"Feature","geometry":{"type":"Point","coordinates":[21.890199,43.324345]},"properties":{"line":"27B","mode":"bus","color":"#0059a9","colorDark":"#00294f","band":3,"off":[8.5,5.1]}},{"type":"Feature","geometry":{"type":"Point","coordinates":[21.890199,43.324345]},"properties":{"line":"28","mode":"bus","color":"#0059a9","colorDark":"#00294f","band":3,"off":[-8.5,7.1]}},{"type":"Feature","geometry":{"type":"Point","coordinates":[21.890199,43.324345]},"properties":{"line":"28A","mode":"bus","color":"#0059a9","colorDark":"#00294f","band":3,"off":[-5.1,7.1]}},{"type":"Feature","geometry":{"type":"Point","coordinates":[21.890199,43.324345]},"properties":{"line":"29","mode":"bus","color":"#0059a9","colorDark":"#00294f","band":3,"off":[-1.7,7.1]}},{"type":"Feature","geometry":{"type":"Point","coordinates":[21.890199,43.324345]},"properties":{"line":"29A","mode":"bus","color":"#0059a9","colorDark":"#00294f","band":3,"off":[1.7,7.1]}},{"type":"Feature","geometry":{"type":"Point","coordinates":[21.890199,43.324345]},"properties":{"line":"30","mode":"bus","color":"#0059a9","colorDark":"#00294f","band":3,"off":[5.1,7.1]}},{"type":"Feature","geometry":{"type":"Point","coordinates":[21.890199,43.324345]},"properties":{"line":"31","mode":"bus","color":"#0059a9","colorDark":"#00294f","band":3,"off":[8.5,7.1]}},{"type":"Feature","geometry":{"type":"Point","coordinates":[21.890199,43.324345]},"properties":{"line":"32","mode":"bus","color":"#0059a9","colorDark":"#00294f","band":3,"off":[-8.5,9.1]}},{"type":"Feature","geometry":{"type":"Point","coordinates":[21.890199,43.324345]},"properties":{"line":"32A","mode":"bus","color":"#0059a9","colorDark":"#00294f","band":3,"off":[-5.1,9.1]}},{"type":"Feature","geometry":{"type":"Point","coordinates":[21.890199,43.324345]},"properties":{"line":"33","mode":"bus","color":"#0059a9","colorDark":"#00294f","band":3,"off":[-1.7,9.1]}},{"type":"Feature","geometry":{"type":"Point","coordinates":[21.890199,43.324345]},"properties":{"line":"35","mode":"bus","color":"#0059a9","colorDark":"#00294f","band":3,"off":[1.7,9.1]}},{"type":"Feature","geometry":{"type":"Point","coordinates":[21.890199,43.324345]},"properties":{"line":"36A","mode":"bus","color":"#0059a9","colorDark":"#00294f","band":3,"off":[5.1,9.1]}},{"type":"Feature","geometry":{"type":"Point","coordinates":[21.890199,43.324345]},"properties":{"line":"37","mode":"bus","color":"#0059a9","colorDark":"#00294f","band":3,"off":[8.5,9.1]}},{"type":"Feature","geometry":{"type":"Point","coordinates":[21.890199,43.324345]},"properties":{"line":"39","mode":"bus","color":"#0059a9","colorDark":"#00294f","band":3,"off":[-8.5,11.1]}},{"type":"Feature","geometry":{"type":"Point","coordinates":[21.890199,43.324345]},"properties":{"line":"5000","mode":"bus","color":"#0059a9","colorDark":"#00294f","band":3,"off":[-5.1,11.1]}},{"type":"Feature","geometry":{"type":"Point","coordinates":[21.890199,43.324345]},"properties":{"line":"5002","mode":"bus","color":"#0059a9","colorDark":"#00294f","band":3,"off":[-1.7,11.1]}},{"type":"Feature","geometry":{"type":"Point","coordinates":[21.890199,43.324345]},"properties":{"line":"5004","mode":"bus","color":"#0059a9","colorDark":"#00294f","band":3,"off":[1.7,11.1]}},{"type":"Feature","geometry":{"type":"Point","coordinates":[21.890199,43.324345]},"properties":{"line":"5005","mode":"bus","color":"#0059a9","colorDark":"#00294f","band":3,"off":[5.1,11.1]}},{"type":"Feature","geometry":{"type":"Point","coordinates":[21.890199,43.324345]},"properties":{"line":"6000","mode":"bus","color":"#0059a9","colorDark":"#00294f","band":3,"off":[8.5,11.1]}},{"type":"Feature","geometry":{"type":"Point","coordinates":[21.910478,43.426961]},"properties":{"name":"Cerje","band":3,"modes":"bus","arr":["14A"],"off":[0,-0.8]}},{"type":"Feature","geometry":{"type":"Point","coordinates":[21.910478,43.426961]},"properties":{"line":"14A","mode":"bus","color":"#0059a9","colorDark":"#00294f","band":3,"off":[0,1.1]}},{"type":"Feature","geometry":{"type":"Point","coordinates":[21.994873,43.366242]},"properties":{"name":"Knez Selo ( iz grada )","band":3,"modes":"bus","arr":["15"],"off":[0,-0.8]}},{"type":"Feature","geometry":{"type":"Point","coordinates":[21.994873,43.366242]},"properties":{"name":"Knez Selo","band":3,"modes":"bus","arr":["15"],"off":[0,-3]}},{"type":"Feature","geometry":{"type":"Point","coordinates":[21.994873,43.366242]},"properties":{"line":"15","mode":"bus","color":"#0059a9","colorDark":"#00294f","band":3,"off":[0,1.1]}},{"type":"Feature","geometry":{"type":"Point","coordinates":[21.967781,43.363883]},"properties":{"name":"G. Matejevac prodavnica","band":3,"modes":"bus","arr":["15A"],"off":[0,-0.8]}},{"type":"Feature","geometry":{"type":"Point","coordinates":[21.967781,43.363883]},"properties":{"name":"G. Matejevac - prodavnica","band":3,"modes":"bus","arr":["15A"],"off":[0,-3]}},{"type":"Feature","geometry":{"type":"Point","coordinates":[21.967781,43.363883]},"properties":{"line":"15A","mode":"bus","color":"#0059a9","colorDark":"#00294f","band":3,"off":[0,1.1]}},{"type":"Feature","geometry":{"type":"Point","coordinates":[22.045476,43.37792]},"properties":{"name":"Vrelo okretnica","band":3,"modes":"bus","arr":["16"],"off":[0,-0.8]}},{"type":"Feature","geometry":{"type":"Point","coordinates":[22.045476,43.37792]},"properties":{"line":"16","mode":"bus","color":"#0059a9","colorDark":"#00294f","band":3,"off":[0,1.1]}},{"type":"Feature","geometry":{"type":"Point","coordinates":[22.068289,43.367206]},"properties":{"name":"Oreovac ( iz grada)","band":3,"modes":"bus","arr":["17"],"off":[0,-0.8]}},{"type":"Feature","geometry":{"type":"Point","coordinates":[22.068289,43.367206]},"properties":{"name":"Oreovac","band":3,"modes":"bus","arr":["17"],"off":[0,-3]}},{"type":"Feature","geometry":{"type":"Point","coordinates":[22.068289,43.367206]},"properties":{"line":"17","mode":"bus","color":"#0059a9","colorDark":"#00294f","band":3,"off":[0,1.1]}},{"type":"Feature","geometry":{"type":"Point","coordinates":[22.086508,43.339103]},"properties":{"name":"Sićevo okretnica - zadruga","band":3,"modes":"bus","arr":["18"],"off":[0,-0.8]}},{"type":"Feature","geometry":{"type":"Point","coordinates":[22.086508,43.339103]},"properties":{"line":"18","mode":"bus","color":"#0059a9","colorDark":"#00294f","band":3,"off":[0,1.1]}},{"type":"Feature","geometry":{"type":"Point","coordinates":[22.114754,43.271594]},"properties":{"name":"Bancarevo okretnica","band":3,"modes":"bus","arr":["19"],"off":[0,-0.8]}},{"type":"Feature","geometry":{"type":"Point","coordinates":[22.114754,43.271594]},"properties":{"line":"19","mode":"bus","color":"#0059a9","colorDark":"#00294f","band":3,"off":[0,1.1]}},{"type":"Feature","geometry":{"type":"Point","coordinates":[22.14439,43.291194]},"properties":{"name":"Ravni Do trafo","band":3,"modes":"bus","arr":["20"],"off":[0,-0.8]}},{"type":"Feature","geometry":{"type":"Point","coordinates":[22.14439,43.291194]},"properties":{"line":"20","mode":"bus","color":"#0059a9","colorDark":"#00294f","band":3,"off":[0,1.1]}},{"type":"Feature","geometry":{"type":"Point","coordinates":[22.124907,43.312549]},"properties":{"name":"Ostrovica naselje - okretnica ( ka Ravnom Dolu)","band":3,"modes":"bus","arr":["20A"],"off":[0,-0.8]}},{"type":"Feature","geometry":{"type":"Point","coordinates":[22.124907,43.312549]},"properties":{"name":"Ostrovica naselje - okretnica","band":3,"modes":"bus","arr":["20A"],"off":[0,-4.1]}},{"type":"Feature","geometry":{"type":"Point","coordinates":[22.124907,43.312549]},"properties":{"line":"20A","mode":"bus","color":"#0059a9","colorDark":"#00294f","band":3,"off":[0,1.1]}},{"type":"Feature","geometry":{"type":"Point","coordinates":[22.099264,43.248971]},"properties":{"name":"Gornja Studena okretnica","band":3,"modes":"bus","arr":["21"],"off":[0,-0.8]}},{"type":"Feature","geometry":{"type":"Point","coordinates":[22.099264,43.248971]},"properties":{"line":"21","mode":"bus","color":"#0059a9","colorDark":"#00294f","band":3,"off":[0,1.1]}},{"type":"Feature","geometry":{"type":"Point","coordinates":[22.062492,43.282944]},"properties":{"name":"Jelašnica okretnica","band":3,"modes":"bus","arr":["21A"],"off":[0,-0.8]}},{"type":"Feature","geometry":{"type":"Point","coordinates":[22.062492,43.282944]},"properties":{"line":"21A","mode":"bus","color":"#0059a9","colorDark":"#00294f","band":3,"off":[0,1.1]}},{"type":"Feature","geometry":{"type":"Point","coordinates":[21.958764,43.266389]},"properties":{"name":"Vukmanovo ( ka Berbatovu)","band":3,"modes":"bus","arr":["22","23B"],"off":[0,-0.8]}},{"type":"Feature","geometry":{"type":"Point","coordinates":[21.958764,43.266389]},"properties":{"name":"Vukmanovo","band":3,"modes":"bus","arr":["22","23B"],"off":[0,-3]}},{"type":"Feature","geometry":{"type":"Point","coordinates":[21.958764,43.266389]},"properties":{"line":"22","mode":"bus","color":"#0059a9","colorDark":"#00294f","band":3,"off":[-1.7,1.1]}},{"type":"Feature","geometry":{"type":"Point","coordinates":[21.958764,43.266389]},"properties":{"line":"23B","mode":"bus","color":"#0059a9","colorDark":"#00294f","band":3,"off":[1.7,1.1]}},{"type":"Feature","geometry":{"type":"Point","coordinates":[21.925808,43.264028]},"properties":{"name":"Gabrovac manastir okretnica ( ka Berbatovu)","band":3,"modes":"bus","arr":["23L"],"off":[0,-0.8]}},{"type":"Feature","geometry":{"type":"Point","coordinates":[21.925808,43.264028]},"properties":{"name":"Gabrovac manastir okretnica","band":3,"modes":"bus","arr":["23L"],"off":[0,-4.1]}},{"type":"Feature","geometry":{"type":"Point","coordinates":[21.925808,43.264028]},"properties":{"line":"23L","mode":"bus","color":"#0059a9","colorDark":"#00294f","band":3,"off":[0,1.1]}},{"type":"Feature","geometry":{"type":"Point","coordinates":[21.942252,43.257285]},"properties":{"name":"Berbatovo - trafo, okretnica ( ka Gabrovcu)","band":3,"modes":"bus","arr":["23"],"off":[0,-0.8]}},{"type":"Feature","geometry":{"type":"Point","coordinates":[21.942252,43.257285]},"properties":{"line":"23","mode":"bus","color":"#0059a9","colorDark":"#00294f","band":3,"off":[0,1.1]}},{"type":"Feature","geometry":{"type":"Point","coordinates":[21.912578,43.256641]},"properties":{"name":"Donje Vlase okretnica","band":3,"modes":"bus","arr":["24"],"off":[0,-0.8]}},{"type":"Feature","geometry":{"type":"Point","coordinates":[21.912578,43.256641]},"properties":{"line":"24","mode":"bus","color":"#0059a9","colorDark":"#00294f","band":3,"off":[0,1.1]}},{"type":"Feature","geometry":{"type":"Point","coordinates":[21.786214,43.342965]},"properties":{"name":"Lalinac okretnica - trafo","band":3,"modes":"bus","arr":["26"],"off":[0,-0.8]}},{"type":"Feature","geometry":{"type":"Point","coordinates":[21.786214,43.342965]},"properties":{"line":"26","mode":"bus","color":"#0059a9","colorDark":"#00294f","band":3,"off":[0,1.1]}},{"type":"Feature","geometry":{"type":"Point","coordinates":[21.796843,43.359401]},"properties":{"name":"Trupale - izlaz ( ka Vrtištu)","band":3,"modes":"bus","arr":["27A"],"off":[0,-0.8]}},{"type":"Feature","geometry":{"type":"Point","coordinates":[21.796843,43.359401]},"properties":{"name":"Trupale - izlaz","band":3,"modes":"bus","arr":["27A"],"off":[0,-3]}},{"type":"Feature","geometry":{"type":"Point","coordinates":[21.796843,43.359401]},"properties":{"line":"27A","mode":"bus","color":"#0059a9","colorDark":"#00294f","band":3,"off":[0,1.1]}},{"type":"Feature","geometry":{"type":"Point","coordinates":[21.830195,43.336144]},"properties":{"name":"Popovac - trafo","band":3,"modes":"bus","arr":["27B"],"off":[0,-0.8]}},{"type":"Feature","geometry":{"type":"Point","coordinates":[21.830195,43.336144]},"properties":{"line":"27B","mode":"bus","color":"#0059a9","colorDark":"#00294f","band":3,"off":[0,1.1]}},{"type":"Feature","geometry":{"type":"Point","coordinates":[21.803039,43.372134]},"properties":{"name":"Vrtište - centar ( ka Mezgraji)","band":3,"modes":"bus","arr":["28"],"off":[0,-0.8]}},{"type":"Feature","geometry":{"type":"Point","coordinates":[21.803039,43.372134]},"properties":{"name":"Vrtište - centar","band":3,"modes":"bus","arr":["28"],"off":[0,-3]}},{"type":"Feature","geometry":{"type":"Point","coordinates":[21.803039,43.372134]},"properties":{"line":"28","mode":"bus","color":"#0059a9","colorDark":"#00294f","band":3,"off":[0,1.1]}},{"type":"Feature","geometry":{"type":"Point","coordinates":[21.784788,43.396449]},"properties":{"name":"Mezgraja - raskrsnica ( ka Supovcu- G. Trnavi)","band":3,"modes":"bus","arr":["28A","28B"],"off":[0,-0.8]}},{"type":"Feature","geometry":{"type":"Point","coordinates":[21.784788,43.396449]},"properties":{"name":"Mezgraja - raskrsnica","band":3,"modes":"bus","arr":["28A","28B"],"off":[0,-4.1]}},{"type":"Feature","geometry":{"type":"Point","coordinates":[21.784788,43.396449]},"properties":{"line":"28A","mode":"bus","color":"#0059a9","colorDark":"#00294f","band":3,"off":[-1.7,1.1]}},{"type":"Feature","geometry":{"type":"Point","coordinates":[21.784788,43.396449]},"properties":{"line":"28B","mode":"bus","color":"#0059a9","colorDark":"#00294f","band":3,"off":[1.7,1.1]}},{"type":"Feature","geometry":{"type":"Point","coordinates":[21.821365,43.429846]},"properties":{"name":"Gornja Trnava - trafo","band":3,"modes":"bus","arr":["29","29A"],"off":[0,-0.8]}},{"type":"Feature","geometry":{"type":"Point","coordinates":[21.821365,43.429846]},"properties":{"name":"Gornja Trnava - Dom Kulture","band":3,"modes":"bus","arr":["29","29A"],"off":[0,-3]}},{"type":"Feature","geometry":{"type":"Point","coordinates":[21.821365,43.429846]},"properties":{"line":"29","mode":"bus","color":"#0059a9","colorDark":"#00294f","band":3,"off":[-1.7,1.1]}},{"type":"Feature","geometry":{"type":"Point","coordinates":[21.821365,43.429846]},"properties":{"line":"29A","mode":"bus","color":"#0059a9","colorDark":"#00294f","band":3,"off":[1.7,1.1]}},{"type":"Feature","geometry":{"type":"Point","coordinates":[21.898683,43.404786]},"properties":{"name":"Leskovik - česma","band":3,"modes":"bus","arr":["30"],"off":[0,-0.8]}},{"type":"Feature","geometry":{"type":"Point","coordinates":[21.898683,43.404786]},"properties":{"line":"30","mode":"bus","color":"#0059a9","colorDark":"#00294f","band":3,"off":[0,1.1]}},{"type":"Feature","geometry":{"type":"Point","coordinates":[21.900215,43.373149]},"properties":{"name":"Hum okretnica - spomenik ( ka Humu )","band":3,"modes":"bus","arr":["31"],"off":[0,-0.8]}},{"type":"Feature","geometry":{"type":"Point","coordinates":[21.900215,43.373149]},"properties":{"name":"Hum - spomenik, trafo","band":3,"modes":"bus","arr":["31"],"off":[0,-3]}},{"type":"Feature","geometry":{"type":"Point","coordinates":[21.900215,43.373149]},"properties":{"line":"31","mode":"bus","color":"#0059a9","colorDark":"#00294f","band":3,"off":[0,1.1]}},{"type":"Feature","geometry":{"type":"Point","coordinates":[21.861837,43.464524]},"properties":{"name":"Paligrace ( ka Paligracu)","band":3,"modes":"bus","arr":["32A"],"off":[0,-0.8]}},{"type":"Feature","geometry":{"type":"Point","coordinates":[21.861837,43.464524]},"properties":{"name":"Paligrace","band":3,"modes":"bus","arr":["32A"],"off":[0,-3]}},{"type":"Feature","geometry":{"type":"Point","coordinates":[21.861837,43.464524]},"properties":{"line":"32A","mode":"bus","color":"#0059a9","colorDark":"#00294f","band":3,"off":[0,1.1]}},{"type":"Feature","geometry":{"type":"Point","coordinates":[21.908,43.457769]},"properties":{"name":"Kravlje","band":3,"modes":"bus","arr":["32"],"off":[0,-0.8]}},{"type":"Feature","geometry":{"type":"Point","coordinates":[21.908,43.457769]},"properties":{"line":"32","mode":"bus","color":"#0059a9","colorDark":"#00294f","band":3,"off":[0,1.1]}},{"type":"Feature","geometry":{"type":"Point","coordinates":[21.748278,43.372699]},"properties":{"name":"Sečanica MK","band":3,"modes":"bus","arr":["33"],"off":[0,-0.8]}},{"type":"Feature","geometry":{"type":"Point","coordinates":[21.748278,43.372699]},"properties":{"line":"33","mode":"bus","color":"#0059a9","colorDark":"#00294f","band":3,"off":[0,1.1]}},{"type":"Feature","geometry":{"type":"Point","coordinates":[21.775909,43.329575]},"properties":{"name":"Krušce - igralište (na zahtev) ( ka Sečanici)","band":3,"modes":"bus","arr":["36"],"off":[0,-0.8]}},{"type":"Feature","geometry":{"type":"Point","coordinates":[21.775909,43.329575]},"properties":{"name":"Krušce - igralište (na zahtev)","band":3,"modes":"bus","arr":["36"],"off":[0,-4.1]}},{"type":"Feature","geometry":{"type":"Point","coordinates":[21.775909,43.329575]},"properties":{"line":"36","mode":"bus","color":"#0059a9","colorDark":"#00294f","band":3,"off":[0,1.1]}},{"type":"Feature","geometry":{"type":"Point","coordinates":[21.759718,43.389926]},"properties":{"name":"Supovac okretnica","band":3,"modes":"bus","arr":["33P","39"],"off":[0,-0.8]}},{"type":"Feature","geometry":{"type":"Point","coordinates":[21.759718,43.389926]},"properties":{"line":"33P","mode":"bus","color":"#0059a9","colorDark":"#00294f","band":3,"off":[-1.7,1.1]}},{"type":"Feature","geometry":{"type":"Point","coordinates":[21.759718,43.389926]},"properties":{"line":"39","mode":"bus","color":"#0059a9","colorDark":"#00294f","band":3,"off":[1.7,1.1]}},{"type":"Feature","geometry":{"type":"Point","coordinates":[21.866292,43.338225]},"properties":{"name":"Aerodrom Niš (iz grada)","band":3,"modes":"bus","arr":["34A","34B"],"off":[0,-0.8]}},{"type":"Feature","geometry":{"type":"Point","coordinates":[21.866292,43.338225]},"properties":{"name":"Aerodrom Niš","band":3,"modes":"bus","arr":["34A","34B"],"off":[0,-3]}},{"type":"Feature","geometry":{"type":"Point","coordinates":[21.866292,43.338225]},"properties":{"line":"34A","mode":"bus","color":"#0059a9","colorDark":"#00294f","band":3,"off":[-1.7,1.1]}},{"type":"Feature","geometry":{"type":"Point","coordinates":[21.866292,43.338225]},"properties":{"line":"34B","mode":"bus","color":"#0059a9","colorDark":"#00294f","band":3,"off":[1.7,1.1]}},{"type":"Feature","geometry":{"type":"Point","coordinates":[21.78383,43.313605]},"properties":{"name":"Mramor","band":3,"modes":"bus","arr":["36"],"off":[0,-0.8]}},{"type":"Feature","geometry":{"type":"Point","coordinates":[21.78383,43.313605]},"properties":{"line":"36","mode":"bus","color":"#0059a9","colorDark":"#00294f","band":3,"off":[0,1.1]}},{"type":"Feature","geometry":{"type":"Point","coordinates":[21.743145,43.313428]},"properties":{"name":"Mramorski Potok - okretnica","band":3,"modes":"bus","arr":["36A"],"off":[0,-0.8]}},{"type":"Feature","geometry":{"type":"Point","coordinates":[21.743145,43.313428]},"properties":{"line":"36A","mode":"bus","color":"#0059a9","colorDark":"#00294f","band":3,"off":[0,1.1]}},{"type":"Feature","geometry":{"type":"Point","coordinates":[21.995138,43.264589]},"properties":{"name":"Lazarevo Selo - raskrsnica","band":3,"modes":"bus","arr":["37"],"off":[0,-0.8]}},{"type":"Feature","geometry":{"type":"Point","coordinates":[21.995138,43.264589]},"properties":{"line":"37","mode":"bus","color":"#0059a9","colorDark":"#00294f","band":3,"off":[0,1.1]}},{"type":"Feature","geometry":{"type":"Point","coordinates":[22.005555,43.292996]},"properties":{"name":"Niška Banja","band":4,"modes":"bus","arr":["1"],"off":[0,-0.8]}},{"type":"Feature","geometry":{"type":"Point","coordinates":[22.005555,43.292996]},"properties":{"line":"1","mode":"bus","color":"#0059a9","colorDark":"#00294f","band":4,"off":[0,1.1]}},{"type":"Feature","geometry":{"type":"Point","coordinates":[21.933472,43.310638]},"properties":{"name":"Ekonomska škola","band":4,"modes":"bus","arr":["10"],"off":[0,-0.8]}},{"type":"Feature","geometry":{"type":"Point","coordinates":[21.933472,43.310638]},"properties":{"line":"10","mode":"bus","color":"#0059a9","colorDark":"#00294f","band":4,"off":[0,1.1]}},{"type":"Feature","geometry":{"type":"Point","coordinates":[21.895847,43.320932]},"properties":{"name":"Trg kralja Milana (ka Uredu)","band":4,"modes":"bus","arr":["2","4","5","6","10"],"off":[0,-0.8]}},{"type":"Feature","geometry":{"type":"Point","coordinates":[21.895847,43.320932]},"properties":{"line":"2","mode":"bus","color":"#0059a9","colorDark":"#00294f","band":4,"off":[-6.8,1.1]}},{"type":"Feature","geometry":{"type":"Point","coordinates":[21.895847,43.320932]},"properties":{"line":"4","mode":"bus","color":"#0059a9","colorDark":"#00294f","band":4,"off":[-3.4,1.1]}},{"type":"Feature","geometry":{"type":"Point","coordinates":[21.895847,43.320932]},"properties":{"line":"5","mode":"bus","color":"#0059a9","colorDark":"#00294f","band":4,"off":[0,1.1]}},{"type":"Feature","geometry":{"type":"Point","coordinates":[21.895847,43.320932]},"properties":{"line":"6","mode":"bus","color":"#0059a9","colorDark":"#00294f","band":4,"off":[3.4,1.1]}},{"type":"Feature","geometry":{"type":"Point","coordinates":[21.895847,43.320932]},"properties":{"line":"10","mode":"bus","color":"#0059a9","colorDark":"#00294f","band":4,"off":[6.8,1.1]}},{"type":"Feature","geometry":{"type":"Point","coordinates":[21.888606,43.319681]},"properties":{"name":"Šivara","band":4,"modes":"bus","arr":["10"],"off":[0,-0.8]}},{"type":"Feature","geometry":{"type":"Point","coordinates":[21.888606,43.319681]},"properties":{"line":"10","mode":"bus","color":"#0059a9","colorDark":"#00294f","band":4,"off":[0,1.1]}},{"type":"Feature","geometry":{"type":"Point","coordinates":[21.866717,43.315215]},"properties":{"name":"Ledena Stena","band":4,"modes":"bus","arr":["1"],"off":[0,-0.8]}},{"type":"Feature","geometry":{"type":"Point","coordinates":[21.866717,43.315215]},"properties":{"line":"1","mode":"bus","color":"#0059a9","colorDark":"#00294f","band":4,"off":[0,1.1]}},{"type":"Feature","geometry":{"type":"Point","coordinates":[21.862362,43.308627]},"properties":{"name":"Minovo naselje I","band":4,"modes":"bus","arr":["1"],"off":[0,-0.8]}},{"type":"Feature","geometry":{"type":"Point","coordinates":[21.862362,43.308627]},"properties":{"line":"1","mode":"bus","color":"#0059a9","colorDark":"#00294f","band":4,"off":[0,1.1]}},{"type":"Feature","geometry":{"type":"Point","coordinates":[21.878718,43.315656]},"properties":{"name":"Železnička stanica","band":4,"modes":"bus","arr":["5","6"],"off":[0,-0.8]}},{"type":"Feature","geometry":{"type":"Point","coordinates":[21.878718,43.315656]},"properties":{"line":"5","mode":"bus","color":"#0059a9","colorDark":"#00294f","band":4,"off":[-1.7,1.1]}},{"type":"Feature","geometry":{"type":"Point","coordinates":[21.878718,43.315656]},"properties":{"line":"6","mode":"bus","color":"#0059a9","colorDark":"#00294f","band":4,"off":[1.7,1.1]}},{"type":"Feature","geometry":{"type":"Point","coordinates":[21.891806,43.318318]},"properties":{"name":"Trg kralja Aleksandra","band":4,"modes":"bus","arr":["1","2","4","5","6","10","13","15A","27B","36"],"off":[0,-0.8]}},{"type":"Feature","geometry":{"type":"Point","coordinates":[21.891806,43.318318]},"properties":{"line":"1","mode":"bus","color":"#0059a9","colorDark":"#00294f","band":4,"off":[-6.8,1.1]}},{"type":"Feature","geometry":{"type":"Point","coordinates":[21.891806,43.318318]},"properties":{"line":"2","mode":"bus","color":"#0059a9","colorDark":"#00294f","band":4,"off":[-3.4,1.1]}},{"type":"Feature","geometry":{"type":"Point","coordinates":[21.891806,43.318318]},"properties":{"line":"4","mode":"bus","color":"#0059a9","colorDark":"#00294f","band":4,"off":[0,1.1]}},{"type":"Feature","geometry":{"type":"Point","coordinates":[21.891806,43.318318]},"properties":{"line":"5","mode":"bus","color":"#0059a9","colorDark":"#00294f","band":4,"off":[3.4,1.1]}},{"type":"Feature","geometry":{"type":"Point","coordinates":[21.891806,43.318318]},"properties":{"line":"6","mode":"bus","color":"#0059a9","colorDark":"#00294f","band":4,"off":[6.8,1.1]}},{"type":"Feature","geometry":{"type":"Point","coordinates":[21.891806,43.318318]},"properties":{"line":"10","mode":"bus","color":"#0059a9","colorDark":"#00294f","band":4,"off":[-6.8,3.1]}},{"type":"Feature","geometry":{"type":"Point","coordinates":[21.891806,43.318318]},"properties":{"line":"13","mode":"bus","color":"#0059a9","colorDark":"#00294f","band":4,"off":[-3.4,3.1]}},{"type":"Feature","geometry":{"type":"Point","coordinates":[21.891806,43.318318]},"properties":{"line":"15A","mode":"bus","color":"#0059a9","colorDark":"#00294f","band":4,"off":[0,3.1]}},{"type":"Feature","geometry":{"type":"Point","coordinates":[21.891806,43.318318]},"properties":{"line":"27B","mode":"bus","color":"#0059a9","colorDark":"#00294f","band":4,"off":[3.4,3.1]}},{"type":"Feature","geometry":{"type":"Point","coordinates":[21.891806,43.318318]},"properties":{"line":"36","mode":"bus","color":"#0059a9","colorDark":"#00294f","band":4,"off":[6.8,3.1]}},{"type":"Feature","geometry":{"type":"Point","coordinates":[21.896697,43.320882]},"properties":{"name":"Trg kralja Milana (ka Sudu)","band":4,"modes":"bus","arr":["500"],"off":[0,-0.8]}},{"type":"Feature","geometry":{"type":"Point","coordinates":[21.896697,43.320882]},"properties":{"line":"500","mode":"bus","color":"#0059a9","colorDark":"#00294f","band":4,"off":[0,1.1]}},{"type":"Feature","geometry":{"type":"Point","coordinates":[21.962298,43.327091]},"properties":{"name":"Donja Vrežina 1","band":4,"modes":"bus","arr":["2"],"off":[0,-0.8]}},{"type":"Feature","geometry":{"type":"Point","coordinates":[21.962298,43.327091]},"properties":{"line":"2","mode":"bus","color":"#0059a9","colorDark":"#00294f","band":4,"off":[0,1.1]}},{"type":"Feature","geometry":{"type":"Point","coordinates":[21.947235,43.330507]},"properties":{"name":"Donja Vrežina","band":4,"modes":"bus","arr":["2"],"off":[0,-0.8]}},{"type":"Feature","geometry":{"type":"Point","coordinates":[21.947235,43.330507]},"properties":{"line":"2","mode":"bus","color":"#0059a9","colorDark":"#00294f","band":4,"off":[0,1.1]}},{"type":"Feature","geometry":{"type":"Point","coordinates":[21.891406,43.319437]},"properties":{"name":"Ured","band":4,"modes":"bus","arr":["13","15A"],"off":[0,-0.8]}},{"type":"Feature","geometry":{"type":"Point","coordinates":[21.891406,43.319437]},"properties":{"line":"13","mode":"bus","color":"#0059a9","colorDark":"#00294f","band":4,"off":[-1.7,1.1]}},{"type":"Feature","geometry":{"type":"Point","coordinates":[21.891406,43.319437]},"properties":{"line":"15A","mode":"bus","color":"#0059a9","colorDark":"#00294f","band":4,"off":[1.7,1.1]}},{"type":"Feature","geometry":{"type":"Point","coordinates":[21.876725,43.310965]},"properties":{"name":"Bubanj (okretnica)","band":4,"modes":"bus","arr":["2","4"],"off":[0,-0.8]}},{"type":"Feature","geometry":{"type":"Point","coordinates":[21.876725,43.310965]},"properties":{"name":"Bubanj","band":4,"modes":"bus","arr":["2","4"],"off":[0,-1.9]}},{"type":"Feature","geometry":{"type":"Point","coordinates":[21.876725,43.310965]},"properties":{"line":"2","mode":"bus","color":"#0059a9","colorDark":"#00294f","band":4,"off":[-1.7,1.1]}},{"type":"Feature","geometry":{"type":"Point","coordinates":[21.876725,43.310965]},"properties":{"line":"4","mode":"bus","color":"#0059a9","colorDark":"#00294f","band":4,"off":[1.7,1.1]}},{"type":"Feature","geometry":{"type":"Point","coordinates":[21.901074,43.321544]},"properties":{"name":"Učiteljski dom","band":4,"modes":"bus","arr":["500"],"off":[0,-0.8]}},{"type":"Feature","geometry":{"type":"Point","coordinates":[21.901074,43.321544]},"properties":{"line":"500","mode":"bus","color":"#0059a9","colorDark":"#00294f","band":4,"off":[0,1.1]}},{"type":"Feature","geometry":{"type":"Point","coordinates":[21.994876,43.329543]},"properties":{"name":"Gornja Vrežina MK","band":4,"modes":"bus","arr":["2","17A"],"off":[0,-0.8]}},{"type":"Feature","geometry":{"type":"Point","coordinates":[21.994876,43.329543]},"properties":{"line":"2","mode":"bus","color":"#0059a9","colorDark":"#00294f","band":4,"off":[-1.7,1.1]}},{"type":"Feature","geometry":{"type":"Point","coordinates":[21.994876,43.329543]},"properties":{"line":"17A","mode":"bus","color":"#0059a9","colorDark":"#00294f","band":4,"off":[1.7,1.1]}},{"type":"Feature","geometry":{"type":"Point","coordinates":[21.946327,43.325843]},"properties":{"name":"Skopska","band":4,"modes":"bus","arr":["2","6"],"off":[0,-0.8]}},{"type":"Feature","geometry":{"type":"Point","coordinates":[21.946327,43.325843]},"properties":{"line":"2","mode":"bus","color":"#0059a9","colorDark":"#00294f","band":4,"off":[-1.7,1.1]}},{"type":"Feature","geometry":{"type":"Point","coordinates":[21.946327,43.325843]},"properties":{"line":"6","mode":"bus","color":"#0059a9","colorDark":"#00294f","band":4,"off":[1.7,1.1]}},{"type":"Feature","geometry":{"type":"Point","coordinates":[21.868192,43.344109]},"properties":{"name":"Naselje Ratko Jović","band":4,"modes":"bus","arr":["3"],"off":[0,-0.8]}},{"type":"Feature","geometry":{"type":"Point","coordinates":[21.868192,43.344109]},"properties":{"line":"3","mode":"bus","color":"#0059a9","colorDark":"#00294f","band":4,"off":[0,1.1]}},{"type":"Feature","geometry":{"type":"Point","coordinates":[21.965977,43.308622]},"properties":{"name":"Brzi Brod","band":4,"modes":"bus","arr":["3"],"off":[0,-0.8]}},{"type":"Feature","geometry":{"type":"Point","coordinates":[21.965977,43.308622]},"properties":{"line":"3","mode":"bus","color":"#0059a9","colorDark":"#00294f","band":4,"off":[0,1.1]}},{"type":"Feature","geometry":{"type":"Point","coordinates":[21.881747,43.333759]},"properties":{"name":"DIN","band":4,"modes":"bus","arr":["5001","5002","5004","5005","6000","7000"],"off":[0,-0.8]}},{"type":"Feature","geometry":{"type":"Point","coordinates":[21.881747,43.333759]},"properties":{"line":"5001","mode":"bus","color":"#0059a9","colorDark":"#00294f","band":4,"off":[-6.8,1.1]}},{"type":"Feature","geometry":{"type":"Point","coordinates":[21.881747,43.333759]},"properties":{"line":"5002","mode":"bus","color":"#0059a9","colorDark":"#00294f","band":4,"off":[-3.4,1.1]}},{"type":"Feature","geometry":{"type":"Point","coordinates":[21.881747,43.333759]},"properties":{"line":"5004","mode":"bus","color":"#0059a9","colorDark":"#00294f","band":4,"off":[0,1.1]}},{"type":"Feature","geometry":{"type":"Point","coordinates":[21.881747,43.333759]},"properties":{"line":"5005","mode":"bus","color":"#0059a9","colorDark":"#00294f","band":4,"off":[3.4,1.1]}},{"type":"Feature","geometry":{"type":"Point","coordinates":[21.881747,43.333759]},"properties":{"line":"6000","mode":"bus","color":"#0059a9","colorDark":"#00294f","band":4,"off":[6.8,1.1]}},{"type":"Feature","geometry":{"type":"Point","coordinates":[21.881747,43.333759]},"properties":{"line":"7000","mode":"bus","color":"#0059a9","colorDark":"#00294f","band":4,"off":[0,3.1]}},{"type":"Feature","geometry":{"type":"Point","coordinates":[21.879242,43.335701]},"properties":{"name":"Niš Mega maksi","band":4,"modes":"bus","arr":["5000"],"off":[0,-0.8]}},{"type":"Feature","geometry":{"type":"Point","coordinates":[21.879242,43.335701]},"properties":{"line":"5000","mode":"bus","color":"#0059a9","colorDark":"#00294f","band":4,"off":[0,1.1]}},{"type":"Feature","geometry":{"type":"Point","coordinates":[21.858417,43.344297]},"properties":{"name":"Velpro (raskrsnica)","band":4,"modes":"bus","arr":["3"],"off":[0,-0.8]}},{"type":"Feature","geometry":{"type":"Point","coordinates":[21.858417,43.344297]},"properties":{"line":"3","mode":"bus","color":"#0059a9","colorDark":"#00294f","band":4,"off":[0,1.1]}},{"type":"Feature","geometry":{"type":"Point","coordinates":[21.941181,43.335484]},"properties":{"name":"Čalije - ulica Ruža","band":4,"modes":"bus","arr":["4"],"off":[0,-0.8]}},{"type":"Feature","geometry":{"type":"Point","coordinates":[21.941181,43.335484]},"properties":{"line":"4","mode":"bus","color":"#0059a9","colorDark":"#00294f","band":4,"off":[0,1.1]}},{"type":"Feature","geometry":{"type":"Point","coordinates":[21.935566,43.335182]},"properties":{"name":"Matejevački put-kružna raskrsnica (iz grada)","band":4,"modes":"bus","arr":["5"],"off":[0,-0.8]}},{"type":"Feature","geometry":{"type":"Point","coordinates":[21.935566,43.335182]},"properties":{"name":"Matejevački put-kružna raskrsnica","band":4,"modes":"bus","arr":["5"],"off":[0,-4.1]}},{"type":"Feature","geometry":{"type":"Point","coordinates":[21.935566,43.335182]},"properties":{"line":"5","mode":"bus","color":"#0059a9","colorDark":"#00294f","band":4,"off":[0,1.1]}},{"type":"Feature","geometry":{"type":"Point","coordinates":[21.935479,43.318892]},"properties":{"name":"Duvanište (okretnica)","band":4,"modes":"bus","arr":["6","11"],"off":[0,-0.8]}},{"type":"Feature","geometry":{"type":"Point","coordinates":[21.935479,43.318892]},"properties":{"name":"Duvanište","band":4,"modes":"bus","arr":["6","11"],"off":[0,-3]}},{"type":"Feature","geometry":{"type":"Point","coordinates":[21.935479,43.318892]},"properties":{"line":"6","mode":"bus","color":"#0059a9","colorDark":"#00294f","band":4,"off":[-1.7,1.1]}},{"type":"Feature","geometry":{"type":"Point","coordinates":[21.935479,43.318892]},"properties":{"line":"11","mode":"bus","color":"#0059a9","colorDark":"#00294f","band":4,"off":[1.7,1.1]}},{"type":"Feature","geometry":{"type":"Point","coordinates":[21.882955,43.306902]},"properties":{"name":"Kalač Brdo","band":4,"modes":"bus","arr":["7"],"off":[0,-0.8]}},{"type":"Feature","geometry":{"type":"Point","coordinates":[21.882955,43.306902]},"properties":{"line":"7","mode":"bus","color":"#0059a9","colorDark":"#00294f","band":4,"off":[0,1.1]}},{"type":"Feature","geometry":{"type":"Point","coordinates":[21.892021,43.317578]},"properties":{"name":"Trg Pavla Stojkovića ( ka Uredu)","band":4,"modes":"bus","arr":["8","11"],"off":[0,-0.8]}},{"type":"Feature","geometry":{"type":"Point","coordinates":[21.892021,43.317578]},"properties":{"name":"Trg Pavla Stojkovića ( ka Margeru)","band":4,"modes":"bus","arr":["8","11"],"off":[0,-3]}},{"type":"Feature","geometry":{"type":"Point","coordinates":[21.892021,43.317578]},"properties":{"line":"8","mode":"bus","color":"#0059a9","colorDark":"#00294f","band":4,"off":[-1.7,1.1]}},{"type":"Feature","geometry":{"type":"Point","coordinates":[21.892021,43.317578]},"properties":{"line":"11","mode":"bus","color":"#0059a9","colorDark":"#00294f","band":4,"off":[1.7,1.1]}},{"type":"Feature","geometry":{"type":"Point","coordinates":[21.87507,43.331853]},"properties":{"name":"63. Padobranske - ložionica","band":4,"modes":"bus","arr":["7"],"off":[0,-0.8]}},{"type":"Feature","geometry":{"type":"Point","coordinates":[21.87507,43.331853]},"properties":{"line":"7","mode":"bus","color":"#0059a9","colorDark":"#00294f","band":4,"off":[0,1.1]}},{"type":"Feature","geometry":{"type":"Point","coordinates":[21.92191,43.30306]},"properties":{"name":"Gabrovačka Reka","band":4,"modes":"bus","arr":["8"],"off":[0,-0.8]}},{"type":"Feature","geometry":{"type":"Point","coordinates":[21.92191,43.30306]},"properties":{"line":"8","mode":"bus","color":"#0059a9","colorDark":"#00294f","band":4,"off":[0,1.1]}},{"type":"Feature","geometry":{"type":"Point","coordinates":[21.879737,43.295753]},"properties":{"name":"Novo groblje","band":4,"modes":"bus","arr":["8"],"off":[0,-0.8]}},{"type":"Feature","geometry":{"type":"Point","coordinates":[21.879737,43.295753]},"properties":{"line":"8","mode":"bus","color":"#0059a9","colorDark":"#00294f","band":4,"off":[0,1.1]}},{"type":"Feature","geometry":{"type":"Point","coordinates":[21.873522,43.2979]},"properties":{"name":"Gligorija Đaka (c)","band":4,"modes":"bus","arr":["8"],"off":[0,-0.8]}},{"type":"Feature","geometry":{"type":"Point","coordinates":[21.873522,43.2979]},"properties":{"name":"Gligorija Đaka","band":4,"modes":"bus","arr":["8"],"off":[0,-1.9]}},{"type":"Feature","geometry":{"type":"Point","coordinates":[21.873522,43.2979]},"properties":{"line":"8","mode":"bus","color":"#0059a9","colorDark":"#00294f","band":4,"off":[0,1.1]}},{"type":"Feature","geometry":{"type":"Point","coordinates":[21.912105,43.304749]},"properties":{"name":"Mokranjčeva","band":4,"modes":"bus","arr":["9"],"off":[0,-0.8]}},{"type":"Feature","geometry":{"type":"Point","coordinates":[21.912105,43.304749]},"properties":{"line":"9","mode":"bus","color":"#0059a9","colorDark":"#00294f","band":4,"off":[0,1.1]}},{"type":"Feature","geometry":{"type":"Point","coordinates":[21.896685,43.345485]},"properties":{"name":"Dr Miloša Đorića (iz grada)","band":4,"modes":"bus","arr":["9"],"off":[0,-0.8]}},{"type":"Feature","geometry":{"type":"Point","coordinates":[21.896685,43.345485]},"properties":{"line":"9","mode":"bus","color":"#0059a9","colorDark":"#00294f","band":4,"off":[0,1.1]}},{"type":"Feature","geometry":{"type":"Point","coordinates":[21.896814,43.344548]},"properties":{"name":"Dr Miloša Đorića","band":4,"modes":"bus","arr":["9"],"off":[0,-0.8]}},{"type":"Feature","geometry":{"type":"Point","coordinates":[21.896814,43.344548]},"properties":{"line":"9","mode":"bus","color":"#0059a9","colorDark":"#00294f","band":4,"off":[0,1.1]}},{"type":"Feature","geometry":{"type":"Point","coordinates":[21.817941,43.316438]},"properties":{"name":"Naselje 9. Maj - MK","band":4,"modes":"bus","arr":["10","25"],"off":[0,-0.8]}},{"type":"Feature","geometry":{"type":"Point","coordinates":[21.817941,43.316438]},"properties":{"name":"Naselje 9. Maj","band":4,"modes":"bus","arr":["10","25"],"off":[0,-3]}},{"type":"Feature","geometry":{"type":"Point","coordinates":[21.817941,43.316438]},"properties":{"line":"10","mode":"bus","color":"#0059a9","colorDark":"#00294f","band":4,"off":[-1.7,1.1]}},{"type":"Feature","geometry":{"type":"Point","coordinates":[21.817941,43.316438]},"properties":{"line":"25","mode":"bus","color":"#0059a9","colorDark":"#00294f","band":4,"off":[1.7,1.1]}},{"type":"Feature","geometry":{"type":"Point","coordinates":[21.864117,43.324945]},"properties":{"name":"Medoševac - okretnica","band":4,"modes":"bus","arr":["11"],"off":[0,-0.8]}},{"type":"Feature","geometry":{"type":"Point","coordinates":[21.864117,43.324945]},"properties":{"line":"11","mode":"bus","color":"#0059a9","colorDark":"#00294f","band":4,"off":[0,1.1]}},{"type":"Feature","geometry":{"type":"Point","coordinates":[21.888077,43.30881]},"properties":{"name":"Njegoševa","band":4,"modes":"bus","arr":["12"],"off":[0,-0.8]}},{"type":"Feature","geometry":{"type":"Point","coordinates":[21.888077,43.30881]},"properties":{"line":"12","mode":"bus","color":"#0059a9","colorDark":"#00294f","band":4,"off":[0,1.1]}},{"type":"Feature","geometry":{"type":"Point","coordinates":[21.872855,43.349783]},"properties":{"name":"Donji Komren","band":4,"modes":"bus","arr":["12"],"off":[0,-0.8]}},{"type":"Feature","geometry":{"type":"Point","coordinates":[21.872855,43.349783]},"properties":{"line":"12","mode":"bus","color":"#0059a9","colorDark":"#00294f","band":4,"off":[0,1.1]}},{"type":"Feature","geometry":{"type":"Point","coordinates":[21.925717,43.311372]},"properties":{"name":"Ćele Kula 1","band":4,"modes":"bus","arr":["13"],"off":[0,-0.8]}},{"type":"Feature","geometry":{"type":"Point","coordinates":[21.925717,43.311372]},"properties":{"line":"13","mode":"bus","color":"#0059a9","colorDark":"#00294f","band":4,"off":[0,1.1]}},{"type":"Feature","geometry":{"type":"Point","coordinates":[21.940133,43.307643]},"properties":{"name":"Delijski Vis","band":4,"modes":"bus","arr":["13"],"off":[0,-0.8]}},{"type":"Feature","geometry":{"type":"Point","coordinates":[21.940133,43.307643]},"properties":{"line":"13","mode":"bus","color":"#0059a9","colorDark":"#00294f","band":4,"off":[0,1.1]}},{"type":"Feature","geometry":{"type":"Point","coordinates":[21.89063,43.325459]},"properties":{"name":"PAS Niš ( iz Niša )","band":4,"modes":"bus","arr":["14","14A","15","16","17","17A","19","20","20A","21","21A","22","23","23B","23K","23L","24","25","26","27A","27B","28","28B","29","29A","30","31","32","32A","33","33P","35","36A","37","39","5001","7000"],"off":[0,-0.8]}},{"type":"Feature","geometry":{"type":"Point","coordinates":[21.89063,43.325459]},"properties":{"line":"14","mode":"bus","color":"#0059a9","colorDark":"#00294f","band":4,"off":[-10.2,1.1]}},{"type":"Feature","geometry":{"type":"Point","coordinates":[21.89063,43.325459]},"properties":{"line":"14A","mode":"bus","color":"#0059a9","colorDark":"#00294f","band":4,"off":[-6.8,1.1]}},{"type":"Feature","geometry":{"type":"Point","coordinates":[21.89063,43.325459]},"properties":{"line":"15","mode":"bus","color":"#0059a9","colorDark":"#00294f","band":4,"off":[-3.4,1.1]}},{"type":"Feature","geometry":{"type":"Point","coordinates":[21.89063,43.325459]},"properties":{"line":"16","mode":"bus","color":"#0059a9","colorDark":"#00294f","band":4,"off":[0,1.1]}},{"type":"Feature","geometry":{"type":"Point","coordinates":[21.89063,43.325459]},"properties":{"line":"17","mode":"bus","color":"#0059a9","colorDark":"#00294f","band":4,"off":[3.4,1.1]}},{"type":"Feature","geometry":{"type":"Point","coordinates":[21.89063,43.325459]},"properties":{"line":"17A","mode":"bus","color":"#0059a9","colorDark":"#00294f","band":4,"off":[6.8,1.1]}},{"type":"Feature","geometry":{"type":"Point","coordinates":[21.89063,43.325459]},"properties":{"line":"19","mode":"bus","color":"#0059a9","colorDark":"#00294f","band":4,"off":[10.2,1.1]}},{"type":"Feature","geometry":{"type":"Point","coordinates":[21.89063,43.325459]},"properties":{"line":"20","mode":"bus","color":"#0059a9","colorDark":"#00294f","band":4,"off":[-10.2,3.1]}},{"type":"Feature","geometry":{"type":"Point","coordinates":[21.89063,43.325459]},"properties":{"line":"20A","mode":"bus","color":"#0059a9","colorDark":"#00294f","band":4,"off":[-6.8,3.1]}},{"type":"Feature","geometry":{"type":"Point","coordinates":[21.89063,43.325459]},"properties":{"line":"21","mode":"bus","color":"#0059a9","colorDark":"#00294f","band":4,"off":[-3.4,3.1]}},{"type":"Feature","geometry":{"type":"Point","coordinates":[21.89063,43.325459]},"properties":{"line":"21A","mode":"bus","color":"#0059a9","colorDark":"#00294f","band":4,"off":[0,3.1]}},{"type":"Feature","geometry":{"type":"Point","coordinates":[21.89063,43.325459]},"properties":{"line":"22","mode":"bus","color":"#0059a9","colorDark":"#00294f","band":4,"off":[3.4,3.1]}},{"type":"Feature","geometry":{"type":"Point","coordinates":[21.89063,43.325459]},"properties":{"line":"23","mode":"bus","color":"#0059a9","colorDark":"#00294f","band":4,"off":[6.8,3.1]}},{"type":"Feature","geometry":{"type":"Point","coordinates":[21.89063,43.325459]},"properties":{"line":"23B","mode":"bus","color":"#0059a9","colorDark":"#00294f","band":4,"off":[10.2,3.1]}},{"type":"Feature","geometry":{"type":"Point","coordinates":[21.89063,43.325459]},"properties":{"line":"23K","mode":"bus","color":"#0059a9","colorDark":"#00294f","band":4,"off":[-10.2,5.1]}},{"type":"Feature","geometry":{"type":"Point","coordinates":[21.89063,43.325459]},"properties":{"line":"23L","mode":"bus","color":"#0059a9","colorDark":"#00294f","band":4,"off":[-6.8,5.1]}},{"type":"Feature","geometry":{"type":"Point","coordinates":[21.89063,43.325459]},"properties":{"line":"24","mode":"bus","color":"#0059a9","colorDark":"#00294f","band":4,"off":[-3.4,5.1]}},{"type":"Feature","geometry":{"type":"Point","coordinates":[21.89063,43.325459]},"properties":{"line":"25","mode":"bus","color":"#0059a9","colorDark":"#00294f","band":4,"off":[0,5.1]}},{"type":"Feature","geometry":{"type":"Point","coordinates":[21.89063,43.325459]},"properties":{"line":"26","mode":"bus","color":"#0059a9","colorDark":"#00294f","band":4,"off":[3.4,5.1]}},{"type":"Feature","geometry":{"type":"Point","coordinates":[21.89063,43.325459]},"properties":{"line":"27A","mode":"bus","color":"#0059a9","colorDark":"#00294f","band":4,"off":[6.8,5.1]}},{"type":"Feature","geometry":{"type":"Point","coordinates":[21.89063,43.325459]},"properties":{"line":"27B","mode":"bus","color":"#0059a9","colorDark":"#00294f","band":4,"off":[10.2,5.1]}},{"type":"Feature","geometry":{"type":"Point","coordinates":[21.89063,43.325459]},"properties":{"line":"28","mode":"bus","color":"#0059a9","colorDark":"#00294f","band":4,"off":[-10.2,7.1]}},{"type":"Feature","geometry":{"type":"Point","coordinates":[21.89063,43.325459]},"properties":{"line":"28B","mode":"bus","color":"#0059a9","colorDark":"#00294f","band":4,"off":[-6.8,7.1]}},{"type":"Feature","geometry":{"type":"Point","coordinates":[21.89063,43.325459]},"properties":{"line":"29","mode":"bus","color":"#0059a9","colorDark":"#00294f","band":4,"off":[-3.4,7.1]}},{"type":"Feature","geometry":{"type":"Point","coordinates":[21.89063,43.325459]},"properties":{"line":"29A","mode":"bus","color":"#0059a9","colorDark":"#00294f","band":4,"off":[0,7.1]}},{"type":"Feature","geometry":{"type":"Point","coordinates":[21.89063,43.325459]},"properties":{"line":"30","mode":"bus","color":"#0059a9","colorDark":"#00294f","band":4,"off":[3.4,7.1]}},{"type":"Feature","geometry":{"type":"Point","coordinates":[21.89063,43.325459]},"properties":{"line":"31","mode":"bus","color":"#0059a9","colorDark":"#00294f","band":4,"off":[6.8,7.1]}},{"type":"Feature","geometry":{"type":"Point","coordinates":[21.89063,43.325459]},"properties":{"line":"32","mode":"bus","color":"#0059a9","colorDark":"#00294f","band":4,"off":[10.2,7.1]}},{"type":"Feature","geometry":{"type":"Point","coordinates":[21.89063,43.325459]},"properties":{"line":"32A","mode":"bus","color":"#0059a9","colorDark":"#00294f","band":4,"off":[-10.2,9.1]}},{"type":"Feature","geometry":{"type":"Point","coordinates":[21.89063,43.325459]},"properties":{"line":"33","mode":"bus","color":"#0059a9","colorDark":"#00294f","band":4,"off":[-6.8,9.1]}},{"type":"Feature","geometry":{"type":"Point","coordinates":[21.89063,43.325459]},"properties":{"line":"33P","mode":"bus","color":"#0059a9","colorDark":"#00294f","band":4,"off":[-3.4,9.1]}},{"type":"Feature","geometry":{"type":"Point","coordinates":[21.89063,43.325459]},"properties":{"line":"35","mode":"bus","color":"#0059a9","colorDark":"#00294f","band":4,"off":[0,9.1]}},{"type":"Feature","geometry":{"type":"Point","coordinates":[21.89063,43.325459]},"properties":{"line":"36A","mode":"bus","color":"#0059a9","colorDark":"#00294f","band":4,"off":[3.4,9.1]}},{"type":"Feature","geometry":{"type":"Point","coordinates":[21.89063,43.325459]},"properties":{"line":"37","mode":"bus","color":"#0059a9","colorDark":"#00294f","band":4,"off":[6.8,9.1]}},{"type":"Feature","geometry":{"type":"Point","coordinates":[21.89063,43.325459]},"properties":{"line":"39","mode":"bus","color":"#0059a9","colorDark":"#00294f","band":4,"off":[10.2,9.1]}},{"type":"Feature","geometry":{"type":"Point","coordinates":[21.89063,43.325459]},"properties":{"line":"5001","mode":"bus","color":"#0059a9","colorDark":"#00294f","band":4,"off":[-1.7,11.1]}},{"type":"Feature","geometry":{"type":"Point","coordinates":[21.89063,43.325459]},"properties":{"line":"7000","mode":"bus","color":"#0059a9","colorDark":"#00294f","band":4,"off":[1.7,11.1]}},{"type":"Feature","geometry":{"type":"Point","coordinates":[21.932212,43.35835]},"properties":{"name":"Vinik izlaz (ka Viniku)","band":4,"modes":"bus","arr":["14"],"off":[0,-0.8]}},{"type":"Feature","geometry":{"type":"Point","coordinates":[21.932212,43.35835]},"properties":{"line":"14","mode":"bus","color":"#0059a9","colorDark":"#00294f","band":4,"off":[0,1.1]}},{"type":"Feature","geometry":{"type":"Point","coordinates":[21.928519,43.382089]},"properties":{"name":"Brenica (okretnica)","band":4,"modes":"bus","arr":["14"],"off":[0,-0.8]}},{"type":"Feature","geometry":{"type":"Point","coordinates":[21.928519,43.382089]},"properties":{"line":"14","mode":"bus","color":"#0059a9","colorDark":"#00294f","band":4,"off":[0,1.1]}},{"type":"Feature","geometry":{"type":"Point","coordinates":[21.890199,43.324816]},"properties":{"name":"PAS Niš ( ka Nišu )","band":4,"modes":"bus","arr":["14","14A","15","16","18","19","20","20A","21","23","23B","23K","23L","24","25","26","27A","27B","28","28A","29","29A","30","31","32","32A","33","35","36A","37","39","5000","5002","5004","5005","6000"],"off":[0,-0.8]}},{"type":"Feature","geometry":{"type":"Point","coordinates":[21.890199,43.324816]},"properties":{"line":"14","mode":"bus","color":"#0059a9","colorDark":"#00294f","band":4,"off":[-8.5,1.1]}},{"type":"Feature","geometry":{"type":"Point","coordinates":[21.890199,43.324816]},"properties":{"line":"14A","mode":"bus","color":"#0059a9","colorDark":"#00294f","band":4,"off":[-5.1,1.1]}},{"type":"Feature","geometry":{"type":"Point","coordinates":[21.890199,43.324816]},"properties":{"line":"15","mode":"bus","color":"#0059a9","colorDark":"#00294f","band":4,"off":[-1.7,1.1]}},{"type":"Feature","geometry":{"type":"Point","coordinates":[21.890199,43.324816]},"properties":{"line":"16","mode":"bus","color":"#0059a9","colorDark":"#00294f","band":4,"off":[1.7,1.1]}},{"type":"Feature","geometry":{"type":"Point","coordinates":[21.890199,43.324816]},"properties":{"line":"18","mode":"bus","color":"#0059a9","colorDark":"#00294f","band":4,"off":[5.1,1.1]}},{"type":"Feature","geometry":{"type":"Point","coordinates":[21.890199,43.324816]},"properties":{"line":"19","mode":"bus","color":"#0059a9","colorDark":"#00294f","band":4,"off":[8.5,1.1]}},{"type":"Feature","geometry":{"type":"Point","coordinates":[21.890199,43.324816]},"properties":{"line":"20","mode":"bus","color":"#0059a9","colorDark":"#00294f","band":4,"off":[-8.5,3.1]}},{"type":"Feature","geometry":{"type":"Point","coordinates":[21.890199,43.324816]},"properties":{"line":"20A","mode":"bus","color":"#0059a9","colorDark":"#00294f","band":4,"off":[-5.1,3.1]}},{"type":"Feature","geometry":{"type":"Point","coordinates":[21.890199,43.324816]},"properties":{"line":"21","mode":"bus","color":"#0059a9","colorDark":"#00294f","band":4,"off":[-1.7,3.1]}},{"type":"Feature","geometry":{"type":"Point","coordinates":[21.890199,43.324816]},"properties":{"line":"23","mode":"bus","color":"#0059a9","colorDark":"#00294f","band":4,"off":[1.7,3.1]}},{"type":"Feature","geometry":{"type":"Point","coordinates":[21.890199,43.324816]},"properties":{"line":"23B","mode":"bus","color":"#0059a9","colorDark":"#00294f","band":4,"off":[5.1,3.1]}},{"type":"Feature","geometry":{"type":"Point","coordinates":[21.890199,43.324816]},"properties":{"line":"23K","mode":"bus","color":"#0059a9","colorDark":"#00294f","band":4,"off":[8.5,3.1]}},{"type":"Feature","geometry":{"type":"Point","coordinates":[21.890199,43.324816]},"properties":{"line":"23L","mode":"bus","color":"#0059a9","colorDark":"#00294f","band":4,"off":[-8.5,5.1]}},{"type":"Feature","geometry":{"type":"Point","coordinates":[21.890199,43.324816]},"properties":{"line":"24","mode":"bus","color":"#0059a9","colorDark":"#00294f","band":4,"off":[-5.1,5.1]}},{"type":"Feature","geometry":{"type":"Point","coordinates":[21.890199,43.324816]},"properties":{"line":"25","mode":"bus","color":"#0059a9","colorDark":"#00294f","band":4,"off":[-1.7,5.1]}},{"type":"Feature","geometry":{"type":"Point","coordinates":[21.890199,43.324816]},"properties":{"line":"26","mode":"bus","color":"#0059a9","colorDark":"#00294f","band":4,"off":[1.7,5.1]}},{"type":"Feature","geometry":{"type":"Point","coordinates":[21.890199,43.324816]},"properties":{"line":"27A","mode":"bus","color":"#0059a9","colorDark":"#00294f","band":4,"off":[5.1,5.1]}},{"type":"Feature","geometry":{"type":"Point","coordinates":[21.890199,43.324816]},"properties":{"line":"27B","mode":"bus","color":"#0059a9","colorDark":"#00294f","band":4,"off":[8.5,5.1]}},{"type":"Feature","geometry":{"type":"Point","coordinates":[21.890199,43.324816]},"properties":{"line":"28","mode":"bus","color":"#0059a9","colorDark":"#00294f","band":4,"off":[-8.5,7.1]}},{"type":"Feature","geometry":{"type":"Point","coordinates":[21.890199,43.324816]},"properties":{"line":"28A","mode":"bus","color":"#0059a9","colorDark":"#00294f","band":4,"off":[-5.1,7.1]}},{"type":"Feature","geometry":{"type":"Point","coordinates":[21.890199,43.324816]},"properties":{"line":"29","mode":"bus","color":"#0059a9","colorDark":"#00294f","band":4,"off":[-1.7,7.1]}},{"type":"Feature","geometry":{"type":"Point","coordinates":[21.890199,43.324816]},"properties":{"line":"29A","mode":"bus","color":"#0059a9","colorDark":"#00294f","band":4,"off":[1.7,7.1]}},{"type":"Feature","geometry":{"type":"Point","coordinates":[21.890199,43.324816]},"properties":{"line":"30","mode":"bus","color":"#0059a9","colorDark":"#00294f","band":4,"off":[5.1,7.1]}},{"type":"Feature","geometry":{"type":"Point","coordinates":[21.890199,43.324816]},"properties":{"line":"31","mode":"bus","color":"#0059a9","colorDark":"#00294f","band":4,"off":[8.5,7.1]}},{"type":"Feature","geometry":{"type":"Point","coordinates":[21.890199,43.324816]},"properties":{"line":"32","mode":"bus","color":"#0059a9","colorDark":"#00294f","band":4,"off":[-8.5,9.1]}},{"type":"Feature","geometry":{"type":"Point","coordinates":[21.890199,43.324816]},"properties":{"line":"32A","mode":"bus","color":"#0059a9","colorDark":"#00294f","band":4,"off":[-5.1,9.1]}},{"type":"Feature","geometry":{"type":"Point","coordinates":[21.890199,43.324816]},"properties":{"line":"33","mode":"bus","color":"#0059a9","colorDark":"#00294f","band":4,"off":[-1.7,9.1]}},{"type":"Feature","geometry":{"type":"Point","coordinates":[21.890199,43.324816]},"properties":{"line":"35","mode":"bus","color":"#0059a9","colorDark":"#00294f","band":4,"off":[1.7,9.1]}},{"type":"Feature","geometry":{"type":"Point","coordinates":[21.890199,43.324816]},"properties":{"line":"36A","mode":"bus","color":"#0059a9","colorDark":"#00294f","band":4,"off":[5.1,9.1]}},{"type":"Feature","geometry":{"type":"Point","coordinates":[21.890199,43.324816]},"properties":{"line":"37","mode":"bus","color":"#0059a9","colorDark":"#00294f","band":4,"off":[8.5,9.1]}},{"type":"Feature","geometry":{"type":"Point","coordinates":[21.890199,43.324816]},"properties":{"line":"39","mode":"bus","color":"#0059a9","colorDark":"#00294f","band":4,"off":[-8.5,11.1]}},{"type":"Feature","geometry":{"type":"Point","coordinates":[21.890199,43.324816]},"properties":{"line":"5000","mode":"bus","color":"#0059a9","colorDark":"#00294f","band":4,"off":[-5.1,11.1]}},{"type":"Feature","geometry":{"type":"Point","coordinates":[21.890199,43.324816]},"properties":{"line":"5002","mode":"bus","color":"#0059a9","colorDark":"#00294f","band":4,"off":[-1.7,11.1]}},{"type":"Feature","geometry":{"type":"Point","coordinates":[21.890199,43.324816]},"properties":{"line":"5004","mode":"bus","color":"#0059a9","colorDark":"#00294f","band":4,"off":[1.7,11.1]}},{"type":"Feature","geometry":{"type":"Point","coordinates":[21.890199,43.324816]},"properties":{"line":"5005","mode":"bus","color":"#0059a9","colorDark":"#00294f","band":4,"off":[5.1,11.1]}},{"type":"Feature","geometry":{"type":"Point","coordinates":[21.890199,43.324816]},"properties":{"line":"6000","mode":"bus","color":"#0059a9","colorDark":"#00294f","band":4,"off":[8.5,11.1]}},{"type":"Feature","geometry":{"type":"Point","coordinates":[21.910478,43.426961]},"properties":{"name":"Cerje","band":4,"modes":"bus","arr":["14A"],"off":[0,-0.8]}},{"type":"Feature","geometry":{"type":"Point","coordinates":[21.910478,43.426961]},"properties":{"line":"14A","mode":"bus","color":"#0059a9","colorDark":"#00294f","band":4,"off":[0,1.1]}},{"type":"Feature","geometry":{"type":"Point","coordinates":[21.994873,43.366242]},"properties":{"name":"Knez Selo ( iz grada )","band":4,"modes":"bus","arr":["15"],"off":[0,-0.8]}},{"type":"Feature","geometry":{"type":"Point","coordinates":[21.994873,43.366242]},"properties":{"name":"Knez Selo","band":4,"modes":"bus","arr":["15"],"off":[0,-3]}},{"type":"Feature","geometry":{"type":"Point","coordinates":[21.994873,43.366242]},"properties":{"line":"15","mode":"bus","color":"#0059a9","colorDark":"#00294f","band":4,"off":[0,1.1]}},{"type":"Feature","geometry":{"type":"Point","coordinates":[21.967781,43.363883]},"properties":{"name":"G. Matejevac prodavnica","band":4,"modes":"bus","arr":["15A"],"off":[0,-0.8]}},{"type":"Feature","geometry":{"type":"Point","coordinates":[21.967781,43.363883]},"properties":{"name":"G. Matejevac - prodavnica","band":4,"modes":"bus","arr":["15A"],"off":[0,-3]}},{"type":"Feature","geometry":{"type":"Point","coordinates":[21.967781,43.363883]},"properties":{"line":"15A","mode":"bus","color":"#0059a9","colorDark":"#00294f","band":4,"off":[0,1.1]}},{"type":"Feature","geometry":{"type":"Point","coordinates":[22.045476,43.37792]},"properties":{"name":"Vrelo okretnica","band":4,"modes":"bus","arr":["16"],"off":[0,-0.8]}},{"type":"Feature","geometry":{"type":"Point","coordinates":[22.045476,43.37792]},"properties":{"line":"16","mode":"bus","color":"#0059a9","colorDark":"#00294f","band":4,"off":[0,1.1]}},{"type":"Feature","geometry":{"type":"Point","coordinates":[22.068289,43.367206]},"properties":{"name":"Oreovac ( iz grada)","band":4,"modes":"bus","arr":["17"],"off":[0,-0.8]}},{"type":"Feature","geometry":{"type":"Point","coordinates":[22.068289,43.367206]},"properties":{"name":"Oreovac","band":4,"modes":"bus","arr":["17"],"off":[0,-3]}},{"type":"Feature","geometry":{"type":"Point","coordinates":[22.068289,43.367206]},"properties":{"line":"17","mode":"bus","color":"#0059a9","colorDark":"#00294f","band":4,"off":[0,1.1]}},{"type":"Feature","geometry":{"type":"Point","coordinates":[22.086508,43.339103]},"properties":{"name":"Sićevo okretnica - zadruga","band":4,"modes":"bus","arr":["18"],"off":[0,-0.8]}},{"type":"Feature","geometry":{"type":"Point","coordinates":[22.086508,43.339103]},"properties":{"line":"18","mode":"bus","color":"#0059a9","colorDark":"#00294f","band":4,"off":[0,1.1]}},{"type":"Feature","geometry":{"type":"Point","coordinates":[22.114754,43.271594]},"properties":{"name":"Bancarevo okretnica","band":4,"modes":"bus","arr":["19"],"off":[0,-0.8]}},{"type":"Feature","geometry":{"type":"Point","coordinates":[22.114754,43.271594]},"properties":{"line":"19","mode":"bus","color":"#0059a9","colorDark":"#00294f","band":4,"off":[0,1.1]}},{"type":"Feature","geometry":{"type":"Point","coordinates":[22.14439,43.291194]},"properties":{"name":"Ravni Do trafo","band":4,"modes":"bus","arr":["20"],"off":[0,-0.8]}},{"type":"Feature","geometry":{"type":"Point","coordinates":[22.14439,43.291194]},"properties":{"line":"20","mode":"bus","color":"#0059a9","colorDark":"#00294f","band":4,"off":[0,1.1]}},{"type":"Feature","geometry":{"type":"Point","coordinates":[22.124907,43.312549]},"properties":{"name":"Ostrovica naselje - okretnica ( ka Ravnom Dolu)","band":4,"modes":"bus","arr":["20A"],"off":[0,-0.8]}},{"type":"Feature","geometry":{"type":"Point","coordinates":[22.124907,43.312549]},"properties":{"name":"Ostrovica naselje - okretnica","band":4,"modes":"bus","arr":["20A"],"off":[0,-4.1]}},{"type":"Feature","geometry":{"type":"Point","coordinates":[22.124907,43.312549]},"properties":{"line":"20A","mode":"bus","color":"#0059a9","colorDark":"#00294f","band":4,"off":[0,1.1]}},{"type":"Feature","geometry":{"type":"Point","coordinates":[22.099264,43.248971]},"properties":{"name":"Gornja Studena okretnica","band":4,"modes":"bus","arr":["21"],"off":[0,-0.8]}},{"type":"Feature","geometry":{"type":"Point","coordinates":[22.099264,43.248971]},"properties":{"line":"21","mode":"bus","color":"#0059a9","colorDark":"#00294f","band":4,"off":[0,1.1]}},{"type":"Feature","geometry":{"type":"Point","coordinates":[22.062492,43.282944]},"properties":{"name":"Jelašnica okretnica","band":4,"modes":"bus","arr":["21A"],"off":[0,-0.8]}},{"type":"Feature","geometry":{"type":"Point","coordinates":[22.062492,43.282944]},"properties":{"line":"21A","mode":"bus","color":"#0059a9","colorDark":"#00294f","band":4,"off":[0,1.1]}},{"type":"Feature","geometry":{"type":"Point","coordinates":[21.958764,43.266389]},"properties":{"name":"Vukmanovo ( ka Berbatovu)","band":4,"modes":"bus","arr":["22","23B"],"off":[0,-0.8]}},{"type":"Feature","geometry":{"type":"Point","coordinates":[21.958764,43.266389]},"properties":{"name":"Vukmanovo","band":4,"modes":"bus","arr":["22","23B"],"off":[0,-3]}},{"type":"Feature","geometry":{"type":"Point","coordinates":[21.958764,43.266389]},"properties":{"line":"22","mode":"bus","color":"#0059a9","colorDark":"#00294f","band":4,"off":[-1.7,1.1]}},{"type":"Feature","geometry":{"type":"Point","coordinates":[21.958764,43.266389]},"properties":{"line":"23B","mode":"bus","color":"#0059a9","colorDark":"#00294f","band":4,"off":[1.7,1.1]}},{"type":"Feature","geometry":{"type":"Point","coordinates":[21.925808,43.264028]},"properties":{"name":"Gabrovac manastir okretnica ( ka Berbatovu)","band":4,"modes":"bus","arr":["23L"],"off":[0,-0.8]}},{"type":"Feature","geometry":{"type":"Point","coordinates":[21.925808,43.264028]},"properties":{"name":"Gabrovac manastir okretnica","band":4,"modes":"bus","arr":["23L"],"off":[0,-4.1]}},{"type":"Feature","geometry":{"type":"Point","coordinates":[21.925808,43.264028]},"properties":{"line":"23L","mode":"bus","color":"#0059a9","colorDark":"#00294f","band":4,"off":[0,1.1]}},{"type":"Feature","geometry":{"type":"Point","coordinates":[21.942252,43.257285]},"properties":{"name":"Berbatovo - trafo, okretnica ( ka Gabrovcu)","band":4,"modes":"bus","arr":["23"],"off":[0,-0.8]}},{"type":"Feature","geometry":{"type":"Point","coordinates":[21.942252,43.257285]},"properties":{"line":"23","mode":"bus","color":"#0059a9","colorDark":"#00294f","band":4,"off":[0,1.1]}},{"type":"Feature","geometry":{"type":"Point","coordinates":[21.912578,43.256641]},"properties":{"name":"Donje Vlase okretnica","band":4,"modes":"bus","arr":["24"],"off":[0,-0.8]}},{"type":"Feature","geometry":{"type":"Point","coordinates":[21.912578,43.256641]},"properties":{"line":"24","mode":"bus","color":"#0059a9","colorDark":"#00294f","band":4,"off":[0,1.1]}},{"type":"Feature","geometry":{"type":"Point","coordinates":[21.786214,43.342965]},"properties":{"name":"Lalinac okretnica - trafo","band":4,"modes":"bus","arr":["26"],"off":[0,-0.8]}},{"type":"Feature","geometry":{"type":"Point","coordinates":[21.786214,43.342965]},"properties":{"line":"26","mode":"bus","color":"#0059a9","colorDark":"#00294f","band":4,"off":[0,1.1]}},{"type":"Feature","geometry":{"type":"Point","coordinates":[21.796843,43.359401]},"properties":{"name":"Trupale - izlaz ( ka Vrtištu)","band":4,"modes":"bus","arr":["27A"],"off":[0,-0.8]}},{"type":"Feature","geometry":{"type":"Point","coordinates":[21.796843,43.359401]},"properties":{"name":"Trupale - izlaz","band":4,"modes":"bus","arr":["27A"],"off":[0,-3]}},{"type":"Feature","geometry":{"type":"Point","coordinates":[21.796843,43.359401]},"properties":{"line":"27A","mode":"bus","color":"#0059a9","colorDark":"#00294f","band":4,"off":[0,1.1]}},{"type":"Feature","geometry":{"type":"Point","coordinates":[21.830195,43.336144]},"properties":{"name":"Popovac - trafo","band":4,"modes":"bus","arr":["27B"],"off":[0,-0.8]}},{"type":"Feature","geometry":{"type":"Point","coordinates":[21.830195,43.336144]},"properties":{"line":"27B","mode":"bus","color":"#0059a9","colorDark":"#00294f","band":4,"off":[0,1.1]}},{"type":"Feature","geometry":{"type":"Point","coordinates":[21.803039,43.372134]},"properties":{"name":"Vrtište - centar ( ka Mezgraji)","band":4,"modes":"bus","arr":["28"],"off":[0,-0.8]}},{"type":"Feature","geometry":{"type":"Point","coordinates":[21.803039,43.372134]},"properties":{"name":"Vrtište - centar","band":4,"modes":"bus","arr":["28"],"off":[0,-3]}},{"type":"Feature","geometry":{"type":"Point","coordinates":[21.803039,43.372134]},"properties":{"line":"28","mode":"bus","color":"#0059a9","colorDark":"#00294f","band":4,"off":[0,1.1]}},{"type":"Feature","geometry":{"type":"Point","coordinates":[21.784788,43.396449]},"properties":{"name":"Mezgraja - raskrsnica ( ka Supovcu- G. Trnavi)","band":4,"modes":"bus","arr":["28A","28B"],"off":[0,-0.8]}},{"type":"Feature","geometry":{"type":"Point","coordinates":[21.784788,43.396449]},"properties":{"name":"Mezgraja - raskrsnica","band":4,"modes":"bus","arr":["28A","28B"],"off":[0,-4.1]}},{"type":"Feature","geometry":{"type":"Point","coordinates":[21.784788,43.396449]},"properties":{"line":"28A","mode":"bus","color":"#0059a9","colorDark":"#00294f","band":4,"off":[-1.7,1.1]}},{"type":"Feature","geometry":{"type":"Point","coordinates":[21.784788,43.396449]},"properties":{"line":"28B","mode":"bus","color":"#0059a9","colorDark":"#00294f","band":4,"off":[1.7,1.1]}},{"type":"Feature","geometry":{"type":"Point","coordinates":[21.821365,43.429846]},"properties":{"name":"Gornja Trnava - trafo","band":4,"modes":"bus","arr":["29","29A"],"off":[0,-0.8]}},{"type":"Feature","geometry":{"type":"Point","coordinates":[21.821365,43.429846]},"properties":{"name":"Gornja Trnava - Dom Kulture","band":4,"modes":"bus","arr":["29","29A"],"off":[0,-3]}},{"type":"Feature","geometry":{"type":"Point","coordinates":[21.821365,43.429846]},"properties":{"line":"29","mode":"bus","color":"#0059a9","colorDark":"#00294f","band":4,"off":[-1.7,1.1]}},{"type":"Feature","geometry":{"type":"Point","coordinates":[21.821365,43.429846]},"properties":{"line":"29A","mode":"bus","color":"#0059a9","colorDark":"#00294f","band":4,"off":[1.7,1.1]}},{"type":"Feature","geometry":{"type":"Point","coordinates":[21.898683,43.404786]},"properties":{"name":"Leskovik - česma","band":4,"modes":"bus","arr":["30"],"off":[0,-0.8]}},{"type":"Feature","geometry":{"type":"Point","coordinates":[21.898683,43.404786]},"properties":{"line":"30","mode":"bus","color":"#0059a9","colorDark":"#00294f","band":4,"off":[0,1.1]}},{"type":"Feature","geometry":{"type":"Point","coordinates":[21.900026,43.373283]},"properties":{"name":"Hum okretnica - spomenik ( ka Humu )","band":4,"modes":"bus","arr":["31"],"off":[0,-0.8]}},{"type":"Feature","geometry":{"type":"Point","coordinates":[21.900026,43.373283]},"properties":{"line":"31","mode":"bus","color":"#0059a9","colorDark":"#00294f","band":4,"off":[0,1.1]}},{"type":"Feature","geometry":{"type":"Point","coordinates":[21.900404,43.373015]},"properties":{"name":"Hum - spomenik, trafo","band":4,"modes":"bus","arr":["31"],"off":[0,-0.8]}},{"type":"Feature","geometry":{"type":"Point","coordinates":[21.900404,43.373015]},"properties":{"line":"31","mode":"bus","color":"#0059a9","colorDark":"#00294f","band":4,"off":[0,1.1]}},{"type":"Feature","geometry":{"type":"Point","coordinates":[21.861856,43.464352]},"properties":{"name":"Paligrace ( ka Paligracu)","band":4,"modes":"bus","arr":["32A"],"off":[0,-0.8]}},{"type":"Feature","geometry":{"type":"Point","coordinates":[21.861856,43.464352]},"properties":{"line":"32A","mode":"bus","color":"#0059a9","colorDark":"#00294f","band":4,"off":[0,1.1]}},{"type":"Feature","geometry":{"type":"Point","coordinates":[21.908,43.457769]},"properties":{"name":"Kravlje","band":4,"modes":"bus","arr":["32"],"off":[0,-0.8]}},{"type":"Feature","geometry":{"type":"Point","coordinates":[21.908,43.457769]},"properties":{"line":"32","mode":"bus","color":"#0059a9","colorDark":"#00294f","band":4,"off":[0,1.1]}},{"type":"Feature","geometry":{"type":"Point","coordinates":[21.861818,43.464697]},"properties":{"name":"Paligrace","band":4,"modes":"bus","arr":["32A"],"off":[0,-0.8]}},{"type":"Feature","geometry":{"type":"Point","coordinates":[21.861818,43.464697]},"properties":{"line":"32A","mode":"bus","color":"#0059a9","colorDark":"#00294f","band":4,"off":[0,1.1]}},{"type":"Feature","geometry":{"type":"Point","coordinates":[21.748278,43.372699]},"properties":{"name":"Sečanica MK","band":4,"modes":"bus","arr":["33"],"off":[0,-0.8]}},{"type":"Feature","geometry":{"type":"Point","coordinates":[21.748278,43.372699]},"properties":{"line":"33","mode":"bus","color":"#0059a9","colorDark":"#00294f","band":4,"off":[0,1.1]}},{"type":"Feature","geometry":{"type":"Point","coordinates":[21.775809,43.329832]},"properties":{"name":"Krušce - igralište (na zahtev)","band":4,"modes":"bus","arr":["36"],"off":[0,-0.8]}},{"type":"Feature","geometry":{"type":"Point","coordinates":[21.775809,43.329832]},"properties":{"line":"36","mode":"bus","color":"#0059a9","colorDark":"#00294f","band":4,"off":[0,1.1]}},{"type":"Feature","geometry":{"type":"Point","coordinates":[21.77601,43.329317]},"properties":{"name":"Krušce - igralište (na zahtev) ( ka Sečanici)","band":4,"modes":"bus","arr":["36"],"off":[0,-0.8]}},{"type":"Feature","geometry":{"type":"Point","coordinates":[21.77601,43.329317]},"properties":{"line":"36","mode":"bus","color":"#0059a9","colorDark":"#00294f","band":4,"off":[0,1.1]}},{"type":"Feature","geometry":{"type":"Point","coordinates":[21.759718,43.389926]},"properties":{"name":"Supovac okretnica","band":4,"modes":"bus","arr":["33P","39"],"off":[0,-0.8]}},{"type":"Feature","geometry":{"type":"Point","coordinates":[21.759718,43.389926]},"properties":{"line":"33P","mode":"bus","color":"#0059a9","colorDark":"#00294f","band":4,"off":[-1.7,1.1]}},{"type":"Feature","geometry":{"type":"Point","coordinates":[21.759718,43.389926]},"properties":{"line":"39","mode":"bus","color":"#0059a9","colorDark":"#00294f","band":4,"off":[1.7,1.1]}},{"type":"Feature","geometry":{"type":"Point","coordinates":[21.866286,43.338452]},"properties":{"name":"Aerodrom Niš","band":4,"modes":"bus","arr":["34A","34B"],"off":[0,-0.8]}},{"type":"Feature","geometry":{"type":"Point","coordinates":[21.866286,43.338452]},"properties":{"line":"34A","mode":"bus","color":"#0059a9","colorDark":"#00294f","band":4,"off":[-1.7,1.1]}},{"type":"Feature","geometry":{"type":"Point","coordinates":[21.866286,43.338452]},"properties":{"line":"34B","mode":"bus","color":"#0059a9","colorDark":"#00294f","band":4,"off":[1.7,1.1]}},{"type":"Feature","geometry":{"type":"Point","coordinates":[21.866298,43.337998]},"properties":{"name":"Aerodrom Niš (iz grada)","band":4,"modes":"bus","arr":["34A","34B"],"off":[0,-0.8]}},{"type":"Feature","geometry":{"type":"Point","coordinates":[21.866298,43.337998]},"properties":{"line":"34A","mode":"bus","color":"#0059a9","colorDark":"#00294f","band":4,"off":[-1.7,1.1]}},{"type":"Feature","geometry":{"type":"Point","coordinates":[21.866298,43.337998]},"properties":{"line":"34B","mode":"bus","color":"#0059a9","colorDark":"#00294f","band":4,"off":[1.7,1.1]}},{"type":"Feature","geometry":{"type":"Point","coordinates":[21.78383,43.313605]},"properties":{"name":"Mramor","band":4,"modes":"bus","arr":["36"],"off":[0,-0.8]}},{"type":"Feature","geometry":{"type":"Point","coordinates":[21.78383,43.313605]},"properties":{"line":"36","mode":"bus","color":"#0059a9","colorDark":"#00294f","band":4,"off":[0,1.1]}},{"type":"Feature","geometry":{"type":"Point","coordinates":[21.743145,43.313428]},"properties":{"name":"Mramorski Potok - okretnica","band":4,"modes":"bus","arr":["36A"],"off":[0,-0.8]}},{"type":"Feature","geometry":{"type":"Point","coordinates":[21.743145,43.313428]},"properties":{"line":"36A","mode":"bus","color":"#0059a9","colorDark":"#00294f","band":4,"off":[0,1.1]}},{"type":"Feature","geometry":{"type":"Point","coordinates":[21.995138,43.264589]},"properties":{"name":"Lazarevo Selo - raskrsnica","band":4,"modes":"bus","arr":["37"],"off":[0,-0.8]}},{"type":"Feature","geometry":{"type":"Point","coordinates":[21.995138,43.264589]},"properties":{"line":"37","mode":"bus","color":"#0059a9","colorDark":"#00294f","band":4,"off":[0,1.1]}}]}