{"type":"FeatureCollection","features":[{"type":"Feature","geometry":{"type":"Point","coordinates":[22.002337,43.296433]},"properties":{"lines":"1","color":"#0059a9","mode":"bus","arr":["1"],"angle":57.1}},{"type":"Feature","geometry":{"type":"Point","coordinates":[21.999923,43.299177]},"properties":{"lines":"1","color":"#0059a9","mode":"bus","arr":["1"],"angle":57.4,"extra":1,"ei":0}},{"type":"Feature","geometry":{"type":"Point","coordinates":[22.001321,43.297586]},"properties":{"lines":"1","color":"#0059a9","mode":"bus","arr":["1"],"angle":57.4,"extra":1,"ei":1}},{"type":"Feature","geometry":{"type":"Point","coordinates":[22.004148,43.294418]},"properties":{"lines":"1","color":"#0059a9","mode":"bus","arr":["1"],"angle":56.7,"extra":1,"ei":2}},{"type":"Feature","geometry":{"type":"Point","coordinates":[21.999108,43.30017]},"properties":{"lines":"1, 21, 21A","color":"#0059a9","mode":"bus","arr":["1","21","21A"],"angle":66.1}},{"type":"Feature","geometry":{"type":"Point","coordinates":[21.990738,43.301078]},"properties":{"lines":"1, 18, 20, 20A, 21, 21A","color":"#0059a9","mode":"bus","arr":["1","18","20","20A","21","21A"],"angle":13.8}},{"type":"Feature","geometry":{"type":"Point","coordinates":[21.997324,43.30038]},"properties":{"lines":"1, 18, 20, 20A, 21, 21A","color":"#0059a9","mode":"bus","arr":["1","18","20","20A","21","21A"],"angle":-5,"extra":1,"ei":0}},{"type":"Feature","geometry":{"type":"Point","coordinates":[21.994739,43.300408]},"properties":{"lines":"1, 18, 20, 20A, 21, 21A","color":"#0059a9","mode":"bus","arr":["1","18","20","20A","21","21A"],"angle":8.3,"extra":1,"ei":1}},{"type":"Feature","geometry":{"type":"Point","coordinates":[21.987167,43.301717]},"properties":{"lines":"1, 18, 20, 20A, 21, 21A","color":"#0059a9","mode":"bus","arr":["1","18","20","20A","21","21A"],"angle":13.8,"extra":1,"ei":2}},{"type":"Feature","geometry":{"type":"Point","coordinates":[21.984647,43.302168]},"properties":{"lines":"1, 18, 20, 20A, 21, 21A","color":"#0059a9","mode":"bus","arr":["1","18","20","20A","21","21A"],"angle":13.8,"extra":1,"ei":3}},{"type":"Feature","geometry":{"type":"Point","coordinates":[21.981587,43.302727]},"properties":{"lines":"1, 18, 20, 20A, 21, 21A, 37","color":"#0059a9","mode":"bus","arr":["1","18","20","20A","21","21A","37"],"angle":13.9}},{"type":"Feature","geometry":{"type":"Point","coordinates":[21.975308,43.303808]},"properties":{"lines":"1, 20, 21, 21A","color":"#0059a9","mode":"bus","arr":["1","20","21","21A"],"angle":13.1}},{"type":"Feature","geometry":{"type":"Point","coordinates":[21.978937,43.303192]},"properties":{"lines":"1, 20, 21, 21A","color":"#0059a9","mode":"bus","arr":["1","20","21","21A"],"angle":13.2,"extra":1,"ei":0}},{"type":"Feature","geometry":{"type":"Point","coordinates":[21.971358,43.304484]},"properties":{"lines":"1, 20, 21, 21A","color":"#0059a9","mode":"bus","arr":["1","20","21","21A"],"angle":13.2,"extra":1,"ei":1}},{"type":"Feature","geometry":{"type":"Point","coordinates":[21.968388,43.304985]},"properties":{"lines":"1, 20, 20A, 21, 21A, 37","color":"#0059a9","mode":"bus","arr":["1","20","20A","21","21A","37"],"angle":13}},{"type":"Feature","geometry":{"type":"Point","coordinates":[21.966624,43.305281]},"properties":{"lines":"1, 20, 20A, 21, 21A, 37","color":"#0059a9","mode":"bus","arr":["1","20","20A","21","21A","37"],"angle":15.4,"extra":1,"ei":0}},{"type":"Feature","geometry":{"type":"Point","coordinates":[21.959328,43.306503]},"properties":{"lines":"1, 3, 20, 20A, 21, 21A, 37","color":"#0059a9","mode":"bus","arr":["1","3","20","20A","21","21A","37"],"angle":12.4}},{"type":"Feature","geometry":{"type":"Point","coordinates":[21.964769,43.305596]},"properties":{"lines":"1, 3, 20, 20A, 21, 21A, 37","color":"#0059a9","mode":"bus","arr":["1","3","20","20A","21","21A","37"],"angle":13,"extra":1,"ei":0}},{"type":"Feature","geometry":{"type":"Point","coordinates":[21.962241,43.306022]},"properties":{"lines":"1, 3, 20, 20A, 21, 21A, 37","color":"#0059a9","mode":"bus","arr":["1","3","20","20A","21","21A","37"],"angle":13,"extra":1,"ei":1}},{"type":"Feature","geometry":{"type":"Point","coordinates":[21.957176,43.306847]},"properties":{"lines":"1, 3, 20, 20A, 21, 21A, 37","color":"#0059a9","mode":"bus","arr":["1","3","20","20A","21","21A","37"],"angle":12.4,"extra":1,"ei":2}},{"type":"Feature","geometry":{"type":"Point","coordinates":[21.954639,43.307245]},"properties":{"lines":"1, 3, 20, 20A, 21, 21A, 37","color":"#0059a9","mode":"bus","arr":["1","3","20","20A","21","21A","37"],"angle":12.1,"extra":1,"ei":3}},{"type":"Feature","geometry":{"type":"Point","coordinates":[21.950379,43.30791]},"properties":{"lines":"1, 3, 18, 19, 20, 20A, 21, 21A, 37","color":"#0059a9","mode":"bus","arr":["1","3","18","19","20","20A","21","21A","37"],"angle":12.4}},{"type":"Feature","geometry":{"type":"Point","coordinates":[21.936457,43.310074]},"properties":{"lines":"1, 3, 18, 19, 20, 20A, 21, 21A, 37","color":"#0059a9","mode":"bus","arr":["1","3","18","19","20","20A","21","21A","37"],"angle":12.7,"side":-1,"mi":1}},{"type":"Feature","geometry":{"type":"Point","coordinates":[21.934342,43.310423]},"properties":{"lines":"1, 3, 18, 19, 20, 20A, 21, 21A, 37","color":"#0059a9","mode":"bus","arr":["1","3","18","19","20","20A","21","21A","37"],"angle":9,"side":-1}},{"type":"Feature","geometry":{"type":"Point","coordinates":[21.9488,43.308162]},"properties":{"lines":"1, 3, 18, 19, 20, 20A, 21, 21A, 37","color":"#0059a9","mode":"bus","arr":["1","3","18","19","20","20A","21","21A","37"],"angle":10.6,"extra":1,"ei":0}},{"type":"Feature","geometry":{"type":"Point","coordinates":[21.942809,43.309133]},"properties":{"lines":"1, 3, 18, 20, 20A, 21, 21A, 37","color":"#0059a9","mode":"bus","arr":["1","3","18","20","20A","21","21A","37"],"angle":12.6}},{"type":"Feature","geometry":{"type":"Point","coordinates":[21.946624,43.308513]},"properties":{"lines":"1, 3, 18, 20, 20A, 21, 21A, 37","color":"#0059a9","mode":"bus","arr":["1","3","18","20","20A","21","21A","37"],"angle":12.6,"extra":1,"ei":0}},{"type":"Feature","geometry":{"type":"Point","coordinates":[21.939025,43.309747]},"properties":{"lines":"1, 3, 18, 20, 20A, 21, 21A, 37","color":"#0059a9","mode":"bus","arr":["1","3","18","20","20A","21","21A","37"],"angle":12.6,"extra":1,"ei":1}},{"type":"Feature","geometry":{"type":"Point","coordinates":[21.936493,43.310149]},"properties":{"lines":"1, 3, 20, 20A, 21, 21A","color":"#0059a9","mode":"bus","arr":["1","3","20","20A","21","21A"],"angle":12.6}},{"type":"Feature","geometry":{"type":"Point","coordinates":[21.934166,43.310536]},"properties":{"lines":"1, 3, 20, 20A, 21, 21A","color":"#0059a9","mode":"bus","arr":["1","3","20","20A","21","21A"],"angle":9.2,"mi":1}},{"type":"Feature","geometry":{"type":"Point","coordinates":[21.929606,43.311243]},"properties":{"lines":"1, 3, 10, 20, 20A, 21, 21A","color":"#0059a9","mode":"bus","arr":["1","3","10","20","20A","21","21A"],"angle":11.7}},{"type":"Feature","geometry":{"type":"Point","coordinates":[21.933023,43.31071]},"properties":{"lines":"1, 3, 10, 20, 20A, 21, 21A","color":"#0059a9","mode":"bus","arr":["1","3","10","20","20A","21","21A"],"angle":13,"mi":1}},{"type":"Feature","geometry":{"type":"Point","coordinates":[21.931971,43.310885]},"properties":{"lines":"1, 3, 10, 20, 20A, 21","color":"#0059a9","mode":"bus","arr":["1","3","10","20","20A","21"],"angle":12.4}},{"type":"Feature","geometry":{"type":"Point","coordinates":[21.926709,43.311729]},"properties":{"lines":"1, 3, 4, 10, 13, 18, 19, 20, 20A, 21, 21A, 34B, 37","color":"#0059a9","mode":"bus","arr":["1","3","4","10","13","18","19","20","20A","21","21A","34B","37"],"angle":15}},{"type":"Feature","geometry":{"type":"Point","coordinates":[21.925582,43.311979]},"properties":{"lines":"1, 3, 4, 10, 19, 20, 20A, 21, 21A, 34B, 37","color":"#0059a9","mode":"bus","arr":["1","3","4","10","19","20","20A","21","21A","34B","37"],"angle":20.4}},{"type":"Feature","geometry":{"type":"Point","coordinates":[21.923953,43.312503]},"properties":{"lines":"1, 3, 4, 10, 19, 20, 20A, 21, 21A, 34B, 37","color":"#0059a9","mode":"bus","arr":["1","3","4","10","19","20","20A","21","21A","34B","37"],"angle":24.2,"mi":1}},{"type":"Feature","geometry":{"type":"Point","coordinates":[21.919625,43.31404]},"properties":{"lines":"1, 3, 4, 10, 18, 20, 20A, 21, 21A, 34B, 37","color":"#0059a9","mode":"bus","arr":["1","3","4","10","18","20","20A","21","21A","34B","37"],"angle":30.6}},{"type":"Feature","geometry":{"type":"Point","coordinates":[21.921507,43.313308]},"properties":{"lines":"1, 3, 4, 10, 18, 20, 20A, 21, 21A, 34B, 37","color":"#0059a9","mode":"bus","arr":["1","3","4","10","18","20","20A","21","21A","34B","37"],"angle":24.7,"extra":1,"ei":0}},{"type":"Feature","geometry":{"type":"Point","coordinates":[21.917015,43.315195]},"properties":{"lines":"1, 3, 4, 10, 18, 20, 20A, 21, 21A, 34B, 37","color":"#0059a9","mode":"bus","arr":["1","3","4","10","18","20","20A","21","21A","34B","37"],"angle":31.7,"extra":1,"ei":1}},{"type":"Feature","geometry":{"type":"Point","coordinates":[21.914092,43.316507]},"properties":{"lines":"1, 3, 4, 10, 18, 19, 20, 20A, 21, 21A, 34B, 37","color":"#0059a9","mode":"bus","arr":["1","3","4","10","18","19","20","20A","21","21A","34B","37"],"angle":32.4}},{"type":"Feature","geometry":{"type":"Point","coordinates":[21.915582,43.315826]},"properties":{"lines":"1, 3, 4, 10, 18, 19, 20, 20A, 21, 21A, 34B, 37","color":"#0059a9","mode":"bus","arr":["1","3","4","10","18","19","20","20A","21","21A","34B","37"],"angle":31.2,"extra":1,"ei":0}},{"type":"Feature","geometry":{"type":"Point","coordinates":[21.909317,43.318569]},"properties":{"lines":"1, 3, 10, 18, 20, 20A, 21A, 22, 23, 23B, 23L","color":"#0059a9","mode":"bus","arr":["1","3","10","18","20","20A","21A","22","23","23B","23L"],"angle":32.2,"side":-1}},{"type":"Feature","geometry":{"type":"Point","coordinates":[21.907791,43.319248]},"properties":{"lines":"1, 3, 10, 18, 20, 20A, 21A, 22, 23, 23B, 23L","color":"#0059a9","mode":"bus","arr":["1","3","10","18","20","20A","21A","22","23","23B","23L"],"angle":30.7,"extra":1,"ei":0,"side":-1}},{"type":"Feature","geometry":{"type":"Point","coordinates":[21.90699,43.319594]},"properties":{"lines":"1, 3, 10, 18, 20, 20A, 21A, 22, 23, 23B, 23K, 23L","color":"#0059a9","mode":"bus","arr":["1","3","10","18","20","20A","21A","22","23","23B","23K","23L"],"angle":30.7,"side":-1}},{"type":"Feature","geometry":{"type":"Point","coordinates":[21.90618,43.319919]},"properties":{"lines":"1, 3, 4, 10, 18, 19, 20, 20A, 21, 21A, 22, 23, 23B, 23K, 23L","color":"#0059a9","mode":"bus","arr":["1","3","4","10","18","19","20","20A","21","21A","22","23","23B","23K","23L"],"angle":20.5,"side":-1}},{"type":"Feature","geometry":{"type":"Point","coordinates":[21.903822,43.320202]},"properties":{"lines":"1, 3, 4, 10, 18, 19, 20, 20A, 21, 21A, 22, 23, 23B, 23K, 23L, 37","color":"#0059a9","mode":"bus","arr":["1","3","4","10","18","19","20","20A","21","21A","22","23","23B","23K","23L","37"],"angle":7.2}},{"type":"Feature","geometry":{"type":"Point","coordinates":[21.902022,43.320368]},"properties":{"lines":"1, 3, 4, 10, 18, 19, 20, 20A, 21, 21A, 22, 23, 23B, 23K, 23L, 37","color":"#0059a9","mode":"bus","arr":["1","3","4","10","18","19","20","20A","21","21A","22","23","23B","23K","23L","37"],"angle":7.9,"extra":1,"ei":0}},{"type":"Feature","geometry":{"type":"Point","coordinates":[21.901168,43.320472]},"properties":{"lines":"1, 3, 4, 10, 20A, 21, 21A, 22, 23, 23K","color":"#0059a9","mode":"bus","arr":["1","3","4","10","20A","21","21A","22","23","23K"],"angle":6.9}},{"type":"Feature","geometry":{"type":"Point","coordinates":[21.900054,43.320595]},"properties":{"lines":"1, 2, 3, 4, 5, 6, 10, 11, 13, 14, 15A, 20A, 21A, 22, 23K, 23L","color":"#0059a9","mode":"bus","arr":["1","2","3","4","5","6","10","11","13","14","15A","20A","21A","22","23K","23L"],"angle":6}},{"type":"Feature","geometry":{"type":"Point","coordinates":[21.898225,43.320738]},"properties":{"lines":"1, 2, 3, 4, 5, 6, 10, 11, 13, 14, 15A, 18, 19, 20, 20A, 21, 21A, 22, 23, 23B, 23K, 23L, 37, 500","color":"#0059a9","mode":"bus","arr":["1","2","3","4","5","6","10","11","13","14","15A","18","19","20","20A","21","21A","22","23","23B","23K","23L","37","500"],"angle":7.3}},{"type":"Feature","geometry":{"type":"Point","coordinates":[21.895977,43.320932]},"properties":{"lines":"1, 2, 3, 4, 5, 6, 10, 11, 13, 14, 15A, 18, 19, 20, 20A, 21, 21A, 22, 23, 23B, 23K, 23L, 37","color":"#0059a9","mode":"bus","arr":["1","2","3","4","5","6","10","11","13","14","15A","18","19","20","20A","21","21A","22","23","23B","23K","23L","37"],"angle":1.9}},{"type":"Feature","geometry":{"type":"Point","coordinates":[21.893373,43.320595]},"properties":{"lines":"1, 2, 3, 4, 5, 6, 10, 11, 13, 14, 15A, 18, 19, 20, 20A, 21, 21A, 22, 23, 23B, 23K, 23L, 37","color":"#0059a9","mode":"bus","arr":["1","2","3","4","5","6","10","11","13","14","15A","18","19","20","20A","21","21A","22","23","23B","23K","23L","37"],"angle":-15,"mi":1}},{"type":"Feature","geometry":{"type":"Point","coordinates":[21.891689,43.32027]},"properties":{"lines":"1, 2, 3, 4, 5, 6, 10, 11, 13, 14, 15A, 18, 19, 20, 20A, 21, 21A, 22, 23, 23B, 23K, 23L, 37","color":"#0059a9","mode":"bus","arr":["1","2","3","4","5","6","10","11","13","14","15A","18","19","20","20A","21","21A","22","23","23B","23K","23L","37"],"angle":-14.9,"extra":1,"ei":0}},{"type":"Feature","geometry":{"type":"Point","coordinates":[21.889443,43.319839]},"properties":{"lines":"1, 5, 6, 10, 25, 26, 27A, 28, 29A, 33, 33P, 35, 36, 36A","color":"#0059a9","mode":"bus","arr":["1","5","6","10","25","26","27A","28","29A","33","33P","35","36","36A"],"angle":-14.7,"mi":1}},{"type":"Feature","geometry":{"type":"Point","coordinates":[21.887331,43.318431]},"properties":{"lines":"1, 5, 6, 10, 25, 26, 27A, 28, 29A, 33, 33P, 35, 36, 36A","color":"#0059a9","mode":"bus","arr":["1","5","6","10","25","26","27A","28","29A","33","33P","35","36","36A"],"angle":-67.2}},{"type":"Feature","geometry":{"type":"Point","coordinates":[21.884052,43.316377]},"properties":{"lines":"1, 5, 6, 10, 11, 25, 26, 27A, 27B, 28, 28A, 29A, 33, 33P, 34A, 34B, 36, 36A","color":"#0059a9","mode":"bus","arr":["1","5","6","10","11","25","26","27A","27B","28","28A","29A","33","33P","34A","34B","36","36A"],"angle":-26.6,"side":-1}},{"type":"Feature","geometry":{"type":"Point","coordinates":[21.885468,43.316879]},"properties":{"lines":"1, 5, 6, 10, 11, 25, 26, 27A, 27B, 28, 28A, 29A, 33, 33P, 34A, 34B, 35, 36, 36A","color":"#0059a9","mode":"bus","arr":["1","5","6","10","11","25","26","27A","27B","28","28A","29A","33","33P","34A","34B","35","36","36A"],"angle":-26.6}},{"type":"Feature","geometry":{"type":"Point","coordinates":[21.881221,43.31568]},"properties":{"lines":"1, 5, 6, 10, 25, 26, 33, 33P, 34A, 34B, 35, 36, 36A","color":"#0059a9","mode":"bus","arr":["1","5","6","10","25","26","33","33P","34A","34B","35","36","36A"],"angle":-0.8}},{"type":"Feature","geometry":{"type":"Point","coordinates":[21.877766,43.315643]},"properties":{"lines":"1, 10, 25, 26, 33, 33P, 34A, 34B, 35, 36, 36A","color":"#0059a9","mode":"bus","arr":["1","10","25","26","33","33P","34A","34B","35","36","36A"],"angle":-0.8}},{"type":"Feature","geometry":{"type":"Point","coordinates":[21.868651,43.315301]},"properties":{"lines":"1, 10, 25, 26, 33, 33P, 35, 36, 36A","color":"#0059a9","mode":"bus","arr":["1","10","25","26","33","33P","35","36","36A"],"angle":-3.8}},{"type":"Feature","geometry":{"type":"Point","coordinates":[21.874501,43.315596]},"properties":{"lines":"1, 10, 25, 26, 33, 33P, 35, 36, 36A","color":"#0059a9","mode":"bus","arr":["1","10","25","26","33","33P","35","36","36A"],"angle":-1.9,"mi":1}},{"type":"Feature","geometry":{"type":"Point","coordinates":[21.927537,43.312777]},"properties":{"lines":"4, 13, 34B","color":"#0059a9","mode":"bus","arr":["4","13","34B"],"angle":88.4,"side":-1}},{"type":"Feature","geometry":{"type":"Point","coordinates":[21.908942,43.318827]},"properties":{"lines":"1, 3, 4, 10, 19, 20, 20A, 21, 21A, 22, 23, 23B, 23K, 23L, 37","color":"#0059a9","mode":"bus","arr":["1","3","4","10","19","20","20A","21","21A","22","23","23B","23K","23L","37"],"angle":31.2}},{"type":"Feature","geometry":{"type":"Point","coordinates":[21.906209,43.319962]},"properties":{"lines":"1, 3, 4, 10, 20, 20A, 21, 21A, 22, 23, 23B, 23K, 37","color":"#0059a9","mode":"bus","arr":["1","3","4","10","20","20A","21","21A","22","23","23B","23K","37"],"angle":10.9}},{"type":"Feature","geometry":{"type":"Point","coordinates":[21.883889,43.316568]},"properties":{"lines":"35, 36","color":"#0059a9","mode":"bus","arr":["35","36"],"angle":-6.4}},{"type":"Feature","geometry":{"type":"Point","coordinates":[21.882177,43.318054]},"properties":{"lines":"11, 27A, 27B, 28, 28A, 29A","color":"#0059a9","mode":"bus","arr":["11","27A","27B","28","28A","29A"],"angle":82.3,"mi":3}},{"type":"Feature","geometry":{"type":"Point","coordinates":[21.865084,43.315241]},"properties":{"lines":"1, 10, 26, 33, 33P, 35, 36, 36A","color":"#0059a9","mode":"bus","arr":["1","10","26","33","33P","35","36","36A"],"angle":1.2}},{"type":"Feature","geometry":{"type":"Point","coordinates":[21.859686,43.315868]},"properties":{"lines":"1, 10, 26, 33, 33P, 36, 36A","color":"#0059a9","mode":"bus","arr":["1","10","26","33","33P","36","36A"],"angle":3.3}},{"type":"Feature","geometry":{"type":"Point","coordinates":[21.862791,43.31551]},"properties":{"lines":"1, 10, 26, 33, 33P, 36, 36A","color":"#0059a9","mode":"bus","arr":["1","10","26","33","33P","36","36A"],"angle":16,"extra":1,"ei":0}},{"type":"Feature","geometry":{"type":"Point","coordinates":[21.857654,43.315948]},"properties":{"lines":"1, 10, 26, 33, 33P, 36, 36A","color":"#0059a9","mode":"bus","arr":["1","10","26","33","33P","36","36A"],"angle":2.4,"extra":1,"ei":1}},{"type":"Feature","geometry":{"type":"Point","coordinates":[21.855726,43.313402]},"properties":{"lines":"1","color":"#0059a9","mode":"bus","arr":["1"],"angle":64.3,"mi":3}},{"type":"Feature","geometry":{"type":"Point","coordinates":[21.86032,43.309951]},"properties":{"lines":"1","color":"#0059a9","mode":"bus","arr":["1"],"angle":41.6}},{"type":"Feature","geometry":{"type":"Point","coordinates":[21.863566,43.307844]},"properties":{"lines":"1","color":"#0059a9","mode":"bus","arr":["1"],"angle":41.8,"mi":2}},{"type":"Feature","geometry":{"type":"Point","coordinates":[21.856979,43.312148]},"properties":{"lines":"1","color":"#0059a9","mode":"bus","arr":["1"],"angle":44.1,"extra":1,"ei":0}},{"type":"Feature","geometry":{"type":"Point","coordinates":[21.855172,43.315556]},"properties":{"lines":"1","color":"#0059a9","mode":"bus","arr":["1"],"angle":-84,"extra":1,"ei":1}},{"type":"Feature","geometry":{"type":"Point","coordinates":[21.863443,43.309973]},"properties":{"lines":"1","color":"#0059a9","mode":"bus","arr":["1"],"angle":41.4,"mi":1}},{"type":"Feature","geometry":{"type":"Point","coordinates":[21.861064,43.311885]},"properties":{"lines":"1","color":"#0059a9","mode":"bus","arr":["1"],"angle":57.5,"extra":1,"ei":0}},{"type":"Feature","geometry":{"type":"Point","coordinates":[21.86466,43.309192]},"properties":{"lines":"1","color":"#0059a9","mode":"bus","arr":["1"],"angle":44.1,"extra":1,"ei":1}},{"type":"Feature","geometry":{"type":"Point","coordinates":[21.865045,43.307514]},"properties":{"lines":"1","color":"#0059a9","mode":"bus","arr":["1"],"angle":-53.8,"extra":1,"ei":2}},{"type":"Feature","geometry":{"type":"Point","coordinates":[21.859378,43.312014]},"properties":{"lines":"1, 25, 35","color":"#0059a9","mode":"bus","arr":["1","25","35"],"angle":-35.7}},{"type":"Feature","geometry":{"type":"Point","coordinates":[21.855647,43.315937]},"properties":{"lines":"1, 10, 33, 36, 36A","color":"#0059a9","mode":"bus","arr":["1","10","33","36","36A"],"angle":-11.2,"side":-1}},{"type":"Feature","geometry":{"type":"Point","coordinates":[21.865091,43.315158]},"properties":{"lines":"1, 10, 25, 33, 36, 36A","color":"#0059a9","mode":"bus","arr":["1","10","25","33","36","36A"],"angle":-0.8,"side":-1}},{"type":"Feature","geometry":{"type":"Point","coordinates":[21.888341,43.317626]},"properties":{"lines":"1, 6, 10, 11, 25, 27A, 27B, 28, 28A, 29A, 33, 34A, 34B, 36, 36A","color":"#0059a9","mode":"bus","arr":["1","6","10","11","25","27A","27B","28","28A","29A","33","34A","34B","36","36A"],"angle":-14.2}},{"type":"Feature","geometry":{"type":"Point","coordinates":[21.891418,43.319405]},"properties":{"lines":"1, 2, 4, 5, 6, 7, 9, 10, 11, 12, 13, 15A, 24, 25, 27A, 27B, 28, 28A, 29A, 33, 34A, 34B, 35, 36, 36A","color":"#0059a9","mode":"bus","arr":["1","2","4","5","6","7","9","10","11","12","13","15A","24","25","27A","27B","28","28A","29A","33","34A","34B","35","36","36A"],"angle":74.8}},{"type":"Feature","geometry":{"type":"Point","coordinates":[21.900031,43.320527]},"properties":{"lines":"1, 2, 3, 4, 5, 10, 18, 19, 20, 20A, 21, 23, 23B, 23L, 37, 500","color":"#0059a9","mode":"bus","arr":["1","2","3","4","5","10","18","19","20","20A","21","23","23B","23L","37","500"],"angle":11.7,"side":-1}},{"type":"Feature","geometry":{"type":"Point","coordinates":[21.901147,43.320409]},"properties":{"lines":"1, 3, 4, 10, 18, 19, 20, 20A, 21, 23, 23B, 23L, 37","color":"#0059a9","mode":"bus","arr":["1","3","4","10","18","19","20","20A","21","23","23B","23L","37"],"angle":5.7,"side":-1}},{"type":"Feature","geometry":{"type":"Point","coordinates":[21.913962,43.316464]},"properties":{"lines":"1, 3, 4, 20, 21, 21A, 34A","color":"#0059a9","mode":"bus","arr":["1","3","4","20","21","21A","34A"],"angle":32.2,"side":-1}},{"type":"Feature","geometry":{"type":"Point","coordinates":[21.912396,43.317181]},"properties":{"lines":"1, 3, 4, 20, 21, 21A, 34A","color":"#0059a9","mode":"bus","arr":["1","3","4","20","21","21A","34A"],"angle":32.1,"extra":1,"ei":0,"side":-1}},{"type":"Feature","geometry":{"type":"Point","coordinates":[21.919567,43.313956]},"properties":{"lines":"1, 3, 4, 10, 19, 20, 20A, 21, 21A, 34A","color":"#0059a9","mode":"bus","arr":["1","3","4","10","19","20","20A","21","21A","34A"],"angle":31.1,"side":-1}},{"type":"Feature","geometry":{"type":"Point","coordinates":[21.917736,43.314756]},"properties":{"lines":"1, 3, 4, 10, 19, 20, 20A, 21, 21A, 34A","color":"#0059a9","mode":"bus","arr":["1","3","4","10","19","20","20A","21","21A","34A"],"angle":31,"extra":1,"ei":0,"side":-1}},{"type":"Feature","geometry":{"type":"Point","coordinates":[21.922294,43.312961]},"properties":{"lines":"1, 3, 4, 10, 19, 20, 20A, 21, 21A, 34A","color":"#0059a9","mode":"bus","arr":["1","3","4","10","19","20","20A","21","21A","34A"],"angle":22.6,"extra":1,"ei":1,"side":-1}},{"type":"Feature","geometry":{"type":"Point","coordinates":[21.923912,43.312443]},"properties":{"lines":"1, 3, 10, 18, 20, 20A, 21, 34A","color":"#0059a9","mode":"bus","arr":["1","3","10","18","20","20A","21","34A"],"angle":24.3,"side":-1}},{"type":"Feature","geometry":{"type":"Point","coordinates":[21.926484,43.311661]},"properties":{"lines":"1, 3, 10, 19, 20, 20A, 21, 21A, 34A","color":"#0059a9","mode":"bus","arr":["1","3","10","19","20","20A","21","21A","34A"],"angle":15.2,"side":-1}},{"type":"Feature","geometry":{"type":"Point","coordinates":[21.930801,43.310981]},"properties":{"lines":"1, 3, 10, 18, 19, 20, 20A, 21, 21A, 37","color":"#0059a9","mode":"bus","arr":["1","3","10","18","19","20","20A","21","21A","37"],"angle":12.9,"side":-1}},{"type":"Feature","geometry":{"type":"Point","coordinates":[21.929045,43.311266]},"properties":{"lines":"1, 3, 10, 18, 19, 20, 20A, 21, 21A, 37","color":"#0059a9","mode":"bus","arr":["1","3","10","18","19","20","20A","21","21A","37"],"angle":12.5,"extra":1,"ei":0,"side":-1}},{"type":"Feature","geometry":{"type":"Point","coordinates":[21.942775,43.309062]},"properties":{"lines":"1, 3, 19, 20, 21, 21A","color":"#0059a9","mode":"bus","arr":["1","3","19","20","21","21A"],"angle":12.4,"side":-1}},{"type":"Feature","geometry":{"type":"Point","coordinates":[21.938963,43.309676]},"properties":{"lines":"1, 3, 19, 20, 21, 21A","color":"#0059a9","mode":"bus","arr":["1","3","19","20","21","21A"],"angle":12.5,"extra":1,"ei":0,"side":-1}},{"type":"Feature","geometry":{"type":"Point","coordinates":[21.946561,43.308441]},"properties":{"lines":"1, 3, 19, 20, 21, 21A","color":"#0059a9","mode":"bus","arr":["1","3","19","20","21","21A"],"angle":12.8,"extra":1,"ei":1,"side":-1}},{"type":"Feature","geometry":{"type":"Point","coordinates":[21.950383,43.307827]},"properties":{"lines":"1, 3, 19, 20, 20A, 21, 21A","color":"#0059a9","mode":"bus","arr":["1","3","19","20","20A","21","21A"],"angle":12.5,"side":-1}},{"type":"Feature","geometry":{"type":"Point","coordinates":[21.951959,43.307566]},"properties":{"lines":"1, 3, 19, 20, 20A, 21, 21A","color":"#0059a9","mode":"bus","arr":["1","3","19","20","20A","21","21A"],"angle":12.8,"extra":1,"ei":0,"side":-1}},{"type":"Feature","geometry":{"type":"Point","coordinates":[21.959322,43.306415]},"properties":{"lines":"1, 3, 18, 19, 20, 20A, 21, 21A","color":"#0059a9","mode":"bus","arr":["1","3","18","19","20","20A","21","21A"],"angle":12.8,"side":-1}},{"type":"Feature","geometry":{"type":"Point","coordinates":[21.953875,43.307279]},"properties":{"lines":"1, 3, 18, 19, 20, 20A, 21, 21A","color":"#0059a9","mode":"bus","arr":["1","3","18","19","20","20A","21","21A"],"angle":11.5,"extra":1,"ei":0,"side":-1}},{"type":"Feature","geometry":{"type":"Point","coordinates":[21.956413,43.306885]},"properties":{"lines":"1, 3, 18, 19, 20, 20A, 21, 21A","color":"#0059a9","mode":"bus","arr":["1","3","18","19","20","20A","21","21A"],"angle":12.4,"extra":1,"ei":1,"side":-1}},{"type":"Feature","geometry":{"type":"Point","coordinates":[21.961477,43.306058]},"properties":{"lines":"1, 3, 18, 19, 20, 20A, 21, 21A","color":"#0059a9","mode":"bus","arr":["1","3","18","19","20","20A","21","21A"],"angle":12.8,"extra":1,"ei":2,"side":-1}},{"type":"Feature","geometry":{"type":"Point","coordinates":[21.964007,43.305637]},"properties":{"lines":"1, 3, 18, 19, 20, 20A, 21, 21A","color":"#0059a9","mode":"bus","arr":["1","3","18","19","20","20A","21","21A"],"angle":13.1,"extra":1,"ei":3,"side":-1}},{"type":"Feature","geometry":{"type":"Point","coordinates":[21.968367,43.304908]},"properties":{"lines":"1, 18, 19, 20, 20A, 21, 21A","color":"#0059a9","mode":"bus","arr":["1","18","19","20","20A","21","21A"],"angle":13.3,"side":-1}},{"type":"Feature","geometry":{"type":"Point","coordinates":[21.970124,43.304606]},"properties":{"lines":"1, 18, 19, 20, 20A, 21, 21A","color":"#0059a9","mode":"bus","arr":["1","18","19","20","20A","21","21A"],"angle":13.3,"extra":1,"ei":0,"side":-1}},{"type":"Feature","geometry":{"type":"Point","coordinates":[21.975286,43.303726]},"properties":{"lines":"1, 18, 19, 20, 20A, 21, 21A, 37","color":"#0059a9","mode":"bus","arr":["1","18","19","20","20A","21","21A","37"],"angle":13.2,"side":-1}},{"type":"Feature","geometry":{"type":"Point","coordinates":[21.971662,43.304344]},"properties":{"lines":"1, 18, 19, 20, 20A, 21, 21A, 37","color":"#0059a9","mode":"bus","arr":["1","18","19","20","20A","21","21A","37"],"angle":13.2,"extra":1,"ei":0,"side":-1}},{"type":"Feature","geometry":{"type":"Point","coordinates":[21.979241,43.303049]},"properties":{"lines":"1, 18, 19, 20, 20A, 21, 21A, 37","color":"#0059a9","mode":"bus","arr":["1","18","19","20","20A","21","21A","37"],"angle":13.4,"extra":1,"ei":1,"side":-1}},{"type":"Feature","geometry":{"type":"Point","coordinates":[21.98937,43.301246]},"properties":{"lines":"1, 19, 20, 20A, 21, 21A","color":"#0059a9","mode":"bus","arr":["1","19","20","20A","21","21A"],"angle":13.9,"side":-1}},{"type":"Feature","geometry":{"type":"Point","coordinates":[21.981433,43.302667]},"properties":{"lines":"1, 19, 20, 20A, 21, 21A","color":"#0059a9","mode":"bus","arr":["1","19","20","20A","21","21A"],"angle":13.5,"extra":1,"ei":0,"side":-1}},{"type":"Feature","geometry":{"type":"Point","coordinates":[21.983955,43.302224]},"properties":{"lines":"1, 19, 20, 20A, 21, 21A","color":"#0059a9","mode":"bus","arr":["1","19","20","20A","21","21A"],"angle":13.9,"extra":1,"ei":1,"side":-1}},{"type":"Feature","geometry":{"type":"Point","coordinates":[21.986474,43.301769]},"properties":{"lines":"1, 19, 20, 20A, 21, 21A","color":"#0059a9","mode":"bus","arr":["1","19","20","20A","21","21A"],"angle":13.9,"extra":1,"ei":2,"side":-1}},{"type":"Feature","geometry":{"type":"Point","coordinates":[21.991511,43.30086]},"properties":{"lines":"1, 19, 20, 20A, 21, 21A","color":"#0059a9","mode":"bus","arr":["1","19","20","20A","21","21A"],"angle":13.9,"extra":1,"ei":3,"side":-1}},{"type":"Feature","geometry":{"type":"Point","coordinates":[21.994031,43.300408]},"properties":{"lines":"1, 19, 20, 20A, 21, 21A","color":"#0059a9","mode":"bus","arr":["1","19","20","20A","21","21A"],"angle":12.4,"extra":1,"ei":4,"side":-1}},{"type":"Feature","geometry":{"type":"Point","coordinates":[21.996609,43.300265]},"properties":{"lines":"1, 19, 20, 20A, 21, 21A","color":"#0059a9","mode":"bus","arr":["1","19","20","20A","21","21A"],"angle":-2.9,"extra":1,"ei":5,"side":-1}},{"type":"Feature","geometry":{"type":"Point","coordinates":[21.999025,43.300143]},"properties":{"lines":"1, 19, 21, 21A","color":"#0059a9","mode":"bus","arr":["1","19","21","21A"],"angle":48.6,"side":-1}},{"type":"Feature","geometry":{"type":"Point","coordinates":[21.961184,43.327354]},"properties":{"lines":"2","color":"#0059a9","mode":"bus","arr":["2"],"angle":18}},{"type":"Feature","geometry":{"type":"Point","coordinates":[21.962636,43.326857]},"properties":{"lines":"2","color":"#0059a9","mode":"bus","arr":["2"],"angle":-86.8,"mi":1}},{"type":"Feature","geometry":{"type":"Point","coordinates":[21.908317,43.328475]},"properties":{"lines":"2","color":"#0059a9","mode":"bus","arr":["2"],"angle":-20.6,"side":-1}},{"type":"Feature","geometry":{"type":"Point","coordinates":[21.884449,43.315859]},"properties":{"lines":"2","color":"#0059a9","mode":"bus","arr":["2"],"angle":21.2}},{"type":"Feature","geometry":{"type":"Point","coordinates":[21.958804,43.327947]},"properties":{"lines":"2, 16, 17, 17A","color":"#0059a9","mode":"bus","arr":["2","16","17","17A"],"angle":18.6}},{"type":"Feature","geometry":{"type":"Point","coordinates":[21.95169,43.330366]},"properties":{"lines":"2, 16, 17, 17A","color":"#0059a9","mode":"bus","arr":["2","16","17","17A"],"angle":38.1,"extra":1,"ei":0}},{"type":"Feature","geometry":{"type":"Point","coordinates":[21.95371,43.329207]},"properties":{"lines":"2, 16, 17, 17A","color":"#0059a9","mode":"bus","arr":["2","16","17","17A"],"angle":20.4,"extra":1,"ei":1}},{"type":"Feature","geometry":{"type":"Point","coordinates":[21.956166,43.328595]},"properties":{"lines":"2, 16, 17, 17A","color":"#0059a9","mode":"bus","arr":["2","16","17","17A"],"angle":18.8,"extra":1,"ei":2}},{"type":"Feature","geometry":{"type":"Point","coordinates":[21.960969,43.327209]},"properties":{"lines":"2, 16, 17, 17A","color":"#0059a9","mode":"bus","arr":["2","16","17","17A"],"angle":34.6,"extra":1,"ei":3,"side":-1}},{"type":"Feature","geometry":{"type":"Point","coordinates":[21.963107,43.326138]},"properties":{"lines":"2, 16, 17, 17A","color":"#0059a9","mode":"bus","arr":["2","16","17","17A"],"angle":34.5,"extra":1,"ei":4}},{"type":"Feature","geometry":{"type":"Point","coordinates":[21.965376,43.325295]},"properties":{"lines":"2, 16, 17, 17A","color":"#0059a9","mode":"bus","arr":["2","16","17","17A"],"angle":-3.4,"extra":1,"ei":5}},{"type":"Feature","geometry":{"type":"Point","coordinates":[21.942691,43.329891]},"properties":{"lines":"2, 16, 17, 17A","color":"#0059a9","mode":"bus","arr":["2","16","17","17A"],"angle":-3.9,"side":-1,"mi":5}},{"type":"Feature","geometry":{"type":"Point","coordinates":[21.948791,43.33058]},"properties":{"lines":"2, 16, 17, 17A","color":"#0059a9","mode":"bus","arr":["2","16","17","17A"],"angle":-1,"mi":3}},{"type":"Feature","geometry":{"type":"Point","coordinates":[21.939885,43.329831]},"properties":{"lines":"2, 16, 17, 17A","color":"#0059a9","mode":"bus","arr":["2","16","17","17A"],"angle":-1.8,"extra":1,"ei":0,"side":-1}},{"type":"Feature","geometry":{"type":"Point","coordinates":[21.945041,43.33016]},"properties":{"lines":"2, 16, 17, 17A","color":"#0059a9","mode":"bus","arr":["2","16","17","17A"],"angle":-12,"extra":1,"ei":1,"side":-1}},{"type":"Feature","geometry":{"type":"Point","coordinates":[21.942962,43.329987]},"properties":{"lines":"2, 16, 17","color":"#0059a9","mode":"bus","arr":["2","16","17"],"angle":-5.1}},{"type":"Feature","geometry":{"type":"Point","coordinates":[21.945989,43.330364]},"properties":{"lines":"2, 16, 17","color":"#0059a9","mode":"bus","arr":["2","16","17"],"angle":-8.9,"extra":1,"ei":0}},{"type":"Feature","geometry":{"type":"Point","coordinates":[21.940847,43.329923]},"properties":{"lines":"2, 16, 17","color":"#0059a9","mode":"bus","arr":["2","16","17"],"angle":-1.2,"extra":1,"ei":1}},{"type":"Feature","geometry":{"type":"Point","coordinates":[21.93784,43.329851]},"properties":{"lines":"2, 16, 17","color":"#0059a9","mode":"bus","arr":["2","16","17"],"angle":-1.9,"mi":1}},{"type":"Feature","geometry":{"type":"Point","coordinates":[21.936486,43.329821]},"properties":{"lines":"2, 15, 15A, 16, 17","color":"#0059a9","mode":"bus","arr":["2","15","15A","16","17"],"angle":-1.7}},{"type":"Feature","geometry":{"type":"Point","coordinates":[21.930531,43.329621]},"properties":{"lines":"2, 15, 15A, 16, 17, 17A","color":"#0059a9","mode":"bus","arr":["2","15","15A","16","17","17A"],"angle":-2.3}},{"type":"Feature","geometry":{"type":"Point","coordinates":[21.926461,43.329518]},"properties":{"lines":"2, 15, 15A, 16, 17, 17A","color":"#0059a9","mode":"bus","arr":["2","15","15A","16","17","17A"],"angle":-2.1,"extra":1,"ei":0}},{"type":"Feature","geometry":{"type":"Point","coordinates":[21.934239,43.329748]},"properties":{"lines":"2, 15, 15A, 16, 17, 17A","color":"#0059a9","mode":"bus","arr":["2","15","15A","16","17","17A"],"angle":-2.7,"extra":1,"ei":1}},{"type":"Feature","geometry":{"type":"Point","coordinates":[21.917961,43.329299]},"properties":{"lines":"2, 15, 15A, 16, 17, 17A, 34A, 34B","color":"#0059a9","mode":"bus","arr":["2","15","15A","16","17","17A","34A","34B"],"angle":-2.7}},{"type":"Feature","geometry":{"type":"Point","coordinates":[21.923867,43.329459]},"properties":{"lines":"2, 15, 15A, 16, 17, 17A, 34A, 34B","color":"#0059a9","mode":"bus","arr":["2","15","15A","16","17","17A","34A","34B"],"angle":-2.6,"extra":1,"ei":0,"side":-1}},{"type":"Feature","geometry":{"type":"Point","coordinates":[21.921275,43.32938]},"properties":{"lines":"2, 15, 15A, 16, 17, 17A, 34A, 34B","color":"#0059a9","mode":"bus","arr":["2","15","15A","16","17","17A","34A","34B"],"angle":-1.5,"extra":1,"ei":1}},{"type":"Feature","geometry":{"type":"Point","coordinates":[21.916088,43.329257]},"properties":{"lines":"2, 15, 15A, 16, 17, 17A, 34A, 34B","color":"#0059a9","mode":"bus","arr":["2","15","15A","16","17","17A","34A","34B"],"angle":-1.2,"extra":1,"ei":2,"side":-1}},{"type":"Feature","geometry":{"type":"Point","coordinates":[21.913495,43.329181]},"properties":{"lines":"2, 15, 15A, 16, 17, 17A, 34A, 34B","color":"#0059a9","mode":"bus","arr":["2","15","15A","16","17","17A","34A","34B"],"angle":-1.9,"extra":1,"ei":3}},{"type":"Feature","geometry":{"type":"Point","coordinates":[21.910903,43.329097]},"properties":{"lines":"2, 15, 15A, 16, 17, 17A, 34A, 34B","color":"#0059a9","mode":"bus","arr":["2","15","15A","16","17","17A","34A","34B"],"angle":-2.6,"extra":1,"ei":4,"side":-1}},{"type":"Feature","geometry":{"type":"Point","coordinates":[21.908708,43.328713]},"properties":{"lines":"2, 15, 15A, 16, 17, 17A, 34A, 34B","color":"#0059a9","mode":"bus","arr":["2","15","15A","16","17","17A","34A","34B"],"angle":-19.6,"mi":1}},{"type":"Feature","geometry":{"type":"Point","coordinates":[21.910378,43.329088]},"properties":{"lines":"2, 15, 15A, 16, 17, 17A, 34A, 34B","color":"#0059a9","mode":"bus","arr":["2","15","15A","16","17","17A","34A","34B"],"angle":-4.3,"extra":1,"ei":0}},{"type":"Feature","geometry":{"type":"Point","coordinates":[21.904848,43.327804]},"properties":{"lines":"2, 5, 14, 14A, 15, 15A, 16, 17, 17A, 34A, 34B","color":"#0059a9","mode":"bus","arr":["2","5","14","14A","15","15A","16","17","17A","34A","34B"],"angle":-15.4}},{"type":"Feature","geometry":{"type":"Point","coordinates":[21.903129,43.327458]},"properties":{"lines":"2, 5, 14, 14A, 15, 15A, 16, 17A, 34A","color":"#0059a9","mode":"bus","arr":["2","5","14","14A","15","15A","16","17A","34A"],"angle":-12}},{"type":"Feature","geometry":{"type":"Point","coordinates":[21.902884,43.326514]},"properties":{"lines":"2, 5, 14, 15A","color":"#0059a9","mode":"bus","arr":["2","5","14","15A"],"angle":88.6}},{"type":"Feature","geometry":{"type":"Point","coordinates":[21.902943,43.325184]},"properties":{"lines":"2, 5, 14, 15A","color":"#0059a9","mode":"bus","arr":["2","5","14","15A"],"angle":88.6,"mi":1}},{"type":"Feature","geometry":{"type":"Point","coordinates":[21.902121,43.323457]},"properties":{"lines":"2, 5, 6, 11, 14, 15A","color":"#0059a9","mode":"bus","arr":["2","5","6","11","14","15A"],"angle":-69.7}},{"type":"Feature","geometry":{"type":"Point","coordinates":[21.901723,43.322692]},"properties":{"lines":"2, 5, 6, 11, 13, 14, 15A","color":"#0059a9","mode":"bus","arr":["2","5","6","11","13","14","15A"],"angle":-66.5}},{"type":"Feature","geometry":{"type":"Point","coordinates":[21.900653,43.320902]},"properties":{"lines":"2, 5, 6, 11, 13, 14, 15A","color":"#0059a9","mode":"bus","arr":["2","5","6","11","13","14","15A"],"angle":-64.9,"mi":1}},{"type":"Feature","geometry":{"type":"Point","coordinates":[21.889775,43.316787]},"properties":{"lines":"2, 4, 8, 24","color":"#0059a9","mode":"bus","arr":["2","4","8","24"],"angle":-58.8}},{"type":"Feature","geometry":{"type":"Point","coordinates":[21.887865,43.315895]},"properties":{"lines":"2, 4, 8, 24, 35","color":"#0059a9","mode":"bus","arr":["2","4","8","24","35"],"angle":-4.4}},{"type":"Feature","geometry":{"type":"Point","coordinates":[21.885534,43.315753]},"properties":{"lines":"2, 4, 8, 24, 35","color":"#0059a9","mode":"bus","arr":["2","4","8","24","35"],"angle":-4.9,"extra":1,"ei":0}},{"type":"Feature","geometry":{"type":"Point","coordinates":[21.890709,43.316032]},"properties":{"lines":"2, 4, 8, 24, 35","color":"#0059a9","mode":"bus","arr":["2","4","8","24","35"],"angle":-8.7,"extra":1,"ei":1}},{"type":"Feature","geometry":{"type":"Point","coordinates":[21.878138,43.312673]},"properties":{"lines":"2, 4, 8, 24, 35","color":"#0059a9","mode":"bus","arr":["2","4","8","24","35"],"angle":-42.2,"mi":2}},{"type":"Feature","geometry":{"type":"Point","coordinates":[21.882564,43.315206]},"properties":{"lines":"2, 4, 8, 24, 34A, 34B, 35","color":"#0059a9","mode":"bus","arr":["2","4","8","24","34A","34B","35"],"angle":-35.3}},{"type":"Feature","geometry":{"type":"Point","coordinates":[21.879915,43.313694]},"properties":{"lines":"2, 4, 8, 24, 34A, 34B, 35","color":"#0059a9","mode":"bus","arr":["2","4","8","24","34A","34B","35"],"angle":-34.5,"mi":1}},{"type":"Feature","geometry":{"type":"Point","coordinates":[21.876753,43.311341]},"properties":{"lines":"2, 4","color":"#0059a9","mode":"bus","arr":["2","4"],"angle":-81.9,"side":-1}},{"type":"Feature","geometry":{"type":"Point","coordinates":[21.891542,43.316898]},"properties":{"lines":"2, 4, 8, 24, 35","color":"#0059a9","mode":"bus","arr":["2","4","8","24","35"],"angle":-82.8,"mi":1}},{"type":"Feature","geometry":{"type":"Point","coordinates":[21.900748,43.32088]},"properties":{"lines":"2, 5, 13, 14, 500","color":"#0059a9","mode":"bus","arr":["2","5","13","14","500"],"angle":-70.5,"side":-1}},{"type":"Feature","geometry":{"type":"Point","coordinates":[21.903164,43.327385]},"properties":{"lines":"2, 5, 14, 15, 15A, 16, 17, 17A, 34B","color":"#0059a9","mode":"bus","arr":["2","5","14","15","15A","16","17","17A","34B"],"angle":-35.6,"side":-1}},{"type":"Feature","geometry":{"type":"Point","coordinates":[21.936565,43.329758]},"properties":{"lines":"2, 15, 16, 17, 17A","color":"#0059a9","mode":"bus","arr":["2","15","16","17","17A"],"angle":-0.2,"side":-1}},{"type":"Feature","geometry":{"type":"Point","coordinates":[21.937915,43.329783]},"properties":{"lines":"2, 16, 17, 17A","color":"#0059a9","mode":"bus","arr":["2","16","17","17A"],"angle":-2.1,"side":-1,"mi":6}},{"type":"Feature","geometry":{"type":"Point","coordinates":[22.0422,43.352909]},"properties":{"lines":"17","color":"#0059a9","mode":"bus","arr":["17"],"angle":7.6}},{"type":"Feature","geometry":{"type":"Point","coordinates":[22.039278,43.348541]},"properties":{"lines":"17","color":"#0059a9","mode":"bus","arr":["17"],"angle":-62.4,"extra":1,"ei":0}},{"type":"Feature","geometry":{"type":"Point","coordinates":[22.040414,43.350236]},"properties":{"lines":"17","color":"#0059a9","mode":"bus","arr":["17"],"angle":-70.7,"extra":1,"ei":1}},{"type":"Feature","geometry":{"type":"Point","coordinates":[22.041059,43.352057]},"properties":{"lines":"17","color":"#0059a9","mode":"bus","arr":["17"],"angle":-75.5,"extra":1,"ei":2}},{"type":"Feature","geometry":{"type":"Point","coordinates":[22.045317,43.351816]},"properties":{"lines":"17","color":"#0059a9","mode":"bus","arr":["17"],"angle":31.9,"extra":1,"ei":3}},{"type":"Feature","geometry":{"type":"Point","coordinates":[22.047734,43.35167]},"properties":{"lines":"17","color":"#0059a9","mode":"bus","arr":["17"],"angle":6.8,"extra":1,"ei":4}},{"type":"Feature","geometry":{"type":"Point","coordinates":[21.968007,43.326496]},"properties":{"lines":"2, 16, 17, 17A","color":"#0059a9","mode":"bus","arr":["2","16","17","17A"],"angle":-8.6,"mi":1}},{"type":"Feature","geometry":{"type":"Point","coordinates":[21.973351,43.325273]},"properties":{"lines":"2, 16, 17, 17A","color":"#0059a9","mode":"bus","arr":["2","16","17","17A"],"angle":-18.9,"mi":4}},{"type":"Feature","geometry":{"type":"Point","coordinates":[21.970444,43.325104]},"properties":{"lines":"2, 16, 17, 17A","color":"#0059a9","mode":"bus","arr":["2","16","17","17A"],"angle":29.7,"mi":2}},{"type":"Feature","geometry":{"type":"Point","coordinates":[21.98378,43.326385]},"properties":{"lines":"2, 16, 17, 17A","color":"#0059a9","mode":"bus","arr":["2","16","17","17A"],"angle":-7.4,"mi":7}},{"type":"Feature","geometry":{"type":"Point","coordinates":[21.976104,43.325463]},"properties":{"lines":"2, 16, 17, 17A","color":"#0059a9","mode":"bus","arr":["2","16","17","17A"],"angle":-0.4,"extra":1,"ei":0}},{"type":"Feature","geometry":{"type":"Point","coordinates":[21.978633,43.325586]},"properties":{"lines":"2, 16, 17, 17A","color":"#0059a9","mode":"bus","arr":["2","16","17","17A"],"angle":-22.9,"extra":1,"ei":1}},{"type":"Feature","geometry":{"type":"Point","coordinates":[21.980875,43.326497]},"properties":{"lines":"2, 16, 17, 17A","color":"#0059a9","mode":"bus","arr":["2","16","17","17A"],"angle":-15.3,"extra":1,"ei":2}},{"type":"Feature","geometry":{"type":"Point","coordinates":[21.985818,43.326885]},"properties":{"lines":"2, 16, 17, 17A","color":"#0059a9","mode":"bus","arr":["2","16","17","17A"],"angle":-0.9,"extra":1,"ei":3}},{"type":"Feature","geometry":{"type":"Point","coordinates":[21.988398,43.327025]},"properties":{"lines":"2, 16, 17, 17A","color":"#0059a9","mode":"bus","arr":["2","16","17","17A"],"angle":-2.7,"extra":1,"ei":4}},{"type":"Feature","geometry":{"type":"Point","coordinates":[21.990793,43.327684]},"properties":{"lines":"2, 16, 17, 17A","color":"#0059a9","mode":"bus","arr":["2","16","17","17A"],"angle":-29.5,"extra":1,"ei":5}},{"type":"Feature","geometry":{"type":"Point","coordinates":[21.994111,43.323135]},"properties":{"lines":"16, 17","color":"#0059a9","mode":"bus","arr":["16","17"],"angle":79.1}},{"type":"Feature","geometry":{"type":"Point","coordinates":[21.993312,43.326968]},"properties":{"lines":"16, 17","color":"#0059a9","mode":"bus","arr":["16","17"],"angle":38,"mi":2}},{"type":"Feature","geometry":{"type":"Point","coordinates":[21.994109,43.325929]},"properties":{"lines":"16, 17","color":"#0059a9","mode":"bus","arr":["16","17"],"angle":-64.2,"extra":1,"ei":0}},{"type":"Feature","geometry":{"type":"Point","coordinates":[21.991985,43.321305]},"properties":{"lines":"16, 17","color":"#0059a9","mode":"bus","arr":["16","17"],"angle":-52,"extra":1,"ei":1}},{"type":"Feature","geometry":{"type":"Point","coordinates":[21.993759,43.328635]},"properties":{"lines":"2, 17A","color":"#0059a9","mode":"bus","arr":["2","17A"],"angle":-62}},{"type":"Feature","geometry":{"type":"Point","coordinates":[21.937389,43.32654]},"properties":{"lines":"4","color":"#0059a9","mode":"bus","arr":["4"],"angle":87.9,"mi":6}},{"type":"Feature","geometry":{"type":"Point","coordinates":[21.937505,43.324258]},"properties":{"lines":"4","color":"#0059a9","mode":"bus","arr":["4"],"angle":87.9,"extra":1,"ei":0}},{"type":"Feature","geometry":{"type":"Point","coordinates":[21.93732,43.328032]},"properties":{"lines":"4","color":"#0059a9","mode":"bus","arr":["4"],"angle":88.1,"extra":1,"ei":1}},{"type":"Feature","geometry":{"type":"Point","coordinates":[21.93724,43.326551]},"properties":{"lines":"2, 4","color":"#0059a9","mode":"bus","arr":["2","4"],"angle":87.9,"side":-1}},{"type":"Feature","geometry":{"type":"Point","coordinates":[21.937128,43.328818]},"properties":{"lines":"2, 4","color":"#0059a9","mode":"bus","arr":["2","4"],"angle":88.2,"extra":1,"ei":0,"side":-1}},{"type":"Feature","geometry":{"type":"Point","coordinates":[21.937318,43.325044]},"properties":{"lines":"2, 4","color":"#0059a9","mode":"bus","arr":["2","4"],"angle":87.8,"extra":1,"ei":1,"side":-1}},{"type":"Feature","geometry":{"type":"Point","coordinates":[21.941983,43.32257]},"properties":{"lines":"2, 6","color":"#0059a9","mode":"bus","arr":["2","6"],"angle":4.1}},{"type":"Feature","geometry":{"type":"Point","coordinates":[21.938814,43.323091]},"properties":{"lines":"2, 6","color":"#0059a9","mode":"bus","arr":["2","6"],"angle":12.2,"extra":1,"ei":0}},{"type":"Feature","geometry":{"type":"Point","coordinates":[21.943878,43.322494]},"properties":{"lines":"2, 6","color":"#0059a9","mode":"bus","arr":["2","6"],"angle":1.9,"extra":1,"ei":1}},{"type":"Feature","geometry":{"type":"Point","coordinates":[21.946472,43.322421]},"properties":{"lines":"2, 6","color":"#0059a9","mode":"bus","arr":["2","6"],"angle":2.5,"extra":1,"ei":2}},{"type":"Feature","geometry":{"type":"Point","coordinates":[21.946627,43.32413]},"properties":{"lines":"2, 6","color":"#0059a9","mode":"bus","arr":["2","6"],"angle":-86.9,"mi":1}},{"type":"Feature","geometry":{"type":"Point","coordinates":[21.906617,43.328448]},"properties":{"lines":"5, 14","color":"#0059a9","mode":"bus","arr":["5","14"],"angle":81.4}},{"type":"Feature","geometry":{"type":"Point","coordinates":[21.873137,43.340406]},"properties":{"lines":"3, 29, 32, 32A, 34A, 34B, 39","color":"#0059a9","mode":"bus","arr":["3","29","32","32A","34A","34B","39"],"angle":46.6}},{"type":"Feature","geometry":{"type":"Point","coordinates":[21.871627,43.341569]},"properties":{"lines":"3, 29, 32, 32A, 34A, 34B, 39","color":"#0059a9","mode":"bus","arr":["3","29","32","32A","34A","34B","39"],"angle":46.6,"extra":1,"ei":0}},{"type":"Feature","geometry":{"type":"Point","coordinates":[21.875185,43.338819]},"properties":{"lines":"3, 29, 32, 32A, 34A, 34B, 39","color":"#0059a9","mode":"bus","arr":["3","29","32","32A","34A","34B","39"],"angle":46.8,"extra":1,"ei":1}},{"type":"Feature","geometry":{"type":"Point","coordinates":[21.873068,43.34035]},"properties":{"lines":"3, 28B, 29, 32, 32A, 34A, 34B, 39","color":"#0059a9","mode":"bus","arr":["3","28B","29","32","32A","34A","34B","39"],"angle":46.5,"side":-1}},{"type":"Feature","geometry":{"type":"Point","coordinates":[21.869199,43.343449]},"properties":{"lines":"3, 28B, 29, 32, 32A, 34A, 34B, 39","color":"#0059a9","mode":"bus","arr":["3","28B","29","32","32A","34A","34B","39"],"angle":46.8,"mi":1}},{"type":"Feature","geometry":{"type":"Point","coordinates":[21.868078,43.344325]},"properties":{"lines":"3, 28B, 29, 32, 32A, 34A, 34B, 39","color":"#0059a9","mode":"bus","arr":["3","28B","29","32","32A","34A","34B","39"],"angle":48.1,"extra":1,"ei":0}},{"type":"Feature","geometry":{"type":"Point","coordinates":[21.871547,43.341518]},"properties":{"lines":"3, 28B, 29, 32, 32A, 34A, 34B, 39","color":"#0059a9","mode":"bus","arr":["3","28B","29","32","32A","34A","34B","39"],"angle":46.6,"extra":1,"ei":0,"side":-1}},{"type":"Feature","geometry":{"type":"Point","coordinates":[21.875117,43.338777]},"properties":{"lines":"3, 28B, 29, 32, 32A, 34A, 34B, 39","color":"#0059a9","mode":"bus","arr":["3","28B","29","32","32A","34A","34B","39"],"angle":46.3,"extra":1,"ei":1,"side":-1}},{"type":"Feature","geometry":{"type":"Point","coordinates":[21.869296,43.343266]},"properties":{"lines":"3, 29, 32A, 34A, 34B, 39","color":"#0059a9","mode":"bus","arr":["3","29","32A","34A","34B","39"],"angle":46.4,"side":-1}},{"type":"Feature","geometry":{"type":"Point","coordinates":[21.876851,43.337442]},"properties":{"lines":"3, 9, 28B, 29, 30, 31, 32, 32A, 34A, 34B, 39","color":"#0059a9","mode":"bus","arr":["3","9","28B","29","30","31","32","32A","34A","34B","39"],"angle":46.7,"side":-1}},{"type":"Feature","geometry":{"type":"Point","coordinates":[21.878155,43.336436]},"properties":{"lines":"3, 9, 28B, 29, 30, 31, 32, 32A, 34A, 34B, 39","color":"#0059a9","mode":"bus","arr":["3","9","28B","29","30","31","32","32A","34A","34B","39"],"angle":46.7,"extra":1,"ei":0,"side":-1}},{"type":"Feature","geometry":{"type":"Point","coordinates":[21.880217,43.334827]},"properties":{"lines":"3, 9, 28B, 29, 30, 31, 32, 32A, 34A, 34B","color":"#0059a9","mode":"bus","arr":["3","9","28B","29","30","31","32","32A","34A","34B"],"angle":46.3,"side":-1}},{"type":"Feature","geometry":{"type":"Point","coordinates":[21.879101,43.335695]},"properties":{"lines":"3, 9, 28B, 29, 30, 31, 32, 32A, 34A, 34B","color":"#0059a9","mode":"bus","arr":["3","9","28B","29","30","31","32","32A","34A","34B"],"angle":47.2,"extra":1,"ei":0,"side":-1}},{"type":"Feature","geometry":{"type":"Point","coordinates":[21.88529,43.330918]},"properties":{"lines":"3, 9, 29, 30, 31, 32, 32A, 34A, 34B, 39","color":"#0059a9","mode":"bus","arr":["3","9","29","30","31","32","32A","34A","34B","39"],"angle":46.2,"side":-1,"mi":1}},{"type":"Feature","geometry":{"type":"Point","coordinates":[21.877227,43.337253]},"properties":{"lines":"3, 9, 29, 30, 31, 32, 32A, 34A, 34B, 39","color":"#0059a9","mode":"bus","arr":["3","9","29","30","31","32","32A","34A","34B","39"],"angle":46.7}},{"type":"Feature","geometry":{"type":"Point","coordinates":[21.883123,43.33259]},"properties":{"lines":"3, 9, 29, 30, 31, 32, 32A, 34A, 34B, 39","color":"#0059a9","mode":"bus","arr":["3","9","29","30","31","32","32A","34A","34B","39"],"angle":46.8,"extra":1,"ei":0,"side":-1}},{"type":"Feature","geometry":{"type":"Point","coordinates":[21.886617,43.329801]},"properties":{"lines":"3, 9, 29, 30, 31, 32, 32A, 34A, 34B, 39","color":"#0059a9","mode":"bus","arr":["3","9","29","30","31","32","32A","34A","34B","39"],"angle":54,"extra":1,"ei":1,"side":-1}},{"type":"Feature","geometry":{"type":"Point","coordinates":[21.88902,43.327229]},"properties":{"lines":"3, 9, 12, 14A, 15, 16, 17, 17A, 28B, 29, 30, 31, 32, 32A, 34B, 39, 5000, 5001, 5002, 5004, 5005, 6000, 7000","color":"#0059a9","mode":"bus","arr":["3","9","12","14A","15","16","17","17A","28B","29","30","31","32","32A","34B","39","5000","5001","5002","5004","5005","6000","7000"],"angle":56.7}},{"type":"Feature","geometry":{"type":"Point","coordinates":[21.89018,43.324837]},"properties":{"lines":"3, 7, 9, 12, 14, 14A, 19, 20, 20A, 21, 21A, 22, 23, 23B, 23K, 23L, 24, 25, 26, 27A, 28, 29A, 33, 33P, 34A, 34B, 35, 36A","color":"#0059a9","mode":"bus","arr":["3","7","9","12","14","14A","19","20","20A","21","21A","22","23","23B","23K","23L","24","25","26","27A","28","29A","33","33P","34A","34B","35","36A"],"angle":-87.2}},{"type":"Feature","geometry":{"type":"Point","coordinates":[21.890132,43.323617]},"properties":{"lines":"3, 7, 9, 12, 14, 14A, 15, 16, 17, 17A, 18, 19, 20, 20A, 21, 21A, 22, 23, 23B, 23K, 23L, 24, 25, 26, 27A, 27B, 28, 28A, 29A, 33, 33P, 34A, 34B, 35, 36A, 37","color":"#0059a9","mode":"bus","arr":["3","7","9","12","14","14A","15","16","17","17A","18","19","20","20A","21","21A","22","23","23B","23K","23L","24","25","26","27A","27B","28","28A","29A","33","33P","34A","34B","35","36A","37"],"angle":-88.9}},{"type":"Feature","geometry":{"type":"Point","coordinates":[21.890339,43.322318]},"properties":{"lines":"3, 7, 9, 12, 14, 18, 19, 20, 20A, 21, 21A, 22, 23, 23B, 23K, 23L, 24, 25, 26, 27A, 27B, 28, 28A, 29A, 33, 33P, 34A, 34B, 35, 36A, 37","color":"#0059a9","mode":"bus","arr":["3","7","9","12","14","18","19","20","20A","21","21A","22","23","23B","23K","23L","24","25","26","27A","27B","28","28A","29A","33","33P","34A","34B","35","36A","37"],"angle":74.5,"mi":2}},{"type":"Feature","geometry":{"type":"Point","coordinates":[21.890664,43.321411]},"properties":{"lines":"3, 7, 9, 12, 14, 18, 19, 20, 20A, 21, 21A, 22, 23, 23B, 23K, 23L, 24, 25, 26, 27A, 27B, 28, 28A, 29A, 33, 33P, 34A, 34B, 35, 36A, 37","color":"#0059a9","mode":"bus","arr":["3","7","9","12","14","18","19","20","20A","21","21A","22","23","23B","23K","23L","24","25","26","27A","27B","28","28A","29A","33","33P","34A","34B","35","36A","37"],"angle":74.7}},{"type":"Feature","geometry":{"type":"Point","coordinates":[21.890934,43.320695]},"properties":{"lines":"3, 7, 9, 12, 14, 18, 19, 20, 20A, 21, 21A, 22, 23, 23B, 23K, 23L, 24, 25, 26, 27A, 27B, 28, 28A, 29A, 33, 33P, 34A, 34B, 35, 36A, 37","color":"#0059a9","mode":"bus","arr":["3","7","9","12","14","18","19","20","20A","21","21A","22","23","23B","23K","23L","24","25","26","27A","27B","28","28A","29A","33","33P","34A","34B","35","36A","37"],"angle":74.7,"mi":1}},{"type":"Feature","geometry":{"type":"Point","coordinates":[21.965906,43.306911]},"properties":{"lines":"3","color":"#0059a9","mode":"bus","arr":["3"],"angle":87.6,"mi":1}},{"type":"Feature","geometry":{"type":"Point","coordinates":[21.965759,43.308214]},"properties":{"lines":"3","color":"#0059a9","mode":"bus","arr":["3"],"angle":76.5,"extra":1,"ei":0}},{"type":"Feature","geometry":{"type":"Point","coordinates":[21.965998,43.308506]},"properties":{"lines":"3","color":"#0059a9","mode":"bus","arr":["3"],"angle":-60.4,"side":-1,"mi":3}},{"type":"Feature","geometry":{"type":"Point","coordinates":[21.965891,43.305549]},"properties":{"lines":"3","color":"#0059a9","mode":"bus","arr":["3"],"angle":-47.1}},{"type":"Feature","geometry":{"type":"Point","coordinates":[21.955439,43.299382]},"properties":{"lines":"3","color":"#0059a9","mode":"bus","arr":["3"],"angle":-87.3,"side":-1,"mi":4}},{"type":"Feature","geometry":{"type":"Point","coordinates":[21.956715,43.303086]},"properties":{"lines":"3","color":"#0059a9","mode":"bus","arr":["3"],"angle":-60.7,"mi":2}},{"type":"Feature","geometry":{"type":"Point","coordinates":[21.959777,43.305376]},"properties":{"lines":"3","color":"#0059a9","mode":"bus","arr":["3"],"angle":-64.6,"extra":1,"ei":0}},{"type":"Feature","geometry":{"type":"Point","coordinates":[21.95817,43.303903]},"properties":{"lines":"3","color":"#0059a9","mode":"bus","arr":["3"],"angle":-48.4,"extra":1,"ei":1}},{"type":"Feature","geometry":{"type":"Point","coordinates":[21.955025,43.301116]},"properties":{"lines":"3","color":"#0059a9","mode":"bus","arr":["3"],"angle":-72.1,"extra":1,"ei":2}},{"type":"Feature","geometry":{"type":"Point","coordinates":[21.955207,43.299302]},"properties":{"lines":"3","color":"#0059a9","mode":"bus","arr":["3"],"angle":-87.2,"extra":1,"ei":3}},{"type":"Feature","geometry":{"type":"Point","coordinates":[21.886998,43.329532]},"properties":{"lines":"3, 7, 9, 28B, 29, 30, 31, 32, 32A, 34A, 34B, 39, 5000, 5001, 5002, 5004, 5005, 6000, 7000","color":"#0059a9","mode":"bus","arr":["3","7","9","28B","29","30","31","32","32A","34A","34B","39","5000","5001","5002","5004","5005","6000","7000"],"angle":57.1}},{"type":"Feature","geometry":{"type":"Point","coordinates":[21.884057,43.331973]},"properties":{"lines":"3, 9, 28B, 29, 30, 31, 32, 32A, 34A, 34B, 39, 5000, 5001, 5002, 5004, 5005, 6000, 7000","color":"#0059a9","mode":"bus","arr":["3","9","28B","29","30","31","32","32A","34A","34B","39","5000","5001","5002","5004","5005","6000","7000"],"angle":46.8}},{"type":"Feature","geometry":{"type":"Point","coordinates":[21.881859,43.333674]},"properties":{"lines":"3, 9, 29, 30, 31, 32, 32A, 34A, 34B, 39, 5000, 5001, 5002, 5004, 5005, 6000, 7000","color":"#0059a9","mode":"bus","arr":["3","9","29","30","31","32","32A","34A","34B","39","5000","5001","5002","5004","5005","6000","7000"],"angle":46.7}},{"type":"Feature","geometry":{"type":"Point","coordinates":[21.880163,43.334979]},"properties":{"lines":"3, 9, 29, 30, 31, 32, 32A, 34A, 34B, 39, 5000","color":"#0059a9","mode":"bus","arr":["3","9","29","30","31","32","32A","34A","34B","39","5000"],"angle":46.4}},{"type":"Feature","geometry":{"type":"Point","coordinates":[21.888393,43.327804]},"properties":{"lines":"3, 7, 9, 12, 30, 31, 32, 32A, 34A, 39","color":"#0059a9","mode":"bus","arr":["3","7","9","12","30","31","32","32A","34A","39"],"angle":57.3,"side":-1}},{"type":"Feature","geometry":{"type":"Point","coordinates":[21.889381,43.326676]},"properties":{"lines":"3, 7, 9, 12, 30, 32A, 34A","color":"#0059a9","mode":"bus","arr":["3","7","9","12","30","32A","34A"],"angle":58.1,"side":-1}},{"type":"Feature","geometry":{"type":"Point","coordinates":[21.866331,43.343379]},"properties":{"lines":"3, 34A, 34B","color":"#0059a9","mode":"bus","arr":["3","34A","34B"],"angle":-55.2}},{"type":"Feature","geometry":{"type":"Point","coordinates":[21.865285,43.342234]},"properties":{"lines":"3, 34A, 34B","color":"#0059a9","mode":"bus","arr":["3","34A","34B"],"angle":-57.4,"extra":1,"ei":0}},{"type":"Feature","geometry":{"type":"Point","coordinates":[21.864143,43.340666]},"properties":{"lines":"34A, 34B","color":"#0059a9","mode":"bus","arr":["34A","34B"],"angle":-67.2,"mi":1}},{"type":"Feature","geometry":{"type":"Point","coordinates":[21.865347,43.338965]},"properties":{"lines":"34A, 34B","color":"#0059a9","mode":"bus","arr":["34A","34B"],"angle":23.1,"mi":2}},{"type":"Feature","geometry":{"type":"Point","coordinates":[21.861749,43.343128]},"properties":{"lines":"3","color":"#0059a9","mode":"bus","arr":["3"],"angle":20.4}},{"type":"Feature","geometry":{"type":"Point","coordinates":[21.864012,43.342501]},"properties":{"lines":"3","color":"#0059a9","mode":"bus","arr":["3"],"angle":20.9,"extra":1,"ei":0}},{"type":"Feature","geometry":{"type":"Point","coordinates":[21.859192,43.343896]},"properties":{"lines":"3","color":"#0059a9","mode":"bus","arr":["3"],"angle":30.3,"extra":1,"ei":1}},{"type":"Feature","geometry":{"type":"Point","coordinates":[21.940736,43.335585]},"properties":{"lines":"4","color":"#0059a9","mode":"bus","arr":["4"],"angle":-1.4,"mi":5}},{"type":"Feature","geometry":{"type":"Point","coordinates":[21.940369,43.334262]},"properties":{"lines":"4","color":"#0059a9","mode":"bus","arr":["4"],"angle":88.1,"mi":1}},{"type":"Feature","geometry":{"type":"Point","coordinates":[21.940126,43.3344]},"properties":{"lines":"4","color":"#0059a9","mode":"bus","arr":["4"],"angle":12.6,"side":-1,"mi":2}},{"type":"Feature","geometry":{"type":"Point","coordinates":[21.938131,43.334731]},"properties":{"lines":"4","color":"#0059a9","mode":"bus","arr":["4"],"angle":13.6,"mi":3}},{"type":"Feature","geometry":{"type":"Point","coordinates":[21.936964,43.332318]},"properties":{"lines":"4, 15, 15A","color":"#0059a9","mode":"bus","arr":["4","15","15A"],"angle":87.9,"side":-1}},{"type":"Feature","geometry":{"type":"Point","coordinates":[21.936873,43.333859]},"properties":{"lines":"4, 15, 15A","color":"#0059a9","mode":"bus","arr":["4","15","15A"],"angle":87.1,"extra":1,"ei":0,"side":-1}},{"type":"Feature","geometry":{"type":"Point","coordinates":[21.937076,43.330085]},"properties":{"lines":"4, 15, 15A","color":"#0059a9","mode":"bus","arr":["4","15","15A"],"angle":88.2,"extra":1,"ei":1,"side":-1}},{"type":"Feature","geometry":{"type":"Point","coordinates":[21.937305,43.32213]},"properties":{"lines":"4, 6","color":"#0059a9","mode":"bus","arr":["4","6"],"angle":-81.8,"side":-1}},{"type":"Feature","geometry":{"type":"Point","coordinates":[21.931978,43.323038]},"properties":{"lines":"4","color":"#0059a9","mode":"bus","arr":["4"],"angle":41.9,"mi":7}},{"type":"Feature","geometry":{"type":"Point","coordinates":[21.935497,43.321167]},"properties":{"lines":"4","color":"#0059a9","mode":"bus","arr":["4"],"angle":15.6,"extra":1,"ei":0}},{"type":"Feature","geometry":{"type":"Point","coordinates":[21.933333,43.32214]},"properties":{"lines":"4","color":"#0059a9","mode":"bus","arr":["4"],"angle":43.5,"extra":1,"ei":1}},{"type":"Feature","geometry":{"type":"Point","coordinates":[21.928983,43.323687]},"properties":{"lines":"4","color":"#0059a9","mode":"bus","arr":["4"],"angle":-22.1,"extra":1,"ei":2}},{"type":"Feature","geometry":{"type":"Point","coordinates":[21.922816,43.321322]},"properties":{"lines":"6, 11","color":"#0059a9","mode":"bus","arr":["6","11"],"angle":-24.3,"side":-1}},{"type":"Feature","geometry":{"type":"Point","coordinates":[21.925382,43.322377]},"properties":{"lines":"6, 11","color":"#0059a9","mode":"bus","arr":["6","11"],"angle":-28.5,"extra":1,"ei":0}},{"type":"Feature","geometry":{"type":"Point","coordinates":[21.920952,43.320497]},"properties":{"lines":"6, 11","color":"#0059a9","mode":"bus","arr":["6","11"],"angle":-56.1,"extra":1,"ei":1}},{"type":"Feature","geometry":{"type":"Point","coordinates":[21.926942,43.322588]},"properties":{"lines":"4, 6, 34A, 34B","color":"#0059a9","mode":"bus","arr":["4","6","34A","34B"],"angle":45,"side":-1}},{"type":"Feature","geometry":{"type":"Point","coordinates":[21.928232,43.320822]},"properties":{"lines":"4, 6, 11, 34A, 34B","color":"#0059a9","mode":"bus","arr":["4","6","11","34A","34B"],"angle":63.4}},{"type":"Feature","geometry":{"type":"Point","coordinates":[21.928586,43.316461]},"properties":{"lines":"4, 34A, 34B","color":"#0059a9","mode":"bus","arr":["4","34A","34B"],"angle":-82.2}},{"type":"Feature","geometry":{"type":"Point","coordinates":[21.928268,43.314694]},"properties":{"lines":"4, 34A, 34B","color":"#0059a9","mode":"bus","arr":["4","34A","34B"],"angle":-82.9,"extra":1,"ei":0}},{"type":"Feature","geometry":{"type":"Point","coordinates":[21.928963,43.318437]},"properties":{"lines":"4, 34A, 34B","color":"#0059a9","mode":"bus","arr":["4","34A","34B"],"angle":-82.4,"extra":1,"ei":1}},{"type":"Feature","geometry":{"type":"Point","coordinates":[21.927816,43.31368]},"properties":{"lines":"4, 34B","color":"#0059a9","mode":"bus","arr":["4","34B"],"angle":-12.5}},{"type":"Feature","geometry":{"type":"Point","coordinates":[21.927704,43.312737]},"properties":{"lines":"4, 13, 34A","color":"#0059a9","mode":"bus","arr":["4","13","34A"],"angle":87.6}},{"type":"Feature","geometry":{"type":"Point","coordinates":[21.927001,43.322611]},"properties":{"lines":"4, 6, 11","color":"#0059a9","mode":"bus","arr":["4","6","11"],"angle":68.8}},{"type":"Feature","geometry":{"type":"Point","coordinates":[21.936432,43.320876]},"properties":{"lines":"4, 6","color":"#0059a9","mode":"bus","arr":["4","6"],"angle":19.2,"side":-1,"mi":1}},{"type":"Feature","geometry":{"type":"Point","coordinates":[21.937153,43.331438]},"properties":{"lines":"4, 15","color":"#0059a9","mode":"bus","arr":["4","15"],"angle":87.7}},{"type":"Feature","geometry":{"type":"Point","coordinates":[21.938737,43.333024]},"properties":{"lines":"4","color":"#0059a9","mode":"bus","arr":["4"],"angle":2.6}},{"type":"Feature","geometry":{"type":"Point","coordinates":[21.941207,43.334818]},"properties":{"lines":"4","color":"#0059a9","mode":"bus","arr":["4"],"angle":88.4,"mi":4}},{"type":"Feature","geometry":{"type":"Point","coordinates":[21.906516,43.328451]},"properties":{"lines":"5, 14, 14A, 34A","color":"#0059a9","mode":"bus","arr":["5","14","14A","34A"],"angle":-25.7}},{"type":"Feature","geometry":{"type":"Point","coordinates":[21.908004,43.331543]},"properties":{"lines":"5, 14, 14A","color":"#0059a9","mode":"bus","arr":["5","14","14A"],"angle":-71.9}},{"type":"Feature","geometry":{"type":"Point","coordinates":[21.906968,43.329388]},"properties":{"lines":"5, 14, 14A","color":"#0059a9","mode":"bus","arr":["5","14","14A"],"angle":-71.2,"extra":1,"ei":0}},{"type":"Feature","geometry":{"type":"Point","coordinates":[21.90864,43.332963]},"properties":{"lines":"5, 14, 14A","color":"#0059a9","mode":"bus","arr":["5","14","14A"],"angle":-71.3,"extra":1,"ei":1}},{"type":"Feature","geometry":{"type":"Point","coordinates":[21.929035,43.335668]},"properties":{"lines":"5","color":"#0059a9","mode":"bus","arr":["5"],"angle":-2.1,"mi":2}},{"type":"Feature","geometry":{"type":"Point","coordinates":[21.913602,43.334131]},"properties":{"lines":"5","color":"#0059a9","mode":"bus","arr":["5"],"angle":6.3,"side":-1,"mi":1}},{"type":"Feature","geometry":{"type":"Point","coordinates":[21.919921,43.334862]},"properties":{"lines":"5","color":"#0059a9","mode":"bus","arr":["5"],"angle":-23.2}},{"type":"Feature","geometry":{"type":"Point","coordinates":[21.910828,43.334343]},"properties":{"lines":"5","color":"#0059a9","mode":"bus","arr":["5"],"angle":6.2,"extra":1,"ei":0,"side":-1}},{"type":"Feature","geometry":{"type":"Point","coordinates":[21.915988,43.333939]},"properties":{"lines":"5","color":"#0059a9","mode":"bus","arr":["5"],"angle":6.3,"extra":1,"ei":1,"side":-1}},{"type":"Feature","geometry":{"type":"Point","coordinates":[21.92153,43.33521]},"properties":{"lines":"5","color":"#0059a9","mode":"bus","arr":["5"],"angle":-16.2,"extra":1,"ei":0,"side":-1}},{"type":"Feature","geometry":{"type":"Point","coordinates":[21.923689,43.335427]},"properties":{"lines":"5","color":"#0059a9","mode":"bus","arr":["5"],"angle":-1.8,"extra":1,"ei":0,"side":-1}},{"type":"Feature","geometry":{"type":"Point","coordinates":[21.926283,43.335487]},"properties":{"lines":"5","color":"#0059a9","mode":"bus","arr":["5"],"angle":-1.8,"extra":1,"ei":1,"side":-1}},{"type":"Feature","geometry":{"type":"Point","coordinates":[21.93147,43.335619]},"properties":{"lines":"5","color":"#0059a9","mode":"bus","arr":["5"],"angle":-1.7,"extra":1,"ei":2,"side":-1}},{"type":"Feature","geometry":{"type":"Point","coordinates":[21.934034,43.335389]},"properties":{"lines":"5","color":"#0059a9","mode":"bus","arr":["5"],"angle":13.3,"extra":1,"ei":3,"side":-1}},{"type":"Feature","geometry":{"type":"Point","coordinates":[21.903938,43.32435]},"properties":{"lines":"6, 11","color":"#0059a9","mode":"bus","arr":["6","11"],"angle":-25.5,"mi":1}},{"type":"Feature","geometry":{"type":"Point","coordinates":[21.907276,43.324798]},"properties":{"lines":"6, 11","color":"#0059a9","mode":"bus","arr":["6","11"],"angle":30.4}},{"type":"Feature","geometry":{"type":"Point","coordinates":[21.916126,43.320625]},"properties":{"lines":"6, 11, 13","color":"#0059a9","mode":"bus","arr":["6","11","13"],"angle":33,"side":-1}},{"type":"Feature","geometry":{"type":"Point","coordinates":[21.910835,43.323068]},"properties":{"lines":"6, 11, 13","color":"#0059a9","mode":"bus","arr":["6","11","13"],"angle":31,"side":-1,"mi":1}},{"type":"Feature","geometry":{"type":"Point","coordinates":[21.912464,43.322333]},"properties":{"lines":"6, 11, 13","color":"#0059a9","mode":"bus","arr":["6","11","13"],"angle":35.4,"extra":1,"ei":0,"side":-1}},{"type":"Feature","geometry":{"type":"Point","coordinates":[21.913848,43.3217]},"properties":{"lines":"6, 11, 13","color":"#0059a9","mode":"bus","arr":["6","11","13"],"angle":33,"extra":1,"ei":0,"side":-1}},{"type":"Feature","geometry":{"type":"Point","coordinates":[21.918228,43.319675]},"properties":{"lines":"6, 11, 13","color":"#0059a9","mode":"bus","arr":["6","11","13"],"angle":31.3,"extra":1,"ei":1,"side":-1}},{"type":"Feature","geometry":{"type":"Point","coordinates":[21.909251,43.323943]},"properties":{"lines":"6, 11, 13","color":"#0059a9","mode":"bus","arr":["6","11","13"],"angle":38,"extra":1,"ei":0}},{"type":"Feature","geometry":{"type":"Point","coordinates":[21.932292,43.319115]},"properties":{"lines":"6, 11","color":"#0059a9","mode":"bus","arr":["6","11"],"angle":8.3,"mi":1}},{"type":"Feature","geometry":{"type":"Point","coordinates":[21.930408,43.319191]},"properties":{"lines":"6, 11","color":"#0059a9","mode":"bus","arr":["6","11"],"angle":-2,"extra":1,"ei":0}},{"type":"Feature","geometry":{"type":"Point","coordinates":[21.935784,43.319903]},"properties":{"lines":"6","color":"#0059a9","mode":"bus","arr":["6"],"angle":-76.5,"mi":1}},{"type":"Feature","geometry":{"type":"Point","coordinates":[21.907201,43.324731]},"properties":{"lines":"6, 13","color":"#0059a9","mode":"bus","arr":["6","13"],"angle":32,"side":-1}},{"type":"Feature","geometry":{"type":"Point","coordinates":[21.946312,43.325843]},"properties":{"lines":"6","color":"#0059a9","mode":"bus","arr":["6"],"angle":0.5,"mi":4}},{"type":"Feature","geometry":{"type":"Point","coordinates":[21.945732,43.324148]},"properties":{"lines":"6","color":"#0059a9","mode":"bus","arr":["6"],"angle":-88.3,"mi":3}},{"type":"Feature","geometry":{"type":"Point","coordinates":[21.936557,43.31966]},"properties":{"lines":"6","color":"#0059a9","mode":"bus","arr":["6"],"angle":-77.2}},{"type":"Feature","geometry":{"type":"Point","coordinates":[21.935832,43.318669]},"properties":{"lines":"6","color":"#0059a9","mode":"bus","arr":["6"],"angle":12.2,"mi":2}},{"type":"Feature","geometry":{"type":"Point","coordinates":[21.926134,43.323853]},"properties":{"lines":"34B","color":"#0059a9","mode":"bus","arr":["34B"],"angle":65.9,"side":-1}},{"type":"Feature","geometry":{"type":"Point","coordinates":[21.908872,43.324342]},"properties":{"lines":"6","color":"#0059a9","mode":"bus","arr":["6"],"angle":20.8}},{"type":"Feature","geometry":{"type":"Point","coordinates":[21.904045,43.324303]},"properties":{"lines":"6, 13","color":"#0059a9","mode":"bus","arr":["6","13"],"angle":-24.8,"side":-1,"mi":1}},{"type":"Feature","geometry":{"type":"Point","coordinates":[21.884535,43.306214]},"properties":{"lines":"7","color":"#0059a9","mode":"bus","arr":["7"],"angle":31.4,"mi":3}},{"type":"Feature","geometry":{"type":"Point","coordinates":[21.885336,43.308349]},"properties":{"lines":"7","color":"#0059a9","mode":"bus","arr":["7"],"angle":53.2}},{"type":"Feature","geometry":{"type":"Point","coordinates":[21.886393,43.306279]},"properties":{"lines":"7","color":"#0059a9","mode":"bus","arr":["7"],"angle":-80.7,"extra":1,"ei":0}},{"type":"Feature","geometry":{"type":"Point","coordinates":[21.884042,43.309531]},"properties":{"lines":"7","color":"#0059a9","mode":"bus","arr":["7"],"angle":51.1,"extra":1,"ei":1}},{"type":"Feature","geometry":{"type":"Point","coordinates":[21.885821,43.310984]},"properties":{"lines":"7","color":"#0059a9","mode":"bus","arr":["7"],"angle":1.9,"mi":1}},{"type":"Feature","geometry":{"type":"Point","coordinates":[21.888199,43.312062]},"properties":{"lines":"7","color":"#0059a9","mode":"bus","arr":["7"],"angle":-85,"mi":2}},{"type":"Feature","geometry":{"type":"Point","coordinates":[21.889657,43.312482]},"properties":{"lines":"7, 34A, 34B","color":"#0059a9","mode":"bus","arr":["7","34A","34B"],"angle":20}},{"type":"Feature","geometry":{"type":"Point","coordinates":[21.892317,43.312064]},"properties":{"lines":"7, 34A, 34B","color":"#0059a9","mode":"bus","arr":["7","34A","34B"],"angle":-0.6,"mi":1}},{"type":"Feature","geometry":{"type":"Point","coordinates":[21.893903,43.312283]},"properties":{"lines":"7, 9, 12, 34A, 34B","color":"#0059a9","mode":"bus","arr":["7","9","12","34A","34B"],"angle":-74.5}},{"type":"Feature","geometry":{"type":"Point","coordinates":[21.894309,43.313757]},"properties":{"lines":"7, 8, 9, 12","color":"#0059a9","mode":"bus","arr":["7","8","9","12"],"angle":-78,"mi":3}},{"type":"Feature","geometry":{"type":"Point","coordinates":[21.894615,43.315969]},"properties":{"lines":"7, 8, 9, 12","color":"#0059a9","mode":"bus","arr":["7","8","9","12"],"angle":87.2}},{"type":"Feature","geometry":{"type":"Point","coordinates":[21.894017,43.316852]},"properties":{"lines":"7, 8, 9, 12","color":"#0059a9","mode":"bus","arr":["7","8","9","12"],"angle":-10.1,"mi":1}},{"type":"Feature","geometry":{"type":"Point","coordinates":[21.8927,43.317181]},"properties":{"lines":"7, 8, 9, 12","color":"#0059a9","mode":"bus","arr":["7","8","9","12"],"angle":32.3,"side":-1,"mi":2}},{"type":"Feature","geometry":{"type":"Point","coordinates":[21.88053,43.330996]},"properties":{"lines":"7","color":"#0059a9","mode":"bus","arr":["7"],"angle":15.9}},{"type":"Feature","geometry":{"type":"Point","coordinates":[21.884619,43.330195]},"properties":{"lines":"7","color":"#0059a9","mode":"bus","arr":["7"],"angle":7.2,"extra":1,"ei":0}},{"type":"Feature","geometry":{"type":"Point","coordinates":[21.882106,43.330663]},"properties":{"lines":"7","color":"#0059a9","mode":"bus","arr":["7"],"angle":16.2,"extra":1,"ei":1}},{"type":"Feature","geometry":{"type":"Point","coordinates":[21.877074,43.331575]},"properties":{"lines":"7","color":"#0059a9","mode":"bus","arr":["7"],"angle":10.8,"extra":1,"ei":2}},{"type":"Feature","geometry":{"type":"Point","coordinates":[21.896372,43.312778]},"properties":{"lines":"8, 34A, 34B","color":"#0059a9","mode":"bus","arr":["8","34A","34B"],"angle":-9.2,"mi":1}},{"type":"Feature","geometry":{"type":"Point","coordinates":[21.89977,43.312456]},"properties":{"lines":"8, 34A, 34B","color":"#0059a9","mode":"bus","arr":["8","34A","34B"],"angle":36.1}},{"type":"Feature","geometry":{"type":"Point","coordinates":[21.906041,43.312069]},"properties":{"lines":"8, 34A, 34B","color":"#0059a9","mode":"bus","arr":["8","34A","34B"],"angle":3.7,"mi":2}},{"type":"Feature","geometry":{"type":"Point","coordinates":[21.902191,43.311937]},"properties":{"lines":"8, 34A, 34B","color":"#0059a9","mode":"bus","arr":["8","34A","34B"],"angle":5.9,"extra":1,"ei":0}},{"type":"Feature","geometry":{"type":"Point","coordinates":[21.909907,43.311936]},"properties":{"lines":"8, 34A, 34B","color":"#0059a9","mode":"bus","arr":["8","34A","34B"],"angle":3.7,"extra":1,"ei":1}},{"type":"Feature","geometry":{"type":"Point","coordinates":[21.916326,43.31167]},"properties":{"lines":"8, 22, 23, 23B, 23K, 23L","color":"#0059a9","mode":"bus","arr":["8","22","23","23B","23K","23L"],"angle":3.6}},{"type":"Feature","geometry":{"type":"Point","coordinates":[21.912538,43.311814]},"properties":{"lines":"8, 22, 23, 23B, 23K, 23L","color":"#0059a9","mode":"bus","arr":["8","22","23","23B","23K","23L"],"angle":3.6,"extra":1,"ei":0}},{"type":"Feature","geometry":{"type":"Point","coordinates":[21.920287,43.311358]},"properties":{"lines":"8, 22, 23, 23B, 23K, 23L","color":"#0059a9","mode":"bus","arr":["8","22","23","23B","23K","23L"],"angle":11,"extra":1,"ei":1}},{"type":"Feature","geometry":{"type":"Point","coordinates":[21.92155,43.305515]},"properties":{"lines":"8, 22, 23, 23B, 23K, 23L","color":"#0059a9","mode":"bus","arr":["8","22","23","23B","23K","23L"],"angle":-84.2,"mi":1}},{"type":"Feature","geometry":{"type":"Point","coordinates":[21.921781,43.310348]},"properties":{"lines":"8, 22, 23, 23B, 23K, 23L","color":"#0059a9","mode":"bus","arr":["8","22","23","23B","23K","23L"],"angle":73.2,"extra":1,"ei":0}},{"type":"Feature","geometry":{"type":"Point","coordinates":[21.922614,43.30856]},"properties":{"lines":"8, 22, 23, 23B, 23K, 23L","color":"#0059a9","mode":"bus","arr":["8","22","23","23B","23K","23L"],"angle":84,"extra":1,"ei":1}},{"type":"Feature","geometry":{"type":"Point","coordinates":[21.92165,43.306826]},"properties":{"lines":"8, 22, 23, 23B, 23K, 23L","color":"#0059a9","mode":"bus","arr":["8","22","23","23B","23K","23L"],"angle":-76,"extra":1,"ei":2}},{"type":"Feature","geometry":{"type":"Point","coordinates":[21.919519,43.303598]},"properties":{"lines":"8, 22, 23, 23B, 23K, 23L","color":"#0059a9","mode":"bus","arr":["8","22","23","23B","23K","23L"],"angle":-46.4,"extra":1,"ei":3}},{"type":"Feature","geometry":{"type":"Point","coordinates":[21.917821,43.302171]},"properties":{"lines":"8, 22, 23, 23B, 23K, 23L","color":"#0059a9","mode":"bus","arr":["8","22","23","23B","23K","23L"],"angle":-50.6,"extra":1,"ei":4}},{"type":"Feature","geometry":{"type":"Point","coordinates":[21.919054,43.301532]},"properties":{"lines":"8","color":"#0059a9","mode":"bus","arr":["8"],"angle":-39.3,"mi":1}},{"type":"Feature","geometry":{"type":"Point","coordinates":[21.922266,43.302914]},"properties":{"lines":"8","color":"#0059a9","mode":"bus","arr":["8"],"angle":29.3,"mi":2}},{"type":"Feature","geometry":{"type":"Point","coordinates":[21.917535,43.300594]},"properties":{"lines":"8","color":"#0059a9","mode":"bus","arr":["8"],"angle":-11.2,"extra":1,"ei":0}},{"type":"Feature","geometry":{"type":"Point","coordinates":[21.920434,43.301593]},"properties":{"lines":"8","color":"#0059a9","mode":"bus","arr":["8"],"angle":-32.7}},{"type":"Feature","geometry":{"type":"Point","coordinates":[21.868729,43.307315]},"properties":{"lines":"8","color":"#0059a9","mode":"bus","arr":["8"],"angle":-54.1,"side":-1,"mi":4}},{"type":"Feature","geometry":{"type":"Point","coordinates":[21.877728,43.298528]},"properties":{"lines":"8, 24","color":"#0059a9","mode":"bus","arr":["8","24"],"angle":46}},{"type":"Feature","geometry":{"type":"Point","coordinates":[21.871136,43.309697]},"properties":{"lines":"8, 24","color":"#0059a9","mode":"bus","arr":["8","24"],"angle":-33.5}},{"type":"Feature","geometry":{"type":"Point","coordinates":[21.867345,43.305862]},"properties":{"lines":"8, 24","color":"#0059a9","mode":"bus","arr":["8","24"],"angle":-85.5,"mi":1}},{"type":"Feature","geometry":{"type":"Point","coordinates":[21.878906,43.296689]},"properties":{"lines":"8, 24","color":"#0059a9","mode":"bus","arr":["8","24"],"angle":67.8,"extra":1,"ei":0}},{"type":"Feature","geometry":{"type":"Point","coordinates":[21.875944,43.299682]},"properties":{"lines":"8, 24","color":"#0059a9","mode":"bus","arr":["8","24"],"angle":42,"extra":1,"ei":1}},{"type":"Feature","geometry":{"type":"Point","coordinates":[21.87364,43.298204]},"properties":{"lines":"8","color":"#0059a9","mode":"bus","arr":["8"],"angle":-74,"mi":1}},{"type":"Feature","geometry":{"type":"Point","coordinates":[21.873164,43.296763]},"properties":{"lines":"8","color":"#0059a9","mode":"bus","arr":["8"],"angle":-83.6,"extra":1,"ei":0}},{"type":"Feature","geometry":{"type":"Point","coordinates":[21.874607,43.300383]},"properties":{"lines":"8","color":"#0059a9","mode":"bus","arr":["8"],"angle":-70.9,"extra":1,"ei":1}},{"type":"Feature","geometry":{"type":"Point","coordinates":[21.871022,43.294652]},"properties":{"lines":"8","color":"#0059a9","mode":"bus","arr":["8"],"angle":-54.9,"mi":2}},{"type":"Feature","geometry":{"type":"Point","coordinates":[21.867548,43.292976]},"properties":{"lines":"8","color":"#0059a9","mode":"bus","arr":["8"],"angle":0.3,"mi":3}},{"type":"Feature","geometry":{"type":"Point","coordinates":[21.866677,43.298945]},"properties":{"lines":"8","color":"#0059a9","mode":"bus","arr":["8"],"angle":-85}},{"type":"Feature","geometry":{"type":"Point","coordinates":[21.86729,43.304375]},"properties":{"lines":"8","color":"#0059a9","mode":"bus","arr":["8"],"angle":-84.6,"extra":1,"ei":0}},{"type":"Feature","geometry":{"type":"Point","coordinates":[21.867033,43.302497]},"properties":{"lines":"8","color":"#0059a9","mode":"bus","arr":["8"],"angle":-86.5,"extra":1,"ei":1}},{"type":"Feature","geometry":{"type":"Point","coordinates":[21.86688,43.300612]},"properties":{"lines":"8","color":"#0059a9","mode":"bus","arr":["8"],"angle":-86.3,"extra":1,"ei":2}},{"type":"Feature","geometry":{"type":"Point","coordinates":[21.866278,43.296864]},"properties":{"lines":"8","color":"#0059a9","mode":"bus","arr":["8"],"angle":-79.1,"extra":1,"ei":3}},{"type":"Feature","geometry":{"type":"Point","coordinates":[21.865776,43.295011]},"properties":{"lines":"8","color":"#0059a9","mode":"bus","arr":["8"],"angle":-84.3,"extra":1,"ei":4}},{"type":"Feature","geometry":{"type":"Point","coordinates":[21.865513,43.293266]},"properties":{"lines":"8","color":"#0059a9","mode":"bus","arr":["8"],"angle":72.9,"extra":1,"ei":5}},{"type":"Feature","geometry":{"type":"Point","coordinates":[21.871613,43.309814]},"properties":{"lines":"8, 24, 35","color":"#0059a9","mode":"bus","arr":["8","24","35"],"angle":-33.9,"side":-1}},{"type":"Feature","geometry":{"type":"Point","coordinates":[21.868298,43.307133]},"properties":{"lines":"8, 24, 35","color":"#0059a9","mode":"bus","arr":["8","24","35"],"angle":-50.8,"extra":1,"ei":0}},{"type":"Feature","geometry":{"type":"Point","coordinates":[21.869687,43.308721]},"properties":{"lines":"8, 24, 35","color":"#0059a9","mode":"bus","arr":["8","24","35"],"angle":-44.5,"extra":1,"ei":1}},{"type":"Feature","geometry":{"type":"Point","coordinates":[21.87389,43.310495]},"properties":{"lines":"8, 24, 35","color":"#0059a9","mode":"bus","arr":["8","24","35"],"angle":4,"extra":1,"ei":2}},{"type":"Feature","geometry":{"type":"Point","coordinates":[21.87604,43.311436]},"properties":{"lines":"8, 24, 35","color":"#0059a9","mode":"bus","arr":["8","24","35"],"angle":-39.7,"extra":1,"ei":3}},{"type":"Feature","geometry":{"type":"Point","coordinates":[21.892633,43.317451]},"properties":{"lines":"8, 9, 12","color":"#0059a9","mode":"bus","arr":["8","9","12"],"angle":31.9}},{"type":"Feature","geometry":{"type":"Point","coordinates":[21.897375,43.311235]},"properties":{"lines":"9","color":"#0059a9","mode":"bus","arr":["9"],"angle":1.8,"mi":1}},{"type":"Feature","geometry":{"type":"Point","coordinates":[21.9,43.311182]},"properties":{"lines":"9","color":"#0059a9","mode":"bus","arr":["9"],"angle":-11.2,"extra":1,"ei":0}},{"type":"Feature","geometry":{"type":"Point","coordinates":[21.894813,43.311299]},"properties":{"lines":"9","color":"#0059a9","mode":"bus","arr":["9"],"angle":1.5,"extra":1,"ei":1}},{"type":"Feature","geometry":{"type":"Point","coordinates":[21.897079,43.313861]},"properties":{"lines":"8","color":"#0059a9","mode":"bus","arr":["8"],"angle":32.3}},{"type":"Feature","geometry":{"type":"Point","coordinates":[21.895561,43.314601]},"properties":{"lines":"8","color":"#0059a9","mode":"bus","arr":["8"],"angle":40.7,"extra":1,"ei":0}},{"type":"Feature","geometry":{"type":"Point","coordinates":[21.895156,43.314928]},"properties":{"lines":"8","color":"#0059a9","mode":"bus","arr":["8"],"angle":20.4,"mi":1}},{"type":"Feature","geometry":{"type":"Point","coordinates":[21.893926,43.316927]},"properties":{"lines":"8, 9","color":"#0059a9","mode":"bus","arr":["8","9"],"angle":13.7}},{"type":"Feature","geometry":{"type":"Point","coordinates":[21.906839,43.308522]},"properties":{"lines":"9","color":"#0059a9","mode":"bus","arr":["9"],"angle":38.1}},{"type":"Feature","geometry":{"type":"Point","coordinates":[21.911348,43.305505]},"properties":{"lines":"9","color":"#0059a9","mode":"bus","arr":["9"],"angle":57.7,"extra":1,"ei":0}},{"type":"Feature","geometry":{"type":"Point","coordinates":[21.909713,43.306962]},"properties":{"lines":"9","color":"#0059a9","mode":"bus","arr":["9"],"angle":38.1,"extra":1,"ei":1}},{"type":"Feature","geometry":{"type":"Point","coordinates":[21.903557,43.310424]},"properties":{"lines":"9","color":"#0059a9","mode":"bus","arr":["9"],"angle":38.3,"extra":1,"ei":2}},{"type":"Feature","geometry":{"type":"Point","coordinates":[21.901484,43.31156]},"properties":{"lines":"9","color":"#0059a9","mode":"bus","arr":["9"],"angle":35.6,"extra":1,"ei":3}},{"type":"Feature","geometry":{"type":"Point","coordinates":[21.893636,43.3117]},"properties":{"lines":"9, 12","color":"#0059a9","mode":"bus","arr":["9","12"],"angle":-70.6}},{"type":"Feature","geometry":{"type":"Point","coordinates":[21.891111,43.348293]},"properties":{"lines":"9","color":"#0059a9","mode":"bus","arr":["9"],"angle":-9.6,"mi":4}},{"type":"Feature","geometry":{"type":"Point","coordinates":[21.887891,43.349066]},"properties":{"lines":"9","color":"#0059a9","mode":"bus","arr":["9"],"angle":29.5,"extra":1,"ei":0}},{"type":"Feature","geometry":{"type":"Point","coordinates":[21.892703,43.348576]},"properties":{"lines":"9","color":"#0059a9","mode":"bus","arr":["9"],"angle":-15.9,"extra":1,"ei":1}},{"type":"Feature","geometry":{"type":"Point","coordinates":[21.895167,43.349167]},"properties":{"lines":"9","color":"#0059a9","mode":"bus","arr":["9"],"angle":-17.9,"extra":1,"ei":2}},{"type":"Feature","geometry":{"type":"Point","coordinates":[21.895756,43.349307]},"properties":{"lines":"9","color":"#0059a9","mode":"bus","arr":["9"],"angle":77.1,"side":-1,"mi":2}},{"type":"Feature","geometry":{"type":"Point","coordinates":[21.878138,43.341705]},"properties":{"lines":"9, 30, 31","color":"#0059a9","mode":"bus","arr":["9","30","31"],"angle":-59.6,"mi":2}},{"type":"Feature","geometry":{"type":"Point","coordinates":[21.880157,43.344093]},"properties":{"lines":"9, 30, 31","color":"#0059a9","mode":"bus","arr":["9","30","31"],"angle":-58.2,"extra":1,"ei":0}},{"type":"Feature","geometry":{"type":"Point","coordinates":[21.876111,43.339255]},"properties":{"lines":"9, 30, 31","color":"#0059a9","mode":"bus","arr":["9","30","31"],"angle":-58.6,"extra":1,"ei":1}},{"type":"Feature","geometry":{"type":"Point","coordinates":[21.882811,43.347019]},"properties":{"lines":"9, 30, 31","color":"#0059a9","mode":"bus","arr":["9","30","31"],"angle":-48}},{"type":"Feature","geometry":{"type":"Point","coordinates":[21.881509,43.345704]},"properties":{"lines":"9, 30, 31","color":"#0059a9","mode":"bus","arr":["9","30","31"],"angle":-58.8,"extra":1,"ei":0}},{"type":"Feature","geometry":{"type":"Point","coordinates":[21.885074,43.34837]},"properties":{"lines":"9, 30, 31","color":"#0059a9","mode":"bus","arr":["9","30","31"],"angle":-20.3,"extra":1,"ei":1}},{"type":"Feature","geometry":{"type":"Point","coordinates":[21.886076,43.348884]},"properties":{"lines":"9, 30, 31","color":"#0059a9","mode":"bus","arr":["9","30","31"],"angle":-44.1,"mi":1}},{"type":"Feature","geometry":{"type":"Point","coordinates":[21.895896,43.348693]},"properties":{"lines":"9","color":"#0059a9","mode":"bus","arr":["9"],"angle":-71.8,"mi":1}},{"type":"Feature","geometry":{"type":"Point","coordinates":[21.896188,43.348106]},"properties":{"lines":"9","color":"#0059a9","mode":"bus","arr":["9"],"angle":-4.7}},{"type":"Feature","geometry":{"type":"Point","coordinates":[21.896576,43.346354]},"properties":{"lines":"9","color":"#0059a9","mode":"bus","arr":["9"],"angle":84.9,"mi":3}},{"type":"Feature","geometry":{"type":"Point","coordinates":[21.848111,43.316484]},"properties":{"lines":"10, 26, 33, 33P, 36, 36A","color":"#0059a9","mode":"bus","arr":["10","26","33","33P","36","36A"],"angle":10.6,"mi":5}},{"type":"Feature","geometry":{"type":"Point","coordinates":[21.838007,43.317572]},"properties":{"lines":"10, 26, 33, 33P, 36, 36A","color":"#0059a9","mode":"bus","arr":["10","26","33","33P","36","36A"],"angle":7.7,"mi":2}},{"type":"Feature","geometry":{"type":"Point","coordinates":[21.833291,43.318046]},"properties":{"lines":"10, 26, 33, 33P, 36, 36A","color":"#0059a9","mode":"bus","arr":["10","26","33","33P","36","36A"],"angle":7.3}},{"type":"Feature","geometry":{"type":"Point","coordinates":[21.85372,43.316015]},"properties":{"lines":"10, 26, 33, 33P, 36, 36A","color":"#0059a9","mode":"bus","arr":["10","26","33","33P","36","36A"],"angle":0.3,"extra":1,"ei":0}},{"type":"Feature","geometry":{"type":"Point","coordinates":[21.851132,43.316116]},"properties":{"lines":"10, 26, 33, 33P, 36, 36A","color":"#0059a9","mode":"bus","arr":["10","26","33","33P","36","36A"],"angle":8.3,"extra":1,"ei":1}},{"type":"Feature","geometry":{"type":"Point","coordinates":[21.846015,43.316746]},"properties":{"lines":"10, 26, 33, 33P, 36, 36A","color":"#0059a9","mode":"bus","arr":["10","26","33","33P","36","36A"],"angle":9.7,"extra":1,"ei":2}},{"type":"Feature","geometry":{"type":"Point","coordinates":[21.843451,43.317038]},"properties":{"lines":"10, 26, 33, 33P, 36, 36A","color":"#0059a9","mode":"bus","arr":["10","26","33","33P","36","36A"],"angle":7.8,"extra":1,"ei":3}},{"type":"Feature","geometry":{"type":"Point","coordinates":[21.839661,43.317408]},"properties":{"lines":"10, 26, 33, 33P, 36, 36A","color":"#0059a9","mode":"bus","arr":["10","26","33","33P","36","36A"],"angle":7.5,"extra":1,"ei":0}},{"type":"Feature","geometry":{"type":"Point","coordinates":[21.830532,43.318107]},"properties":{"lines":"10, 26, 33, 33P, 36, 36A","color":"#0059a9","mode":"bus","arr":["10","26","33","33P","36","36A"],"angle":-10,"mi":1}},{"type":"Feature","geometry":{"type":"Point","coordinates":[21.828012,43.317738]},"properties":{"lines":"10, 26, 33, 33P, 36, 36A","color":"#0059a9","mode":"bus","arr":["10","26","33","33P","36","36A"],"angle":-12.7,"mi":3}},{"type":"Feature","geometry":{"type":"Point","coordinates":[21.826802,43.322132]},"properties":{"lines":"10","color":"#0059a9","mode":"bus","arr":["10"],"angle":61.1,"mi":2}},{"type":"Feature","geometry":{"type":"Point","coordinates":[21.828724,43.318949]},"properties":{"lines":"10","color":"#0059a9","mode":"bus","arr":["10"],"angle":70.4,"extra":1,"ei":0}},{"type":"Feature","geometry":{"type":"Point","coordinates":[21.827779,43.320708]},"properties":{"lines":"10","color":"#0059a9","mode":"bus","arr":["10"],"angle":65.9,"extra":1,"ei":1}},{"type":"Feature","geometry":{"type":"Point","coordinates":[21.825203,43.323979]},"properties":{"lines":"10","color":"#0059a9","mode":"bus","arr":["10"],"angle":53.9,"extra":1,"ei":2}},{"type":"Feature","geometry":{"type":"Point","coordinates":[21.823581,43.325451]},"properties":{"lines":"10","color":"#0059a9","mode":"bus","arr":["10"],"angle":47,"extra":1,"ei":3}},{"type":"Feature","geometry":{"type":"Point","coordinates":[21.827152,43.318705]},"properties":{"lines":"10","color":"#0059a9","mode":"bus","arr":["10"],"angle":-54}},{"type":"Feature","geometry":{"type":"Point","coordinates":[21.823588,43.317088]},"properties":{"lines":"10, 26, 33, 33P, 36, 36A","color":"#0059a9","mode":"bus","arr":["10","26","33","33P","36","36A"],"angle":-11.1,"mi":4}},{"type":"Feature","geometry":{"type":"Point","coordinates":[21.825846,43.317433]},"properties":{"lines":"10, 26, 33, 33P, 36, 36A","color":"#0059a9","mode":"bus","arr":["10","26","33","33P","36","36A"],"angle":-12,"extra":1,"ei":0}},{"type":"Feature","geometry":{"type":"Point","coordinates":[21.820755,43.316703]},"properties":{"lines":"10, 26, 33, 33P, 36, 36A","color":"#0059a9","mode":"bus","arr":["10","26","33","33P","36","36A"],"angle":-10.1,"extra":1,"ei":1}},{"type":"Feature","geometry":{"type":"Point","coordinates":[21.8283,43.318068]},"properties":{"lines":"10","color":"#0059a9","mode":"bus","arr":["10"],"angle":-88.9,"mi":1}},{"type":"Feature","geometry":{"type":"Point","coordinates":[21.819001,43.31651]},"properties":{"lines":"10, 33, 33P, 36, 36A","color":"#0059a9","mode":"bus","arr":["10","33","33P","36","36A"],"angle":-7.8}},{"type":"Feature","geometry":{"type":"Point","coordinates":[21.802394,43.314518]},"properties":{"lines":"33, 33P, 36, 36A","color":"#0059a9","mode":"bus","arr":["33","33P","36","36A"],"angle":-10.4}},{"type":"Feature","geometry":{"type":"Point","coordinates":[21.816392,43.316238]},"properties":{"lines":"33, 33P, 36, 36A","color":"#0059a9","mode":"bus","arr":["33","33P","36","36A"],"angle":-7.8,"extra":1,"ei":0}},{"type":"Feature","geometry":{"type":"Point","coordinates":[21.813824,43.315971]},"properties":{"lines":"33, 33P, 36, 36A","color":"#0059a9","mode":"bus","arr":["33","33P","36","36A"],"angle":-8.5,"extra":1,"ei":1}},{"type":"Feature","geometry":{"type":"Point","coordinates":[21.811264,43.315666]},"properties":{"lines":"33, 33P, 36, 36A","color":"#0059a9","mode":"bus","arr":["33","33P","36","36A"],"angle":-10.5,"extra":1,"ei":2}},{"type":"Feature","geometry":{"type":"Point","coordinates":[21.808709,43.315333]},"properties":{"lines":"33, 33P, 36, 36A","color":"#0059a9","mode":"bus","arr":["33","33P","36","36A"],"angle":-9.9,"extra":1,"ei":3}},{"type":"Feature","geometry":{"type":"Point","coordinates":[21.80615,43.315021]},"properties":{"lines":"33, 33P, 36, 36A","color":"#0059a9","mode":"bus","arr":["33","33P","36","36A"],"angle":-9.7,"extra":1,"ei":4}},{"type":"Feature","geometry":{"type":"Point","coordinates":[21.798495,43.313989]},"properties":{"lines":"33, 33P, 36, 36A","color":"#0059a9","mode":"bus","arr":["33","33P","36","36A"],"angle":-11,"extra":1,"ei":5}},{"type":"Feature","geometry":{"type":"Point","coordinates":[21.795953,43.31361]},"properties":{"lines":"33, 33P, 36, 36A","color":"#0059a9","mode":"bus","arr":["33","33P","36","36A"],"angle":-11.2,"extra":1,"ei":6}},{"type":"Feature","geometry":{"type":"Point","coordinates":[21.793406,43.313247]},"properties":{"lines":"33, 33P, 36, 36A","color":"#0059a9","mode":"bus","arr":["33","33P","36","36A"],"angle":-11,"extra":1,"ei":7}},{"type":"Feature","geometry":{"type":"Point","coordinates":[21.790857,43.312893]},"properties":{"lines":"33, 33P, 36, 36A","color":"#0059a9","mode":"bus","arr":["33","33P","36","36A"],"angle":-10.7,"extra":1,"ei":8}},{"type":"Feature","geometry":{"type":"Point","coordinates":[21.788287,43.312644]},"properties":{"lines":"33, 33P, 36, 36A","color":"#0059a9","mode":"bus","arr":["33","33P","36","36A"],"angle":-4.4,"extra":1,"ei":9}},{"type":"Feature","geometry":{"type":"Point","coordinates":[21.830546,43.318027]},"properties":{"lines":"10, 33, 36, 36A","color":"#0059a9","mode":"bus","arr":["10","33","36","36A"],"angle":-10.1,"side":-1,"mi":1}},{"type":"Feature","geometry":{"type":"Point","coordinates":[21.828593,43.31775]},"properties":{"lines":"10, 33, 36, 36A","color":"#0059a9","mode":"bus","arr":["10","33","36","36A"],"angle":10.7,"side":-1,"mi":2}},{"type":"Feature","geometry":{"type":"Point","coordinates":[21.837981,43.317465]},"properties":{"lines":"10, 33, 36, 36A","color":"#0059a9","mode":"bus","arr":["10","33","36","36A"],"angle":8,"side":-1,"mi":3}},{"type":"Feature","geometry":{"type":"Point","coordinates":[21.833255,43.317975]},"properties":{"lines":"10, 33, 36, 36A","color":"#0059a9","mode":"bus","arr":["10","33","36","36A"],"angle":8.4,"side":-1}},{"type":"Feature","geometry":{"type":"Point","coordinates":[21.836336,43.317636]},"properties":{"lines":"10, 33, 36, 36A","color":"#0059a9","mode":"bus","arr":["10","33","36","36A"],"angle":8.3,"extra":1,"ei":0,"side":-1}},{"type":"Feature","geometry":{"type":"Point","coordinates":[21.848107,43.316397]},"properties":{"lines":"10, 36, 36A","color":"#0059a9","mode":"bus","arr":["10","36","36A"],"angle":9.9,"side":-1}},{"type":"Feature","geometry":{"type":"Point","coordinates":[21.842638,43.317042]},"properties":{"lines":"10, 36, 36A","color":"#0059a9","mode":"bus","arr":["10","36","36A"],"angle":7.8,"extra":1,"ei":0,"side":-1}},{"type":"Feature","geometry":{"type":"Point","coordinates":[21.845206,43.316769]},"properties":{"lines":"10, 36, 36A","color":"#0059a9","mode":"bus","arr":["10","36","36A"],"angle":9.8,"extra":1,"ei":1,"side":-1}},{"type":"Feature","geometry":{"type":"Point","coordinates":[21.850319,43.316123]},"properties":{"lines":"10, 36, 36A","color":"#0059a9","mode":"bus","arr":["10","36","36A"],"angle":9.3,"extra":1,"ei":2,"side":-1}},{"type":"Feature","geometry":{"type":"Point","coordinates":[21.852896,43.315921]},"properties":{"lines":"10, 36, 36A","color":"#0059a9","mode":"bus","arr":["10","36","36A"],"angle":0.9,"extra":1,"ei":3,"side":-1}},{"type":"Feature","geometry":{"type":"Point","coordinates":[21.866049,43.323877]},"properties":{"lines":"11, 27A, 27B, 28, 28A, 29A","color":"#0059a9","mode":"bus","arr":["11","27A","27B","28","28A","29A"],"angle":52.6,"mi":2}},{"type":"Feature","geometry":{"type":"Point","coordinates":[21.866781,43.322782]},"properties":{"lines":"11, 27A, 27B, 28, 28A, 29A","color":"#0059a9","mode":"bus","arr":["11","27A","27B","28","28A","29A"],"angle":62.2,"extra":1,"ei":0}},{"type":"Feature","geometry":{"type":"Point","coordinates":[21.867292,43.322141]},"properties":{"lines":"11, 27A, 27B, 28, 28A, 29A","color":"#0059a9","mode":"bus","arr":["11","27A","27B","28","28A","29A"],"angle":59.1,"mi":1}},{"type":"Feature","geometry":{"type":"Point","coordinates":[21.874764,43.320828]},"properties":{"lines":"11, 27A, 27B, 28, 28A, 29A","color":"#0059a9","mode":"bus","arr":["11","27A","27B","28","28A","29A"],"angle":8.8}},{"type":"Feature","geometry":{"type":"Point","coordinates":[21.868699,43.321498]},"properties":{"lines":"11, 27A, 27B, 28, 28A, 29A","color":"#0059a9","mode":"bus","arr":["11","27A","27B","28","28A","29A"],"angle":8.9,"extra":1,"ei":0}},{"type":"Feature","geometry":{"type":"Point","coordinates":[21.871265,43.32122]},"properties":{"lines":"11, 27A, 27B, 28, 28A, 29A","color":"#0059a9","mode":"bus","arr":["11","27A","27B","28","28A","29A"],"angle":8.5,"extra":1,"ei":1}},{"type":"Feature","geometry":{"type":"Point","coordinates":[21.876394,43.320643]},"properties":{"lines":"11, 27A, 27B, 28, 28A, 29A","color":"#0059a9","mode":"bus","arr":["11","27A","27B","28","28A","29A"],"angle":8.9,"extra":1,"ei":2}},{"type":"Feature","geometry":{"type":"Point","coordinates":[21.878957,43.320348]},"properties":{"lines":"11, 27A, 27B, 28, 28A, 29A","color":"#0059a9","mode":"bus","arr":["11","27A","27B","28","28A","29A"],"angle":9.6,"extra":1,"ei":3}},{"type":"Feature","geometry":{"type":"Point","coordinates":[21.881518,43.320041]},"properties":{"lines":"11, 27A, 27B, 28, 28A, 29A","color":"#0059a9","mode":"bus","arr":["11","27A","27B","28","28A","29A"],"angle":9.4,"extra":1,"ei":4}},{"type":"Feature","geometry":{"type":"Point","coordinates":[21.891116,43.308702]},"properties":{"lines":"12","color":"#0059a9","mode":"bus","arr":["12"],"angle":14}},{"type":"Feature","geometry":{"type":"Point","coordinates":[21.888083,43.308866]},"properties":{"lines":"12","color":"#0059a9","mode":"bus","arr":["12"],"angle":-67.9,"extra":1,"ei":0}},{"type":"Feature","geometry":{"type":"Point","coordinates":[21.892484,43.30952]},"properties":{"lines":"12","color":"#0059a9","mode":"bus","arr":["12"],"angle":-57.8,"extra":1,"ei":1}},{"type":"Feature","geometry":{"type":"Point","coordinates":[21.89343,43.31127]},"properties":{"lines":"12","color":"#0059a9","mode":"bus","arr":["12"],"angle":-71.5,"extra":1,"ei":2}},{"type":"Feature","geometry":{"type":"Point","coordinates":[21.890167,43.307299]},"properties":{"lines":"12","color":"#0059a9","mode":"bus","arr":["12"],"angle":48.3,"mi":2}},{"type":"Feature","geometry":{"type":"Point","coordinates":[21.892613,43.30793]},"properties":{"lines":"12","color":"#0059a9","mode":"bus","arr":["12"],"angle":82.4,"mi":1}},{"type":"Feature","geometry":{"type":"Point","coordinates":[21.892388,43.309284]},"properties":{"lines":"12","color":"#0059a9","mode":"bus","arr":["12"],"angle":83,"extra":1,"ei":0}},{"type":"Feature","geometry":{"type":"Point","coordinates":[21.89158,43.329932]},"properties":{"lines":"12, 14A, 15, 16, 17, 17A, 34A, 34B","color":"#0059a9","mode":"bus","arr":["12","14A","15","16","17","17A","34A","34B"],"angle":-31.5}},{"type":"Feature","geometry":{"type":"Point","coordinates":[21.889136,43.328867]},"properties":{"lines":"12, 14A, 15, 16, 17, 17A, 34A, 34B","color":"#0059a9","mode":"bus","arr":["12","14A","15","16","17","17A","34A","34B"],"angle":-31.2,"extra":1,"ei":0}},{"type":"Feature","geometry":{"type":"Point","coordinates":[21.893549,43.330854]},"properties":{"lines":"12, 14A, 15, 16, 17, 17A, 34A, 34B","color":"#0059a9","mode":"bus","arr":["12","14A","15","16","17","17A","34A","34B"],"angle":-32.1,"extra":1,"ei":1}},{"type":"Feature","geometry":{"type":"Point","coordinates":[21.889369,43.337387]},"properties":{"lines":"12","color":"#0059a9","mode":"bus","arr":["12"],"angle":51,"mi":4}},{"type":"Feature","geometry":{"type":"Point","coordinates":[21.893768,43.333434]},"properties":{"lines":"12","color":"#0059a9","mode":"bus","arr":["12"],"angle":50.9,"mi":7}},{"type":"Feature","geometry":{"type":"Point","coordinates":[21.890865,43.336046]},"properties":{"lines":"12","color":"#0059a9","mode":"bus","arr":["12"],"angle":51,"extra":1,"ei":0}},{"type":"Feature","geometry":{"type":"Point","coordinates":[21.88758,43.33897]},"properties":{"lines":"12","color":"#0059a9","mode":"bus","arr":["12"],"angle":50.3,"extra":1,"ei":1}},{"type":"Feature","geometry":{"type":"Point","coordinates":[21.885223,43.340995]},"properties":{"lines":"12","color":"#0059a9","mode":"bus","arr":["12"],"angle":51.2}},{"type":"Feature","geometry":{"type":"Point","coordinates":[21.895122,43.332123]},"properties":{"lines":"12","color":"#0059a9","mode":"bus","arr":["12"],"angle":56.2,"side":-1,"mi":9}},{"type":"Feature","geometry":{"type":"Point","coordinates":[21.891832,43.33506]},"properties":{"lines":"12","color":"#0059a9","mode":"bus","arr":["12"],"angle":50.4,"side":-1,"mi":6}},{"type":"Feature","geometry":{"type":"Point","coordinates":[21.887179,43.339214]},"properties":{"lines":"12","color":"#0059a9","mode":"bus","arr":["12"],"angle":38.5,"side":-1,"mi":1}},{"type":"Feature","geometry":{"type":"Point","coordinates":[21.884049,43.342716]},"properties":{"lines":"12","color":"#0059a9","mode":"bus","arr":["12"],"angle":-80.8,"mi":3}},{"type":"Feature","geometry":{"type":"Point","coordinates":[21.886174,43.342699]},"properties":{"lines":"12","color":"#0059a9","mode":"bus","arr":["12"],"angle":17,"mi":2}},{"type":"Feature","geometry":{"type":"Point","coordinates":[21.887835,43.342398]},"properties":{"lines":"12","color":"#0059a9","mode":"bus","arr":["12"],"angle":9.9,"extra":1,"ei":0}},{"type":"Feature","geometry":{"type":"Point","coordinates":[21.886626,43.34535]},"properties":{"lines":"12","color":"#0059a9","mode":"bus","arr":["12"],"angle":67,"mi":5}},{"type":"Feature","geometry":{"type":"Point","coordinates":[21.887819,43.343217]},"properties":{"lines":"12","color":"#0059a9","mode":"bus","arr":["12"],"angle":69.8,"extra":1,"ei":0}},{"type":"Feature","geometry":{"type":"Point","coordinates":[21.886046,43.346758]},"properties":{"lines":"12","color":"#0059a9","mode":"bus","arr":["12"],"angle":77.4,"extra":1,"ei":1}},{"type":"Feature","geometry":{"type":"Point","coordinates":[21.880127,43.349635]},"properties":{"lines":"12","color":"#0059a9","mode":"bus","arr":["12"],"angle":1.5,"mi":8}},{"type":"Feature","geometry":{"type":"Point","coordinates":[21.885499,43.349419]},"properties":{"lines":"12","color":"#0059a9","mode":"bus","arr":["12"],"angle":57.7,"extra":1,"ei":0}},{"type":"Feature","geometry":{"type":"Point","coordinates":[21.883123,43.349786]},"properties":{"lines":"12","color":"#0059a9","mode":"bus","arr":["12"],"angle":-7.1,"extra":1,"ei":1}},{"type":"Feature","geometry":{"type":"Point","coordinates":[21.87828,43.34981]},"properties":{"lines":"12","color":"#0059a9","mode":"bus","arr":["12"],"angle":14.5,"extra":1,"ei":2}},{"type":"Feature","geometry":{"type":"Point","coordinates":[21.875703,43.349902]},"properties":{"lines":"12","color":"#0059a9","mode":"bus","arr":["12"],"angle":-1.8,"extra":1,"ei":3}},{"type":"Feature","geometry":{"type":"Point","coordinates":[21.873109,43.349856]},"properties":{"lines":"12","color":"#0059a9","mode":"bus","arr":["12"],"angle":-2,"extra":1,"ei":4}},{"type":"Feature","geometry":{"type":"Point","coordinates":[21.872979,43.349594]},"properties":{"lines":"12","color":"#0059a9","mode":"bus","arr":["12"],"angle":-28,"side":-1,"mi":10}},{"type":"Feature","geometry":{"type":"Point","coordinates":[21.924783,43.316828]},"properties":{"lines":"13","color":"#0059a9","mode":"bus","arr":["13"],"angle":31.8,"mi":2}},{"type":"Feature","geometry":{"type":"Point","coordinates":[21.920972,43.318456]},"properties":{"lines":"13","color":"#0059a9","mode":"bus","arr":["13"],"angle":32.1,"extra":1,"ei":0,"side":-1}},{"type":"Feature","geometry":{"type":"Point","coordinates":[21.923171,43.317453]},"properties":{"lines":"13","color":"#0059a9","mode":"bus","arr":["13"],"angle":32.2,"extra":1,"ei":1,"side":-1}},{"type":"Feature","geometry":{"type":"Point","coordinates":[21.927253,43.315198]},"properties":{"lines":"13","color":"#0059a9","mode":"bus","arr":["13"],"angle":67.2,"extra":1,"ei":2,"side":-1}},{"type":"Feature","geometry":{"type":"Point","coordinates":[21.925946,43.311197]},"properties":{"lines":"13","color":"#0059a9","mode":"bus","arr":["13"],"angle":31.9,"mi":1}},{"type":"Feature","geometry":{"type":"Point","coordinates":[21.926943,43.311203]},"properties":{"lines":"13","color":"#0059a9","mode":"bus","arr":["13"],"angle":-77.7}},{"type":"Feature","geometry":{"type":"Point","coordinates":[21.933079,43.307849]},"properties":{"lines":"13","color":"#0059a9","mode":"bus","arr":["13"],"angle":2.4,"mi":3}},{"type":"Feature","geometry":{"type":"Point","coordinates":[21.927986,43.310396]},"properties":{"lines":"13","color":"#0059a9","mode":"bus","arr":["13"],"angle":33.5,"extra":1,"ei":0}},{"type":"Feature","geometry":{"type":"Point","coordinates":[21.929639,43.308975]},"properties":{"lines":"13","color":"#0059a9","mode":"bus","arr":["13"],"angle":56.6,"extra":1,"ei":1}},{"type":"Feature","geometry":{"type":"Point","coordinates":[21.936696,43.307221]},"properties":{"lines":"13","color":"#0059a9","mode":"bus","arr":["13"],"angle":13,"extra":1,"ei":2}},{"type":"Feature","geometry":{"type":"Point","coordinates":[21.939213,43.307476]},"properties":{"lines":"13","color":"#0059a9","mode":"bus","arr":["13"],"angle":-21.6,"extra":1,"ei":3}},{"type":"Feature","geometry":{"type":"Point","coordinates":[21.909804,43.334677]},"properties":{"lines":"14, 14A","color":"#0059a9","mode":"bus","arr":["14","14A"],"angle":-52.4}},{"type":"Feature","geometry":{"type":"Point","coordinates":[21.9186,43.342472]},"properties":{"lines":"14, 14A","color":"#0059a9","mode":"bus","arr":["14","14A"],"angle":-49.8}},{"type":"Feature","geometry":{"type":"Point","coordinates":[21.91077,43.335585]},"properties":{"lines":"14, 14A","color":"#0059a9","mode":"bus","arr":["14","14A"],"angle":-51.9,"extra":1,"ei":0}},{"type":"Feature","geometry":{"type":"Point","coordinates":[21.911997,43.33724]},"properties":{"lines":"14, 14A","color":"#0059a9","mode":"bus","arr":["14","14A"],"angle":-65.4,"extra":1,"ei":1}},{"type":"Feature","geometry":{"type":"Point","coordinates":[21.913496,43.338742]},"properties":{"lines":"14, 14A","color":"#0059a9","mode":"bus","arr":["14","14A"],"angle":-30.8,"extra":1,"ei":2}},{"type":"Feature","geometry":{"type":"Point","coordinates":[21.915694,43.339644]},"properties":{"lines":"14, 14A","color":"#0059a9","mode":"bus","arr":["14","14A"],"angle":-58.1,"extra":1,"ei":3}},{"type":"Feature","geometry":{"type":"Point","coordinates":[21.917037,43.341247]},"properties":{"lines":"14, 14A","color":"#0059a9","mode":"bus","arr":["14","14A"],"angle":-48.1,"extra":1,"ei":4}},{"type":"Feature","geometry":{"type":"Point","coordinates":[21.920408,43.344113]},"properties":{"lines":"14, 14A","color":"#0059a9","mode":"bus","arr":["14","14A"],"angle":-53.2,"extra":1,"ei":5}},{"type":"Feature","geometry":{"type":"Point","coordinates":[21.922288,43.345404]},"properties":{"lines":"14, 14A","color":"#0059a9","mode":"bus","arr":["14","14A"],"angle":-35.8,"extra":1,"ei":6}},{"type":"Feature","geometry":{"type":"Point","coordinates":[21.92424,43.34664]},"properties":{"lines":"14, 14A","color":"#0059a9","mode":"bus","arr":["14","14A"],"angle":-45,"extra":1,"ei":7}},{"type":"Feature","geometry":{"type":"Point","coordinates":[21.926113,43.347924]},"properties":{"lines":"14, 14A","color":"#0059a9","mode":"bus","arr":["14","14A"],"angle":-42.1,"extra":1,"ei":8}},{"type":"Feature","geometry":{"type":"Point","coordinates":[21.928042,43.349125]},"properties":{"lines":"14, 14A","color":"#0059a9","mode":"bus","arr":["14","14A"],"angle":-66.7,"extra":1,"ei":9}},{"type":"Feature","geometry":{"type":"Point","coordinates":[21.930281,43.354011]},"properties":{"lines":"14, 14A","color":"#0059a9","mode":"bus","arr":["14","14A"],"angle":-71.7}},{"type":"Feature","geometry":{"type":"Point","coordinates":[21.929422,43.350102]},"properties":{"lines":"14, 14A","color":"#0059a9","mode":"bus","arr":["14","14A"],"angle":-45.4,"extra":1,"ei":0}},{"type":"Feature","geometry":{"type":"Point","coordinates":[21.92986,43.351922]},"properties":{"lines":"14, 14A","color":"#0059a9","mode":"bus","arr":["14","14A"],"angle":-86.3,"extra":1,"ei":1}},{"type":"Feature","geometry":{"type":"Point","coordinates":[21.930994,43.355579]},"properties":{"lines":"14, 14A","color":"#0059a9","mode":"bus","arr":["14","14A"],"angle":-71.7,"extra":1,"ei":2}},{"type":"Feature","geometry":{"type":"Point","coordinates":[21.932004,43.357316]},"properties":{"lines":"14, 14A","color":"#0059a9","mode":"bus","arr":["14","14A"],"angle":-70.7,"extra":1,"ei":3}},{"type":"Feature","geometry":{"type":"Point","coordinates":[21.934194,43.365328]},"properties":{"lines":"14, 14A","color":"#0059a9","mode":"bus","arr":["14","14A"],"angle":-74,"mi":3}},{"type":"Feature","geometry":{"type":"Point","coordinates":[21.938485,43.373561]},"properties":{"lines":"14, 14A","color":"#0059a9","mode":"bus","arr":["14","14A"],"angle":-34.8}},{"type":"Feature","geometry":{"type":"Point","coordinates":[21.932427,43.35965]},"properties":{"lines":"14, 14A","color":"#0059a9","mode":"bus","arr":["14","14A"],"angle":-82.6,"extra":1,"ei":0}},{"type":"Feature","geometry":{"type":"Point","coordinates":[21.93287,43.3615]},"properties":{"lines":"14, 14A","color":"#0059a9","mode":"bus","arr":["14","14A"],"angle":-69.3,"extra":1,"ei":1}},{"type":"Feature","geometry":{"type":"Point","coordinates":[21.933516,43.363327]},"properties":{"lines":"14, 14A","color":"#0059a9","mode":"bus","arr":["14","14A"],"angle":-76.6,"extra":1,"ei":2}},{"type":"Feature","geometry":{"type":"Point","coordinates":[21.935079,43.366917]},"properties":{"lines":"14, 14A","color":"#0059a9","mode":"bus","arr":["14","14A"],"angle":-66.4,"extra":1,"ei":3}},{"type":"Feature","geometry":{"type":"Point","coordinates":[21.935834,43.368705]},"properties":{"lines":"14, 14A","color":"#0059a9","mode":"bus","arr":["14","14A"],"angle":-87.5,"extra":1,"ei":4}},{"type":"Feature","geometry":{"type":"Point","coordinates":[21.935926,43.370592]},"properties":{"lines":"14, 14A","color":"#0059a9","mode":"bus","arr":["14","14A"],"angle":-89.5,"extra":1,"ei":5}},{"type":"Feature","geometry":{"type":"Point","coordinates":[21.936981,43.37252]},"properties":{"lines":"14, 14A","color":"#0059a9","mode":"bus","arr":["14","14A"],"angle":-76.8,"extra":1,"ei":0}},{"type":"Feature","geometry":{"type":"Point","coordinates":[21.940473,43.375191]},"properties":{"lines":"14, 14A","color":"#0059a9","mode":"bus","arr":["14","14A"],"angle":-60.5,"extra":1,"ei":1}},{"type":"Feature","geometry":{"type":"Point","coordinates":[21.939482,43.375348]},"properties":{"lines":"14, 14A","color":"#0059a9","mode":"bus","arr":["14","14A"],"angle":2.7,"mi":1}},{"type":"Feature","geometry":{"type":"Point","coordinates":[21.934108,43.379036]},"properties":{"lines":"14, 14A","color":"#0059a9","mode":"bus","arr":["14","14A"],"angle":33.1,"mi":2}},{"type":"Feature","geometry":{"type":"Point","coordinates":[21.92957,43.381509]},"properties":{"lines":"14, 14A","color":"#0059a9","mode":"bus","arr":["14","14A"],"angle":63.7,"extra":1,"ei":0}},{"type":"Feature","geometry":{"type":"Point","coordinates":[21.931237,43.380138]},"properties":{"lines":"14, 14A","color":"#0059a9","mode":"bus","arr":["14","14A"],"angle":31.2,"extra":1,"ei":1}},{"type":"Feature","geometry":{"type":"Point","coordinates":[21.935388,43.378007]},"properties":{"lines":"14, 14A","color":"#0059a9","mode":"bus","arr":["14","14A"],"angle":48,"extra":1,"ei":2}},{"type":"Feature","geometry":{"type":"Point","coordinates":[21.937596,43.377095]},"properties":{"lines":"14, 14A","color":"#0059a9","mode":"bus","arr":["14","14A"],"angle":19.6,"extra":1,"ei":3}},{"type":"Feature","geometry":{"type":"Point","coordinates":[21.938252,43.375428]},"properties":{"lines":"14, 14A","color":"#0059a9","mode":"bus","arr":["14","14A"],"angle":88.3,"extra":1,"ei":4}},{"type":"Feature","geometry":{"type":"Point","coordinates":[21.898822,43.325377]},"properties":{"lines":"14, 14A, 15, 16, 17, 17A","color":"#0059a9","mode":"bus","arr":["14","14A","15","16","17","17A"],"angle":-41.4}},{"type":"Feature","geometry":{"type":"Point","coordinates":[21.901647,43.326674]},"properties":{"lines":"14, 14A, 15, 16, 17, 17A","color":"#0059a9","mode":"bus","arr":["14","14A","15","16","17","17A"],"angle":-32.8,"extra":1,"ei":0}},{"type":"Feature","geometry":{"type":"Point","coordinates":[21.897633,43.324372]},"properties":{"lines":"14, 14A, 15, 16, 17, 17A","color":"#0059a9","mode":"bus","arr":["14","14A","15","16","17","17A"],"angle":-54.6,"extra":1,"ei":1}},{"type":"Feature","geometry":{"type":"Point","coordinates":[21.895572,43.323281]},"properties":{"lines":"14, 14A, 15, 16, 17, 17A","color":"#0059a9","mode":"bus","arr":["14","14A","15","16","17","17A"],"angle":-27.6,"extra":1,"ei":2}},{"type":"Feature","geometry":{"type":"Point","coordinates":[21.892826,43.323196]},"properties":{"lines":"14, 14A, 15, 16, 17, 17A","color":"#0059a9","mode":"bus","arr":["14","14A","15","16","17","17A"],"angle":-0.2,"mi":1}},{"type":"Feature","geometry":{"type":"Point","coordinates":[21.896438,43.330924]},"properties":{"lines":"14A, 15, 16, 17, 17A, 34A, 34B","color":"#0059a9","mode":"bus","arr":["14A","15","16","17","17A","34A","34B"],"angle":51.5}},{"type":"Feature","geometry":{"type":"Point","coordinates":[21.8995,43.328344]},"properties":{"lines":"14A, 15, 16, 17, 17A, 34B","color":"#0059a9","mode":"bus","arr":["14A","15","16","17","17A","34B"],"angle":33.2,"side":-1}},{"type":"Feature","geometry":{"type":"Point","coordinates":[21.898033,43.329466]},"properties":{"lines":"14A, 15, 16, 17, 17A, 34B","color":"#0059a9","mode":"bus","arr":["14A","15","16","17","17A","34B"],"angle":51.1,"extra":1,"ei":0,"side":-1}},{"type":"Feature","geometry":{"type":"Point","coordinates":[21.902335,43.327551]},"properties":{"lines":"14A, 15, 16, 17, 17A, 34B","color":"#0059a9","mode":"bus","arr":["14A","15","16","17","17A","34B"],"angle":36.5,"extra":1,"ei":1,"side":-1}},{"type":"Feature","geometry":{"type":"Point","coordinates":[21.919317,43.415604]},"properties":{"lines":"14A","color":"#0059a9","mode":"bus","arr":["14A"],"angle":29.2}},{"type":"Feature","geometry":{"type":"Point","coordinates":[21.929401,43.404357]},"properties":{"lines":"14A","color":"#0059a9","mode":"bus","arr":["14A"],"angle":59.9,"extra":1,"ei":0}},{"type":"Feature","geometry":{"type":"Point","coordinates":[21.928337,43.406048]},"properties":{"lines":"14A","color":"#0059a9","mode":"bus","arr":["14A"],"angle":58.7,"extra":1,"ei":1}},{"type":"Feature","geometry":{"type":"Point","coordinates":[21.926872,43.407563]},"properties":{"lines":"14A","color":"#0059a9","mode":"bus","arr":["14A"],"angle":63.8,"extra":1,"ei":2}},{"type":"Feature","geometry":{"type":"Point","coordinates":[21.926823,43.409442]},"properties":{"lines":"14A","color":"#0059a9","mode":"bus","arr":["14A"],"angle":-86.7,"extra":1,"ei":3}},{"type":"Feature","geometry":{"type":"Point","coordinates":[21.926718,43.411308]},"properties":{"lines":"14A","color":"#0059a9","mode":"bus","arr":["14A"],"angle":-68.4,"extra":1,"ei":4}},{"type":"Feature","geometry":{"type":"Point","coordinates":[21.925777,43.412338]},"properties":{"lines":"14A","color":"#0059a9","mode":"bus","arr":["14A"],"angle":0.3,"extra":1,"ei":5}},{"type":"Feature","geometry":{"type":"Point","coordinates":[21.923484,43.413069]},"properties":{"lines":"14A","color":"#0059a9","mode":"bus","arr":["14A"],"angle":35.6,"extra":1,"ei":6}},{"type":"Feature","geometry":{"type":"Point","coordinates":[21.921552,43.414297]},"properties":{"lines":"14A","color":"#0059a9","mode":"bus","arr":["14A"],"angle":34.6,"extra":1,"ei":7}},{"type":"Feature","geometry":{"type":"Point","coordinates":[21.917738,43.416705]},"properties":{"lines":"14A","color":"#0059a9","mode":"bus","arr":["14A"],"angle":64.7,"extra":1,"ei":8}},{"type":"Feature","geometry":{"type":"Point","coordinates":[21.918124,43.418223]},"properties":{"lines":"14A","color":"#0059a9","mode":"bus","arr":["14A"],"angle":-56.7,"extra":1,"ei":9}},{"type":"Feature","geometry":{"type":"Point","coordinates":[21.918856,43.419951]},"properties":{"lines":"14A","color":"#0059a9","mode":"bus","arr":["14A"],"angle":83.3,"extra":1,"ei":10}},{"type":"Feature","geometry":{"type":"Point","coordinates":[21.917376,43.421331]},"properties":{"lines":"14A","color":"#0059a9","mode":"bus","arr":["14A"],"angle":41.2,"extra":1,"ei":11}},{"type":"Feature","geometry":{"type":"Point","coordinates":[21.915998,43.422665]},"properties":{"lines":"14A","color":"#0059a9","mode":"bus","arr":["14A"],"angle":62,"extra":1,"ei":12}},{"type":"Feature","geometry":{"type":"Point","coordinates":[21.915244,43.424431]},"properties":{"lines":"14A","color":"#0059a9","mode":"bus","arr":["14A"],"angle":66,"extra":1,"ei":13}},{"type":"Feature","geometry":{"type":"Point","coordinates":[21.914732,43.426234]},"properties":{"lines":"14A","color":"#0059a9","mode":"bus","arr":["14A"],"angle":57.6,"extra":1,"ei":14}},{"type":"Feature","geometry":{"type":"Point","coordinates":[21.912383,43.426774]},"properties":{"lines":"14A","color":"#0059a9","mode":"bus","arr":["14A"],"angle":-3.8,"extra":1,"ei":15}},{"type":"Feature","geometry":{"type":"Point","coordinates":[21.940889,43.375727]},"properties":{"lines":"14A","color":"#0059a9","mode":"bus","arr":["14A"],"angle":-58.9}},{"type":"Feature","geometry":{"type":"Point","coordinates":[21.939808,43.388562]},"properties":{"lines":"14A","color":"#0059a9","mode":"bus","arr":["14A"],"angle":-77.7}},{"type":"Feature","geometry":{"type":"Point","coordinates":[21.940238,43.376681]},"properties":{"lines":"14A","color":"#0059a9","mode":"bus","arr":["14A"],"angle":45.3,"extra":1,"ei":0}},{"type":"Feature","geometry":{"type":"Point","coordinates":[21.938521,43.378096]},"properties":{"lines":"14A","color":"#0059a9","mode":"bus","arr":["14A"],"angle":46.5,"extra":1,"ei":1}},{"type":"Feature","geometry":{"type":"Point","coordinates":[21.936737,43.379462]},"properties":{"lines":"14A","color":"#0059a9","mode":"bus","arr":["14A"],"angle":40.9,"extra":1,"ei":2}},{"type":"Feature","geometry":{"type":"Point","coordinates":[21.935029,43.380793]},"properties":{"lines":"14A","color":"#0059a9","mode":"bus","arr":["14A"],"angle":60.1,"extra":1,"ei":3}},{"type":"Feature","geometry":{"type":"Point","coordinates":[21.934886,43.382524]},"properties":{"lines":"14A","color":"#0059a9","mode":"bus","arr":["14A"],"angle":52.1,"extra":1,"ei":4}},{"type":"Feature","geometry":{"type":"Point","coordinates":[21.933836,43.384013]},"properties":{"lines":"14A","color":"#0059a9","mode":"bus","arr":["14A"],"angle":-36.4,"extra":1,"ei":5}},{"type":"Feature","geometry":{"type":"Point","coordinates":[21.936256,43.384241]},"properties":{"lines":"14A","color":"#0059a9","mode":"bus","arr":["14A"],"angle":-29.5,"extra":1,"ei":6}},{"type":"Feature","geometry":{"type":"Point","coordinates":[21.937796,43.385746]},"properties":{"lines":"14A","color":"#0059a9","mode":"bus","arr":["14A"],"angle":-49.3,"extra":1,"ei":7}},{"type":"Feature","geometry":{"type":"Point","coordinates":[21.939304,43.387243]},"properties":{"lines":"14A","color":"#0059a9","mode":"bus","arr":["14A"],"angle":-67.5,"extra":1,"ei":8}},{"type":"Feature","geometry":{"type":"Point","coordinates":[21.940219,43.390832]},"properties":{"lines":"14A","color":"#0059a9","mode":"bus","arr":["14A"],"angle":62.1,"extra":1,"ei":9}},{"type":"Feature","geometry":{"type":"Point","coordinates":[21.939466,43.392572]},"properties":{"lines":"14A","color":"#0059a9","mode":"bus","arr":["14A"],"angle":69.6,"extra":1,"ei":10}},{"type":"Feature","geometry":{"type":"Point","coordinates":[21.938578,43.394255]},"properties":{"lines":"14A","color":"#0059a9","mode":"bus","arr":["14A"],"angle":52.7,"extra":1,"ei":11}},{"type":"Feature","geometry":{"type":"Point","coordinates":[21.937071,43.39579]},"properties":{"lines":"14A","color":"#0059a9","mode":"bus","arr":["14A"],"angle":54.8,"extra":1,"ei":12}},{"type":"Feature","geometry":{"type":"Point","coordinates":[21.935922,43.397475]},"properties":{"lines":"14A","color":"#0059a9","mode":"bus","arr":["14A"],"angle":69.7,"extra":1,"ei":13}},{"type":"Feature","geometry":{"type":"Point","coordinates":[21.934575,43.399069]},"properties":{"lines":"14A","color":"#0059a9","mode":"bus","arr":["14A"],"angle":49.2,"extra":1,"ei":14}},{"type":"Feature","geometry":{"type":"Point","coordinates":[21.933014,43.400569]},"properties":{"lines":"14A","color":"#0059a9","mode":"bus","arr":["14A"],"angle":50.6,"extra":1,"ei":15}},{"type":"Feature","geometry":{"type":"Point","coordinates":[21.931464,43.402077]},"properties":{"lines":"14A","color":"#0059a9","mode":"bus","arr":["14A"],"angle":56,"extra":1,"ei":16}},{"type":"Feature","geometry":{"type":"Point","coordinates":[21.937004,43.333954]},"properties":{"lines":"15","color":"#0059a9","mode":"bus","arr":["15"],"angle":87.2}},{"type":"Feature","geometry":{"type":"Point","coordinates":[21.937152,43.33742]},"properties":{"lines":"15, 15A","color":"#0059a9","mode":"bus","arr":["15","15A"],"angle":-71.9}},{"type":"Feature","geometry":{"type":"Point","coordinates":[21.939123,43.341639]},"properties":{"lines":"15, 15A","color":"#0059a9","mode":"bus","arr":["15","15A"],"angle":70.7,"mi":1}},{"type":"Feature","geometry":{"type":"Point","coordinates":[21.939093,43.340083]},"properties":{"lines":"15, 15A","color":"#0059a9","mode":"bus","arr":["15","15A"],"angle":-69.3,"extra":1,"ei":0}},{"type":"Feature","geometry":{"type":"Point","coordinates":[21.937254,43.343323]},"properties":{"lines":"15, 15A","color":"#0059a9","mode":"bus","arr":["15","15A"],"angle":58.7,"extra":1,"ei":1}},{"type":"Feature","geometry":{"type":"Point","coordinates":[21.949793,43.356469]},"properties":{"lines":"15, 15A","color":"#0059a9","mode":"bus","arr":["15","15A"],"angle":-58,"side":-1}},{"type":"Feature","geometry":{"type":"Point","coordinates":[21.936648,43.344533]},"properties":{"lines":"15, 15A","color":"#0059a9","mode":"bus","arr":["15","15A"],"angle":74.4,"extra":1,"ei":0}},{"type":"Feature","geometry":{"type":"Point","coordinates":[21.936606,43.346388]},"properties":{"lines":"15, 15A","color":"#0059a9","mode":"bus","arr":["15","15A"],"angle":-68.7,"extra":1,"ei":1}},{"type":"Feature","geometry":{"type":"Point","coordinates":[21.937874,43.348035]},"properties":{"lines":"15, 15A","color":"#0059a9","mode":"bus","arr":["15","15A"],"angle":-59.4,"extra":1,"ei":2}},{"type":"Feature","geometry":{"type":"Point","coordinates":[21.939212,43.349653]},"properties":{"lines":"15, 15A","color":"#0059a9","mode":"bus","arr":["15","15A"],"angle":-57,"extra":1,"ei":3}},{"type":"Feature","geometry":{"type":"Point","coordinates":[21.940901,43.351083]},"properties":{"lines":"15, 15A","color":"#0059a9","mode":"bus","arr":["15","15A"],"angle":-49.5,"extra":1,"ei":4}},{"type":"Feature","geometry":{"type":"Point","coordinates":[21.942657,43.352471]},"properties":{"lines":"15, 15A","color":"#0059a9","mode":"bus","arr":["15","15A"],"angle":-44.4,"extra":1,"ei":5}},{"type":"Feature","geometry":{"type":"Point","coordinates":[21.944678,43.353654]},"properties":{"lines":"15, 15A","color":"#0059a9","mode":"bus","arr":["15","15A"],"angle":-37.9,"extra":1,"ei":6}},{"type":"Feature","geometry":{"type":"Point","coordinates":[21.946776,43.354764]},"properties":{"lines":"15, 15A","color":"#0059a9","mode":"bus","arr":["15","15A"],"angle":-36.3,"extra":1,"ei":7}},{"type":"Feature","geometry":{"type":"Point","coordinates":[21.952236,43.358567]},"properties":{"lines":"15, 15A","color":"#0059a9","mode":"bus","arr":["15","15A"],"angle":-33.6,"extra":1,"ei":8}},{"type":"Feature","geometry":{"type":"Point","coordinates":[21.954411,43.359596]},"properties":{"lines":"15, 15A","color":"#0059a9","mode":"bus","arr":["15","15A"],"angle":-31.6,"extra":1,"ei":9}},{"type":"Feature","geometry":{"type":"Point","coordinates":[21.956489,43.360723]},"properties":{"lines":"15, 15A","color":"#0059a9","mode":"bus","arr":["15","15A"],"angle":-33.7,"extra":1,"ei":10}},{"type":"Feature","geometry":{"type":"Point","coordinates":[21.958632,43.361778]},"properties":{"lines":"15, 15A","color":"#0059a9","mode":"bus","arr":["15","15A"],"angle":-23.8,"extra":1,"ei":11}},{"type":"Feature","geometry":{"type":"Point","coordinates":[21.961158,43.361986]},"properties":{"lines":"15, 15A","color":"#0059a9","mode":"bus","arr":["15","15A"],"angle":-20.5,"extra":1,"ei":12}},{"type":"Feature","geometry":{"type":"Point","coordinates":[21.96323,43.363103]},"properties":{"lines":"15, 15A","color":"#0059a9","mode":"bus","arr":["15","15A"],"angle":-48.1,"extra":1,"ei":13}},{"type":"Feature","geometry":{"type":"Point","coordinates":[21.965386,43.364128]},"properties":{"lines":"15, 15A","color":"#0059a9","mode":"bus","arr":["15","15A"],"angle":-33.6,"extra":1,"ei":14}},{"type":"Feature","geometry":{"type":"Point","coordinates":[21.96725,43.364521]},"properties":{"lines":"15, 15A","color":"#0059a9","mode":"bus","arr":["15","15A"],"angle":71.5,"extra":1,"ei":15}},{"type":"Feature","geometry":{"type":"Point","coordinates":[21.982655,43.36697]},"properties":{"lines":"15","color":"#0059a9","mode":"bus","arr":["15"],"angle":-43.8}},{"type":"Feature","geometry":{"type":"Point","coordinates":[21.969119,43.364201]},"properties":{"lines":"15","color":"#0059a9","mode":"bus","arr":["15"],"angle":8,"extra":1,"ei":0}},{"type":"Feature","geometry":{"type":"Point","coordinates":[21.971598,43.363967]},"properties":{"lines":"15","color":"#0059a9","mode":"bus","arr":["15"],"angle":-21.9,"extra":1,"ei":1}},{"type":"Feature","geometry":{"type":"Point","coordinates":[21.974089,43.364377]},"properties":{"lines":"15","color":"#0059a9","mode":"bus","arr":["15"],"angle":1.7,"extra":1,"ei":2}},{"type":"Feature","geometry":{"type":"Point","coordinates":[21.97645,43.364999]},"properties":{"lines":"15","color":"#0059a9","mode":"bus","arr":["15"],"angle":-31.2,"extra":1,"ei":3}},{"type":"Feature","geometry":{"type":"Point","coordinates":[21.978918,43.365492]},"properties":{"lines":"15","color":"#0059a9","mode":"bus","arr":["15"],"angle":4.9,"extra":1,"ei":4}},{"type":"Feature","geometry":{"type":"Point","coordinates":[21.981436,43.365688]},"properties":{"lines":"15","color":"#0059a9","mode":"bus","arr":["15"],"angle":-46.3,"extra":1,"ei":5}},{"type":"Feature","geometry":{"type":"Point","coordinates":[21.984647,43.368605]},"properties":{"lines":"15","color":"#0059a9","mode":"bus","arr":["15"],"angle":-36.3,"extra":1,"ei":6}},{"type":"Feature","geometry":{"type":"Point","coordinates":[21.986985,43.369403]},"properties":{"lines":"15","color":"#0059a9","mode":"bus","arr":["15"],"angle":-17.2,"extra":1,"ei":7}},{"type":"Feature","geometry":{"type":"Point","coordinates":[21.98809,43.368329]},"properties":{"lines":"15","color":"#0059a9","mode":"bus","arr":["15"],"angle":83.2,"extra":1,"ei":8}},{"type":"Feature","geometry":{"type":"Point","coordinates":[21.98952,43.36691]},"properties":{"lines":"15","color":"#0059a9","mode":"bus","arr":["15"],"angle":25.3,"extra":1,"ei":9}},{"type":"Feature","geometry":{"type":"Point","coordinates":[21.992081,43.36676]},"properties":{"lines":"15","color":"#0059a9","mode":"bus","arr":["15"],"angle":-6.3,"extra":1,"ei":10}},{"type":"Feature","geometry":{"type":"Point","coordinates":[21.994491,43.366238]},"properties":{"lines":"15","color":"#0059a9","mode":"bus","arr":["15"],"angle":6.4,"extra":1,"ei":11}},{"type":"Feature","geometry":{"type":"Point","coordinates":[22.042944,43.363167]},"properties":{"lines":"16","color":"#0059a9","mode":"bus","arr":["16"],"angle":-33,"mi":2}},{"type":"Feature","geometry":{"type":"Point","coordinates":[22.037022,43.35243]},"properties":{"lines":"16","color":"#0059a9","mode":"bus","arr":["16"],"angle":72.6}},{"type":"Feature","geometry":{"type":"Point","coordinates":[22.04697,43.376115]},"properties":{"lines":"16","color":"#0059a9","mode":"bus","arr":["16"],"angle":82.2,"mi":1}},{"type":"Feature","geometry":{"type":"Point","coordinates":[22.04866,43.371053]},"properties":{"lines":"16","color":"#0059a9","mode":"bus","arr":["16"],"angle":81.2}},{"type":"Feature","geometry":{"type":"Point","coordinates":[22.045946,43.374305]},"properties":{"lines":"16","color":"#0059a9","mode":"bus","arr":["16"],"angle":-57.9,"extra":1,"ei":0}},{"type":"Feature","geometry":{"type":"Point","coordinates":[22.045704,43.377581]},"properties":{"lines":"16","color":"#0059a9","mode":"bus","arr":["16"],"angle":61,"extra":1,"ei":1}},{"type":"Feature","geometry":{"type":"Point","coordinates":[22.047081,43.372543]},"properties":{"lines":"16","color":"#0059a9","mode":"bus","arr":["16"],"angle":49,"extra":1,"ei":0}},{"type":"Feature","geometry":{"type":"Point","coordinates":[22.046932,43.370702]},"properties":{"lines":"16","color":"#0059a9","mode":"bus","arr":["16"],"angle":29.4,"extra":1,"ei":1}},{"type":"Feature","geometry":{"type":"Point","coordinates":[22.046695,43.368021]},"properties":{"lines":"16","color":"#0059a9","mode":"bus","arr":["16"],"angle":74.3,"extra":1,"ei":0}},{"type":"Feature","geometry":{"type":"Point","coordinates":[22.047648,43.366368]},"properties":{"lines":"16","color":"#0059a9","mode":"bus","arr":["16"],"angle":-60.5,"extra":1,"ei":1}},{"type":"Feature","geometry":{"type":"Point","coordinates":[22.046087,43.364892]},"properties":{"lines":"16","color":"#0059a9","mode":"bus","arr":["16"],"angle":-59.4,"extra":1,"ei":2}},{"type":"Feature","geometry":{"type":"Point","coordinates":[22.039756,43.361654]},"properties":{"lines":"16","color":"#0059a9","mode":"bus","arr":["16"],"angle":-33.5,"extra":1,"ei":3}},{"type":"Feature","geometry":{"type":"Point","coordinates":[22.037491,43.360745]},"properties":{"lines":"16","color":"#0059a9","mode":"bus","arr":["16"],"angle":-20.7,"extra":1,"ei":4}},{"type":"Feature","geometry":{"type":"Point","coordinates":[22.03523,43.359893]},"properties":{"lines":"16","color":"#0059a9","mode":"bus","arr":["16"],"angle":-58.5,"extra":1,"ei":5}},{"type":"Feature","geometry":{"type":"Point","coordinates":[22.034762,43.358046]},"properties":{"lines":"16","color":"#0059a9","mode":"bus","arr":["16"],"angle":-82.5,"extra":1,"ei":6}},{"type":"Feature","geometry":{"type":"Point","coordinates":[22.035145,43.356098]},"properties":{"lines":"16","color":"#0059a9","mode":"bus","arr":["16"],"angle":55.8,"extra":1,"ei":0}},{"type":"Feature","geometry":{"type":"Point","coordinates":[22.036181,43.354384]},"properties":{"lines":"16","color":"#0059a9","mode":"bus","arr":["16"],"angle":72.6,"extra":1,"ei":1}},{"type":"Feature","geometry":{"type":"Point","coordinates":[22.037732,43.350779]},"properties":{"lines":"16","color":"#0059a9","mode":"bus","arr":["16"],"angle":72.9,"extra":1,"ei":2}},{"type":"Feature","geometry":{"type":"Point","coordinates":[22.038317,43.34894]},"properties":{"lines":"16","color":"#0059a9","mode":"bus","arr":["16"],"angle":78.1,"extra":1,"ei":3}},{"type":"Feature","geometry":{"type":"Point","coordinates":[22.023513,43.32852]},"properties":{"lines":"16, 17","color":"#0059a9","mode":"bus","arr":["16","17"],"angle":-75.6,"mi":2}},{"type":"Feature","geometry":{"type":"Point","coordinates":[22.032355,43.340208]},"properties":{"lines":"16, 17","color":"#0059a9","mode":"bus","arr":["16","17"],"angle":-55.9,"mi":3}},{"type":"Feature","geometry":{"type":"Point","coordinates":[22.038473,43.345736]},"properties":{"lines":"16, 17","color":"#0059a9","mode":"bus","arr":["16","17"],"angle":-17.4,"mi":6}},{"type":"Feature","geometry":{"type":"Point","coordinates":[22.035489,43.344364]},"properties":{"lines":"16, 17","color":"#0059a9","mode":"bus","arr":["16","17"],"angle":-82.1,"extra":1,"ei":0}},{"type":"Feature","geometry":{"type":"Point","coordinates":[22.034864,43.342545]},"properties":{"lines":"16, 17","color":"#0059a9","mode":"bus","arr":["16","17"],"angle":-66.1,"extra":1,"ei":1}},{"type":"Feature","geometry":{"type":"Point","coordinates":[22.030347,43.338004]},"properties":{"lines":"16, 17","color":"#0059a9","mode":"bus","arr":["16","17"],"angle":-55.8,"extra":1,"ei":2}},{"type":"Feature","geometry":{"type":"Point","coordinates":[22.028882,43.336445]},"properties":{"lines":"16, 17","color":"#0059a9","mode":"bus","arr":["16","17"],"angle":-53.4,"extra":1,"ei":3}},{"type":"Feature","geometry":{"type":"Point","coordinates":[22.026603,43.334396]},"properties":{"lines":"16, 17","color":"#0059a9","mode":"bus","arr":["16","17"],"angle":-69.5,"extra":1,"ei":0}},{"type":"Feature","geometry":{"type":"Point","coordinates":[22.0256,43.332673]},"properties":{"lines":"16, 17","color":"#0059a9","mode":"bus","arr":["16","17"],"angle":-76.9,"extra":1,"ei":1}},{"type":"Feature","geometry":{"type":"Point","coordinates":[22.024786,43.330909]},"properties":{"lines":"16, 17","color":"#0059a9","mode":"bus","arr":["16","17"],"angle":-62.9,"extra":1,"ei":2}},{"type":"Feature","geometry":{"type":"Point","coordinates":[22.023083,43.327363]},"properties":{"lines":"16, 17","color":"#0059a9","mode":"bus","arr":["16","17"],"angle":-73,"extra":1,"ei":3}},{"type":"Feature","geometry":{"type":"Point","coordinates":[22.021864,43.325709]},"properties":{"lines":"16, 17","color":"#0059a9","mode":"bus","arr":["16","17"],"angle":-66.6,"extra":1,"ei":4}},{"type":"Feature","geometry":{"type":"Point","coordinates":[22.021083,43.323919]},"properties":{"lines":"16, 17","color":"#0059a9","mode":"bus","arr":["16","17"],"angle":-66.9,"extra":1,"ei":5}},{"type":"Feature","geometry":{"type":"Point","coordinates":[22.02023,43.322139]},"properties":{"lines":"16, 17","color":"#0059a9","mode":"bus","arr":["16","17"],"angle":-75.8,"extra":1,"ei":6}},{"type":"Feature","geometry":{"type":"Point","coordinates":[22.020037,43.321528]},"properties":{"lines":"16, 17","color":"#0059a9","mode":"bus","arr":["16","17"],"angle":-81.4,"mi":4}},{"type":"Feature","geometry":{"type":"Point","coordinates":[22.027504,43.335313]},"properties":{"lines":"16, 17","color":"#0059a9","mode":"bus","arr":["16","17"],"angle":-46.2,"mi":1}},{"type":"Feature","geometry":{"type":"Point","coordinates":[22.019803,43.320539]},"properties":{"lines":"16, 17","color":"#0059a9","mode":"bus","arr":["16","17"],"angle":-71.6,"mi":5}},{"type":"Feature","geometry":{"type":"Point","coordinates":[21.99248,43.31977]},"properties":{"lines":"16, 17","color":"#0059a9","mode":"bus","arr":["16","17"],"angle":22.1,"mi":1}},{"type":"Feature","geometry":{"type":"Point","coordinates":[22.006768,43.318873]},"properties":{"lines":"16, 17","color":"#0059a9","mode":"bus","arr":["16","17"],"angle":-1.6}},{"type":"Feature","geometry":{"type":"Point","coordinates":[22.018988,43.319561]},"properties":{"lines":"16, 17","color":"#0059a9","mode":"bus","arr":["16","17"],"angle":-55.7,"extra":1,"ei":0}},{"type":"Feature","geometry":{"type":"Point","coordinates":[22.016577,43.319101]},"properties":{"lines":"16, 17","color":"#0059a9","mode":"bus","arr":["16","17"],"angle":-1.9,"extra":1,"ei":1}},{"type":"Feature","geometry":{"type":"Point","coordinates":[22.013983,43.319039]},"properties":{"lines":"16, 17","color":"#0059a9","mode":"bus","arr":["16","17"],"angle":-1.9,"extra":1,"ei":2}},{"type":"Feature","geometry":{"type":"Point","coordinates":[22.01139,43.318977]},"properties":{"lines":"16, 17","color":"#0059a9","mode":"bus","arr":["16","17"],"angle":-1.9,"extra":1,"ei":3}},{"type":"Feature","geometry":{"type":"Point","coordinates":[22.008796,43.318915]},"properties":{"lines":"16, 17","color":"#0059a9","mode":"bus","arr":["16","17"],"angle":-1.8,"extra":1,"ei":4}},{"type":"Feature","geometry":{"type":"Point","coordinates":[22.003729,43.319283]},"properties":{"lines":"16, 17","color":"#0059a9","mode":"bus","arr":["16","17"],"angle":24.2,"extra":1,"ei":5}},{"type":"Feature","geometry":{"type":"Point","coordinates":[22.001223,43.31949]},"properties":{"lines":"16, 17","color":"#0059a9","mode":"bus","arr":["16","17"],"angle":-19.2,"extra":1,"ei":6}},{"type":"Feature","geometry":{"type":"Point","coordinates":[21.998881,43.318756]},"properties":{"lines":"16, 17","color":"#0059a9","mode":"bus","arr":["16","17"],"angle":1.3,"extra":1,"ei":7}},{"type":"Feature","geometry":{"type":"Point","coordinates":[21.996298,43.318939]},"properties":{"lines":"16, 17","color":"#0059a9","mode":"bus","arr":["16","17"],"angle":6.4,"extra":1,"ei":8}},{"type":"Feature","geometry":{"type":"Point","coordinates":[21.993786,43.319393]},"properties":{"lines":"16, 17","color":"#0059a9","mode":"bus","arr":["16","17"],"angle":17.9,"extra":1,"ei":9}},{"type":"Feature","geometry":{"type":"Point","coordinates":[22.024717,43.330646]},"properties":{"lines":"16, 17","color":"#0059a9","mode":"bus","arr":["16","17"],"angle":-46,"side":-1}},{"type":"Feature","geometry":{"type":"Point","coordinates":[22.019559,43.320227]},"properties":{"lines":"17","color":"#0059a9","mode":"bus","arr":["17"],"angle":-27.7,"side":-1}},{"type":"Feature","geometry":{"type":"Point","coordinates":[22.059973,43.357087]},"properties":{"lines":"17","color":"#0059a9","mode":"bus","arr":["17"],"angle":83.5}},{"type":"Feature","geometry":{"type":"Point","coordinates":[22.05033,43.351737]},"properties":{"lines":"17","color":"#0059a9","mode":"bus","arr":["17"],"angle":48.1,"extra":1,"ei":0}},{"type":"Feature","geometry":{"type":"Point","coordinates":[22.052534,43.350937]},"properties":{"lines":"17","color":"#0059a9","mode":"bus","arr":["17"],"angle":34.1,"extra":1,"ei":1}},{"type":"Feature","geometry":{"type":"Point","coordinates":[22.054659,43.350179]},"properties":{"lines":"17","color":"#0059a9","mode":"bus","arr":["17"],"angle":-51.4,"extra":1,"ei":2}},{"type":"Feature","geometry":{"type":"Point","coordinates":[22.054884,43.352045]},"properties":{"lines":"17","color":"#0059a9","mode":"bus","arr":["17"],"angle":-84.3,"extra":1,"ei":3}},{"type":"Feature","geometry":{"type":"Point","coordinates":[22.056316,43.353471]},"properties":{"lines":"17","color":"#0059a9","mode":"bus","arr":["17"],"angle":-9.4,"extra":1,"ei":4}},{"type":"Feature","geometry":{"type":"Point","coordinates":[22.058444,43.354313]},"properties":{"lines":"17","color":"#0059a9","mode":"bus","arr":["17"],"angle":-43.2,"extra":1,"ei":5}},{"type":"Feature","geometry":{"type":"Point","coordinates":[22.059925,43.355841]},"properties":{"lines":"17","color":"#0059a9","mode":"bus","arr":["17"],"angle":-48.6,"extra":1,"ei":6}},{"type":"Feature","geometry":{"type":"Point","coordinates":[22.058371,43.358802]},"properties":{"lines":"17","color":"#0059a9","mode":"bus","arr":["17"],"angle":-74.8,"extra":1,"ei":7}},{"type":"Feature","geometry":{"type":"Point","coordinates":[22.059052,43.360624]},"properties":{"lines":"17","color":"#0059a9","mode":"bus","arr":["17"],"angle":-76.1,"extra":1,"ei":8}},{"type":"Feature","geometry":{"type":"Point","coordinates":[22.060183,43.362299]},"properties":{"lines":"17","color":"#0059a9","mode":"bus","arr":["17"],"angle":-54,"extra":1,"ei":9}},{"type":"Feature","geometry":{"type":"Point","coordinates":[22.061889,43.363702]},"properties":{"lines":"17","color":"#0059a9","mode":"bus","arr":["17"],"angle":-34,"extra":1,"ei":10}},{"type":"Feature","geometry":{"type":"Point","coordinates":[22.063882,43.364903]},"properties":{"lines":"17","color":"#0059a9","mode":"bus","arr":["17"],"angle":-44.1,"extra":1,"ei":11}},{"type":"Feature","geometry":{"type":"Point","coordinates":[22.065464,43.366227]},"properties":{"lines":"17","color":"#0059a9","mode":"bus","arr":["17"],"angle":85.6,"extra":1,"ei":12}},{"type":"Feature","geometry":{"type":"Point","coordinates":[22.066261,43.367829]},"properties":{"lines":"17","color":"#0059a9","mode":"bus","arr":["17"],"angle":-86.9,"extra":1,"ei":13}},{"type":"Feature","geometry":{"type":"Point","coordinates":[22.067412,43.367613]},"properties":{"lines":"17","color":"#0059a9","mode":"bus","arr":["17"],"angle":50.8}},{"type":"Feature","geometry":{"type":"Point","coordinates":[21.890548,43.325537]},"properties":{"lines":"17A, 23B","color":"#0059a9","mode":"bus","arr":["17A","23B"],"angle":78.9}},{"type":"Feature","geometry":{"type":"Point","coordinates":[22.069105,43.33348]},"properties":{"lines":"20A","color":"#0059a9","mode":"bus","arr":["20A"],"angle":-19.5}},{"type":"Feature","geometry":{"type":"Point","coordinates":[22.071563,43.33363]},"properties":{"lines":"20A","color":"#0059a9","mode":"bus","arr":["20A"],"angle":-35.5,"extra":1,"ei":0,"side":-1}},{"type":"Feature","geometry":{"type":"Point","coordinates":[22.06704,43.332798]},"properties":{"lines":"20A","color":"#0059a9","mode":"bus","arr":["20A"],"angle":-29,"extra":1,"ei":1,"side":-1}},{"type":"Feature","geometry":{"type":"Point","coordinates":[22.080462,43.337093]},"properties":{"lines":"18, 20A","color":"#0059a9","mode":"bus","arr":["18","20A"],"angle":-47.7}},{"type":"Feature","geometry":{"type":"Point","coordinates":[22.065176,43.331268]},"properties":{"lines":"18, 20A","color":"#0059a9","mode":"bus","arr":["18","20A"],"angle":-53.2}},{"type":"Feature","geometry":{"type":"Point","coordinates":[22.086277,43.339959]},"properties":{"lines":"18, 20A","color":"#0059a9","mode":"bus","arr":["18","20A"],"angle":56.8,"extra":1,"ei":0}},{"type":"Feature","geometry":{"type":"Point","coordinates":[22.083963,43.339823]},"properties":{"lines":"18, 20A","color":"#0059a9","mode":"bus","arr":["18","20A"],"angle":-4.7,"extra":1,"ei":1}},{"type":"Feature","geometry":{"type":"Point","coordinates":[22.081864,43.339211]},"properties":{"lines":"18, 20A","color":"#0059a9","mode":"bus","arr":["18","20A"],"angle":-52.7,"extra":1,"ei":2}},{"type":"Feature","geometry":{"type":"Point","coordinates":[22.076575,43.336527]},"properties":{"lines":"18, 20A","color":"#0059a9","mode":"bus","arr":["18","20A"],"angle":7.6,"extra":1,"ei":3}},{"type":"Feature","geometry":{"type":"Point","coordinates":[22.074866,43.335332]},"properties":{"lines":"18, 20A","color":"#0059a9","mode":"bus","arr":["18","20A"],"angle":-57.9,"extra":1,"ei":4}},{"type":"Feature","geometry":{"type":"Point","coordinates":[22.073231,43.333946]},"properties":{"lines":"18, 20A","color":"#0059a9","mode":"bus","arr":["18","20A"],"angle":-21,"extra":1,"ei":5}},{"type":"Feature","geometry":{"type":"Point","coordinates":[22.071082,43.333637]},"properties":{"lines":"18","color":"#0059a9","mode":"bus","arr":["18"],"angle":-12.4,"mi":5}},{"type":"Feature","geometry":{"type":"Point","coordinates":[22.067556,43.333101]},"properties":{"lines":"18","color":"#0059a9","mode":"bus","arr":["18"],"angle":-25,"mi":3}},{"type":"Feature","geometry":{"type":"Point","coordinates":[22.052052,43.313112]},"properties":{"lines":"18","color":"#0059a9","mode":"bus","arr":["18"],"angle":-34.1}},{"type":"Feature","geometry":{"type":"Point","coordinates":[22.050577,43.32201]},"properties":{"lines":"18, 20, 20A","color":"#0059a9","mode":"bus","arr":["18","20","20A"],"angle":-75}},{"type":"Feature","geometry":{"type":"Point","coordinates":[22.045556,43.311349]},"properties":{"lines":"18, 20, 20A","color":"#0059a9","mode":"bus","arr":["18","20","20A"],"angle":-13.7,"mi":3}},{"type":"Feature","geometry":{"type":"Point","coordinates":[22.06359,43.329851]},"properties":{"lines":"18, 20, 20A","color":"#0059a9","mode":"bus","arr":["18","20","20A"],"angle":-40.1}},{"type":"Feature","geometry":{"type":"Point","coordinates":[22.060789,43.328126]},"properties":{"lines":"18, 20, 20A","color":"#0059a9","mode":"bus","arr":["18","20","20A"],"angle":-40.2,"extra":1,"ei":0}},{"type":"Feature","geometry":{"type":"Point","coordinates":[22.058803,43.32691]},"properties":{"lines":"18, 20, 20A","color":"#0059a9","mode":"bus","arr":["18","20","20A"],"angle":-40.5,"extra":1,"ei":1}},{"type":"Feature","geometry":{"type":"Point","coordinates":[22.056788,43.325722]},"properties":{"lines":"18, 20, 20A","color":"#0059a9","mode":"bus","arr":["18","20","20A"],"angle":-35.2,"extra":1,"ei":2}},{"type":"Feature","geometry":{"type":"Point","coordinates":[22.054583,43.32473]},"properties":{"lines":"18, 20, 20A","color":"#0059a9","mode":"bus","arr":["18","20","20A"],"angle":-27.8,"extra":1,"ei":3}},{"type":"Feature","geometry":{"type":"Point","coordinates":[22.052299,43.323837]},"properties":{"lines":"18, 20, 20A","color":"#0059a9","mode":"bus","arr":["18","20","20A"],"angle":-34.9,"extra":1,"ei":4}},{"type":"Feature","geometry":{"type":"Point","coordinates":[22.050592,43.32052]},"properties":{"lines":"18, 20, 20A","color":"#0059a9","mode":"bus","arr":["18","20","20A"],"angle":75.8,"extra":1,"ei":5}},{"type":"Feature","geometry":{"type":"Point","coordinates":[22.05171,43.318822]},"properties":{"lines":"18, 20, 20A","color":"#0059a9","mode":"bus","arr":["18","20","20A"],"angle":60.3,"extra":1,"ei":6}},{"type":"Feature","geometry":{"type":"Point","coordinates":[22.052968,43.317171]},"properties":{"lines":"18, 20, 20A","color":"#0059a9","mode":"bus","arr":["18","20","20A"],"angle":62.2,"extra":1,"ei":7}},{"type":"Feature","geometry":{"type":"Point","coordinates":[22.053834,43.315407]},"properties":{"lines":"18, 20, 20A","color":"#0059a9","mode":"bus","arr":["18","20","20A"],"angle":86.4,"extra":1,"ei":8}},{"type":"Feature","geometry":{"type":"Point","coordinates":[22.053094,43.313647]},"properties":{"lines":"18, 20, 20A","color":"#0059a9","mode":"bus","arr":["18","20","20A"],"angle":-47.8,"extra":1,"ei":9}},{"type":"Feature","geometry":{"type":"Point","coordinates":[22.047518,43.311723]},"properties":{"lines":"18, 20, 20A","color":"#0059a9","mode":"bus","arr":["18","20","20A"],"angle":-14.7,"extra":1,"ei":0}},{"type":"Feature","geometry":{"type":"Point","coordinates":[22.04244,43.310987]},"properties":{"lines":"18, 20, 20A","color":"#0059a9","mode":"bus","arr":["18","20","20A"],"angle":-4,"extra":1,"ei":1}},{"type":"Feature","geometry":{"type":"Point","coordinates":[22.096204,43.33232]},"properties":{"lines":"20, 20A","color":"#0059a9","mode":"bus","arr":["20","20A"],"angle":47}},{"type":"Feature","geometry":{"type":"Point","coordinates":[22.050529,43.312364]},"properties":{"lines":"20, 20A","color":"#0059a9","mode":"bus","arr":["20","20A"],"angle":-26.4,"side":-1,"mi":1}},{"type":"Feature","geometry":{"type":"Point","coordinates":[22.062159,43.328975]},"properties":{"lines":"20, 20A","color":"#0059a9","mode":"bus","arr":["20","20A"],"angle":-39.9,"side":-1}},{"type":"Feature","geometry":{"type":"Point","coordinates":[22.12217,43.335328]},"properties":{"lines":"20, 20A","color":"#0059a9","mode":"bus","arr":["20","20A"],"angle":-30.2,"extra":1,"ei":0}},{"type":"Feature","geometry":{"type":"Point","coordinates":[22.119987,43.334308]},"properties":{"lines":"20, 20A","color":"#0059a9","mode":"bus","arr":["20","20A"],"angle":-32.9,"extra":1,"ei":1}},{"type":"Feature","geometry":{"type":"Point","coordinates":[22.117842,43.333247]},"properties":{"lines":"20, 20A","color":"#0059a9","mode":"bus","arr":["20","20A"],"angle":-38.9,"extra":1,"ei":2}},{"type":"Feature","geometry":{"type":"Point","coordinates":[22.116327,43.331741]},"properties":{"lines":"20, 20A","color":"#0059a9","mode":"bus","arr":["20","20A"],"angle":-68.5,"extra":1,"ei":3}},{"type":"Feature","geometry":{"type":"Point","coordinates":[22.115118,43.330094]},"properties":{"lines":"20, 20A","color":"#0059a9","mode":"bus","arr":["20","20A"],"angle":-43.9,"extra":1,"ei":4}},{"type":"Feature","geometry":{"type":"Point","coordinates":[22.113014,43.32899]},"properties":{"lines":"20, 20A","color":"#0059a9","mode":"bus","arr":["20","20A"],"angle":-35.2,"extra":1,"ei":5}},{"type":"Feature","geometry":{"type":"Point","coordinates":[22.11085,43.327952]},"properties":{"lines":"20, 20A","color":"#0059a9","mode":"bus","arr":["20","20A"],"angle":-24.2,"extra":1,"ei":6}},{"type":"Feature","geometry":{"type":"Point","coordinates":[22.108315,43.327819]},"properties":{"lines":"20, 20A","color":"#0059a9","mode":"bus","arr":["20","20A"],"angle":9.1,"extra":1,"ei":7}},{"type":"Feature","geometry":{"type":"Point","coordinates":[22.105734,43.327928]},"properties":{"lines":"20, 20A","color":"#0059a9","mode":"bus","arr":["20","20A"],"angle":-5.7,"extra":1,"ei":8}},{"type":"Feature","geometry":{"type":"Point","coordinates":[22.103176,43.32763]},"properties":{"lines":"20, 20A","color":"#0059a9","mode":"bus","arr":["20","20A"],"angle":-0.1,"extra":1,"ei":9}},{"type":"Feature","geometry":{"type":"Point","coordinates":[22.10083,43.328301]},"properties":{"lines":"20, 20A","color":"#0059a9","mode":"bus","arr":["20","20A"],"angle":46.4,"extra":1,"ei":10}},{"type":"Feature","geometry":{"type":"Point","coordinates":[22.099495,43.329911]},"properties":{"lines":"20, 20A","color":"#0059a9","mode":"bus","arr":["20","20A"],"angle":63.5,"extra":1,"ei":11}},{"type":"Feature","geometry":{"type":"Point","coordinates":[22.09794,43.331404]},"properties":{"lines":"20, 20A","color":"#0059a9","mode":"bus","arr":["20","20A"],"angle":40,"extra":1,"ei":12}},{"type":"Feature","geometry":{"type":"Point","coordinates":[22.094202,43.333974]},"properties":{"lines":"20, 20A","color":"#0059a9","mode":"bus","arr":["20","20A"],"angle":35.4,"extra":1,"ei":13}},{"type":"Feature","geometry":{"type":"Point","coordinates":[22.092041,43.33502]},"properties":{"lines":"20, 20A","color":"#0059a9","mode":"bus","arr":["20","20A"],"angle":30.1,"extra":1,"ei":14}},{"type":"Feature","geometry":{"type":"Point","coordinates":[22.089582,43.335549]},"properties":{"lines":"20, 20A","color":"#0059a9","mode":"bus","arr":["20","20A"],"angle":1,"extra":1,"ei":15}},{"type":"Feature","geometry":{"type":"Point","coordinates":[22.087015,43.335298]},"properties":{"lines":"20, 20A","color":"#0059a9","mode":"bus","arr":["20","20A"],"angle":-9.7,"extra":1,"ei":16}},{"type":"Feature","geometry":{"type":"Point","coordinates":[22.084457,43.33498]},"properties":{"lines":"20, 20A","color":"#0059a9","mode":"bus","arr":["20","20A"],"angle":-9.7,"extra":1,"ei":17}},{"type":"Feature","geometry":{"type":"Point","coordinates":[22.081903,43.33465]},"properties":{"lines":"20, 20A","color":"#0059a9","mode":"bus","arr":["20","20A"],"angle":-12.3,"extra":1,"ei":18}},{"type":"Feature","geometry":{"type":"Point","coordinates":[22.079399,43.334155]},"properties":{"lines":"20, 20A","color":"#0059a9","mode":"bus","arr":["20","20A"],"angle":-15.4,"extra":1,"ei":19}},{"type":"Feature","geometry":{"type":"Point","coordinates":[22.076945,43.333548]},"properties":{"lines":"20, 20A","color":"#0059a9","mode":"bus","arr":["20","20A"],"angle":-22.8,"extra":1,"ei":20}},{"type":"Feature","geometry":{"type":"Point","coordinates":[22.074547,43.332826]},"properties":{"lines":"20, 20A","color":"#0059a9","mode":"bus","arr":["20","20A"],"angle":-20.1,"extra":1,"ei":21}},{"type":"Feature","geometry":{"type":"Point","coordinates":[22.072029,43.332395]},"properties":{"lines":"20, 20A","color":"#0059a9","mode":"bus","arr":["20","20A"],"angle":-6.2,"extra":1,"ei":22}},{"type":"Feature","geometry":{"type":"Point","coordinates":[22.069439,43.332325]},"properties":{"lines":"20, 20A","color":"#0059a9","mode":"bus","arr":["20","20A"],"angle":0.3,"extra":1,"ei":23}},{"type":"Feature","geometry":{"type":"Point","coordinates":[22.066961,43.331875]},"properties":{"lines":"20, 20A","color":"#0059a9","mode":"bus","arr":["20","20A"],"angle":-31.3,"extra":1,"ei":24}},{"type":"Feature","geometry":{"type":"Point","coordinates":[22.064946,43.330687]},"properties":{"lines":"20, 20A","color":"#0059a9","mode":"bus","arr":["20","20A"],"angle":-40.1,"extra":1,"ei":25,"side":-1}},{"type":"Feature","geometry":{"type":"Point","coordinates":[22.04936,43.31205]},"properties":{"lines":"20","color":"#0059a9","mode":"bus","arr":["20"],"angle":-17.3,"side":-1}},{"type":"Feature","geometry":{"type":"Point","coordinates":[22.062069,43.329027]},"properties":{"lines":"18","color":"#0059a9","mode":"bus","arr":["18"],"angle":-38.2}},{"type":"Feature","geometry":{"type":"Point","coordinates":[22.053504,43.324402]},"properties":{"lines":"18","color":"#0059a9","mode":"bus","arr":["18"],"angle":10,"mi":4}},{"type":"Feature","geometry":{"type":"Point","coordinates":[22.058126,43.326592]},"properties":{"lines":"18","color":"#0059a9","mode":"bus","arr":["18"],"angle":-5.4,"mi":1}},{"type":"Feature","geometry":{"type":"Point","coordinates":[22.057573,43.326279]},"properties":{"lines":"18","color":"#0059a9","mode":"bus","arr":["18"],"angle":-16.6,"mi":2}},{"type":"Feature","geometry":{"type":"Point","coordinates":[22.050622,43.312469]},"properties":{"lines":"18, 20A","color":"#0059a9","mode":"bus","arr":["18","20A"],"angle":-25.8,"mi":1}},{"type":"Feature","geometry":{"type":"Point","coordinates":[22.049193,43.312181]},"properties":{"lines":"18, 20A","color":"#0059a9","mode":"bus","arr":["18","20A"],"angle":-6.7}},{"type":"Feature","geometry":{"type":"Point","coordinates":[22.041151,43.310982]},"properties":{"lines":"18, 20, 20A","color":"#0059a9","mode":"bus","arr":["18","20","20A"],"angle":2.9,"mi":1}},{"type":"Feature","geometry":{"type":"Point","coordinates":[22.039666,43.310639]},"properties":{"lines":"18, 20, 20A","color":"#0059a9","mode":"bus","arr":["18","20","20A"],"angle":-64.2}},{"type":"Feature","geometry":{"type":"Point","coordinates":[22.032367,43.307597]},"properties":{"lines":"18, 20, 20A","color":"#0059a9","mode":"bus","arr":["18","20","20A"],"angle":-50.9,"mi":4}},{"type":"Feature","geometry":{"type":"Point","coordinates":[22.016742,43.301627]},"properties":{"lines":"18, 20, 20A","color":"#0059a9","mode":"bus","arr":["18","20","20A"],"angle":-5.4}},{"type":"Feature","geometry":{"type":"Point","coordinates":[22.035713,43.309372]},"properties":{"lines":"18, 20, 20A","color":"#0059a9","mode":"bus","arr":["18","20","20A"],"angle":-15.8,"mi":2}},{"type":"Feature","geometry":{"type":"Point","coordinates":[22.038153,43.309875]},"properties":{"lines":"18, 20, 20A","color":"#0059a9","mode":"bus","arr":["18","20","20A"],"angle":-16.3,"extra":1,"ei":0}},{"type":"Feature","geometry":{"type":"Point","coordinates":[22.033425,43.308435]},"properties":{"lines":"18, 20, 20A","color":"#0059a9","mode":"bus","arr":["18","20","20A"],"angle":-42.3,"extra":1,"ei":1}},{"type":"Feature","geometry":{"type":"Point","coordinates":[22.031281,43.306661]},"properties":{"lines":"18, 20, 20A","color":"#0059a9","mode":"bus","arr":["18","20","20A"],"angle":-48.4,"extra":1,"ei":0}},{"type":"Feature","geometry":{"type":"Point","coordinates":[22.029428,43.305341]},"properties":{"lines":"18, 20, 20A","color":"#0059a9","mode":"bus","arr":["18","20","20A"],"angle":-40.8,"extra":1,"ei":1}},{"type":"Feature","geometry":{"type":"Point","coordinates":[22.027361,43.304201]},"properties":{"lines":"18, 20, 20A","color":"#0059a9","mode":"bus","arr":["18","20","20A"],"angle":-33.9,"extra":1,"ei":2}},{"type":"Feature","geometry":{"type":"Point","coordinates":[22.025118,43.303253]},"properties":{"lines":"18, 20, 20A","color":"#0059a9","mode":"bus","arr":["18","20","20A"],"angle":-27,"extra":1,"ei":3}},{"type":"Feature","geometry":{"type":"Point","coordinates":[22.022732,43.302514]},"properties":{"lines":"18, 20, 20A","color":"#0059a9","mode":"bus","arr":["18","20","20A"],"angle":-19.8,"extra":1,"ei":4}},{"type":"Feature","geometry":{"type":"Point","coordinates":[22.02024,43.301994]},"properties":{"lines":"18, 20, 20A","color":"#0059a9","mode":"bus","arr":["18","20","20A"],"angle":-13.4,"extra":1,"ei":5}},{"type":"Feature","geometry":{"type":"Point","coordinates":[22.015098,43.30151]},"properties":{"lines":"18, 20, 20A","color":"#0059a9","mode":"bus","arr":["18","20","20A"],"angle":-5.6,"extra":1,"ei":6}},{"type":"Feature","geometry":{"type":"Point","coordinates":[22.012514,43.301333]},"properties":{"lines":"18, 20, 20A","color":"#0059a9","mode":"bus","arr":["18","20","20A"],"angle":-4.8,"extra":1,"ei":7}},{"type":"Feature","geometry":{"type":"Point","coordinates":[22.009928,43.301173]},"properties":{"lines":"18, 20, 20A","color":"#0059a9","mode":"bus","arr":["18","20","20A"],"angle":-4.9,"extra":1,"ei":8}},{"type":"Feature","geometry":{"type":"Point","coordinates":[22.007343,43.301012]},"properties":{"lines":"18, 20, 20A","color":"#0059a9","mode":"bus","arr":["18","20","20A"],"angle":-4.9,"extra":1,"ei":9}},{"type":"Feature","geometry":{"type":"Point","coordinates":[22.004758,43.300845]},"properties":{"lines":"18, 20, 20A","color":"#0059a9","mode":"bus","arr":["18","20","20A"],"angle":-5.1,"extra":1,"ei":10}},{"type":"Feature","geometry":{"type":"Point","coordinates":[22.002172,43.300684]},"properties":{"lines":"18, 20, 20A","color":"#0059a9","mode":"bus","arr":["18","20","20A"],"angle":-4.9,"extra":1,"ei":11}},{"type":"Feature","geometry":{"type":"Point","coordinates":[21.999586,43.300534]},"properties":{"lines":"18, 20, 20A","color":"#0059a9","mode":"bus","arr":["18","20","20A"],"angle":-2.8,"extra":1,"ei":12}},{"type":"Feature","geometry":{"type":"Point","coordinates":[22.01228,43.30028]},"properties":{"lines":"19, 21, 21A","color":"#0059a9","mode":"bus","arr":["19","21","21A"],"angle":-3.1}},{"type":"Feature","geometry":{"type":"Point","coordinates":[22.000518,43.299896]},"properties":{"lines":"19, 21, 21A","color":"#0059a9","mode":"bus","arr":["19","21","21A"],"angle":1.9,"extra":1,"ei":0}},{"type":"Feature","geometry":{"type":"Point","coordinates":[22.003112,43.299886]},"properties":{"lines":"19, 21, 21A","color":"#0059a9","mode":"bus","arr":["19","21","21A"],"angle":-2,"extra":1,"ei":1}},{"type":"Feature","geometry":{"type":"Point","coordinates":[22.005703,43.299991]},"properties":{"lines":"19, 21, 21A","color":"#0059a9","mode":"bus","arr":["19","21","21A"],"angle":-3.7,"extra":1,"ei":2}},{"type":"Feature","geometry":{"type":"Point","coordinates":[22.008293,43.300112]},"properties":{"lines":"19, 21, 21A","color":"#0059a9","mode":"bus","arr":["19","21","21A"],"angle":-3.3,"extra":1,"ei":3}},{"type":"Feature","geometry":{"type":"Point","coordinates":[22.016065,43.300428]},"properties":{"lines":"19, 21, 21A","color":"#0059a9","mode":"bus","arr":["19","21","21A"],"angle":-2.8,"extra":1,"ei":4}},{"type":"Feature","geometry":{"type":"Point","coordinates":[22.018657,43.300523]},"properties":{"lines":"19, 21, 21A","color":"#0059a9","mode":"bus","arr":["19","21","21A"],"angle":-4,"extra":1,"ei":5}},{"type":"Feature","geometry":{"type":"Point","coordinates":[22.021246,43.300654]},"properties":{"lines":"19, 21, 21A","color":"#0059a9","mode":"bus","arr":["19","21","21A"],"angle":-3.9,"extra":1,"ei":6}},{"type":"Feature","geometry":{"type":"Point","coordinates":[22.023835,43.300785]},"properties":{"lines":"19, 21, 21A","color":"#0059a9","mode":"bus","arr":["19","21","21A"],"angle":-4,"extra":1,"ei":7}},{"type":"Feature","geometry":{"type":"Point","coordinates":[22.035097,43.301607]},"properties":{"lines":"19, 21, 21A","color":"#0059a9","mode":"bus","arr":["19","21","21A"],"angle":-6.1}},{"type":"Feature","geometry":{"type":"Point","coordinates":[22.026623,43.300951]},"properties":{"lines":"19, 21, 21A","color":"#0059a9","mode":"bus","arr":["19","21","21A"],"angle":-5,"extra":1,"ei":0}},{"type":"Feature","geometry":{"type":"Point","coordinates":[22.029206,43.301129]},"properties":{"lines":"19, 21, 21A","color":"#0059a9","mode":"bus","arr":["19","21","21A"],"angle":-6.4,"extra":1,"ei":1}},{"type":"Feature","geometry":{"type":"Point","coordinates":[22.031785,43.30134]},"properties":{"lines":"19, 21, 21A","color":"#0059a9","mode":"bus","arr":["19","21","21A"],"angle":-6.4,"extra":1,"ei":2}},{"type":"Feature","geometry":{"type":"Point","coordinates":[22.036944,43.301751]},"properties":{"lines":"19, 21, 21A","color":"#0059a9","mode":"bus","arr":["19","21","21A"],"angle":-6.1,"extra":1,"ei":3}},{"type":"Feature","geometry":{"type":"Point","coordinates":[22.039523,43.30196]},"properties":{"lines":"19, 21, 21A","color":"#0059a9","mode":"bus","arr":["19","21","21A"],"angle":-8.5,"extra":1,"ei":4}},{"type":"Feature","geometry":{"type":"Point","coordinates":[22.042085,43.302259]},"properties":{"lines":"19, 21, 21A","color":"#0059a9","mode":"bus","arr":["19","21","21A"],"angle":-13.9,"extra":1,"ei":5}},{"type":"Feature","geometry":{"type":"Point","coordinates":[22.044311,43.303123]},"properties":{"lines":"19, 21, 21A","color":"#0059a9","mode":"bus","arr":["19","21","21A"],"angle":2.4,"extra":1,"ei":6}},{"type":"Feature","geometry":{"type":"Point","coordinates":[22.051291,43.299616]},"properties":{"lines":"19, 21, 21A","color":"#0059a9","mode":"bus","arr":["19","21","21A"],"angle":46.9}},{"type":"Feature","geometry":{"type":"Point","coordinates":[22.045503,43.302523]},"properties":{"lines":"19, 21, 21A","color":"#0059a9","mode":"bus","arr":["19","21","21A"],"angle":40.8,"extra":1,"ei":0}},{"type":"Feature","geometry":{"type":"Point","coordinates":[22.047565,43.301396]},"properties":{"lines":"19, 21, 21A","color":"#0059a9","mode":"bus","arr":["19","21","21A"],"angle":17.9,"extra":1,"ei":1}},{"type":"Feature","geometry":{"type":"Point","coordinates":[22.049871,43.300776]},"properties":{"lines":"19, 21, 21A","color":"#0059a9","mode":"bus","arr":["19","21","21A"],"angle":48,"extra":1,"ei":2}},{"type":"Feature","geometry":{"type":"Point","coordinates":[22.053148,43.297857]},"properties":{"lines":"19, 21, 21A","color":"#0059a9","mode":"bus","arr":["19","21","21A"],"angle":51.5,"extra":1,"ei":3}},{"type":"Feature","geometry":{"type":"Point","coordinates":[22.054688,43.296346]},"properties":{"lines":"19, 21, 21A","color":"#0059a9","mode":"bus","arr":["19","21","21A"],"angle":63.8,"extra":1,"ei":4}},{"type":"Feature","geometry":{"type":"Point","coordinates":[22.056782,43.295327]},"properties":{"lines":"19, 21, 21A","color":"#0059a9","mode":"bus","arr":["19","21","21A"],"angle":28.8,"extra":1,"ei":5}},{"type":"Feature","geometry":{"type":"Point","coordinates":[22.085252,43.301655]},"properties":{"lines":"19","color":"#0059a9","mode":"bus","arr":["19"],"angle":-50.4,"mi":1}},{"type":"Feature","geometry":{"type":"Point","coordinates":[22.05631,43.301727]},"properties":{"lines":"19","color":"#0059a9","mode":"bus","arr":["19"],"angle":4.2,"mi":2}},{"type":"Feature","geometry":{"type":"Point","coordinates":[22.069808,43.299277]},"properties":{"lines":"19","color":"#0059a9","mode":"bus","arr":["19"],"angle":-24.4,"mi":1}},{"type":"Feature","geometry":{"type":"Point","coordinates":[22.065085,43.299418]},"properties":{"lines":"19","color":"#0059a9","mode":"bus","arr":["19"],"angle":19.3}},{"type":"Feature","geometry":{"type":"Point","coordinates":[22.050631,43.301191]},"properties":{"lines":"19","color":"#0059a9","mode":"bus","arr":["19"],"angle":0.8,"extra":1,"ei":0}},{"type":"Feature","geometry":{"type":"Point","coordinates":[22.053188,43.30146]},"properties":{"lines":"19","color":"#0059a9","mode":"bus","arr":["19"],"angle":-20.6,"extra":1,"ei":1}},{"type":"Feature","geometry":{"type":"Point","coordinates":[22.058292,43.301577]},"properties":{"lines":"19","color":"#0059a9","mode":"bus","arr":["19"],"angle":6.4,"extra":1,"ei":2}},{"type":"Feature","geometry":{"type":"Point","coordinates":[22.060769,43.301047]},"properties":{"lines":"19","color":"#0059a9","mode":"bus","arr":["19"],"angle":20.9,"extra":1,"ei":3}},{"type":"Feature","geometry":{"type":"Point","coordinates":[22.072787,43.300016]},"properties":{"lines":"19","color":"#0059a9","mode":"bus","arr":["19"],"angle":-0.7,"extra":1,"ei":0}},{"type":"Feature","geometry":{"type":"Point","coordinates":[22.075246,43.300436]},"properties":{"lines":"19","color":"#0059a9","mode":"bus","arr":["19"],"angle":-33.4,"extra":1,"ei":1}},{"type":"Feature","geometry":{"type":"Point","coordinates":[22.076821,43.29955]},"properties":{"lines":"19","color":"#0059a9","mode":"bus","arr":["19"],"angle":13.3,"extra":1,"ei":2}},{"type":"Feature","geometry":{"type":"Point","coordinates":[22.079237,43.300081]},"properties":{"lines":"19","color":"#0059a9","mode":"bus","arr":["19"],"angle":-26.2,"extra":1,"ei":3}},{"type":"Feature","geometry":{"type":"Point","coordinates":[22.081058,43.300258]},"properties":{"lines":"19","color":"#0059a9","mode":"bus","arr":["19"],"angle":-78,"extra":1,"ei":4}},{"type":"Feature","geometry":{"type":"Point","coordinates":[22.081998,43.299047]},"properties":{"lines":"19","color":"#0059a9","mode":"bus","arr":["19"],"angle":-24.2,"extra":1,"ei":5}},{"type":"Feature","geometry":{"type":"Point","coordinates":[22.082989,43.300725]},"properties":{"lines":"19","color":"#0059a9","mode":"bus","arr":["19"],"angle":-46,"extra":1,"ei":6}},{"type":"Feature","geometry":{"type":"Point","coordinates":[22.086787,43.302958]},"properties":{"lines":"19","color":"#0059a9","mode":"bus","arr":["19"],"angle":-41.7,"extra":1,"ei":7}},{"type":"Feature","geometry":{"type":"Point","coordinates":[22.087638,43.301852]},"properties":{"lines":"19","color":"#0059a9","mode":"bus","arr":["19"],"angle":-86.3,"extra":1,"ei":8}},{"type":"Feature","geometry":{"type":"Point","coordinates":[22.088596,43.300465]},"properties":{"lines":"19","color":"#0059a9","mode":"bus","arr":["19"],"angle":-21,"extra":1,"ei":9}},{"type":"Feature","geometry":{"type":"Point","coordinates":[22.089932,43.301744]},"properties":{"lines":"19","color":"#0059a9","mode":"bus","arr":["19"],"angle":-30.9,"extra":1,"ei":10}},{"type":"Feature","geometry":{"type":"Point","coordinates":[22.092048,43.302339]},"properties":{"lines":"19","color":"#0059a9","mode":"bus","arr":["19"],"angle":12,"extra":1,"ei":11}},{"type":"Feature","geometry":{"type":"Point","coordinates":[22.094622,43.302251]},"properties":{"lines":"19","color":"#0059a9","mode":"bus","arr":["19"],"angle":3.6,"extra":1,"ei":12}},{"type":"Feature","geometry":{"type":"Point","coordinates":[22.096842,43.301523]},"properties":{"lines":"19","color":"#0059a9","mode":"bus","arr":["19"],"angle":71.5,"extra":1,"ei":13}},{"type":"Feature","geometry":{"type":"Point","coordinates":[22.057769,43.294397]},"properties":{"lines":"19, 21, 21A","color":"#0059a9","mode":"bus","arr":["19","21","21A"],"angle":69.6,"mi":1}},{"type":"Feature","geometry":{"type":"Point","coordinates":[22.058682,43.291982]},"properties":{"lines":"21, 21A","color":"#0059a9","mode":"bus","arr":["21","21A"],"angle":85.4}},{"type":"Feature","geometry":{"type":"Point","coordinates":[22.058129,43.293116]},"properties":{"lines":"21, 21A","color":"#0059a9","mode":"bus","arr":["21","21A"],"angle":71.8,"extra":1,"ei":0}},{"type":"Feature","geometry":{"type":"Point","coordinates":[22.089535,43.295461]},"properties":{"lines":"19","color":"#0059a9","mode":"bus","arr":["19"],"angle":18.4}},{"type":"Feature","geometry":{"type":"Point","coordinates":[22.068633,43.298988]},"properties":{"lines":"19","color":"#0059a9","mode":"bus","arr":["19"],"angle":9.3,"extra":1,"ei":0,"side":-1}},{"type":"Feature","geometry":{"type":"Point","coordinates":[22.071194,43.298684]},"properties":{"lines":"19","color":"#0059a9","mode":"bus","arr":["19"],"angle":9.3,"extra":1,"ei":1}},{"type":"Feature","geometry":{"type":"Point","coordinates":[22.073728,43.29828]},"properties":{"lines":"19","color":"#0059a9","mode":"bus","arr":["19"],"angle":14.3,"extra":1,"ei":2}},{"type":"Feature","geometry":{"type":"Point","coordinates":[22.076253,43.29785]},"properties":{"lines":"19","color":"#0059a9","mode":"bus","arr":["19"],"angle":9.7,"extra":1,"ei":3}},{"type":"Feature","geometry":{"type":"Point","coordinates":[22.078473,43.297245]},"properties":{"lines":"19","color":"#0059a9","mode":"bus","arr":["19"],"angle":79.7,"extra":1,"ei":4}},{"type":"Feature","geometry":{"type":"Point","coordinates":[22.080043,43.29598]},"properties":{"lines":"19","color":"#0059a9","mode":"bus","arr":["19"],"angle":16,"extra":1,"ei":5}},{"type":"Feature","geometry":{"type":"Point","coordinates":[22.08261,43.295749]},"properties":{"lines":"19","color":"#0059a9","mode":"bus","arr":["19"],"angle":-2,"extra":1,"ei":6}},{"type":"Feature","geometry":{"type":"Point","coordinates":[22.085195,43.295649]},"properties":{"lines":"19","color":"#0059a9","mode":"bus","arr":["19"],"angle":6.9,"extra":1,"ei":7}},{"type":"Feature","geometry":{"type":"Point","coordinates":[22.08778,43.295525]},"properties":{"lines":"19","color":"#0059a9","mode":"bus","arr":["19"],"angle":-0.1,"extra":1,"ei":8}},{"type":"Feature","geometry":{"type":"Point","coordinates":[22.092523,43.294256]},"properties":{"lines":"19","color":"#0059a9","mode":"bus","arr":["19"],"angle":29.2,"extra":1,"ei":9}},{"type":"Feature","geometry":{"type":"Point","coordinates":[22.094889,43.293484]},"properties":{"lines":"19","color":"#0059a9","mode":"bus","arr":["19"],"angle":21.3,"extra":1,"ei":10}},{"type":"Feature","geometry":{"type":"Point","coordinates":[22.09725,43.292701]},"properties":{"lines":"19","color":"#0059a9","mode":"bus","arr":["19"],"angle":26.4,"extra":1,"ei":11}},{"type":"Feature","geometry":{"type":"Point","coordinates":[22.099281,43.291557]},"properties":{"lines":"19","color":"#0059a9","mode":"bus","arr":["19"],"angle":36.9,"extra":1,"ei":12}},{"type":"Feature","geometry":{"type":"Point","coordinates":[22.101448,43.290596]},"properties":{"lines":"19","color":"#0059a9","mode":"bus","arr":["19"],"angle":24.5,"extra":1,"ei":13}},{"type":"Feature","geometry":{"type":"Point","coordinates":[22.103709,43.289703]},"properties":{"lines":"19","color":"#0059a9","mode":"bus","arr":["19"],"angle":37,"extra":1,"ei":14}},{"type":"Feature","geometry":{"type":"Point","coordinates":[22.105945,43.288789]},"properties":{"lines":"19","color":"#0059a9","mode":"bus","arr":["19"],"angle":24,"extra":1,"ei":15}},{"type":"Feature","geometry":{"type":"Point","coordinates":[22.108363,43.288178]},"properties":{"lines":"19","color":"#0059a9","mode":"bus","arr":["19"],"angle":1.5,"extra":1,"ei":16}},{"type":"Feature","geometry":{"type":"Point","coordinates":[22.116025,43.281377]},"properties":{"lines":"19","color":"#0059a9","mode":"bus","arr":["19"],"angle":63.5,"mi":2}},{"type":"Feature","geometry":{"type":"Point","coordinates":[22.111492,43.287145]},"properties":{"lines":"19","color":"#0059a9","mode":"bus","arr":["19"],"angle":38.5,"extra":1,"ei":0}},{"type":"Feature","geometry":{"type":"Point","coordinates":[22.113483,43.285939]},"properties":{"lines":"19","color":"#0059a9","mode":"bus","arr":["19"],"angle":49.1,"extra":1,"ei":1}},{"type":"Feature","geometry":{"type":"Point","coordinates":[22.114275,43.284188]},"properties":{"lines":"19","color":"#0059a9","mode":"bus","arr":["19"],"angle":67.7,"extra":1,"ei":2}},{"type":"Feature","geometry":{"type":"Point","coordinates":[22.115329,43.282576]},"properties":{"lines":"19","color":"#0059a9","mode":"bus","arr":["19"],"angle":88.5,"extra":1,"ei":3}},{"type":"Feature","geometry":{"type":"Point","coordinates":[22.116508,43.279055]},"properties":{"lines":"19","color":"#0059a9","mode":"bus","arr":["19"],"angle":61.7,"extra":1,"ei":4}},{"type":"Feature","geometry":{"type":"Point","coordinates":[22.116836,43.277435]},"properties":{"lines":"19","color":"#0059a9","mode":"bus","arr":["19"],"angle":-67.7,"extra":1,"ei":5}},{"type":"Feature","geometry":{"type":"Point","coordinates":[22.097673,43.300164]},"properties":{"lines":"19","color":"#0059a9","mode":"bus","arr":["19"],"angle":75.9,"mi":2}},{"type":"Feature","geometry":{"type":"Point","coordinates":[22.11711,43.274532]},"properties":{"lines":"19","color":"#0059a9","mode":"bus","arr":["19"],"angle":-52.8}},{"type":"Feature","geometry":{"type":"Point","coordinates":[22.118831,43.276393]},"properties":{"lines":"19","color":"#0059a9","mode":"bus","arr":["19"],"angle":-43,"extra":1,"ei":0}},{"type":"Feature","geometry":{"type":"Point","coordinates":[22.117411,43.273231]},"properties":{"lines":"19","color":"#0059a9","mode":"bus","arr":["19"],"angle":71.5,"extra":1,"ei":1}},{"type":"Feature","geometry":{"type":"Point","coordinates":[22.115212,43.271753]},"properties":{"lines":"19","color":"#0059a9","mode":"bus","arr":["19"],"angle":-39.3,"mi":1}},{"type":"Feature","geometry":{"type":"Point","coordinates":[22.142943,43.292647]},"properties":{"lines":"20","color":"#0059a9","mode":"bus","arr":["20"],"angle":62.2,"mi":2}},{"type":"Feature","geometry":{"type":"Point","coordinates":[22.143589,43.293774]},"properties":{"lines":"20","color":"#0059a9","mode":"bus","arr":["20"],"angle":-71.7,"extra":1,"ei":0}},{"type":"Feature","geometry":{"type":"Point","coordinates":[22.145321,43.29259]},"properties":{"lines":"20","color":"#0059a9","mode":"bus","arr":["20"],"angle":44,"mi":1}},{"type":"Feature","geometry":{"type":"Point","coordinates":[22.143275,43.294425]},"properties":{"lines":"20","color":"#0059a9","mode":"bus","arr":["20"],"angle":73.2,"extra":1,"ei":0}},{"type":"Feature","geometry":{"type":"Point","coordinates":[22.146574,43.29157]},"properties":{"lines":"20","color":"#0059a9","mode":"bus","arr":["20"],"angle":46,"extra":1,"ei":1}},{"type":"Feature","geometry":{"type":"Point","coordinates":[22.148405,43.290254]},"properties":{"lines":"20","color":"#0059a9","mode":"bus","arr":["20"],"angle":62.5,"extra":1,"ei":2}},{"type":"Feature","geometry":{"type":"Point","coordinates":[22.135451,43.302975]},"properties":{"lines":"20","color":"#0059a9","mode":"bus","arr":["20"],"angle":26.2}},{"type":"Feature","geometry":{"type":"Point","coordinates":[22.142285,43.296156]},"properties":{"lines":"20","color":"#0059a9","mode":"bus","arr":["20"],"angle":63.7,"extra":1,"ei":0}},{"type":"Feature","geometry":{"type":"Point","coordinates":[22.141764,43.29799]},"properties":{"lines":"20","color":"#0059a9","mode":"bus","arr":["20"],"angle":76.5,"extra":1,"ei":1}},{"type":"Feature","geometry":{"type":"Point","coordinates":[22.140698,43.2997]},"properties":{"lines":"20","color":"#0059a9","mode":"bus","arr":["20"],"angle":60.4,"extra":1,"ei":2}},{"type":"Feature","geometry":{"type":"Point","coordinates":[22.139028,43.301133]},"properties":{"lines":"20","color":"#0059a9","mode":"bus","arr":["20"],"angle":49.7,"extra":1,"ei":3}},{"type":"Feature","geometry":{"type":"Point","coordinates":[22.137113,43.302329]},"properties":{"lines":"20","color":"#0059a9","mode":"bus","arr":["20"],"angle":56.6,"extra":1,"ei":4}},{"type":"Feature","geometry":{"type":"Point","coordinates":[22.133565,43.304846]},"properties":{"lines":"20","color":"#0059a9","mode":"bus","arr":["20"],"angle":54.2,"extra":1,"ei":5}},{"type":"Feature","geometry":{"type":"Point","coordinates":[22.132045,43.306334]},"properties":{"lines":"20","color":"#0059a9","mode":"bus","arr":["20"],"angle":24.9,"extra":1,"ei":6}},{"type":"Feature","geometry":{"type":"Point","coordinates":[22.12988,43.307291]},"properties":{"lines":"20","color":"#0059a9","mode":"bus","arr":["20"],"angle":17.2,"extra":1,"ei":7}},{"type":"Feature","geometry":{"type":"Point","coordinates":[22.127545,43.308065]},"properties":{"lines":"20","color":"#0059a9","mode":"bus","arr":["20"],"angle":45.6,"extra":1,"ei":8}},{"type":"Feature","geometry":{"type":"Point","coordinates":[22.126384,43.309731]},"properties":{"lines":"20","color":"#0059a9","mode":"bus","arr":["20"],"angle":73.3,"extra":1,"ei":9}},{"type":"Feature","geometry":{"type":"Point","coordinates":[22.125572,43.311252]},"properties":{"lines":"20","color":"#0059a9","mode":"bus","arr":["20"],"angle":89.7}},{"type":"Feature","geometry":{"type":"Point","coordinates":[22.124687,43.31301]},"properties":{"lines":"20, 20A","color":"#0059a9","mode":"bus","arr":["20","20A"],"angle":70.1}},{"type":"Feature","geometry":{"type":"Point","coordinates":[22.117815,43.322353]},"properties":{"lines":"20, 20A","color":"#0059a9","mode":"bus","arr":["20","20A"],"angle":-73.1}},{"type":"Feature","geometry":{"type":"Point","coordinates":[22.12566,43.312808]},"properties":{"lines":"20, 20A","color":"#0059a9","mode":"bus","arr":["20","20A"],"angle":52.8,"mi":1}},{"type":"Feature","geometry":{"type":"Point","coordinates":[22.122585,43.335312]},"properties":{"lines":"20, 20A","color":"#0059a9","mode":"bus","arr":["20","20A"],"angle":-47.2,"side":-1}},{"type":"Feature","geometry":{"type":"Point","coordinates":[22.126445,43.314933]},"properties":{"lines":"20, 20A","color":"#0059a9","mode":"bus","arr":["20","20A"],"angle":48.5,"extra":1,"ei":0}},{"type":"Feature","geometry":{"type":"Point","coordinates":[22.125049,43.316448]},"properties":{"lines":"20, 20A","color":"#0059a9","mode":"bus","arr":["20","20A"],"angle":42.8,"extra":1,"ei":1}},{"type":"Feature","geometry":{"type":"Point","coordinates":[22.123596,43.317949]},"properties":{"lines":"20, 20A","color":"#0059a9","mode":"bus","arr":["20","20A"],"angle":22.6,"extra":1,"ei":2}},{"type":"Feature","geometry":{"type":"Point","coordinates":[22.121198,43.318645]},"properties":{"lines":"20, 20A","color":"#0059a9","mode":"bus","arr":["20","20A"],"angle":30.9,"extra":1,"ei":3}},{"type":"Feature","geometry":{"type":"Point","coordinates":[22.118995,43.319643]},"properties":{"lines":"20, 20A","color":"#0059a9","mode":"bus","arr":["20","20A"],"angle":35.2,"extra":1,"ei":4}},{"type":"Feature","geometry":{"type":"Point","coordinates":[22.117802,43.321168]},"properties":{"lines":"20, 20A","color":"#0059a9","mode":"bus","arr":["20","20A"],"angle":52.9,"extra":1,"ei":5}},{"type":"Feature","geometry":{"type":"Point","coordinates":[22.117713,43.32481]},"properties":{"lines":"20, 20A","color":"#0059a9","mode":"bus","arr":["20","20A"],"angle":-74.4,"extra":1,"ei":6}},{"type":"Feature","geometry":{"type":"Point","coordinates":[22.118559,43.326584]},"properties":{"lines":"20, 20A","color":"#0059a9","mode":"bus","arr":["20","20A"],"angle":-63,"extra":1,"ei":7}},{"type":"Feature","geometry":{"type":"Point","coordinates":[22.119167,43.328312]},"properties":{"lines":"20, 20A","color":"#0059a9","mode":"bus","arr":["20","20A"],"angle":-60.6,"extra":1,"ei":8}},{"type":"Feature","geometry":{"type":"Point","coordinates":[22.119381,43.330056]},"properties":{"lines":"20, 20A","color":"#0059a9","mode":"bus","arr":["20","20A"],"angle":-77.9,"extra":1,"ei":9}},{"type":"Feature","geometry":{"type":"Point","coordinates":[22.120598,43.331664]},"properties":{"lines":"20, 20A","color":"#0059a9","mode":"bus","arr":["20","20A"],"angle":-37.6,"extra":1,"ei":10}},{"type":"Feature","geometry":{"type":"Point","coordinates":[22.122531,43.332878]},"properties":{"lines":"20, 20A","color":"#0059a9","mode":"bus","arr":["20","20A"],"angle":-52.3,"extra":1,"ei":11}},{"type":"Feature","geometry":{"type":"Point","coordinates":[22.123191,43.334523]},"properties":{"lines":"20, 20A","color":"#0059a9","mode":"bus","arr":["20","20A"],"angle":59.1,"mi":1}},{"type":"Feature","geometry":{"type":"Point","coordinates":[22.049323,43.312118]},"properties":{"lines":"20, 20A","color":"#0059a9","mode":"bus","arr":["20","20A"],"angle":-15.4}},{"type":"Feature","geometry":{"type":"Point","coordinates":[21.999534,43.300464]},"properties":{"lines":"20, 20A","color":"#0059a9","mode":"bus","arr":["20","20A"],"angle":-11,"side":-1}},{"type":"Feature","geometry":{"type":"Point","coordinates":[22.040054,43.310804]},"properties":{"lines":"20, 20A","color":"#0059a9","mode":"bus","arr":["20","20A"],"angle":-36.1,"side":-1,"mi":2}},{"type":"Feature","geometry":{"type":"Point","coordinates":[22.146285,43.291063]},"properties":{"lines":"20","color":"#0059a9","mode":"bus","arr":["20"],"angle":35}},{"type":"Feature","geometry":{"type":"Point","coordinates":[22.148194,43.290139]},"properties":{"lines":"20","color":"#0059a9","mode":"bus","arr":["20"],"angle":3.5,"side":-1,"mi":3}},{"type":"Feature","geometry":{"type":"Point","coordinates":[22.058075,43.286534]},"properties":{"lines":"21, 21A","color":"#0059a9","mode":"bus","arr":["21","21A"],"angle":38.7,"mi":1}},{"type":"Feature","geometry":{"type":"Point","coordinates":[22.057652,43.289841]},"properties":{"lines":"21, 21A","color":"#0059a9","mode":"bus","arr":["21","21A"],"angle":-51.1,"extra":1,"ei":0}},{"type":"Feature","geometry":{"type":"Point","coordinates":[22.056964,43.288081]},"properties":{"lines":"21, 21A","color":"#0059a9","mode":"bus","arr":["21","21A"],"angle":85,"extra":1,"ei":1}},{"type":"Feature","geometry":{"type":"Point","coordinates":[22.059895,43.28529]},"properties":{"lines":"21, 21A","color":"#0059a9","mode":"bus","arr":["21","21A"],"angle":80.5,"extra":1,"ei":2}},{"type":"Feature","geometry":{"type":"Point","coordinates":[22.061725,43.284092]},"properties":{"lines":"21, 21A","color":"#0059a9","mode":"bus","arr":["21","21A"],"angle":40.9,"extra":1,"ei":3}},{"type":"Feature","geometry":{"type":"Point","coordinates":[22.068911,43.276039]},"properties":{"lines":"21","color":"#0059a9","mode":"bus","arr":["21"],"angle":51,"mi":2}},{"type":"Feature","geometry":{"type":"Point","coordinates":[22.062714,43.280537]},"properties":{"lines":"21","color":"#0059a9","mode":"bus","arr":["21"],"angle":59.5}},{"type":"Feature","geometry":{"type":"Point","coordinates":[22.0626,43.282563]},"properties":{"lines":"21","color":"#0059a9","mode":"bus","arr":["21"],"angle":69.2,"mi":1}},{"type":"Feature","geometry":{"type":"Point","coordinates":[22.073539,43.273337]},"properties":{"lines":"21","color":"#0059a9","mode":"bus","arr":["21"],"angle":42.7,"extra":1,"ei":0}},{"type":"Feature","geometry":{"type":"Point","coordinates":[22.071484,43.274396]},"properties":{"lines":"21","color":"#0059a9","mode":"bus","arr":["21"],"angle":59.8,"extra":1,"ei":1}},{"type":"Feature","geometry":{"type":"Point","coordinates":[22.067911,43.277034]},"properties":{"lines":"21","color":"#0059a9","mode":"bus","arr":["21"],"angle":45.3,"extra":1,"ei":2}},{"type":"Feature","geometry":{"type":"Point","coordinates":[22.065829,43.277843]},"properties":{"lines":"21","color":"#0059a9","mode":"bus","arr":["21"],"angle":19.6,"extra":1,"ei":3}},{"type":"Feature","geometry":{"type":"Point","coordinates":[22.0643,43.279296]},"properties":{"lines":"21","color":"#0059a9","mode":"bus","arr":["21"],"angle":31.3,"extra":1,"ei":4}},{"type":"Feature","geometry":{"type":"Point","coordinates":[22.080795,43.266354]},"properties":{"lines":"21","color":"#0059a9","mode":"bus","arr":["21"],"angle":49.9}},{"type":"Feature","geometry":{"type":"Point","coordinates":[22.075089,43.271883]},"properties":{"lines":"21","color":"#0059a9","mode":"bus","arr":["21"],"angle":65.3,"extra":1,"ei":0}},{"type":"Feature","geometry":{"type":"Point","coordinates":[22.076517,43.270328]},"properties":{"lines":"21","color":"#0059a9","mode":"bus","arr":["21"],"angle":45.5,"extra":1,"ei":1}},{"type":"Feature","geometry":{"type":"Point","coordinates":[22.07822,43.26894]},"properties":{"lines":"21","color":"#0059a9","mode":"bus","arr":["21"],"angle":31.6,"extra":1,"ei":2}},{"type":"Feature","geometry":{"type":"Point","coordinates":[22.079458,43.267486]},"properties":{"lines":"21","color":"#0059a9","mode":"bus","arr":["21"],"angle":24,"extra":1,"ei":3}},{"type":"Feature","geometry":{"type":"Point","coordinates":[22.083098,43.265033]},"properties":{"lines":"21","color":"#0059a9","mode":"bus","arr":["21"],"angle":21.9,"extra":1,"ei":4}},{"type":"Feature","geometry":{"type":"Point","coordinates":[22.085035,43.263863]},"properties":{"lines":"21","color":"#0059a9","mode":"bus","arr":["21"],"angle":50.9,"extra":1,"ei":5}},{"type":"Feature","geometry":{"type":"Point","coordinates":[22.086804,43.262575]},"properties":{"lines":"21","color":"#0059a9","mode":"bus","arr":["21"],"angle":29.1,"extra":1,"ei":6}},{"type":"Feature","geometry":{"type":"Point","coordinates":[22.088483,43.261202]},"properties":{"lines":"21","color":"#0059a9","mode":"bus","arr":["21"],"angle":58.6,"extra":1,"ei":7}},{"type":"Feature","geometry":{"type":"Point","coordinates":[22.098867,43.253057]},"properties":{"lines":"21","color":"#0059a9","mode":"bus","arr":["21"],"angle":64.6,"mi":2}},{"type":"Feature","geometry":{"type":"Point","coordinates":[22.09123,43.259296]},"properties":{"lines":"21","color":"#0059a9","mode":"bus","arr":["21"],"angle":49.6,"mi":1}},{"type":"Feature","geometry":{"type":"Point","coordinates":[22.095276,43.256879]},"properties":{"lines":"21","color":"#0059a9","mode":"bus","arr":["21"],"angle":4.4}},{"type":"Feature","geometry":{"type":"Point","coordinates":[22.092539,43.258163]},"properties":{"lines":"21","color":"#0059a9","mode":"bus","arr":["21"],"angle":41.9,"extra":1,"ei":0}},{"type":"Feature","geometry":{"type":"Point","coordinates":[22.088961,43.26086]},"properties":{"lines":"21","color":"#0059a9","mode":"bus","arr":["21"],"angle":35.2,"extra":1,"ei":1}},{"type":"Feature","geometry":{"type":"Point","coordinates":[22.099261,43.250278]},"properties":{"lines":"21","color":"#0059a9","mode":"bus","arr":["21"],"angle":85.6,"extra":1,"ei":0}},{"type":"Feature","geometry":{"type":"Point","coordinates":[22.097284,43.25557]},"properties":{"lines":"21","color":"#0059a9","mode":"bus","arr":["21"],"angle":81.5,"extra":1,"ei":1}},{"type":"Feature","geometry":{"type":"Point","coordinates":[21.93197,43.310929]},"properties":{"lines":"21A","color":"#0059a9","mode":"bus","arr":["21A"],"angle":11.6}},{"type":"Feature","geometry":{"type":"Point","coordinates":[21.955646,43.271395]},"properties":{"lines":"22, 23K","color":"#0059a9","mode":"bus","arr":["22","23K"],"angle":87.3}},{"type":"Feature","geometry":{"type":"Point","coordinates":[21.95824,43.267268]},"properties":{"lines":"22, 23K","color":"#0059a9","mode":"bus","arr":["22","23K"],"angle":62.8,"extra":1,"ei":0}},{"type":"Feature","geometry":{"type":"Point","coordinates":[21.956849,43.268692]},"properties":{"lines":"22, 23K","color":"#0059a9","mode":"bus","arr":["22","23K"],"angle":75.9,"extra":1,"ei":1}},{"type":"Feature","geometry":{"type":"Point","coordinates":[21.954587,43.273981]},"properties":{"lines":"22, 23K","color":"#0059a9","mode":"bus","arr":["22","23K"],"angle":55.3,"extra":1,"ei":2}},{"type":"Feature","geometry":{"type":"Point","coordinates":[21.953044,43.275448]},"properties":{"lines":"22, 23K","color":"#0059a9","mode":"bus","arr":["22","23K"],"angle":49,"extra":1,"ei":3}},{"type":"Feature","geometry":{"type":"Point","coordinates":[21.941402,43.282284]},"properties":{"lines":"22, 23K","color":"#0059a9","mode":"bus","arr":["22","23K"],"angle":20}},{"type":"Feature","geometry":{"type":"Point","coordinates":[21.950946,43.276633]},"properties":{"lines":"22, 23K","color":"#0059a9","mode":"bus","arr":["22","23K"],"angle":48.8,"extra":1,"ei":0}},{"type":"Feature","geometry":{"type":"Point","coordinates":[21.949759,43.278294]},"properties":{"lines":"22, 23K","color":"#0059a9","mode":"bus","arr":["22","23K"],"angle":59.4,"extra":1,"ei":1}},{"type":"Feature","geometry":{"type":"Point","coordinates":[21.948167,43.279681]},"properties":{"lines":"22, 23K","color":"#0059a9","mode":"bus","arr":["22","23K"],"angle":12.1,"extra":1,"ei":2}},{"type":"Feature","geometry":{"type":"Point","coordinates":[21.945837,43.280315]},"properties":{"lines":"22, 23K","color":"#0059a9","mode":"bus","arr":["22","23K"],"angle":33.8,"extra":1,"ei":3}},{"type":"Feature","geometry":{"type":"Point","coordinates":[21.943689,43.281276]},"properties":{"lines":"22, 23K","color":"#0059a9","mode":"bus","arr":["22","23K"],"angle":40.3,"extra":1,"ei":4}},{"type":"Feature","geometry":{"type":"Point","coordinates":[21.93901,43.282676]},"properties":{"lines":"22, 23K","color":"#0059a9","mode":"bus","arr":["22","23K"],"angle":8.8,"extra":1,"ei":5}},{"type":"Feature","geometry":{"type":"Point","coordinates":[21.936435,43.282694]},"properties":{"lines":"22, 23K","color":"#0059a9","mode":"bus","arr":["22","23K"],"angle":-0.6,"extra":1,"ei":6}},{"type":"Feature","geometry":{"type":"Point","coordinates":[21.933872,43.282411]},"properties":{"lines":"22, 23K","color":"#0059a9","mode":"bus","arr":["22","23K"],"angle":-12.7,"extra":1,"ei":7}},{"type":"Feature","geometry":{"type":"Point","coordinates":[21.931468,43.281718]},"properties":{"lines":"22, 23K","color":"#0059a9","mode":"bus","arr":["22","23K"],"angle":-21.4,"extra":1,"ei":8}},{"type":"Feature","geometry":{"type":"Point","coordinates":[21.929159,43.280912]},"properties":{"lines":"22, 23K","color":"#0059a9","mode":"bus","arr":["22","23K"],"angle":-28.9,"extra":1,"ei":9}},{"type":"Feature","geometry":{"type":"Point","coordinates":[21.922453,43.283878]},"properties":{"lines":"22, 23, 23B, 23K, 23L","color":"#0059a9","mode":"bus","arr":["22","23","23B","23K","23L"],"angle":44}},{"type":"Feature","geometry":{"type":"Point","coordinates":[21.91917,43.286917]},"properties":{"lines":"22, 23, 23B, 23K, 23L","color":"#0059a9","mode":"bus","arr":["22","23","23B","23K","23L"],"angle":65.8,"extra":1,"ei":0}},{"type":"Feature","geometry":{"type":"Point","coordinates":[21.920201,43.28519]},"properties":{"lines":"22, 23, 23B, 23K, 23L","color":"#0059a9","mode":"bus","arr":["22","23","23B","23K","23L"],"angle":50.4,"extra":1,"ei":1}},{"type":"Feature","geometry":{"type":"Point","coordinates":[21.9241,43.28274]},"properties":{"lines":"22, 23, 23B, 23K, 23L","color":"#0059a9","mode":"bus","arr":["22","23","23B","23K","23L"],"angle":51.9,"extra":1,"ei":2}},{"type":"Feature","geometry":{"type":"Point","coordinates":[21.925683,43.281246]},"properties":{"lines":"22, 23, 23B, 23K, 23L","color":"#0059a9","mode":"bus","arr":["22","23","23B","23K","23L"],"angle":40.3,"extra":1,"ei":3}},{"type":"Feature","geometry":{"type":"Point","coordinates":[21.916699,43.294221]},"properties":{"lines":"22, 23, 23B, 23K, 23L","color":"#0059a9","mode":"bus","arr":["22","23","23B","23K","23L"],"angle":82.4}},{"type":"Feature","geometry":{"type":"Point","coordinates":[21.9182,43.288651]},"properties":{"lines":"22, 23, 23B, 23K, 23L","color":"#0059a9","mode":"bus","arr":["22","23","23B","23K","23L"],"angle":66.2,"extra":1,"ei":0}},{"type":"Feature","geometry":{"type":"Point","coordinates":[21.917342,43.290417]},"properties":{"lines":"22, 23, 23B, 23K, 23L","color":"#0059a9","mode":"bus","arr":["22","23","23B","23K","23L"],"angle":82.8,"extra":1,"ei":1}},{"type":"Feature","geometry":{"type":"Point","coordinates":[21.917036,43.292292]},"properties":{"lines":"22, 23, 23B, 23K, 23L","color":"#0059a9","mode":"bus","arr":["22","23","23B","23K","23L"],"angle":82.9,"extra":1,"ei":2}},{"type":"Feature","geometry":{"type":"Point","coordinates":[21.916277,43.296027]},"properties":{"lines":"22, 23, 23B, 23K, 23L","color":"#0059a9","mode":"bus","arr":["22","23","23B","23K","23L"],"angle":80.8,"extra":1,"ei":3}},{"type":"Feature","geometry":{"type":"Point","coordinates":[21.916215,43.29791]},"properties":{"lines":"22, 23, 23B, 23K, 23L","color":"#0059a9","mode":"bus","arr":["22","23","23B","23K","23L"],"angle":-88.8,"extra":1,"ei":4}},{"type":"Feature","geometry":{"type":"Point","coordinates":[21.91626,43.299798]},"properties":{"lines":"22, 23, 23B, 23K, 23L","color":"#0059a9","mode":"bus","arr":["22","23","23B","23K","23L"],"angle":-89,"extra":1,"ei":5}},{"type":"Feature","geometry":{"type":"Point","coordinates":[21.910543,43.314876]},"properties":{"lines":"22, 23, 23B, 23K, 23L, 34A, 34B","color":"#0059a9","mode":"bus","arr":["22","23","23B","23K","23L","34A","34B"],"angle":79.3}},{"type":"Feature","geometry":{"type":"Point","coordinates":[21.911078,43.31281]},"properties":{"lines":"22, 23, 23B, 23K, 23L, 34A, 34B","color":"#0059a9","mode":"bus","arr":["22","23","23B","23K","23L","34A","34B"],"angle":79.7,"extra":1,"ei":0}},{"type":"Feature","geometry":{"type":"Point","coordinates":[21.910308,43.31651]},"properties":{"lines":"22, 23, 23B, 23K, 23L, 34A, 34B","color":"#0059a9","mode":"bus","arr":["22","23","23B","23K","23L","34A","34B"],"angle":-65.2,"extra":1,"ei":1}},{"type":"Feature","geometry":{"type":"Point","coordinates":[21.925831,43.27218]},"properties":{"lines":"23, 23B, 23K, 23L","color":"#0059a9","mode":"bus","arr":["23","23B","23K","23L"],"angle":-74.4,"mi":1}},{"type":"Feature","geometry":{"type":"Point","coordinates":[21.927416,43.280393]},"properties":{"lines":"23, 23B, 23K, 23L","color":"#0059a9","mode":"bus","arr":["23","23B","23K","23L"],"angle":83.2}},{"type":"Feature","geometry":{"type":"Point","coordinates":[21.928007,43.279204]},"properties":{"lines":"23, 23B, 23K, 23L","color":"#0059a9","mode":"bus","arr":["23","23B","23K","23L"],"angle":69.7,"extra":1,"ei":0}},{"type":"Feature","geometry":{"type":"Point","coordinates":[21.927292,43.277481]},"properties":{"lines":"23, 23B, 23K, 23L","color":"#0059a9","mode":"bus","arr":["23","23B","23K","23L"],"angle":-73.4,"extra":1,"ei":1}},{"type":"Feature","geometry":{"type":"Point","coordinates":[21.926975,43.275624]},"properties":{"lines":"23, 23B, 23K, 23L","color":"#0059a9","mode":"bus","arr":["23","23B","23K","23L"],"angle":-79.3,"extra":1,"ei":2}},{"type":"Feature","geometry":{"type":"Point","coordinates":[21.926476,43.273771]},"properties":{"lines":"23, 23B, 23K, 23L","color":"#0059a9","mode":"bus","arr":["23","23B","23K","23L"],"angle":-77.8,"extra":1,"ei":3}},{"type":"Feature","geometry":{"type":"Point","coordinates":[21.925399,43.270126]},"properties":{"lines":"23, 23B, 23K, 23L","color":"#0059a9","mode":"bus","arr":["23","23B","23K","23L"],"angle":86.8,"extra":1,"ei":4}},{"type":"Feature","geometry":{"type":"Point","coordinates":[21.925448,43.268241]},"properties":{"lines":"23, 23B, 23K, 23L","color":"#0059a9","mode":"bus","arr":["23","23B","23K","23L"],"angle":-88.4,"extra":1,"ei":5}},{"type":"Feature","geometry":{"type":"Point","coordinates":[21.925396,43.266353]},"properties":{"lines":"23, 23B, 23K, 23L","color":"#0059a9","mode":"bus","arr":["23","23B","23K","23L"],"angle":89.9,"extra":1,"ei":6}},{"type":"Feature","geometry":{"type":"Point","coordinates":[21.92557,43.26448]},"properties":{"lines":"23, 23B, 23K, 23L","color":"#0059a9","mode":"bus","arr":["23","23B","23K","23L"],"angle":72.7,"extra":1,"ei":7}},{"type":"Feature","geometry":{"type":"Point","coordinates":[21.932335,43.2583]},"properties":{"lines":"23, 23B, 23K","color":"#0059a9","mode":"bus","arr":["23","23B","23K"],"angle":-36.1}},{"type":"Feature","geometry":{"type":"Point","coordinates":[21.925951,43.262838]},"properties":{"lines":"23, 23B, 23K","color":"#0059a9","mode":"bus","arr":["23","23B","23K"],"angle":-80,"mi":1}},{"type":"Feature","geometry":{"type":"Point","coordinates":[21.926052,43.260996]},"properties":{"lines":"23, 23B, 23K","color":"#0059a9","mode":"bus","arr":["23","23B","23K"],"angle":88.2,"extra":1,"ei":0}},{"type":"Feature","geometry":{"type":"Point","coordinates":[21.92642,43.259199]},"properties":{"lines":"23, 23B, 23K","color":"#0059a9","mode":"bus","arr":["23","23B","23K"],"angle":34.4,"extra":1,"ei":1}},{"type":"Feature","geometry":{"type":"Point","coordinates":[21.928879,43.258968]},"properties":{"lines":"23, 23B, 23K","color":"#0059a9","mode":"bus","arr":["23","23B","23K"],"angle":45.9,"extra":1,"ei":2}},{"type":"Feature","geometry":{"type":"Point","coordinates":[21.930656,43.257764]},"properties":{"lines":"23, 23B, 23K","color":"#0059a9","mode":"bus","arr":["23","23B","23K"],"angle":31.1,"extra":1,"ei":3}},{"type":"Feature","geometry":{"type":"Point","coordinates":[21.935269,43.259053]},"properties":{"lines":"23, 23B, 23K","color":"#0059a9","mode":"bus","arr":["23","23B","23K"],"angle":12.9,"extra":1,"ei":4}},{"type":"Feature","geometry":{"type":"Point","coordinates":[21.937785,43.258704]},"properties":{"lines":"23, 23B, 23K","color":"#0059a9","mode":"bus","arr":["23","23B","23K"],"angle":8.8,"extra":1,"ei":5}},{"type":"Feature","geometry":{"type":"Point","coordinates":[21.940301,43.258389]},"properties":{"lines":"23, 23B, 23K","color":"#0059a9","mode":"bus","arr":["23","23B","23K"],"angle":13.3,"extra":1,"ei":6}},{"type":"Feature","geometry":{"type":"Point","coordinates":[21.94199,43.257187]},"properties":{"lines":"23, 23B, 23K","color":"#0059a9","mode":"bus","arr":["23","23B","23K"],"angle":39.2,"extra":1,"ei":7}},{"type":"Feature","geometry":{"type":"Point","coordinates":[21.95737,43.264025]},"properties":{"lines":"23B, 23K","color":"#0059a9","mode":"bus","arr":["23B","23K"],"angle":-35.7,"mi":2}},{"type":"Feature","geometry":{"type":"Point","coordinates":[21.955807,43.262732]},"properties":{"lines":"23B, 23K","color":"#0059a9","mode":"bus","arr":["23B","23K"],"angle":-52,"extra":1,"ei":0}},{"type":"Feature","geometry":{"type":"Point","coordinates":[21.958876,43.265662]},"properties":{"lines":"23B, 23K","color":"#0059a9","mode":"bus","arr":["23B","23K"],"angle":85.9,"extra":1,"ei":1}},{"type":"Feature","geometry":{"type":"Point","coordinates":[21.948497,43.261083]},"properties":{"lines":"23B, 23K","color":"#0059a9","mode":"bus","arr":["23B","23K"],"angle":-57.9}},{"type":"Feature","geometry":{"type":"Point","coordinates":[21.943498,43.260124]},"properties":{"lines":"23B, 23K","color":"#0059a9","mode":"bus","arr":["23B","23K"],"angle":15.4,"extra":1,"ei":0}},{"type":"Feature","geometry":{"type":"Point","coordinates":[21.945886,43.259616]},"properties":{"lines":"23B, 23K","color":"#0059a9","mode":"bus","arr":["23B","23K"],"angle":-26.1,"extra":1,"ei":1}},{"type":"Feature","geometry":{"type":"Point","coordinates":[21.949638,43.262113]},"properties":{"lines":"23B, 23K","color":"#0059a9","mode":"bus","arr":["23B","23K"],"angle":-40.3,"extra":1,"ei":2}},{"type":"Feature","geometry":{"type":"Point","coordinates":[21.952061,43.262473]},"properties":{"lines":"23B, 23K","color":"#0059a9","mode":"bus","arr":["23B","23K"],"angle":-30.9,"extra":1,"ei":3}},{"type":"Feature","geometry":{"type":"Point","coordinates":[21.954545,43.262437]},"properties":{"lines":"23B, 23K","color":"#0059a9","mode":"bus","arr":["23B","23K"],"angle":10,"extra":1,"ei":4}},{"type":"Feature","geometry":{"type":"Point","coordinates":[21.943138,43.258752]},"properties":{"lines":"23B, 23K","color":"#0059a9","mode":"bus","arr":["23B","23K"],"angle":-68.1,"mi":1}},{"type":"Feature","geometry":{"type":"Point","coordinates":[21.871013,43.302906]},"properties":{"lines":"24","color":"#0059a9","mode":"bus","arr":["24"],"angle":41.9}},{"type":"Feature","geometry":{"type":"Point","coordinates":[21.868334,43.304675]},"properties":{"lines":"24","color":"#0059a9","mode":"bus","arr":["24"],"angle":42.1,"extra":1,"ei":0}},{"type":"Feature","geometry":{"type":"Point","coordinates":[21.874115,43.30088]},"properties":{"lines":"24","color":"#0059a9","mode":"bus","arr":["24"],"angle":41.9,"extra":1,"ei":1}},{"type":"Feature","geometry":{"type":"Point","coordinates":[21.888229,43.295777]},"properties":{"lines":"24","color":"#0059a9","mode":"bus","arr":["24"],"angle":-3.1}},{"type":"Feature","geometry":{"type":"Point","coordinates":[21.88057,43.296153]},"properties":{"lines":"24","color":"#0059a9","mode":"bus","arr":["24"],"angle":-36.2,"extra":1,"ei":0}},{"type":"Feature","geometry":{"type":"Point","coordinates":[21.882797,43.29684]},"properties":{"lines":"24","color":"#0059a9","mode":"bus","arr":["24"],"angle":13.9,"extra":1,"ei":1}},{"type":"Feature","geometry":{"type":"Point","coordinates":[21.885292,43.296322]},"properties":{"lines":"24","color":"#0059a9","mode":"bus","arr":["24"],"angle":16.4,"extra":1,"ei":2}},{"type":"Feature","geometry":{"type":"Point","coordinates":[21.890317,43.295528]},"properties":{"lines":"24","color":"#0059a9","mode":"bus","arr":["24"],"angle":10.5,"extra":1,"ei":3}},{"type":"Feature","geometry":{"type":"Point","coordinates":[21.892797,43.295957]},"properties":{"lines":"24","color":"#0059a9","mode":"bus","arr":["24"],"angle":-6.1,"extra":1,"ei":4}},{"type":"Feature","geometry":{"type":"Point","coordinates":[21.895318,43.296279]},"properties":{"lines":"24","color":"#0059a9","mode":"bus","arr":["24"],"angle":-9.9,"extra":1,"ei":5}},{"type":"Feature","geometry":{"type":"Point","coordinates":[21.903529,43.276094]},"properties":{"lines":"24","color":"#0059a9","mode":"bus","arr":["24"],"angle":67.5}},{"type":"Feature","geometry":{"type":"Point","coordinates":[21.89801,43.29583]},"properties":{"lines":"24","color":"#0059a9","mode":"bus","arr":["24"],"angle":62,"extra":1,"ei":0}},{"type":"Feature","geometry":{"type":"Point","coordinates":[21.899373,43.294225]},"properties":{"lines":"24","color":"#0059a9","mode":"bus","arr":["24"],"angle":58.2,"extra":1,"ei":1}},{"type":"Feature","geometry":{"type":"Point","coordinates":[21.900212,43.292467]},"properties":{"lines":"24","color":"#0059a9","mode":"bus","arr":["24"],"angle":67.7,"extra":1,"ei":2}},{"type":"Feature","geometry":{"type":"Point","coordinates":[21.901294,43.290752]},"properties":{"lines":"24","color":"#0059a9","mode":"bus","arr":["24"],"angle":69.6,"extra":1,"ei":3}},{"type":"Feature","geometry":{"type":"Point","coordinates":[21.902795,43.289335]},"properties":{"lines":"24","color":"#0059a9","mode":"bus","arr":["24"],"angle":46.9,"extra":1,"ei":4}},{"type":"Feature","geometry":{"type":"Point","coordinates":[21.904242,43.287878]},"properties":{"lines":"24","color":"#0059a9","mode":"bus","arr":["24"],"angle":-88.9,"extra":1,"ei":5}},{"type":"Feature","geometry":{"type":"Point","coordinates":[21.904567,43.286032]},"properties":{"lines":"24","color":"#0059a9","mode":"bus","arr":["24"],"angle":64.3,"extra":1,"ei":6}},{"type":"Feature","geometry":{"type":"Point","coordinates":[21.905249,43.284282]},"properties":{"lines":"24","color":"#0059a9","mode":"bus","arr":["24"],"angle":-89.6,"extra":1,"ei":7}},{"type":"Feature","geometry":{"type":"Point","coordinates":[21.906594,43.282713]},"properties":{"lines":"24","color":"#0059a9","mode":"bus","arr":["24"],"angle":65.8,"extra":1,"ei":8}},{"type":"Feature","geometry":{"type":"Point","coordinates":[21.907756,43.281049]},"properties":{"lines":"24","color":"#0059a9","mode":"bus","arr":["24"],"angle":84.5,"extra":1,"ei":9}},{"type":"Feature","geometry":{"type":"Point","coordinates":[21.906804,43.27941]},"properties":{"lines":"24","color":"#0059a9","mode":"bus","arr":["24"],"angle":-36.3,"extra":1,"ei":10}},{"type":"Feature","geometry":{"type":"Point","coordinates":[21.904562,43.278499]},"properties":{"lines":"24","color":"#0059a9","mode":"bus","arr":["24"],"angle":-33.7,"extra":1,"ei":11}},{"type":"Feature","geometry":{"type":"Point","coordinates":[21.904505,43.273368]},"properties":{"lines":"24","color":"#0059a9","mode":"bus","arr":["24"],"angle":82.7,"extra":1,"ei":12}},{"type":"Feature","geometry":{"type":"Point","coordinates":[21.903455,43.271749]},"properties":{"lines":"24","color":"#0059a9","mode":"bus","arr":["24"],"angle":-46.2,"extra":1,"ei":13}},{"type":"Feature","geometry":{"type":"Point","coordinates":[21.902582,43.270014]},"properties":{"lines":"24","color":"#0059a9","mode":"bus","arr":["24"],"angle":-86.4,"extra":1,"ei":14}},{"type":"Feature","geometry":{"type":"Point","coordinates":[21.902155,43.268158]},"properties":{"lines":"24","color":"#0059a9","mode":"bus","arr":["24"],"angle":-77.6,"extra":1,"ei":15}},{"type":"Feature","geometry":{"type":"Point","coordinates":[21.902478,43.26631]},"properties":{"lines":"24","color":"#0059a9","mode":"bus","arr":["24"],"angle":69.7,"extra":1,"ei":16}},{"type":"Feature","geometry":{"type":"Point","coordinates":[21.904016,43.264956]},"properties":{"lines":"24","color":"#0059a9","mode":"bus","arr":["24"],"angle":-4,"extra":1,"ei":17}},{"type":"Feature","geometry":{"type":"Point","coordinates":[21.904945,43.263769]},"properties":{"lines":"24","color":"#0059a9","mode":"bus","arr":["24"],"angle":-83.6,"extra":1,"ei":18}},{"type":"Feature","geometry":{"type":"Point","coordinates":[21.906536,43.262875]},"properties":{"lines":"24","color":"#0059a9","mode":"bus","arr":["24"],"angle":1,"extra":1,"ei":19}},{"type":"Feature","geometry":{"type":"Point","coordinates":[21.90876,43.262189]},"properties":{"lines":"24","color":"#0059a9","mode":"bus","arr":["24"],"angle":49.8,"extra":1,"ei":20}},{"type":"Feature","geometry":{"type":"Point","coordinates":[21.910505,43.260814]},"properties":{"lines":"24","color":"#0059a9","mode":"bus","arr":["24"],"angle":60.8,"extra":1,"ei":21}},{"type":"Feature","geometry":{"type":"Point","coordinates":[21.911643,43.259171]},"properties":{"lines":"24","color":"#0059a9","mode":"bus","arr":["24"],"angle":53.3,"extra":1,"ei":22}},{"type":"Feature","geometry":{"type":"Point","coordinates":[21.912151,43.257563]},"properties":{"lines":"24","color":"#0059a9","mode":"bus","arr":["24"],"angle":-88,"extra":1,"ei":23}},{"type":"Feature","geometry":{"type":"Point","coordinates":[21.846984,43.304696]},"properties":{"lines":"25, 35","color":"#0059a9","mode":"bus","arr":["25","35"],"angle":-34.3,"mi":2}},{"type":"Feature","geometry":{"type":"Point","coordinates":[21.851144,43.307429]},"properties":{"lines":"25, 35","color":"#0059a9","mode":"bus","arr":["25","35"],"angle":-42.6,"extra":1,"ei":0}},{"type":"Feature","geometry":{"type":"Point","coordinates":[21.84935,43.306069]},"properties":{"lines":"25, 35","color":"#0059a9","mode":"bus","arr":["25","35"],"angle":-41,"extra":1,"ei":1}},{"type":"Feature","geometry":{"type":"Point","coordinates":[21.845113,43.303936]},"properties":{"lines":"25, 35","color":"#0059a9","mode":"bus","arr":["25","35"],"angle":-24.4,"extra":1,"ei":2}},{"type":"Feature","geometry":{"type":"Point","coordinates":[21.842899,43.302956]},"properties":{"lines":"25, 35","color":"#0059a9","mode":"bus","arr":["25","35"],"angle":-33.2,"extra":1,"ei":3}},{"type":"Feature","geometry":{"type":"Point","coordinates":[21.854953,43.309662]},"properties":{"lines":"25, 35","color":"#0059a9","mode":"bus","arr":["25","35"],"angle":-37.9}},{"type":"Feature","geometry":{"type":"Point","coordinates":[21.862351,43.313749]},"properties":{"lines":"25, 35","color":"#0059a9","mode":"bus","arr":["25","35"],"angle":-33.1,"mi":1}},{"type":"Feature","geometry":{"type":"Point","coordinates":[21.856763,43.310692]},"properties":{"lines":"25, 35","color":"#0059a9","mode":"bus","arr":["25","35"],"angle":-36.2,"extra":1,"ei":0}},{"type":"Feature","geometry":{"type":"Point","coordinates":[21.852669,43.308371]},"properties":{"lines":"25, 35","color":"#0059a9","mode":"bus","arr":["25","35"],"angle":-38.6,"extra":1,"ei":1}},{"type":"Feature","geometry":{"type":"Point","coordinates":[21.822972,43.29825]},"properties":{"lines":"25","color":"#0059a9","mode":"bus","arr":["25"],"angle":32.7}},{"type":"Feature","geometry":{"type":"Point","coordinates":[21.839915,43.301653]},"properties":{"lines":"25","color":"#0059a9","mode":"bus","arr":["25"],"angle":-27.2,"extra":1,"ei":0}},{"type":"Feature","geometry":{"type":"Point","coordinates":[21.837544,43.3009]},"properties":{"lines":"25","color":"#0059a9","mode":"bus","arr":["25"],"angle":-19.2,"extra":1,"ei":1}},{"type":"Feature","geometry":{"type":"Point","coordinates":[21.835149,43.300183]},"properties":{"lines":"25","color":"#0059a9","mode":"bus","arr":["25"],"angle":-19.8,"extra":1,"ei":2}},{"type":"Feature","geometry":{"type":"Point","coordinates":[21.832885,43.29929]},"properties":{"lines":"25","color":"#0059a9","mode":"bus","arr":["25"],"angle":-36.4,"extra":1,"ei":3}},{"type":"Feature","geometry":{"type":"Point","coordinates":[21.830572,43.298485]},"properties":{"lines":"25","color":"#0059a9","mode":"bus","arr":["25"],"angle":-21.2,"extra":1,"ei":4}},{"type":"Feature","geometry":{"type":"Point","coordinates":[21.828203,43.297718]},"properties":{"lines":"25","color":"#0059a9","mode":"bus","arr":["25"],"angle":-24.6,"extra":1,"ei":5}},{"type":"Feature","geometry":{"type":"Point","coordinates":[21.825899,43.296991]},"properties":{"lines":"25","color":"#0059a9","mode":"bus","arr":["25"],"angle":8,"extra":1,"ei":6}},{"type":"Feature","geometry":{"type":"Point","coordinates":[21.820107,43.300021]},"properties":{"lines":"25","color":"#0059a9","mode":"bus","arr":["25"],"angle":1,"extra":1,"ei":7}},{"type":"Feature","geometry":{"type":"Point","coordinates":[21.81882,43.301467]},"properties":{"lines":"25","color":"#0059a9","mode":"bus","arr":["25"],"angle":60,"extra":1,"ei":8}},{"type":"Feature","geometry":{"type":"Point","coordinates":[21.817223,43.302953]},"properties":{"lines":"25","color":"#0059a9","mode":"bus","arr":["25"],"angle":50.5,"extra":1,"ei":9}},{"type":"Feature","geometry":{"type":"Point","coordinates":[21.815304,43.304218]},"properties":{"lines":"25","color":"#0059a9","mode":"bus","arr":["25"],"angle":59.1,"extra":1,"ei":10}},{"type":"Feature","geometry":{"type":"Point","coordinates":[21.816792,43.305461]},"properties":{"lines":"25","color":"#0059a9","mode":"bus","arr":["25"],"angle":-18.4,"extra":1,"ei":11}},{"type":"Feature","geometry":{"type":"Point","coordinates":[21.816739,43.306974]},"properties":{"lines":"25","color":"#0059a9","mode":"bus","arr":["25"],"angle":65.2,"extra":1,"ei":12}},{"type":"Feature","geometry":{"type":"Point","coordinates":[21.816615,43.30874]},"properties":{"lines":"25","color":"#0059a9","mode":"bus","arr":["25"],"angle":-56.7,"extra":1,"ei":13}},{"type":"Feature","geometry":{"type":"Point","coordinates":[21.817228,43.312815]},"properties":{"lines":"25","color":"#0059a9","mode":"bus","arr":["25"],"angle":89.7}},{"type":"Feature","geometry":{"type":"Point","coordinates":[21.81703,43.31013]},"properties":{"lines":"25","color":"#0059a9","mode":"bus","arr":["25"],"angle":75.8,"extra":1,"ei":0}},{"type":"Feature","geometry":{"type":"Point","coordinates":[21.817686,43.315656]},"properties":{"lines":"25","color":"#0059a9","mode":"bus","arr":["25"],"angle":-70.4,"extra":1,"ei":1}},{"type":"Feature","geometry":{"type":"Point","coordinates":[21.813335,43.318493]},"properties":{"lines":"26","color":"#0059a9","mode":"bus","arr":["26"],"angle":26,"mi":2}},{"type":"Feature","geometry":{"type":"Point","coordinates":[21.80304,43.326489]},"properties":{"lines":"26","color":"#0059a9","mode":"bus","arr":["26"],"angle":61.9,"mi":1}},{"type":"Feature","geometry":{"type":"Point","coordinates":[21.8192,43.317337]},"properties":{"lines":"26","color":"#0059a9","mode":"bus","arr":["26"],"angle":47.4,"extra":1,"ei":0}},{"type":"Feature","geometry":{"type":"Point","coordinates":[21.816942,43.318156]},"properties":{"lines":"26","color":"#0059a9","mode":"bus","arr":["26"],"angle":13.5,"extra":1,"ei":1}},{"type":"Feature","geometry":{"type":"Point","coordinates":[21.810175,43.320321]},"properties":{"lines":"26","color":"#0059a9","mode":"bus","arr":["26"],"angle":20.6,"extra":1,"ei":2}},{"type":"Feature","geometry":{"type":"Point","coordinates":[21.807992,43.321297]},"properties":{"lines":"26","color":"#0059a9","mode":"bus","arr":["26"],"angle":34.6,"extra":1,"ei":3}},{"type":"Feature","geometry":{"type":"Point","coordinates":[21.805489,43.322469]},"properties":{"lines":"26","color":"#0059a9","mode":"bus","arr":["26"],"angle":61.5,"extra":1,"ei":0}},{"type":"Feature","geometry":{"type":"Point","coordinates":[21.804954,43.324313]},"properties":{"lines":"26","color":"#0059a9","mode":"bus","arr":["26"],"angle":80,"extra":1,"ei":1}},{"type":"Feature","geometry":{"type":"Point","coordinates":[21.802063,43.329381]},"properties":{"lines":"26","color":"#0059a9","mode":"bus","arr":["26"],"angle":53.9,"extra":1,"ei":2}},{"type":"Feature","geometry":{"type":"Point","coordinates":[21.800211,43.330495]},"properties":{"lines":"26","color":"#0059a9","mode":"bus","arr":["26"],"angle":85.8,"extra":1,"ei":3}},{"type":"Feature","geometry":{"type":"Point","coordinates":[21.80684,43.321759]},"properties":{"lines":"26","color":"#0059a9","mode":"bus","arr":["26"],"angle":27.1}},{"type":"Feature","geometry":{"type":"Point","coordinates":[21.794881,43.337771]},"properties":{"lines":"26","color":"#0059a9","mode":"bus","arr":["26"],"angle":66.9}},{"type":"Feature","geometry":{"type":"Point","coordinates":[21.799536,43.331773]},"properties":{"lines":"26","color":"#0059a9","mode":"bus","arr":["26"],"angle":52.3,"extra":1,"ei":0}},{"type":"Feature","geometry":{"type":"Point","coordinates":[21.79826,43.333411]},"properties":{"lines":"26","color":"#0059a9","mode":"bus","arr":["26"],"angle":66.8,"extra":1,"ei":1}},{"type":"Feature","geometry":{"type":"Point","coordinates":[21.797301,43.335161]},"properties":{"lines":"26","color":"#0059a9","mode":"bus","arr":["26"],"angle":56.4,"extra":1,"ei":2}},{"type":"Feature","geometry":{"type":"Point","coordinates":[21.795635,43.336502]},"properties":{"lines":"26","color":"#0059a9","mode":"bus","arr":["26"],"angle":72.9,"extra":1,"ei":3}},{"type":"Feature","geometry":{"type":"Point","coordinates":[21.791945,43.338389]},"properties":{"lines":"26","color":"#0059a9","mode":"bus","arr":["26"],"angle":-7.8,"extra":1,"ei":4}},{"type":"Feature","geometry":{"type":"Point","coordinates":[21.789849,43.338884]},"properties":{"lines":"26","color":"#0059a9","mode":"bus","arr":["26"],"angle":54.8,"extra":1,"ei":5}},{"type":"Feature","geometry":{"type":"Point","coordinates":[21.788044,43.340035]},"properties":{"lines":"26","color":"#0059a9","mode":"bus","arr":["26"],"angle":33.7,"extra":1,"ei":6}},{"type":"Feature","geometry":{"type":"Point","coordinates":[21.786044,43.341866]},"properties":{"lines":"26","color":"#0059a9","mode":"bus","arr":["26"],"angle":-82.5,"mi":1}},{"type":"Feature","geometry":{"type":"Point","coordinates":[21.811331,43.350637]},"properties":{"lines":"27A, 27B, 28, 28A, 29A","color":"#0059a9","mode":"bus","arr":["27A","27B","28","28A","29A"],"angle":37.2}},{"type":"Feature","geometry":{"type":"Point","coordinates":[21.798061,43.358891]},"properties":{"lines":"27A, 27B, 28, 28A, 29A","color":"#0059a9","mode":"bus","arr":["27A","27B","28","28A","29A"],"angle":32.1,"extra":1,"ei":0}},{"type":"Feature","geometry":{"type":"Point","coordinates":[21.799997,43.357646]},"properties":{"lines":"27A, 27B, 28, 28A, 29A","color":"#0059a9","mode":"bus","arr":["27A","27B","28","28A","29A"],"angle":49.1,"extra":1,"ei":1}},{"type":"Feature","geometry":{"type":"Point","coordinates":[21.801698,43.356227]},"properties":{"lines":"27A, 27B, 28, 28A, 29A","color":"#0059a9","mode":"bus","arr":["27A","27B","28","28A","29A"],"angle":38.5,"extra":1,"ei":2}},{"type":"Feature","geometry":{"type":"Point","coordinates":[21.804104,43.356332]},"properties":{"lines":"27A, 27B, 28, 28A, 29A","color":"#0059a9","mode":"bus","arr":["27A","27B","28","28A","29A"],"angle":16.7,"extra":1,"ei":3}},{"type":"Feature","geometry":{"type":"Point","coordinates":[21.805944,43.355027]},"properties":{"lines":"27A, 27B, 28, 28A, 29A","color":"#0059a9","mode":"bus","arr":["27A","27B","28","28A","29A"],"angle":53,"extra":1,"ei":4}},{"type":"Feature","geometry":{"type":"Point","coordinates":[21.807643,43.353647]},"properties":{"lines":"27A, 27B, 28, 28A, 29A","color":"#0059a9","mode":"bus","arr":["27A","27B","28","28A","29A"],"angle":47.5,"extra":1,"ei":5}},{"type":"Feature","geometry":{"type":"Point","coordinates":[21.808932,43.352013]},"properties":{"lines":"27A, 27B, 28, 28A, 29A","color":"#0059a9","mode":"bus","arr":["27A","27B","28","28A","29A"],"angle":53.8,"extra":1,"ei":6}},{"type":"Feature","geometry":{"type":"Point","coordinates":[21.813067,43.34978]},"properties":{"lines":"27A, 27B, 28, 28A, 29A","color":"#0059a9","mode":"bus","arr":["27A","27B","28","28A","29A"],"angle":35.9,"extra":1,"ei":7}},{"type":"Feature","geometry":{"type":"Point","coordinates":[21.814799,43.348444]},"properties":{"lines":"27A, 27B, 28, 28A, 29A","color":"#0059a9","mode":"bus","arr":["27A","27B","28","28A","29A"],"angle":74.4,"extra":1,"ei":8}},{"type":"Feature","geometry":{"type":"Point","coordinates":[21.815331,43.346599]},"properties":{"lines":"27A, 27B, 28, 28A, 29A","color":"#0059a9","mode":"bus","arr":["27A","27B","28","28A","29A"],"angle":74,"extra":1,"ei":9}},{"type":"Feature","geometry":{"type":"Point","coordinates":[21.816043,43.344783]},"properties":{"lines":"27A, 27B, 28, 28A, 29A","color":"#0059a9","mode":"bus","arr":["27A","27B","28","28A","29A"],"angle":80.2,"extra":1,"ei":10}},{"type":"Feature","geometry":{"type":"Point","coordinates":[21.815574,43.342943]},"properties":{"lines":"27A, 27B, 28, 28A, 29A","color":"#0059a9","mode":"bus","arr":["27A","27B","28","28A","29A"],"angle":-73.9,"extra":1,"ei":11}},{"type":"Feature","geometry":{"type":"Point","coordinates":[21.814904,43.341127]},"properties":{"lines":"27A, 27B, 28, 28A, 29A","color":"#0059a9","mode":"bus","arr":["27A","27B","28","28A","29A"],"angle":84.4,"extra":1,"ei":12}},{"type":"Feature","geometry":{"type":"Point","coordinates":[21.816975,43.34029]},"properties":{"lines":"27A, 27B, 28, 28A, 29A","color":"#0059a9","mode":"bus","arr":["27A","27B","28","28A","29A"],"angle":19.8,"extra":1,"ei":13}},{"type":"Feature","geometry":{"type":"Point","coordinates":[21.813633,43.35497]},"properties":{"lines":"27A, 27B, 28","color":"#0059a9","mode":"bus","arr":["27A","27B","28"],"angle":-22.1}},{"type":"Feature","geometry":{"type":"Point","coordinates":[21.818577,43.355673]},"properties":{"lines":"27A, 27B, 28","color":"#0059a9","mode":"bus","arr":["27A","27B","28"],"angle":-7.3,"extra":1,"ei":0}},{"type":"Feature","geometry":{"type":"Point","coordinates":[21.816007,43.355419]},"properties":{"lines":"27A, 27B, 28","color":"#0059a9","mode":"bus","arr":["27A","27B","28"],"angle":-10.1,"extra":1,"ei":1}},{"type":"Feature","geometry":{"type":"Point","coordinates":[21.811032,43.354386]},"properties":{"lines":"27A, 27B, 28","color":"#0059a9","mode":"bus","arr":["27A","27B","28"],"angle":-12.6,"extra":1,"ei":2}},{"type":"Feature","geometry":{"type":"Point","coordinates":[21.808567,43.353803]},"properties":{"lines":"27A, 27B, 28","color":"#0059a9","mode":"bus","arr":["27A","27B","28"],"angle":-18,"extra":1,"ei":3}},{"type":"Feature","geometry":{"type":"Point","coordinates":[21.824456,43.331427]},"properties":{"lines":"27A, 27B, 28, 28A, 29A","color":"#0059a9","mode":"bus","arr":["27A","27B","28","28A","29A"],"angle":73.6}},{"type":"Feature","geometry":{"type":"Point","coordinates":[21.818682,43.338116]},"properties":{"lines":"27A, 27B, 28, 28A, 29A","color":"#0059a9","mode":"bus","arr":["27A","27B","28","28A","29A"],"angle":75.3,"extra":1,"ei":0}},{"type":"Feature","geometry":{"type":"Point","coordinates":[21.819448,43.33634]},"properties":{"lines":"27A, 27B, 28, 28A, 29A","color":"#0059a9","mode":"bus","arr":["27A","27B","28","28A","29A"],"angle":54.8,"extra":1,"ei":1}},{"type":"Feature","geometry":{"type":"Point","coordinates":[21.821142,43.334952]},"properties":{"lines":"27A, 27B, 28, 28A, 29A","color":"#0059a9","mode":"bus","arr":["27A","27B","28","28A","29A"],"angle":42.7,"extra":1,"ei":2}},{"type":"Feature","geometry":{"type":"Point","coordinates":[21.822869,43.333567]},"properties":{"lines":"27A, 27B, 28, 28A, 29A","color":"#0059a9","mode":"bus","arr":["27A","27B","28","28A","29A"],"angle":43.7,"extra":1,"ei":3}},{"type":"Feature","geometry":{"type":"Point","coordinates":[21.828208,43.330219]},"properties":{"lines":"27A, 27B, 28, 28A, 29A","color":"#0059a9","mode":"bus","arr":["27A","27B","28","28A","29A"],"angle":14.5,"extra":1,"ei":4}},{"type":"Feature","geometry":{"type":"Point","coordinates":[21.830772,43.329935]},"properties":{"lines":"27A, 27B, 28, 28A, 29A","color":"#0059a9","mode":"bus","arr":["27A","27B","28","28A","29A"],"angle":13.1,"extra":1,"ei":5}},{"type":"Feature","geometry":{"type":"Point","coordinates":[21.833203,43.32951]},"properties":{"lines":"27A, 27B, 28, 28A, 29A","color":"#0059a9","mode":"bus","arr":["27A","27B","28","28A","29A"],"angle":64.5,"extra":1,"ei":6}},{"type":"Feature","geometry":{"type":"Point","coordinates":[21.833893,43.3278]},"properties":{"lines":"27A, 27B, 28, 28A, 29A","color":"#0059a9","mode":"bus","arr":["27A","27B","28","28A","29A"],"angle":23.2,"extra":1,"ei":7}},{"type":"Feature","geometry":{"type":"Point","coordinates":[21.838904,43.328281]},"properties":{"lines":"27A, 27B, 28, 28A, 29A","color":"#0059a9","mode":"bus","arr":["27A","27B","28","28A","29A"],"angle":-9.5}},{"type":"Feature","geometry":{"type":"Point","coordinates":[21.83553,43.327834]},"properties":{"lines":"27A, 27B, 28, 28A, 29A","color":"#0059a9","mode":"bus","arr":["27A","27B","28","28A","29A"],"angle":-9.5,"extra":1,"ei":0}},{"type":"Feature","geometry":{"type":"Point","coordinates":[21.840644,43.328463]},"properties":{"lines":"27A, 27B, 28, 28A, 29A","color":"#0059a9","mode":"bus","arr":["27A","27B","28","28A","29A"],"angle":-1.4,"extra":1,"ei":1}},{"type":"Feature","geometry":{"type":"Point","coordinates":[21.843126,43.328163]},"properties":{"lines":"27A, 27B, 28, 28A, 29A","color":"#0059a9","mode":"bus","arr":["27A","27B","28","28A","29A"],"angle":48.8,"extra":1,"ei":2}},{"type":"Feature","geometry":{"type":"Point","coordinates":[21.853178,43.326032]},"properties":{"lines":"27A, 27B, 28, 28A, 29A","color":"#0059a9","mode":"bus","arr":["27A","27B","28","28A","29A"],"angle":11.5}},{"type":"Feature","geometry":{"type":"Point","coordinates":[21.844577,43.327745]},"properties":{"lines":"27A, 27B, 28, 28A, 29A","color":"#0059a9","mode":"bus","arr":["27A","27B","28","28A","29A"],"angle":6.8,"extra":1,"ei":0}},{"type":"Feature","geometry":{"type":"Point","coordinates":[21.846953,43.327083]},"properties":{"lines":"27A, 27B, 28, 28A, 29A","color":"#0059a9","mode":"bus","arr":["27A","27B","28","28A","29A"],"angle":17.7,"extra":1,"ei":1}},{"type":"Feature","geometry":{"type":"Point","coordinates":[21.849425,43.326508]},"properties":{"lines":"27A, 27B, 28, 28A, 29A","color":"#0059a9","mode":"bus","arr":["27A","27B","28","28A","29A"],"angle":15.8,"extra":1,"ei":2}},{"type":"Feature","geometry":{"type":"Point","coordinates":[21.857027,43.325403]},"properties":{"lines":"27A, 27B, 28, 28A, 29A","color":"#0059a9","mode":"bus","arr":["27A","27B","28","28A","29A"],"angle":14.4,"extra":1,"ei":3}},{"type":"Feature","geometry":{"type":"Point","coordinates":[21.859606,43.325259]},"properties":{"lines":"27A, 27B, 28, 28A, 29A","color":"#0059a9","mode":"bus","arr":["27A","27B","28","28A","29A"],"angle":-2.3,"extra":1,"ei":4}},{"type":"Feature","geometry":{"type":"Point","coordinates":[21.862151,43.32516]},"properties":{"lines":"27A, 27B, 28, 28A, 29A","color":"#0059a9","mode":"bus","arr":["27A","27B","28","28A","29A"],"angle":39.4,"extra":1,"ei":5}},{"type":"Feature","geometry":{"type":"Point","coordinates":[21.863263,43.324607]},"properties":{"lines":"27A, 27B, 28, 28A, 29A","color":"#0059a9","mode":"bus","arr":["27A","27B","28","28A","29A"],"angle":-33.1,"mi":1}},{"type":"Feature","geometry":{"type":"Point","coordinates":[21.826913,43.334428]},"properties":{"lines":"27B","color":"#0059a9","mode":"bus","arr":["27B"],"angle":-25.5}},{"type":"Feature","geometry":{"type":"Point","coordinates":[21.82915,43.335521]},"properties":{"lines":"27B","color":"#0059a9","mode":"bus","arr":["27B"],"angle":-39.3,"extra":1,"ei":0}},{"type":"Feature","geometry":{"type":"Point","coordinates":[21.824652,43.333686]},"properties":{"lines":"27B","color":"#0059a9","mode":"bus","arr":["27B"],"angle":-20.9,"extra":1,"ei":1}},{"type":"Feature","geometry":{"type":"Point","coordinates":[21.80561,43.373542]},"properties":{"lines":"28, 28A, 29A","color":"#0059a9","mode":"bus","arr":["28","28A","29A"],"angle":-21.9,"mi":1}},{"type":"Feature","geometry":{"type":"Point","coordinates":[21.804305,43.372715]},"properties":{"lines":"28, 28A, 29A","color":"#0059a9","mode":"bus","arr":["28","28A","29A"],"angle":-33.5,"extra":1,"ei":0}},{"type":"Feature","geometry":{"type":"Point","coordinates":[21.807263,43.371269]},"properties":{"lines":"28, 28A, 29A","color":"#0059a9","mode":"bus","arr":["28","28A","29A"],"angle":-72.7}},{"type":"Feature","geometry":{"type":"Point","coordinates":[21.808209,43.373793]},"properties":{"lines":"28, 28A, 29A","color":"#0059a9","mode":"bus","arr":["28","28A","29A"],"angle":-75.3,"extra":1,"ei":0}},{"type":"Feature","geometry":{"type":"Point","coordinates":[21.806946,43.368309]},"properties":{"lines":"28, 28A, 29A","color":"#0059a9","mode":"bus","arr":["28","28A","29A"],"angle":-86.8,"extra":1,"ei":1}},{"type":"Feature","geometry":{"type":"Point","coordinates":[21.804109,43.362869]},"properties":{"lines":"28, 28A, 29A","color":"#0059a9","mode":"bus","arr":["28","28A","29A"],"angle":-33.4,"mi":2}},{"type":"Feature","geometry":{"type":"Point","coordinates":[21.797801,43.35991]},"properties":{"lines":"28, 28A, 29A","color":"#0059a9","mode":"bus","arr":["28","28A","29A"],"angle":-34.8,"extra":1,"ei":0}},{"type":"Feature","geometry":{"type":"Point","coordinates":[21.799917,43.361002]},"properties":{"lines":"28, 28A, 29A","color":"#0059a9","mode":"bus","arr":["28","28A","29A"],"angle":-34.6,"extra":1,"ei":1}},{"type":"Feature","geometry":{"type":"Point","coordinates":[21.802154,43.361951]},"properties":{"lines":"28, 28A, 29A","color":"#0059a9","mode":"bus","arr":["28","28A","29A"],"angle":-25,"extra":1,"ei":2}},{"type":"Feature","geometry":{"type":"Point","coordinates":[21.806567,43.363916]},"properties":{"lines":"28, 28A, 29A","color":"#0059a9","mode":"bus","arr":["28","28A","29A"],"angle":-35,"extra":1,"ei":3}},{"type":"Feature","geometry":{"type":"Point","coordinates":[21.807002,43.365559]},"properties":{"lines":"28, 28A, 29A","color":"#0059a9","mode":"bus","arr":["28","28A","29A"],"angle":72.8,"extra":1,"ei":4}},{"type":"Feature","geometry":{"type":"Point","coordinates":[21.806526,43.367411]},"properties":{"lines":"28, 28A, 29A","color":"#0059a9","mode":"bus","arr":["28","28A","29A"],"angle":80.3,"extra":1,"ei":5}},{"type":"Feature","geometry":{"type":"Point","coordinates":[21.78203,43.389774]},"properties":{"lines":"28A, 29A","color":"#0059a9","mode":"bus","arr":["28A","29A"],"angle":-83.9}},{"type":"Feature","geometry":{"type":"Point","coordinates":[21.779816,43.384238]},"properties":{"lines":"28A, 29A","color":"#0059a9","mode":"bus","arr":["28A","29A"],"angle":86.2,"extra":1,"ei":0}},{"type":"Feature","geometry":{"type":"Point","coordinates":[21.780189,43.386073]},"properties":{"lines":"28A, 29A","color":"#0059a9","mode":"bus","arr":["28A","29A"],"angle":-68.1,"extra":1,"ei":1}},{"type":"Feature","geometry":{"type":"Point","coordinates":[21.781266,43.387772]},"properties":{"lines":"28A, 29A","color":"#0059a9","mode":"bus","arr":["28A","29A"],"angle":-53.5,"extra":1,"ei":2}},{"type":"Feature","geometry":{"type":"Point","coordinates":[21.782763,43.39124]},"properties":{"lines":"28A, 29A","color":"#0059a9","mode":"bus","arr":["28A","29A"],"angle":-69.4,"extra":1,"ei":3}},{"type":"Feature","geometry":{"type":"Point","coordinates":[21.783579,43.39303]},"properties":{"lines":"28A, 29A","color":"#0059a9","mode":"bus","arr":["28A","29A"],"angle":-75.9,"extra":1,"ei":4}},{"type":"Feature","geometry":{"type":"Point","coordinates":[21.784212,43.394862]},"properties":{"lines":"28A, 29A","color":"#0059a9","mode":"bus","arr":["28A","29A"],"angle":-75.9,"extra":1,"ei":5}},{"type":"Feature","geometry":{"type":"Point","coordinates":[21.790984,43.376219]},"properties":{"lines":"28A, 29A","color":"#0059a9","mode":"bus","arr":["28A","29A"],"angle":74.3}},{"type":"Feature","geometry":{"type":"Point","coordinates":[21.802001,43.37253]},"properties":{"lines":"28A, 29A","color":"#0059a9","mode":"bus","arr":["28A","29A"],"angle":45.7,"extra":1,"ei":0}},{"type":"Feature","geometry":{"type":"Point","coordinates":[21.800178,43.371941]},"properties":{"lines":"28A, 29A","color":"#0059a9","mode":"bus","arr":["28A","29A"],"angle":-56.9,"extra":1,"ei":1}},{"type":"Feature","geometry":{"type":"Point","coordinates":[21.797757,43.3717]},"properties":{"lines":"28A, 29A","color":"#0059a9","mode":"bus","arr":["28A","29A"],"angle":12.1,"extra":1,"ei":2}},{"type":"Feature","geometry":{"type":"Point","coordinates":[21.795729,43.37281]},"properties":{"lines":"28A, 29A","color":"#0059a9","mode":"bus","arr":["28A","29A"],"angle":40.6,"extra":1,"ei":3}},{"type":"Feature","geometry":{"type":"Point","coordinates":[21.793811,43.374034]},"properties":{"lines":"28A, 29A","color":"#0059a9","mode":"bus","arr":["28A","29A"],"angle":22.2,"extra":1,"ei":4}},{"type":"Feature","geometry":{"type":"Point","coordinates":[21.791659,43.374932]},"properties":{"lines":"28A, 29A","color":"#0059a9","mode":"bus","arr":["28A","29A"],"angle":47.8,"extra":1,"ei":5}},{"type":"Feature","geometry":{"type":"Point","coordinates":[21.789628,43.378364]},"properties":{"lines":"28A, 29A","color":"#0059a9","mode":"bus","arr":["28A","29A"],"angle":57.9,"extra":1,"ei":6}},{"type":"Feature","geometry":{"type":"Point","coordinates":[21.787548,43.379408]},"properties":{"lines":"28A, 29A","color":"#0059a9","mode":"bus","arr":["28A","29A"],"angle":19.5,"extra":1,"ei":7}},{"type":"Feature","geometry":{"type":"Point","coordinates":[21.78522,43.379823]},"properties":{"lines":"28A, 29A","color":"#0059a9","mode":"bus","arr":["28A","29A"],"angle":60.3,"extra":1,"ei":8}},{"type":"Feature","geometry":{"type":"Point","coordinates":[21.783612,43.38128]},"properties":{"lines":"28A, 29A","color":"#0059a9","mode":"bus","arr":["28A","29A"],"angle":35.5,"extra":1,"ei":9}},{"type":"Feature","geometry":{"type":"Point","coordinates":[21.781259,43.381704]},"properties":{"lines":"28A, 29A","color":"#0059a9","mode":"bus","arr":["28A","29A"],"angle":61.6,"extra":1,"ei":10}},{"type":"Feature","geometry":{"type":"Point","coordinates":[21.865792,43.346131]},"properties":{"lines":"28B, 29, 32, 32A, 39","color":"#0059a9","mode":"bus","arr":["28B","29","32","32A","39"],"angle":46.6}},{"type":"Feature","geometry":{"type":"Point","coordinates":[21.862038,43.34857]},"properties":{"lines":"28B, 29, 32, 32A, 39","color":"#0059a9","mode":"bus","arr":["28B","29","32","32A","39"],"angle":32.5,"mi":1}},{"type":"Feature","geometry":{"type":"Point","coordinates":[21.828432,43.374448]},"properties":{"lines":"28B, 29, 32, 32A, 39","color":"#0059a9","mode":"bus","arr":["28B","29","32","32A","39"],"angle":26.6}},{"type":"Feature","geometry":{"type":"Point","coordinates":[21.859779,43.350618]},"properties":{"lines":"28B, 29, 32, 32A, 39","color":"#0059a9","mode":"bus","arr":["28B","29","32","32A","39"],"angle":47.8,"extra":1,"ei":0}},{"type":"Feature","geometry":{"type":"Point","coordinates":[21.857995,43.35199]},"properties":{"lines":"28B, 29, 32, 32A, 39","color":"#0059a9","mode":"bus","arr":["28B","29","32","32A","39"],"angle":46.6,"extra":1,"ei":1}},{"type":"Feature","geometry":{"type":"Point","coordinates":[21.856211,43.353362]},"properties":{"lines":"28B, 29, 32, 32A, 39","color":"#0059a9","mode":"bus","arr":["28B","29","32","32A","39"],"angle":46.6,"extra":1,"ei":2}},{"type":"Feature","geometry":{"type":"Point","coordinates":[21.854426,43.354733]},"properties":{"lines":"28B, 29, 32, 32A, 39","color":"#0059a9","mode":"bus","arr":["28B","29","32","32A","39"],"angle":46.5,"extra":1,"ei":3}},{"type":"Feature","geometry":{"type":"Point","coordinates":[21.852642,43.356104]},"properties":{"lines":"28B, 29, 32, 32A, 39","color":"#0059a9","mode":"bus","arr":["28B","29","32","32A","39"],"angle":46.5,"extra":1,"ei":4}},{"type":"Feature","geometry":{"type":"Point","coordinates":[21.850858,43.357475]},"properties":{"lines":"28B, 29, 32, 32A, 39","color":"#0059a9","mode":"bus","arr":["28B","29","32","32A","39"],"angle":46.8,"extra":1,"ei":5}},{"type":"Feature","geometry":{"type":"Point","coordinates":[21.849078,43.35885]},"properties":{"lines":"28B, 29, 32, 32A, 39","color":"#0059a9","mode":"bus","arr":["28B","29","32","32A","39"],"angle":46.3,"extra":1,"ei":6}},{"type":"Feature","geometry":{"type":"Point","coordinates":[21.84729,43.360218]},"properties":{"lines":"28B, 29, 32, 32A, 39","color":"#0059a9","mode":"bus","arr":["28B","29","32","32A","39"],"angle":46.7,"extra":1,"ei":7}},{"type":"Feature","geometry":{"type":"Point","coordinates":[21.845482,43.361571]},"properties":{"lines":"28B, 29, 32, 32A, 39","color":"#0059a9","mode":"bus","arr":["28B","29","32","32A","39"],"angle":47.1,"extra":1,"ei":8}},{"type":"Feature","geometry":{"type":"Point","coordinates":[21.843714,43.362954]},"properties":{"lines":"28B, 29, 32, 32A, 39","color":"#0059a9","mode":"bus","arr":["28B","29","32","32A","39"],"angle":47,"extra":1,"ei":9}},{"type":"Feature","geometry":{"type":"Point","coordinates":[21.841945,43.364336]},"properties":{"lines":"28B, 29, 32, 32A, 39","color":"#0059a9","mode":"bus","arr":["28B","29","32","32A","39"],"angle":47,"extra":1,"ei":10}},{"type":"Feature","geometry":{"type":"Point","coordinates":[21.840176,43.365717]},"properties":{"lines":"28B, 29, 32, 32A, 39","color":"#0059a9","mode":"bus","arr":["28B","29","32","32A","39"],"angle":46.5,"extra":1,"ei":11}},{"type":"Feature","geometry":{"type":"Point","coordinates":[21.838385,43.367084]},"properties":{"lines":"28B, 29, 32, 32A, 39","color":"#0059a9","mode":"bus","arr":["28B","29","32","32A","39"],"angle":47.1,"extra":1,"ei":12}},{"type":"Feature","geometry":{"type":"Point","coordinates":[21.836617,43.368466]},"properties":{"lines":"28B, 29, 32, 32A, 39","color":"#0059a9","mode":"bus","arr":["28B","29","32","32A","39"],"angle":47.3,"extra":1,"ei":13}},{"type":"Feature","geometry":{"type":"Point","coordinates":[21.834825,43.369832]},"properties":{"lines":"28B, 29, 32, 32A, 39","color":"#0059a9","mode":"bus","arr":["28B","29","32","32A","39"],"angle":45.5,"extra":1,"ei":14}},{"type":"Feature","geometry":{"type":"Point","coordinates":[21.833027,43.371193]},"properties":{"lines":"28B, 29, 32, 32A, 39","color":"#0059a9","mode":"bus","arr":["28B","29","32","32A","39"],"angle":46.9,"extra":1,"ei":15}},{"type":"Feature","geometry":{"type":"Point","coordinates":[21.83124,43.372562]},"properties":{"lines":"28B, 29, 32, 32A, 39","color":"#0059a9","mode":"bus","arr":["28B","29","32","32A","39"],"angle":46.5,"extra":1,"ei":16}},{"type":"Feature","geometry":{"type":"Point","coordinates":[21.825627,43.376175]},"properties":{"lines":"28B, 29, 32, 32A, 39","color":"#0059a9","mode":"bus","arr":["28B","29","32","32A","39"],"angle":61.9,"extra":1,"ei":17}},{"type":"Feature","geometry":{"type":"Point","coordinates":[21.824383,43.377833]},"properties":{"lines":"28B, 29, 32, 32A, 39","color":"#0059a9","mode":"bus","arr":["28B","29","32","32A","39"],"angle":61.2,"extra":1,"ei":18}},{"type":"Feature","geometry":{"type":"Point","coordinates":[21.823151,43.379495]},"properties":{"lines":"28B, 29, 32, 32A, 39","color":"#0059a9","mode":"bus","arr":["28B","29","32","32A","39"],"angle":61.6,"extra":1,"ei":19}},{"type":"Feature","geometry":{"type":"Point","coordinates":[21.821892,43.381146]},"properties":{"lines":"28B, 29, 32, 32A, 39","color":"#0059a9","mode":"bus","arr":["28B","29","32","32A","39"],"angle":60.6,"extra":1,"ei":20}},{"type":"Feature","geometry":{"type":"Point","coordinates":[21.820653,43.382805]},"properties":{"lines":"28B, 29, 32, 32A, 39","color":"#0059a9","mode":"bus","arr":["28B","29","32","32A","39"],"angle":62.6,"extra":1,"ei":21}},{"type":"Feature","geometry":{"type":"Point","coordinates":[21.819413,43.384464]},"properties":{"lines":"28B, 29, 32, 32A, 39","color":"#0059a9","mode":"bus","arr":["28B","29","32","32A","39"],"angle":60.8,"extra":1,"ei":22}},{"type":"Feature","geometry":{"type":"Point","coordinates":[21.818156,43.386116]},"properties":{"lines":"28B, 29, 32, 32A, 39","color":"#0059a9","mode":"bus","arr":["28B","29","32","32A","39"],"angle":61.8,"extra":1,"ei":23}},{"type":"Feature","geometry":{"type":"Point","coordinates":[21.816906,43.387771]},"properties":{"lines":"28B, 29, 32, 32A, 39","color":"#0059a9","mode":"bus","arr":["28B","29","32","32A","39"],"angle":61.1,"extra":1,"ei":24}},{"type":"Feature","geometry":{"type":"Point","coordinates":[21.815658,43.389427]},"properties":{"lines":"28B, 29, 32, 32A, 39","color":"#0059a9","mode":"bus","arr":["28B","29","32","32A","39"],"angle":61.3,"extra":1,"ei":25}},{"type":"Feature","geometry":{"type":"Point","coordinates":[21.81441,43.391083]},"properties":{"lines":"28B, 29, 32, 32A, 39","color":"#0059a9","mode":"bus","arr":["28B","29","32","32A","39"],"angle":61.2,"extra":1,"ei":26}},{"type":"Feature","geometry":{"type":"Point","coordinates":[21.813164,43.392739]},"properties":{"lines":"28B, 29, 32, 32A, 39","color":"#0059a9","mode":"bus","arr":["28B","29","32","32A","39"],"angle":61.3,"extra":1,"ei":27}},{"type":"Feature","geometry":{"type":"Point","coordinates":[21.811917,43.394396]},"properties":{"lines":"28B, 29, 32, 32A, 39","color":"#0059a9","mode":"bus","arr":["28B","29","32","32A","39"],"angle":61.2,"extra":1,"ei":28}},{"type":"Feature","geometry":{"type":"Point","coordinates":[21.810666,43.39605]},"properties":{"lines":"28B, 29, 32, 32A, 39","color":"#0059a9","mode":"bus","arr":["28B","29","32","32A","39"],"angle":61.2,"extra":1,"ei":29}},{"type":"Feature","geometry":{"type":"Point","coordinates":[21.809417,43.397705]},"properties":{"lines":"28B, 29, 32, 32A, 39","color":"#0059a9","mode":"bus","arr":["28B","29","32","32A","39"],"angle":61.3,"extra":1,"ei":30}},{"type":"Feature","geometry":{"type":"Point","coordinates":[21.807873,43.399148]},"properties":{"lines":"28B, 29, 32, 32A, 39","color":"#0059a9","mode":"bus","arr":["28B","29","32","32A","39"],"angle":19.7,"extra":1,"ei":31}},{"type":"Feature","geometry":{"type":"Point","coordinates":[21.805785,43.400083]},"properties":{"lines":"28B, 29, 32, 32A, 39","color":"#0059a9","mode":"bus","arr":["28B","29","32","32A","39"],"angle":77.1,"extra":1,"ei":32}},{"type":"Feature","geometry":{"type":"Point","coordinates":[21.806591,43.401824]},"properties":{"lines":"28B, 29, 32, 32A, 39","color":"#0059a9","mode":"bus","arr":["28B","29","32","32A","39"],"angle":-84.9,"extra":1,"ei":33}},{"type":"Feature","geometry":{"type":"Point","coordinates":[21.802229,43.400653]},"properties":{"lines":"28B, 29, 39","color":"#0059a9","mode":"bus","arr":["28B","29","39"],"angle":-33.5,"mi":2}},{"type":"Feature","geometry":{"type":"Point","coordinates":[21.799289,43.398707]},"properties":{"lines":"28B, 29, 39","color":"#0059a9","mode":"bus","arr":["28B","29","39"],"angle":-58.8,"extra":1,"ei":0}},{"type":"Feature","geometry":{"type":"Point","coordinates":[21.805053,43.402378]},"properties":{"lines":"28B, 29, 39","color":"#0059a9","mode":"bus","arr":["28B","29","39"],"angle":-18.9,"extra":1,"ei":1}},{"type":"Feature","geometry":{"type":"Point","coordinates":[21.793027,43.396352]},"properties":{"lines":"28B, 29, 39","color":"#0059a9","mode":"bus","arr":["28B","29","39"],"angle":-15.1}},{"type":"Feature","geometry":{"type":"Point","coordinates":[21.788229,43.39639]},"properties":{"lines":"28B, 29, 39","color":"#0059a9","mode":"bus","arr":["28B","29","39"],"angle":11,"extra":1,"ei":0}},{"type":"Feature","geometry":{"type":"Point","coordinates":[21.790789,43.396123]},"properties":{"lines":"28B, 29, 39","color":"#0059a9","mode":"bus","arr":["28B","29","39"],"angle":-4.7,"extra":1,"ei":1}},{"type":"Feature","geometry":{"type":"Point","coordinates":[21.795856,43.396885]},"properties":{"lines":"28B, 29, 39","color":"#0059a9","mode":"bus","arr":["28B","29","39"],"angle":-6.5,"extra":1,"ei":2}},{"type":"Feature","geometry":{"type":"Point","coordinates":[21.798246,43.397527]},"properties":{"lines":"28B, 29, 39","color":"#0059a9","mode":"bus","arr":["28B","29","39"],"angle":-44.9,"extra":1,"ei":3}},{"type":"Feature","geometry":{"type":"Point","coordinates":[21.785871,43.396069]},"properties":{"lines":"28B, 29, 39","color":"#0059a9","mode":"bus","arr":["28B","29","39"],"angle":9.6,"mi":1}},{"type":"Feature","geometry":{"type":"Point","coordinates":[21.78618,43.413742]},"properties":{"lines":"29, 29A","color":"#0059a9","mode":"bus","arr":["29","29A"],"angle":54}},{"type":"Feature","geometry":{"type":"Point","coordinates":[21.785276,43.399643]},"properties":{"lines":"29, 29A","color":"#0059a9","mode":"bus","arr":["29","29A"],"angle":-73.2,"mi":2}},{"type":"Feature","geometry":{"type":"Point","coordinates":[21.784898,43.397829]},"properties":{"lines":"29, 29A","color":"#0059a9","mode":"bus","arr":["29","29A"],"angle":89.9,"extra":1,"ei":0}},{"type":"Feature","geometry":{"type":"Point","coordinates":[21.785686,43.401544]},"properties":{"lines":"29, 29A","color":"#0059a9","mode":"bus","arr":["29","29A"],"angle":-87.3,"extra":1,"ei":1}},{"type":"Feature","geometry":{"type":"Point","coordinates":[21.786762,43.407236]},"properties":{"lines":"29, 29A","color":"#0059a9","mode":"bus","arr":["29","29A"],"angle":-80.8,"mi":1}},{"type":"Feature","geometry":{"type":"Point","coordinates":[21.785722,43.403325]},"properties":{"lines":"29, 29A","color":"#0059a9","mode":"bus","arr":["29","29A"],"angle":-78.8,"extra":1,"ei":0}},{"type":"Feature","geometry":{"type":"Point","coordinates":[21.78622,43.405178]},"properties":{"lines":"29, 29A","color":"#0059a9","mode":"bus","arr":["29","29A"],"angle":-79,"extra":1,"ei":1}},{"type":"Feature","geometry":{"type":"Point","coordinates":[21.786829,43.408913]},"properties":{"lines":"29, 29A","color":"#0059a9","mode":"bus","arr":["29","29A"],"angle":88.3,"extra":1,"ei":2}},{"type":"Feature","geometry":{"type":"Point","coordinates":[21.787369,43.410707]},"properties":{"lines":"29, 29A","color":"#0059a9","mode":"bus","arr":["29","29A"],"angle":-71.5,"extra":1,"ei":3}},{"type":"Feature","geometry":{"type":"Point","coordinates":[21.782628,43.422288]},"properties":{"lines":"29, 29A","color":"#0059a9","mode":"bus","arr":["29","29A"],"angle":3.5,"mi":3}},{"type":"Feature","geometry":{"type":"Point","coordinates":[21.783536,43.41608]},"properties":{"lines":"29, 29A","color":"#0059a9","mode":"bus","arr":["29","29A"],"angle":54.7,"extra":1,"ei":0}},{"type":"Feature","geometry":{"type":"Point","coordinates":[21.782241,43.417715]},"properties":{"lines":"29, 29A","color":"#0059a9","mode":"bus","arr":["29","29A"],"angle":59.1,"extra":1,"ei":1}},{"type":"Feature","geometry":{"type":"Point","coordinates":[21.780622,43.419176]},"properties":{"lines":"29, 29A","color":"#0059a9","mode":"bus","arr":["29","29A"],"angle":62.3,"extra":1,"ei":2}},{"type":"Feature","geometry":{"type":"Point","coordinates":[21.779351,43.420711]},"properties":{"lines":"29, 29A","color":"#0059a9","mode":"bus","arr":["29","29A"],"angle":-55.8,"extra":1,"ei":3}},{"type":"Feature","geometry":{"type":"Point","coordinates":[21.786148,43.421623]},"properties":{"lines":"29, 29A","color":"#0059a9","mode":"bus","arr":["29","29A"],"angle":-11.9,"extra":1,"ei":4}},{"type":"Feature","geometry":{"type":"Point","coordinates":[21.788617,43.422205]},"properties":{"lines":"29, 29A","color":"#0059a9","mode":"bus","arr":["29","29A"],"angle":-18.1,"extra":1,"ei":5}},{"type":"Feature","geometry":{"type":"Point","coordinates":[21.791084,43.422791]},"properties":{"lines":"29, 29A","color":"#0059a9","mode":"bus","arr":["29","29A"],"angle":-18.1,"extra":1,"ei":6}},{"type":"Feature","geometry":{"type":"Point","coordinates":[21.793551,43.423377]},"properties":{"lines":"29, 29A","color":"#0059a9","mode":"bus","arr":["29","29A"],"angle":-18.1,"extra":1,"ei":7}},{"type":"Feature","geometry":{"type":"Point","coordinates":[21.795769,43.423276]},"properties":{"lines":"29, 29A","color":"#0059a9","mode":"bus","arr":["29","29A"],"angle":27.6,"mi":3}},{"type":"Feature","geometry":{"type":"Point","coordinates":[21.797025,43.423029]},"properties":{"lines":"29, 29A","color":"#0059a9","mode":"bus","arr":["29","29A"],"angle":20.2,"mi":2}},{"type":"Feature","geometry":{"type":"Point","coordinates":[21.803665,43.427023]},"properties":{"lines":"29, 29A","color":"#0059a9","mode":"bus","arr":["29","29A"],"angle":-13.5}},{"type":"Feature","geometry":{"type":"Point","coordinates":[21.797185,43.423731]},"properties":{"lines":"29, 29A","color":"#0059a9","mode":"bus","arr":["29","29A"],"angle":63.9,"mi":1}},{"type":"Feature","geometry":{"type":"Point","coordinates":[21.79833,43.4251]},"properties":{"lines":"29, 29A","color":"#0059a9","mode":"bus","arr":["29","29A"],"angle":-42.5,"extra":1,"ei":0}},{"type":"Feature","geometry":{"type":"Point","coordinates":[21.800365,43.426232]},"properties":{"lines":"29, 29A","color":"#0059a9","mode":"bus","arr":["29","29A"],"angle":-22,"extra":1,"ei":1}},{"type":"Feature","geometry":{"type":"Point","coordinates":[21.805156,43.42759]},"properties":{"lines":"29, 29A","color":"#0059a9","mode":"bus","arr":["29","29A"],"angle":-29.2,"extra":1,"ei":2}},{"type":"Feature","geometry":{"type":"Point","coordinates":[21.807582,43.428245]},"properties":{"lines":"29, 29A","color":"#0059a9","mode":"bus","arr":["29","29A"],"angle":-18.6,"extra":1,"ei":3}},{"type":"Feature","geometry":{"type":"Point","coordinates":[21.809667,43.429342]},"properties":{"lines":"29, 29A","color":"#0059a9","mode":"bus","arr":["29","29A"],"angle":-35.7,"extra":1,"ei":4}},{"type":"Feature","geometry":{"type":"Point","coordinates":[21.816959,43.428575]},"properties":{"lines":"29, 29A","color":"#0059a9","mode":"bus","arr":["29","29A"],"angle":-16.1,"mi":5}},{"type":"Feature","geometry":{"type":"Point","coordinates":[21.811187,43.429435]},"properties":{"lines":"29, 29A","color":"#0059a9","mode":"bus","arr":["29","29A"],"angle":0.2,"mi":4}},{"type":"Feature","geometry":{"type":"Point","coordinates":[21.81344,43.428517]},"properties":{"lines":"29, 29A","color":"#0059a9","mode":"bus","arr":["29","29A"],"angle":28.4,"extra":1,"ei":0}},{"type":"Feature","geometry":{"type":"Point","coordinates":[21.820659,43.429796]},"properties":{"lines":"29, 29A","color":"#0059a9","mode":"bus","arr":["29","29A"],"angle":-0.8,"extra":1,"ei":1}},{"type":"Feature","geometry":{"type":"Point","coordinates":[21.859934,43.349597]},"properties":{"lines":"29, 32, 32A, 39","color":"#0059a9","mode":"bus","arr":["29","32","32A","39"],"angle":-61.1,"mi":1}},{"type":"Feature","geometry":{"type":"Point","coordinates":[21.861989,43.348483]},"properties":{"lines":"29, 32, 32A, 39","color":"#0059a9","mode":"bus","arr":["29","32","32A","39"],"angle":33.4,"side":-1}},{"type":"Feature","geometry":{"type":"Point","coordinates":[21.865646,43.346026]},"properties":{"lines":"29, 32, 32A, 39","color":"#0059a9","mode":"bus","arr":["29","32","32A","39"],"angle":46.8,"side":-1,"mi":2}},{"type":"Feature","geometry":{"type":"Point","coordinates":[21.86783,43.344385]},"properties":{"lines":"29, 32A, 34A, 34B, 39","color":"#0059a9","mode":"bus","arr":["29","32A","34A","34B","39"],"angle":45.1,"side":-1}},{"type":"Feature","geometry":{"type":"Point","coordinates":[21.888672,43.351415]},"properties":{"lines":"30, 31","color":"#0059a9","mode":"bus","arr":["30","31"],"angle":-31.2,"mi":3}},{"type":"Feature","geometry":{"type":"Point","coordinates":[21.88727,43.350013]},"properties":{"lines":"30, 31","color":"#0059a9","mode":"bus","arr":["30","31"],"angle":-56.3,"extra":1,"ei":0}},{"type":"Feature","geometry":{"type":"Point","coordinates":[21.891169,43.352296]},"properties":{"lines":"30, 31","color":"#0059a9","mode":"bus","arr":["30","31"],"angle":-26.3,"extra":1,"ei":1}},{"type":"Feature","geometry":{"type":"Point","coordinates":[21.892496,43.353782]},"properties":{"lines":"30, 31","color":"#0059a9","mode":"bus","arr":["30","31"],"angle":-61.4,"mi":2}},{"type":"Feature","geometry":{"type":"Point","coordinates":[21.895088,43.355306]},"properties":{"lines":"30, 31","color":"#0059a9","mode":"bus","arr":["30","31"],"angle":-15.4}},{"type":"Feature","geometry":{"type":"Point","coordinates":[21.897612,43.363857]},"properties":{"lines":"30, 31","color":"#0059a9","mode":"bus","arr":["30","31"],"angle":-82.9,"mi":1}},{"type":"Feature","geometry":{"type":"Point","coordinates":[21.897289,43.357038]},"properties":{"lines":"30, 31","color":"#0059a9","mode":"bus","arr":["30","31"],"angle":-76,"extra":1,"ei":0}},{"type":"Feature","geometry":{"type":"Point","coordinates":[21.897683,43.35888]},"properties":{"lines":"30, 31","color":"#0059a9","mode":"bus","arr":["30","31"],"angle":86.3,"extra":1,"ei":1}},{"type":"Feature","geometry":{"type":"Point","coordinates":[21.89767,43.360764]},"properties":{"lines":"30, 31","color":"#0059a9","mode":"bus","arr":["30","31"],"angle":-86.8,"extra":1,"ei":2}},{"type":"Feature","geometry":{"type":"Point","coordinates":[21.897524,43.362648]},"properties":{"lines":"30, 31","color":"#0059a9","mode":"bus","arr":["30","31"],"angle":88.5,"extra":1,"ei":3}},{"type":"Feature","geometry":{"type":"Point","coordinates":[21.897955,43.366404]},"properties":{"lines":"30, 31","color":"#0059a9","mode":"bus","arr":["30","31"],"angle":-81.4,"extra":1,"ei":4}},{"type":"Feature","geometry":{"type":"Point","coordinates":[21.89836,43.368268]},"properties":{"lines":"30, 31","color":"#0059a9","mode":"bus","arr":["30","31"],"angle":-76.4,"extra":1,"ei":5}},{"type":"Feature","geometry":{"type":"Point","coordinates":[21.899029,43.370093]},"properties":{"lines":"30, 31","color":"#0059a9","mode":"bus","arr":["30","31"],"angle":-75.1,"extra":1,"ei":6}},{"type":"Feature","geometry":{"type":"Point","coordinates":[21.898977,43.371895]},"properties":{"lines":"30, 31","color":"#0059a9","mode":"bus","arr":["30","31"],"angle":60.6,"mi":4}},{"type":"Feature","geometry":{"type":"Point","coordinates":[21.895932,43.375808]},"properties":{"lines":"30","color":"#0059a9","mode":"bus","arr":["30"],"angle":-11.5}},{"type":"Feature","geometry":{"type":"Point","coordinates":[21.897997,43.373138]},"properties":{"lines":"30","color":"#0059a9","mode":"bus","arr":["30"],"angle":65.8,"extra":1,"ei":0}},{"type":"Feature","geometry":{"type":"Point","coordinates":[21.897095,43.374908]},"properties":{"lines":"30","color":"#0059a9","mode":"bus","arr":["30"],"angle":72,"extra":1,"ei":1}},{"type":"Feature","geometry":{"type":"Point","coordinates":[21.893076,43.375506]},"properties":{"lines":"30","color":"#0059a9","mode":"bus","arr":["30"],"angle":-11.8,"extra":1,"ei":2}},{"type":"Feature","geometry":{"type":"Point","coordinates":[21.890516,43.375239]},"properties":{"lines":"30","color":"#0059a9","mode":"bus","arr":["30"],"angle":-12.3,"extra":1,"ei":3}},{"type":"Feature","geometry":{"type":"Point","coordinates":[21.885939,43.37862]},"properties":{"lines":"30","color":"#0059a9","mode":"bus","arr":["30"],"angle":42.6,"mi":1}},{"type":"Feature","geometry":{"type":"Point","coordinates":[21.889052,43.376006]},"properties":{"lines":"30","color":"#0059a9","mode":"bus","arr":["30"],"angle":51,"extra":1,"ei":0}},{"type":"Feature","geometry":{"type":"Point","coordinates":[21.887574,43.37755]},"properties":{"lines":"30","color":"#0059a9","mode":"bus","arr":["30"],"angle":50,"extra":1,"ei":1}},{"type":"Feature","geometry":{"type":"Point","coordinates":[21.883864,43.380179]},"properties":{"lines":"30","color":"#0059a9","mode":"bus","arr":["30"],"angle":47.7,"extra":1,"ei":2}},{"type":"Feature","geometry":{"type":"Point","coordinates":[21.881735,43.381236]},"properties":{"lines":"30","color":"#0059a9","mode":"bus","arr":["30"],"angle":42.1,"extra":1,"ei":3}},{"type":"Feature","geometry":{"type":"Point","coordinates":[21.88997,43.400953]},"properties":{"lines":"30","color":"#0059a9","mode":"bus","arr":["30"],"angle":-43.7,"mi":1}},{"type":"Feature","geometry":{"type":"Point","coordinates":[21.887253,43.398981]},"properties":{"lines":"30","color":"#0059a9","mode":"bus","arr":["30"],"angle":-42.6,"extra":1,"ei":0}},{"type":"Feature","geometry":{"type":"Point","coordinates":[21.888324,43.400364]},"properties":{"lines":"30","color":"#0059a9","mode":"bus","arr":["30"],"angle":-85.9,"extra":1,"ei":1}},{"type":"Feature","geometry":{"type":"Point","coordinates":[21.89262,43.401368]},"properties":{"lines":"30","color":"#0059a9","mode":"bus","arr":["30"],"angle":-13.4,"extra":1,"ei":2}},{"type":"Feature","geometry":{"type":"Point","coordinates":[21.894642,43.402491]},"properties":{"lines":"30","color":"#0059a9","mode":"bus","arr":["30"],"angle":-43.1,"extra":1,"ei":3}},{"type":"Feature","geometry":{"type":"Point","coordinates":[21.882326,43.387736]},"properties":{"lines":"30","color":"#0059a9","mode":"bus","arr":["30"],"angle":-84.8,"mi":3}},{"type":"Feature","geometry":{"type":"Point","coordinates":[21.881031,43.382425]},"properties":{"lines":"30","color":"#0059a9","mode":"bus","arr":["30"],"angle":87.6,"extra":1,"ei":0}},{"type":"Feature","geometry":{"type":"Point","coordinates":[21.881603,43.384258]},"properties":{"lines":"30","color":"#0059a9","mode":"bus","arr":["30"],"angle":-77.4,"extra":1,"ei":1}},{"type":"Feature","geometry":{"type":"Point","coordinates":[21.881868,43.386098]},"properties":{"lines":"30","color":"#0059a9","mode":"bus","arr":["30"],"angle":-81.5,"extra":1,"ei":2}},{"type":"Feature","geometry":{"type":"Point","coordinates":[21.882328,43.389786]},"properties":{"lines":"30","color":"#0059a9","mode":"bus","arr":["30"],"angle":-74.5,"extra":1,"ei":3}},{"type":"Feature","geometry":{"type":"Point","coordinates":[21.882412,43.391302]},"properties":{"lines":"30","color":"#0059a9","mode":"bus","arr":["30"],"angle":-4.8,"extra":1,"ei":4}},{"type":"Feature","geometry":{"type":"Point","coordinates":[21.880119,43.39053]},"properties":{"lines":"30","color":"#0059a9","mode":"bus","arr":["30"],"angle":-24.2,"extra":1,"ei":5}},{"type":"Feature","geometry":{"type":"Point","coordinates":[21.883627,43.393725]},"properties":{"lines":"30","color":"#0059a9","mode":"bus","arr":["30"],"angle":-24.3}},{"type":"Feature","geometry":{"type":"Point","coordinates":[21.879297,43.391412]},"properties":{"lines":"30","color":"#0059a9","mode":"bus","arr":["30"],"angle":87.4,"extra":1,"ei":0}},{"type":"Feature","geometry":{"type":"Point","coordinates":[21.880553,43.392808]},"properties":{"lines":"30","color":"#0059a9","mode":"bus","arr":["30"],"angle":-13.6,"extra":1,"ei":1}},{"type":"Feature","geometry":{"type":"Point","coordinates":[21.884479,43.394766]},"properties":{"lines":"30","color":"#0059a9","mode":"bus","arr":["30"],"angle":-55.7,"extra":1,"ei":2}},{"type":"Feature","geometry":{"type":"Point","coordinates":[21.884695,43.396571]},"properties":{"lines":"30","color":"#0059a9","mode":"bus","arr":["30"],"angle":-50.6,"extra":1,"ei":3}},{"type":"Feature","geometry":{"type":"Point","coordinates":[21.886423,43.397964]},"properties":{"lines":"30","color":"#0059a9","mode":"bus","arr":["30"],"angle":-47.6,"extra":1,"ei":4}},{"type":"Feature","geometry":{"type":"Point","coordinates":[21.896953,43.403154]},"properties":{"lines":"30","color":"#0059a9","mode":"bus","arr":["30"],"angle":-36.7,"mi":2}},{"type":"Feature","geometry":{"type":"Point","coordinates":[21.900139,43.372419]},"properties":{"lines":"31","color":"#0059a9","mode":"bus","arr":["31"],"angle":-80.9}},{"type":"Feature","geometry":{"type":"Point","coordinates":[21.806334,43.404242]},"properties":{"lines":"32, 32A","color":"#0059a9","mode":"bus","arr":["32","32A"],"angle":58}},{"type":"Feature","geometry":{"type":"Point","coordinates":[21.805461,43.405271]},"properties":{"lines":"32, 32A","color":"#0059a9","mode":"bus","arr":["32","32A"],"angle":57.9,"extra":1,"ei":0}},{"type":"Feature","geometry":{"type":"Point","coordinates":[21.828701,43.412427]},"properties":{"lines":"32, 32A","color":"#0059a9","mode":"bus","arr":["32","32A"],"angle":-21.2}},{"type":"Feature","geometry":{"type":"Point","coordinates":[21.806301,43.40605]},"properties":{"lines":"32, 32A","color":"#0059a9","mode":"bus","arr":["32","32A"],"angle":-21.7,"extra":1,"ei":0}},{"type":"Feature","geometry":{"type":"Point","coordinates":[21.808522,43.40699]},"properties":{"lines":"32, 32A","color":"#0059a9","mode":"bus","arr":["32","32A"],"angle":-45.4,"extra":1,"ei":1}},{"type":"Feature","geometry":{"type":"Point","coordinates":[21.810263,43.408361]},"properties":{"lines":"32, 32A","color":"#0059a9","mode":"bus","arr":["32","32A"],"angle":-56.2,"extra":1,"ei":2}},{"type":"Feature","geometry":{"type":"Point","coordinates":[21.812351,43.409321]},"properties":{"lines":"32, 32A","color":"#0059a9","mode":"bus","arr":["32","32A"],"angle":0.8,"extra":1,"ei":3}},{"type":"Feature","geometry":{"type":"Point","coordinates":[21.814862,43.409503]},"properties":{"lines":"32, 32A","color":"#0059a9","mode":"bus","arr":["32","32A"],"angle":-32.3,"extra":1,"ei":4}},{"type":"Feature","geometry":{"type":"Point","coordinates":[21.816897,43.410645]},"properties":{"lines":"32, 32A","color":"#0059a9","mode":"bus","arr":["32","32A"],"angle":-14.8,"extra":1,"ei":5}},{"type":"Feature","geometry":{"type":"Point","coordinates":[21.819061,43.409843]},"properties":{"lines":"32, 32A","color":"#0059a9","mode":"bus","arr":["32","32A"],"angle":62.2,"extra":1,"ei":6}},{"type":"Feature","geometry":{"type":"Point","coordinates":[21.820659,43.408389]},"properties":{"lines":"32, 32A","color":"#0059a9","mode":"bus","arr":["32","32A"],"angle":36.2,"extra":1,"ei":7}},{"type":"Feature","geometry":{"type":"Point","coordinates":[21.823083,43.407969]},"properties":{"lines":"32, 32A","color":"#0059a9","mode":"bus","arr":["32","32A"],"angle":-15.6,"extra":1,"ei":8}},{"type":"Feature","geometry":{"type":"Point","coordinates":[21.823942,43.409488]},"properties":{"lines":"32, 32A","color":"#0059a9","mode":"bus","arr":["32","32A"],"angle":90,"extra":1,"ei":9}},{"type":"Feature","geometry":{"type":"Point","coordinates":[21.825358,43.41098]},"properties":{"lines":"32, 32A","color":"#0059a9","mode":"bus","arr":["32","32A"],"angle":-37,"extra":1,"ei":10}},{"type":"Feature","geometry":{"type":"Point","coordinates":[21.831334,43.41433]},"properties":{"lines":"32, 32A","color":"#0059a9","mode":"bus","arr":["32","32A"],"angle":-48.2,"extra":1,"ei":11}},{"type":"Feature","geometry":{"type":"Point","coordinates":[21.833648,43.415103]},"properties":{"lines":"32, 32A","color":"#0059a9","mode":"bus","arr":["32","32A"],"angle":-15.4,"extra":1,"ei":12}},{"type":"Feature","geometry":{"type":"Point","coordinates":[21.836154,43.41554]},"properties":{"lines":"32, 32A","color":"#0059a9","mode":"bus","arr":["32","32A"],"angle":-10.5,"extra":1,"ei":13}},{"type":"Feature","geometry":{"type":"Point","coordinates":[21.838417,43.416403]},"properties":{"lines":"32, 32A","color":"#0059a9","mode":"bus","arr":["32","32A"],"angle":-39,"extra":1,"ei":14}},{"type":"Feature","geometry":{"type":"Point","coordinates":[21.840538,43.417476]},"properties":{"lines":"32, 32A","color":"#0059a9","mode":"bus","arr":["32","32A"],"angle":-30.3,"extra":1,"ei":15}},{"type":"Feature","geometry":{"type":"Point","coordinates":[21.842935,43.418134]},"properties":{"lines":"32, 32A","color":"#0059a9","mode":"bus","arr":["32","32A"],"angle":-9,"extra":1,"ei":16}},{"type":"Feature","geometry":{"type":"Point","coordinates":[21.845467,43.418395]},"properties":{"lines":"32, 32A","color":"#0059a9","mode":"bus","arr":["32","32A"],"angle":7.2,"extra":1,"ei":17}},{"type":"Feature","geometry":{"type":"Point","coordinates":[21.847914,43.418901]},"properties":{"lines":"32, 32A","color":"#0059a9","mode":"bus","arr":["32","32A"],"angle":-31.4,"extra":1,"ei":18}},{"type":"Feature","geometry":{"type":"Point","coordinates":[21.849116,43.420461]},"properties":{"lines":"32, 32A","color":"#0059a9","mode":"bus","arr":["32","32A"],"angle":81.5,"extra":1,"ei":19}},{"type":"Feature","geometry":{"type":"Point","coordinates":[21.84893,43.422341]},"properties":{"lines":"32, 32A","color":"#0059a9","mode":"bus","arr":["32","32A"],"angle":87.8,"extra":1,"ei":20}},{"type":"Feature","geometry":{"type":"Point","coordinates":[21.848763,43.424186]},"properties":{"lines":"32, 32A","color":"#0059a9","mode":"bus","arr":["32","32A"],"angle":-73.4,"extra":1,"ei":21}},{"type":"Feature","geometry":{"type":"Point","coordinates":[21.856129,43.427967]},"properties":{"lines":"32, 32A","color":"#0059a9","mode":"bus","arr":["32","32A"],"angle":-52.5}},{"type":"Feature","geometry":{"type":"Point","coordinates":[21.850844,43.426121]},"properties":{"lines":"32, 32A","color":"#0059a9","mode":"bus","arr":["32","32A"],"angle":-31.4,"mi":1}},{"type":"Feature","geometry":{"type":"Point","coordinates":[21.852225,43.42688]},"properties":{"lines":"32, 32A","color":"#0059a9","mode":"bus","arr":["32","32A"],"angle":-26,"extra":1,"ei":0}},{"type":"Feature","geometry":{"type":"Point","coordinates":[21.857953,43.429182]},"properties":{"lines":"32, 32A","color":"#0059a9","mode":"bus","arr":["32","32A"],"angle":-56.1,"extra":1,"ei":0}},{"type":"Feature","geometry":{"type":"Point","coordinates":[21.85401,43.426831]},"properties":{"lines":"32, 32A","color":"#0059a9","mode":"bus","arr":["32","32A"],"angle":-13,"extra":1,"ei":1}},{"type":"Feature","geometry":{"type":"Point","coordinates":[21.847095,43.442173]},"properties":{"lines":"32, 32A","color":"#0059a9","mode":"bus","arr":["32","32A"],"angle":-89.5}},{"type":"Feature","geometry":{"type":"Point","coordinates":[21.84943,43.426057]},"properties":{"lines":"32, 32A","color":"#0059a9","mode":"bus","arr":["32","32A"],"angle":-77.6,"extra":1,"ei":0}},{"type":"Feature","geometry":{"type":"Point","coordinates":[21.850482,43.427773]},"properties":{"lines":"32, 32A","color":"#0059a9","mode":"bus","arr":["32","32A"],"angle":-60.6,"extra":1,"ei":1}},{"type":"Feature","geometry":{"type":"Point","coordinates":[21.85063,43.429105]},"properties":{"lines":"32, 32A","color":"#0059a9","mode":"bus","arr":["32","32A"],"angle":-8.4,"extra":1,"ei":2}},{"type":"Feature","geometry":{"type":"Point","coordinates":[21.848445,43.429492]},"properties":{"lines":"32, 32A","color":"#0059a9","mode":"bus","arr":["32","32A"],"angle":-88.9,"extra":1,"ei":3}},{"type":"Feature","geometry":{"type":"Point","coordinates":[21.848423,43.431306]},"properties":{"lines":"32, 32A","color":"#0059a9","mode":"bus","arr":["32","32A"],"angle":66.5,"extra":1,"ei":4}},{"type":"Feature","geometry":{"type":"Point","coordinates":[21.847404,43.433043]},"properties":{"lines":"32, 32A","color":"#0059a9","mode":"bus","arr":["32","32A"],"angle":66.9,"extra":1,"ei":5}},{"type":"Feature","geometry":{"type":"Point","coordinates":[21.84672,43.434842]},"properties":{"lines":"32, 32A","color":"#0059a9","mode":"bus","arr":["32","32A"],"angle":88.2,"extra":1,"ei":6}},{"type":"Feature","geometry":{"type":"Point","coordinates":[21.84663,43.436727]},"properties":{"lines":"32, 32A","color":"#0059a9","mode":"bus","arr":["32","32A"],"angle":85,"extra":1,"ei":7}},{"type":"Feature","geometry":{"type":"Point","coordinates":[21.84688,43.4386]},"properties":{"lines":"32, 32A","color":"#0059a9","mode":"bus","arr":["32","32A"],"angle":-84.1,"extra":1,"ei":8}},{"type":"Feature","geometry":{"type":"Point","coordinates":[21.847127,43.44048]},"properties":{"lines":"32, 32A","color":"#0059a9","mode":"bus","arr":["32","32A"],"angle":-84.6,"extra":1,"ei":9}},{"type":"Feature","geometry":{"type":"Point","coordinates":[21.847121,43.444252]},"properties":{"lines":"32, 32A","color":"#0059a9","mode":"bus","arr":["32","32A"],"angle":-89.5,"extra":1,"ei":10}},{"type":"Feature","geometry":{"type":"Point","coordinates":[21.847182,43.446139]},"properties":{"lines":"32, 32A","color":"#0059a9","mode":"bus","arr":["32","32A"],"angle":-86,"extra":1,"ei":11}},{"type":"Feature","geometry":{"type":"Point","coordinates":[21.847588,43.447991]},"properties":{"lines":"32, 32A","color":"#0059a9","mode":"bus","arr":["32","32A"],"angle":-66.5,"extra":1,"ei":12}},{"type":"Feature","geometry":{"type":"Point","coordinates":[21.848458,43.449761]},"properties":{"lines":"32, 32A","color":"#0059a9","mode":"bus","arr":["32","32A"],"angle":-78,"extra":1,"ei":13}},{"type":"Feature","geometry":{"type":"Point","coordinates":[21.849488,43.451484]},"properties":{"lines":"32, 32A","color":"#0059a9","mode":"bus","arr":["32","32A"],"angle":-63.2,"extra":1,"ei":14}},{"type":"Feature","geometry":{"type":"Point","coordinates":[21.850449,43.45322]},"properties":{"lines":"32, 32A","color":"#0059a9","mode":"bus","arr":["32","32A"],"angle":-57.9,"extra":1,"ei":15}},{"type":"Feature","geometry":{"type":"Point","coordinates":[21.851746,43.454854]},"properties":{"lines":"32, 32A","color":"#0059a9","mode":"bus","arr":["32","32A"],"angle":-63.6,"extra":1,"ei":16}},{"type":"Feature","geometry":{"type":"Point","coordinates":[21.853002,43.456504]},"properties":{"lines":"32, 32A","color":"#0059a9","mode":"bus","arr":["32","32A"],"angle":-56.6,"extra":1,"ei":17}},{"type":"Feature","geometry":{"type":"Point","coordinates":[21.854489,43.458052]},"properties":{"lines":"32, 32A","color":"#0059a9","mode":"bus","arr":["32","32A"],"angle":-54.6,"extra":1,"ei":18}},{"type":"Feature","geometry":{"type":"Point","coordinates":[21.856362,43.459341]},"properties":{"lines":"32, 32A","color":"#0059a9","mode":"bus","arr":["32","32A"],"angle":-40.1,"extra":1,"ei":19}},{"type":"Feature","geometry":{"type":"Point","coordinates":[21.8601,43.461588]},"properties":{"lines":"32, 32A","color":"#0059a9","mode":"bus","arr":["32","32A"],"angle":-35.6}},{"type":"Feature","geometry":{"type":"Point","coordinates":[21.857964,43.460297]},"properties":{"lines":"32, 32A","color":"#0059a9","mode":"bus","arr":["32","32A"],"angle":-42.4,"extra":1,"ei":0}},{"type":"Feature","geometry":{"type":"Point","coordinates":[21.861392,43.463007]},"properties":{"lines":"32, 32A","color":"#0059a9","mode":"bus","arr":["32","32A"],"angle":-67,"extra":1,"ei":1}},{"type":"Feature","geometry":{"type":"Point","coordinates":[21.861848,43.464434]},"properties":{"lines":"32","color":"#0059a9","mode":"bus","arr":["32"],"angle":85.6}},{"type":"Feature","geometry":{"type":"Point","coordinates":[21.859431,43.452296]},"properties":{"lines":"32","color":"#0059a9","mode":"bus","arr":["32"],"angle":-30.5}},{"type":"Feature","geometry":{"type":"Point","coordinates":[21.852213,43.453609]},"properties":{"lines":"32","color":"#0059a9","mode":"bus","arr":["32"],"angle":-1.6,"extra":1,"ei":0}},{"type":"Feature","geometry":{"type":"Point","coordinates":[21.854606,43.453917]},"properties":{"lines":"32","color":"#0059a9","mode":"bus","arr":["32"],"angle":-27.8,"extra":1,"ei":1}},{"type":"Feature","geometry":{"type":"Point","coordinates":[21.855668,43.452763]},"properties":{"lines":"32","color":"#0059a9","mode":"bus","arr":["32"],"angle":-4.7,"extra":1,"ei":2}},{"type":"Feature","geometry":{"type":"Point","coordinates":[21.857546,43.452222]},"properties":{"lines":"32","color":"#0059a9","mode":"bus","arr":["32"],"angle":56.1,"extra":1,"ei":3}},{"type":"Feature","geometry":{"type":"Point","coordinates":[21.861217,43.452652]},"properties":{"lines":"32","color":"#0059a9","mode":"bus","arr":["32"],"angle":28.7,"extra":1,"ei":4}},{"type":"Feature","geometry":{"type":"Point","coordinates":[21.863618,43.452661]},"properties":{"lines":"32","color":"#0059a9","mode":"bus","arr":["32"],"angle":7.7,"extra":1,"ei":5}},{"type":"Feature","geometry":{"type":"Point","coordinates":[21.866142,43.452681]},"properties":{"lines":"32","color":"#0059a9","mode":"bus","arr":["32"],"angle":-9.7,"extra":1,"ei":6}},{"type":"Feature","geometry":{"type":"Point","coordinates":[21.868591,43.453267]},"properties":{"lines":"32","color":"#0059a9","mode":"bus","arr":["32"],"angle":-12.1,"extra":1,"ei":7}},{"type":"Feature","geometry":{"type":"Point","coordinates":[21.887931,43.464424]},"properties":{"lines":"32","color":"#0059a9","mode":"bus","arr":["32"],"angle":33.5}},{"type":"Feature","geometry":{"type":"Point","coordinates":[21.871553,43.454009]},"properties":{"lines":"32","color":"#0059a9","mode":"bus","arr":["32"],"angle":-44.5,"extra":1,"ei":0}},{"type":"Feature","geometry":{"type":"Point","coordinates":[21.873454,43.455281]},"properties":{"lines":"32","color":"#0059a9","mode":"bus","arr":["32"],"angle":-42.5,"extra":1,"ei":1}},{"type":"Feature","geometry":{"type":"Point","coordinates":[21.874339,43.456987]},"properties":{"lines":"32","color":"#0059a9","mode":"bus","arr":["32"],"angle":-57.3,"extra":1,"ei":2}},{"type":"Feature","geometry":{"type":"Point","coordinates":[21.876602,43.457495]},"properties":{"lines":"32","color":"#0059a9","mode":"bus","arr":["32"],"angle":16.9,"extra":1,"ei":3}},{"type":"Feature","geometry":{"type":"Point","coordinates":[21.878951,43.458096]},"properties":{"lines":"32","color":"#0059a9","mode":"bus","arr":["32"],"angle":-34.7,"extra":1,"ei":4}},{"type":"Feature","geometry":{"type":"Point","coordinates":[21.880957,43.458868]},"properties":{"lines":"32","color":"#0059a9","mode":"bus","arr":["32"],"angle":36.4,"extra":1,"ei":5}},{"type":"Feature","geometry":{"type":"Point","coordinates":[21.883252,43.458098]},"properties":{"lines":"32","color":"#0059a9","mode":"bus","arr":["32"],"angle":-6,"extra":1,"ei":6}},{"type":"Feature","geometry":{"type":"Point","coordinates":[21.884291,43.459658]},"properties":{"lines":"32","color":"#0059a9","mode":"bus","arr":["32"],"angle":84.6,"extra":1,"ei":7}},{"type":"Feature","geometry":{"type":"Point","coordinates":[21.884271,43.461543]},"properties":{"lines":"32","color":"#0059a9","mode":"bus","arr":["32"],"angle":-88.4,"extra":1,"ei":8}},{"type":"Feature","geometry":{"type":"Point","coordinates":[21.884503,43.463419]},"properties":{"lines":"32","color":"#0059a9","mode":"bus","arr":["32"],"angle":-76.2,"extra":1,"ei":9}},{"type":"Feature","geometry":{"type":"Point","coordinates":[21.885949,43.464878]},"properties":{"lines":"32","color":"#0059a9","mode":"bus","arr":["32"],"angle":-6.7,"extra":1,"ei":10}},{"type":"Feature","geometry":{"type":"Point","coordinates":[21.889708,43.462761]},"properties":{"lines":"32","color":"#0059a9","mode":"bus","arr":["32"],"angle":60.7,"extra":1,"ei":11}},{"type":"Feature","geometry":{"type":"Point","coordinates":[21.891092,43.461164]},"properties":{"lines":"32","color":"#0059a9","mode":"bus","arr":["32"],"angle":59.8,"extra":1,"ei":12}},{"type":"Feature","geometry":{"type":"Point","coordinates":[21.892621,43.459751]},"properties":{"lines":"32","color":"#0059a9","mode":"bus","arr":["32"],"angle":5.7,"extra":1,"ei":13}},{"type":"Feature","geometry":{"type":"Point","coordinates":[21.895023,43.459515]},"properties":{"lines":"32","color":"#0059a9","mode":"bus","arr":["32"],"angle":37.6,"extra":1,"ei":14}},{"type":"Feature","geometry":{"type":"Point","coordinates":[21.896943,43.459781]},"properties":{"lines":"32","color":"#0059a9","mode":"bus","arr":["32"],"angle":-60.6,"extra":1,"ei":15}},{"type":"Feature","geometry":{"type":"Point","coordinates":[21.898178,43.461433]},"properties":{"lines":"32","color":"#0059a9","mode":"bus","arr":["32"],"angle":-19.8,"extra":1,"ei":16}},{"type":"Feature","geometry":{"type":"Point","coordinates":[21.901121,43.459573]},"properties":{"lines":"32","color":"#0059a9","mode":"bus","arr":["32"],"angle":66.1,"extra":1,"ei":17}},{"type":"Feature","geometry":{"type":"Point","coordinates":[21.902482,43.458033]},"properties":{"lines":"32","color":"#0059a9","mode":"bus","arr":["32"],"angle":34.4,"extra":1,"ei":18}},{"type":"Feature","geometry":{"type":"Point","coordinates":[21.905001,43.457888]},"properties":{"lines":"32","color":"#0059a9","mode":"bus","arr":["32"],"angle":-1.3,"extra":1,"ei":19}},{"type":"Feature","geometry":{"type":"Point","coordinates":[21.907488,43.457832]},"properties":{"lines":"32","color":"#0059a9","mode":"bus","arr":["32"],"angle":18.9,"extra":1,"ei":20}},{"type":"Feature","geometry":{"type":"Point","coordinates":[21.850778,43.428024]},"properties":{"lines":"32A","color":"#0059a9","mode":"bus","arr":["32A"],"angle":-64.3,"side":-1}},{"type":"Feature","geometry":{"type":"Point","coordinates":[21.746656,43.372714]},"properties":{"lines":"33","color":"#0059a9","mode":"bus","arr":["33"],"angle":-7.6,"mi":1}},{"type":"Feature","geometry":{"type":"Point","coordinates":[21.755819,43.375791]},"properties":{"lines":"33, 33P","color":"#0059a9","mode":"bus","arr":["33","33P"],"angle":-47.2}},{"type":"Feature","geometry":{"type":"Point","coordinates":[21.750141,43.372868]},"properties":{"lines":"33, 33P","color":"#0059a9","mode":"bus","arr":["33","33P"],"angle":-32.7,"extra":1,"ei":0}},{"type":"Feature","geometry":{"type":"Point","coordinates":[21.751806,43.374255]},"properties":{"lines":"33, 33P","color":"#0059a9","mode":"bus","arr":["33","33P"],"angle":-26.6,"extra":1,"ei":1}},{"type":"Feature","geometry":{"type":"Point","coordinates":[21.754046,43.375181]},"properties":{"lines":"33, 33P","color":"#0059a9","mode":"bus","arr":["33","33P"],"angle":-27.6,"extra":1,"ei":2}},{"type":"Feature","geometry":{"type":"Point","coordinates":[21.758434,43.377077]},"properties":{"lines":"33, 33P","color":"#0059a9","mode":"bus","arr":["33","33P"],"angle":-35.6,"extra":1,"ei":3}},{"type":"Feature","geometry":{"type":"Point","coordinates":[21.760835,43.377689]},"properties":{"lines":"33, 33P","color":"#0059a9","mode":"bus","arr":["33","33P"],"angle":8,"extra":1,"ei":4}},{"type":"Feature","geometry":{"type":"Point","coordinates":[21.763291,43.377534]},"properties":{"lines":"33, 33P","color":"#0059a9","mode":"bus","arr":["33","33P"],"angle":-20.6,"extra":1,"ei":5}},{"type":"Feature","geometry":{"type":"Point","coordinates":[21.748588,43.372657]},"properties":{"lines":"33P","color":"#0059a9","mode":"bus","arr":["33P"],"angle":10.4}},{"type":"Feature","geometry":{"type":"Point","coordinates":[21.746088,43.369249]},"properties":{"lines":"33","color":"#0059a9","mode":"bus","arr":["33"],"angle":-66}},{"type":"Feature","geometry":{"type":"Point","coordinates":[21.743766,43.367346]},"properties":{"lines":"33","color":"#0059a9","mode":"bus","arr":["33"],"angle":-36.6,"extra":1,"ei":0}},{"type":"Feature","geometry":{"type":"Point","coordinates":[21.746512,43.370395]},"properties":{"lines":"33","color":"#0059a9","mode":"bus","arr":["33"],"angle":81.4,"extra":1,"ei":1}},{"type":"Feature","geometry":{"type":"Point","coordinates":[21.745716,43.372124]},"properties":{"lines":"33","color":"#0059a9","mode":"bus","arr":["33"],"angle":40.4,"extra":1,"ei":2}},{"type":"Feature","geometry":{"type":"Point","coordinates":[21.747749,43.357911]},"properties":{"lines":"33","color":"#0059a9","mode":"bus","arr":["33"],"angle":25.7}},{"type":"Feature","geometry":{"type":"Point","coordinates":[21.742011,43.365991]},"properties":{"lines":"33","color":"#0059a9","mode":"bus","arr":["33"],"angle":-60.6,"extra":1,"ei":0}},{"type":"Feature","geometry":{"type":"Point","coordinates":[21.741281,43.364188]},"properties":{"lines":"33","color":"#0059a9","mode":"bus","arr":["33"],"angle":-81.2,"extra":1,"ei":1}},{"type":"Feature","geometry":{"type":"Point","coordinates":[21.741011,43.362318]},"properties":{"lines":"33","color":"#0059a9","mode":"bus","arr":["33"],"angle":85.4,"extra":1,"ei":2}},{"type":"Feature","geometry":{"type":"Point","coordinates":[21.740805,43.360539]},"properties":{"lines":"33","color":"#0059a9","mode":"bus","arr":["33"],"angle":50.6,"extra":1,"ei":3}},{"type":"Feature","geometry":{"type":"Point","coordinates":[21.742921,43.359502]},"properties":{"lines":"33","color":"#0059a9","mode":"bus","arr":["33"],"angle":13.6,"extra":1,"ei":4}},{"type":"Feature","geometry":{"type":"Point","coordinates":[21.745359,43.358871]},"properties":{"lines":"33","color":"#0059a9","mode":"bus","arr":["33"],"angle":25.8,"extra":1,"ei":5}},{"type":"Feature","geometry":{"type":"Point","coordinates":[21.749992,43.357182]},"properties":{"lines":"33","color":"#0059a9","mode":"bus","arr":["33"],"angle":21,"extra":1,"ei":6}},{"type":"Feature","geometry":{"type":"Point","coordinates":[21.752471,43.356633]},"properties":{"lines":"33","color":"#0059a9","mode":"bus","arr":["33"],"angle":17.1,"extra":1,"ei":7}},{"type":"Feature","geometry":{"type":"Point","coordinates":[21.754893,43.356033]},"properties":{"lines":"33","color":"#0059a9","mode":"bus","arr":["33"],"angle":40.5,"extra":1,"ei":8}},{"type":"Feature","geometry":{"type":"Point","coordinates":[21.756768,43.354728]},"properties":{"lines":"33","color":"#0059a9","mode":"bus","arr":["33"],"angle":43.5,"extra":1,"ei":9}},{"type":"Feature","geometry":{"type":"Point","coordinates":[21.758835,43.353613]},"properties":{"lines":"33","color":"#0059a9","mode":"bus","arr":["33"],"angle":31,"extra":1,"ei":10}},{"type":"Feature","geometry":{"type":"Point","coordinates":[21.760396,43.352153]},"properties":{"lines":"33","color":"#0059a9","mode":"bus","arr":["33"],"angle":64,"extra":1,"ei":11}},{"type":"Feature","geometry":{"type":"Point","coordinates":[21.762584,43.36185]},"properties":{"lines":"33, 33P","color":"#0059a9","mode":"bus","arr":["33","33P"],"angle":82.6}},{"type":"Feature","geometry":{"type":"Point","coordinates":[21.763993,43.347496]},"properties":{"lines":"33, 33P","color":"#0059a9","mode":"bus","arr":["33","33P"],"angle":67,"extra":1,"ei":0}},{"type":"Feature","geometry":{"type":"Point","coordinates":[21.762977,43.349234]},"properties":{"lines":"33, 33P","color":"#0059a9","mode":"bus","arr":["33","33P"],"angle":67,"extra":1,"ei":1}},{"type":"Feature","geometry":{"type":"Point","coordinates":[21.761893,43.350947]},"properties":{"lines":"33, 33P","color":"#0059a9","mode":"bus","arr":["33","33P"],"angle":61.4,"extra":1,"ei":2}},{"type":"Feature","geometry":{"type":"Point","coordinates":[21.762174,43.352698]},"properties":{"lines":"33, 33P","color":"#0059a9","mode":"bus","arr":["33","33P"],"angle":-65,"extra":1,"ei":3}},{"type":"Feature","geometry":{"type":"Point","coordinates":[21.763272,43.354409]},"properties":{"lines":"33, 33P","color":"#0059a9","mode":"bus","arr":["33","33P"],"angle":-65,"extra":1,"ei":4}},{"type":"Feature","geometry":{"type":"Point","coordinates":[21.76407,43.356199]},"properties":{"lines":"33, 33P","color":"#0059a9","mode":"bus","arr":["33","33P"],"angle":-81.6,"extra":1,"ei":5}},{"type":"Feature","geometry":{"type":"Point","coordinates":[21.763923,43.358047]},"properties":{"lines":"33, 33P","color":"#0059a9","mode":"bus","arr":["33","33P"],"angle":74.1,"extra":1,"ei":6}},{"type":"Feature","geometry":{"type":"Point","coordinates":[21.763213,43.359864]},"properties":{"lines":"33, 33P","color":"#0059a9","mode":"bus","arr":["33","33P"],"angle":74.1,"extra":1,"ei":7}},{"type":"Feature","geometry":{"type":"Point","coordinates":[21.762418,43.363582]},"properties":{"lines":"33, 33P","color":"#0059a9","mode":"bus","arr":["33","33P"],"angle":87.5,"extra":1,"ei":8}},{"type":"Feature","geometry":{"type":"Point","coordinates":[21.762411,43.36547]},"properties":{"lines":"33, 33P","color":"#0059a9","mode":"bus","arr":["33","33P"],"angle":-89.1,"extra":1,"ei":9}},{"type":"Feature","geometry":{"type":"Point","coordinates":[21.762525,43.367355]},"properties":{"lines":"33, 33P","color":"#0059a9","mode":"bus","arr":["33","33P"],"angle":-81.6,"extra":1,"ei":10}},{"type":"Feature","geometry":{"type":"Point","coordinates":[21.763089,43.369193]},"properties":{"lines":"33, 33P","color":"#0059a9","mode":"bus","arr":["33","33P"],"angle":-68.2,"extra":1,"ei":11}},{"type":"Feature","geometry":{"type":"Point","coordinates":[21.764266,43.370869]},"properties":{"lines":"33, 33P","color":"#0059a9","mode":"bus","arr":["33","33P"],"angle":-68.5,"extra":1,"ei":12}},{"type":"Feature","geometry":{"type":"Point","coordinates":[21.764506,43.372734]},"properties":{"lines":"33, 33P","color":"#0059a9","mode":"bus","arr":["33","33P"],"angle":84.2,"extra":1,"ei":13}},{"type":"Feature","geometry":{"type":"Point","coordinates":[21.763798,43.374454]},"properties":{"lines":"33, 33P","color":"#0059a9","mode":"bus","arr":["33","33P"],"angle":-83.1,"extra":1,"ei":14}},{"type":"Feature","geometry":{"type":"Point","coordinates":[21.763644,43.376337]},"properties":{"lines":"33, 33P","color":"#0059a9","mode":"bus","arr":["33","33P"],"angle":87.1,"extra":1,"ei":15}},{"type":"Feature","geometry":{"type":"Point","coordinates":[21.768699,43.335687]},"properties":{"lines":"33, 33P","color":"#0059a9","mode":"bus","arr":["33","33P"],"angle":63.3}},{"type":"Feature","geometry":{"type":"Point","coordinates":[21.765241,43.345388]},"properties":{"lines":"33, 33P","color":"#0059a9","mode":"bus","arr":["33","33P"],"angle":66.5}},{"type":"Feature","geometry":{"type":"Point","coordinates":[21.775593,43.330408]},"properties":{"lines":"33, 33P","color":"#0059a9","mode":"bus","arr":["33","33P"],"angle":70.4,"extra":1,"ei":0}},{"type":"Feature","geometry":{"type":"Point","coordinates":[21.774431,43.332091]},"properties":{"lines":"33, 33P","color":"#0059a9","mode":"bus","arr":["33","33P"],"angle":51.9,"extra":1,"ei":1}},{"type":"Feature","geometry":{"type":"Point","coordinates":[21.772784,43.333501]},"properties":{"lines":"33, 33P","color":"#0059a9","mode":"bus","arr":["33","33P"],"angle":22.8,"extra":1,"ei":2}},{"type":"Feature","geometry":{"type":"Point","coordinates":[21.770345,43.334147]},"properties":{"lines":"33, 33P","color":"#0059a9","mode":"bus","arr":["33","33P"],"angle":20,"extra":1,"ei":3}},{"type":"Feature","geometry":{"type":"Point","coordinates":[21.767828,43.337226]},"properties":{"lines":"33, 33P","color":"#0059a9","mode":"bus","arr":["33","33P"],"angle":73.7,"extra":1,"ei":4}},{"type":"Feature","geometry":{"type":"Point","coordinates":[21.767323,43.33906]},"properties":{"lines":"33, 33P","color":"#0059a9","mode":"bus","arr":["33","33P"],"angle":80.7,"extra":1,"ei":5}},{"type":"Feature","geometry":{"type":"Point","coordinates":[21.766691,43.340866]},"properties":{"lines":"33, 33P","color":"#0059a9","mode":"bus","arr":["33","33P"],"angle":88.1,"extra":1,"ei":6}},{"type":"Feature","geometry":{"type":"Point","coordinates":[21.766004,43.342666]},"properties":{"lines":"33, 33P","color":"#0059a9","mode":"bus","arr":["33","33P"],"angle":72.2,"extra":1,"ei":7}},{"type":"Feature","geometry":{"type":"Point","coordinates":[21.776253,43.328568]},"properties":{"lines":"33, 33P, 36","color":"#0059a9","mode":"bus","arr":["33","33P","36"],"angle":-84.6,"mi":1}},{"type":"Feature","geometry":{"type":"Point","coordinates":[21.779222,43.322599]},"properties":{"lines":"33, 33P, 36","color":"#0059a9","mode":"bus","arr":["33","33P","36"],"angle":57}},{"type":"Feature","geometry":{"type":"Point","coordinates":[21.78147,43.318376]},"properties":{"lines":"33, 33P, 36","color":"#0059a9","mode":"bus","arr":["33","33P","36"],"angle":43.4,"extra":1,"ei":0}},{"type":"Feature","geometry":{"type":"Point","coordinates":[21.78041,43.320001]},"properties":{"lines":"33, 33P, 36","color":"#0059a9","mode":"bus","arr":["33","33P","36"],"angle":86.2,"extra":1,"ei":1}},{"type":"Feature","geometry":{"type":"Point","coordinates":[21.777418,43.325168]},"properties":{"lines":"33, 33P, 36","color":"#0059a9","mode":"bus","arr":["33","33P","36"],"angle":55.1,"extra":1,"ei":2}},{"type":"Feature","geometry":{"type":"Point","coordinates":[21.77637,43.326883]},"properties":{"lines":"33, 33P, 36","color":"#0059a9","mode":"bus","arr":["33","33P","36"],"angle":67.8,"extra":1,"ei":3}},{"type":"Feature","geometry":{"type":"Point","coordinates":[21.783465,43.315065]},"properties":{"lines":"33, 33P, 36","color":"#0059a9","mode":"bus","arr":["33","33P","36"],"angle":75.6,"mi":2}},{"type":"Feature","geometry":{"type":"Point","coordinates":[21.782911,43.316846]},"properties":{"lines":"33, 33P, 36","color":"#0059a9","mode":"bus","arr":["33","33P","36"],"angle":72.7,"extra":1,"ei":0}},{"type":"Feature","geometry":{"type":"Point","coordinates":[21.784132,43.313177]},"properties":{"lines":"33, 33P, 36","color":"#0059a9","mode":"bus","arr":["33","33P","36"],"angle":75.1,"extra":1,"ei":1}},{"type":"Feature","geometry":{"type":"Point","coordinates":[21.78481,43.312419]},"properties":{"lines":"33, 33P, 36, 36A","color":"#0059a9","mode":"bus","arr":["33","33P","36","36A"],"angle":-6.7}},{"type":"Feature","geometry":{"type":"Point","coordinates":[21.786158,43.312512]},"properties":{"lines":"33, 33P, 36, 36A","color":"#0059a9","mode":"bus","arr":["33","33P","36","36A"],"angle":-5,"mi":1}},{"type":"Feature","geometry":{"type":"Point","coordinates":[21.763351,43.379624]},"properties":{"lines":"33P","color":"#0059a9","mode":"bus","arr":["33P"],"angle":76.7,"mi":1}},{"type":"Feature","geometry":{"type":"Point","coordinates":[21.763968,43.384729]},"properties":{"lines":"33P","color":"#0059a9","mode":"bus","arr":["33P"],"angle":-65.7}},{"type":"Feature","geometry":{"type":"Point","coordinates":[21.762847,43.382612]},"properties":{"lines":"33P","color":"#0059a9","mode":"bus","arr":["33P"],"angle":-83.9,"extra":1,"ei":0}},{"type":"Feature","geometry":{"type":"Point","coordinates":[21.764742,43.386112]},"properties":{"lines":"33P","color":"#0059a9","mode":"bus","arr":["33P"],"angle":-78.6,"extra":1,"ei":1}},{"type":"Feature","geometry":{"type":"Point","coordinates":[21.764858,43.39188]},"properties":{"lines":"39","color":"#0059a9","mode":"bus","arr":["39"],"angle":-79.9,"mi":2}},{"type":"Feature","geometry":{"type":"Point","coordinates":[21.765619,43.388626]},"properties":{"lines":"39","color":"#0059a9","mode":"bus","arr":["39"],"angle":76.3,"extra":1,"ei":0}},{"type":"Feature","geometry":{"type":"Point","coordinates":[21.764881,43.390426]},"properties":{"lines":"39","color":"#0059a9","mode":"bus","arr":["39"],"angle":85.8,"extra":1,"ei":1}},{"type":"Feature","geometry":{"type":"Point","coordinates":[21.764566,43.394093]},"properties":{"lines":"39","color":"#0059a9","mode":"bus","arr":["39"],"angle":71.6,"extra":1,"ei":2}},{"type":"Feature","geometry":{"type":"Point","coordinates":[21.763677,43.395865]},"properties":{"lines":"39","color":"#0059a9","mode":"bus","arr":["39"],"angle":72.6,"extra":1,"ei":3}},{"type":"Feature","geometry":{"type":"Point","coordinates":[21.762717,43.389134]},"properties":{"lines":"33P, 39","color":"#0059a9","mode":"bus","arr":["33P","39"],"angle":33.9}},{"type":"Feature","geometry":{"type":"Point","coordinates":[21.764115,43.387969]},"properties":{"lines":"33P, 39","color":"#0059a9","mode":"bus","arr":["33P","39"],"angle":6.9,"extra":1,"ei":0}},{"type":"Feature","geometry":{"type":"Point","coordinates":[21.76148,43.390123]},"properties":{"lines":"33P, 39","color":"#0059a9","mode":"bus","arr":["33P","39"],"angle":89.1,"extra":1,"ei":1}},{"type":"Feature","geometry":{"type":"Point","coordinates":[21.865233,43.338344]},"properties":{"lines":"34A, 34B","color":"#0059a9","mode":"bus","arr":["34A","34B"],"angle":30.4,"mi":3}},{"type":"Feature","geometry":{"type":"Point","coordinates":[21.863783,43.339537]},"properties":{"lines":"34A, 34B","color":"#0059a9","mode":"bus","arr":["34A","34B"],"angle":59.9}},{"type":"Feature","geometry":{"type":"Point","coordinates":[21.860234,43.340391]},"properties":{"lines":"34A, 34B","color":"#0059a9","mode":"bus","arr":["34A","34B"],"angle":-67.4,"mi":4}},{"type":"Feature","geometry":{"type":"Point","coordinates":[21.862116,43.3401]},"properties":{"lines":"34A, 34B","color":"#0059a9","mode":"bus","arr":["34A","34B"],"angle":30.6,"extra":1,"ei":0}},{"type":"Feature","geometry":{"type":"Point","coordinates":[21.877042,43.313916]},"properties":{"lines":"34A, 34B","color":"#0059a9","mode":"bus","arr":["34A","34B"],"angle":67.4}},{"type":"Feature","geometry":{"type":"Point","coordinates":[21.886164,43.31421]},"properties":{"lines":"34A, 34B","color":"#0059a9","mode":"bus","arr":["34A","34B"],"angle":42,"mi":1}},{"type":"Feature","geometry":{"type":"Point","coordinates":[21.887446,43.313399]},"properties":{"lines":"34A, 34B","color":"#0059a9","mode":"bus","arr":["34A","34B"],"angle":40.4,"extra":1,"ei":0}},{"type":"Feature","geometry":{"type":"Point","coordinates":[21.926266,43.323844]},"properties":{"lines":"34A","color":"#0059a9","mode":"bus","arr":["34A"],"angle":64.9}},{"type":"Feature","geometry":{"type":"Point","coordinates":[21.925277,43.32707]},"properties":{"lines":"34A, 34B","color":"#0059a9","mode":"bus","arr":["34A","34B"],"angle":88}},{"type":"Feature","geometry":{"type":"Point","coordinates":[21.925453,43.325603]},"properties":{"lines":"34A, 34B","color":"#0059a9","mode":"bus","arr":["34A","34B"],"angle":80.1,"extra":1,"ei":0}},{"type":"Feature","geometry":{"type":"Point","coordinates":[21.925165,43.329372]},"properties":{"lines":"34A, 34B","color":"#0059a9","mode":"bus","arr":["34A","34B"],"angle":88.3,"extra":1,"ei":1}},{"type":"Feature","geometry":{"type":"Point","coordinates":[21.89959,43.328398]},"properties":{"lines":"34A","color":"#0059a9","mode":"bus","arr":["34A"],"angle":33.4}},{"type":"Feature","geometry":{"type":"Point","coordinates":[21.901581,43.327851]},"properties":{"lines":"34A","color":"#0059a9","mode":"bus","arr":["34A"],"angle":17.2,"extra":1,"ei":0}},{"type":"Feature","geometry":{"type":"Point","coordinates":[21.897543,43.330035]},"properties":{"lines":"34A","color":"#0059a9","mode":"bus","arr":["34A"],"angle":50.7,"extra":1,"ei":1}},{"type":"Feature","geometry":{"type":"Point","coordinates":[21.837851,43.294635]},"properties":{"lines":"35","color":"#0059a9","mode":"bus","arr":["35"],"angle":63.5}},{"type":"Feature","geometry":{"type":"Point","coordinates":[21.840457,43.301284]},"properties":{"lines":"35","color":"#0059a9","mode":"bus","arr":["35"],"angle":-66.5,"extra":1,"ei":0}},{"type":"Feature","geometry":{"type":"Point","coordinates":[21.839375,43.299568]},"properties":{"lines":"35","color":"#0059a9","mode":"bus","arr":["35"],"angle":-66.2,"extra":1,"ei":1}},{"type":"Feature","geometry":{"type":"Point","coordinates":[21.838326,43.29784]},"properties":{"lines":"35","color":"#0059a9","mode":"bus","arr":["35"],"angle":-70.8,"extra":1,"ei":2}},{"type":"Feature","geometry":{"type":"Point","coordinates":[21.838316,43.295995]},"properties":{"lines":"35","color":"#0059a9","mode":"bus","arr":["35"],"angle":-84.1,"extra":1,"ei":3}},{"type":"Feature","geometry":{"type":"Point","coordinates":[21.839111,43.293098]},"properties":{"lines":"35","color":"#0059a9","mode":"bus","arr":["35"],"angle":57.1,"extra":1,"ei":4}},{"type":"Feature","geometry":{"type":"Point","coordinates":[21.840611,43.291569]},"properties":{"lines":"35","color":"#0059a9","mode":"bus","arr":["35"],"angle":63,"extra":1,"ei":5}},{"type":"Feature","geometry":{"type":"Point","coordinates":[21.841732,43.289889]},"properties":{"lines":"35","color":"#0059a9","mode":"bus","arr":["35"],"angle":65.1,"extra":1,"ei":6}},{"type":"Feature","geometry":{"type":"Point","coordinates":[21.842858,43.288239]},"properties":{"lines":"35","color":"#0059a9","mode":"bus","arr":["35"],"angle":48.5,"extra":1,"ei":7}},{"type":"Feature","geometry":{"type":"Point","coordinates":[21.844866,43.286523]},"properties":{"lines":"35","color":"#0059a9","mode":"bus","arr":["35"],"angle":86.2,"mi":2}},{"type":"Feature","geometry":{"type":"Point","coordinates":[21.842719,43.276482]},"properties":{"lines":"35","color":"#0059a9","mode":"bus","arr":["35"],"angle":-12.5,"mi":3}},{"type":"Feature","geometry":{"type":"Point","coordinates":[21.841675,43.281329]},"properties":{"lines":"35","color":"#0059a9","mode":"bus","arr":["35"],"angle":-72.5,"mi":1}},{"type":"Feature","geometry":{"type":"Point","coordinates":[21.843523,43.284707]},"properties":{"lines":"35","color":"#0059a9","mode":"bus","arr":["35"],"angle":-75.2,"extra":1,"ei":0}},{"type":"Feature","geometry":{"type":"Point","coordinates":[21.84254,43.28297]},"properties":{"lines":"35","color":"#0059a9","mode":"bus","arr":["35"],"angle":-64.1,"extra":1,"ei":1}},{"type":"Feature","geometry":{"type":"Point","coordinates":[21.841312,43.279383]},"properties":{"lines":"35","color":"#0059a9","mode":"bus","arr":["35"],"angle":-63.4,"extra":1,"ei":2}},{"type":"Feature","geometry":{"type":"Point","coordinates":[21.839952,43.277786]},"properties":{"lines":"35","color":"#0059a9","mode":"bus","arr":["35"],"angle":-58.7,"extra":1,"ei":3}},{"type":"Feature","geometry":{"type":"Point","coordinates":[21.84113,43.276761]},"properties":{"lines":"35","color":"#0059a9","mode":"bus","arr":["35"],"angle":39.3,"mi":4}},{"type":"Feature","geometry":{"type":"Point","coordinates":[21.845269,43.280135]},"properties":{"lines":"35","color":"#0059a9","mode":"bus","arr":["35"],"angle":-50.2}},{"type":"Feature","geometry":{"type":"Point","coordinates":[21.843453,43.2774]},"properties":{"lines":"35","color":"#0059a9","mode":"bus","arr":["35"],"angle":-62.7,"extra":1,"ei":0}},{"type":"Feature","geometry":{"type":"Point","coordinates":[21.844406,43.279121]},"properties":{"lines":"35","color":"#0059a9","mode":"bus","arr":["35"],"angle":-63.9,"extra":1,"ei":1}},{"type":"Feature","geometry":{"type":"Point","coordinates":[21.848349,43.281158]},"properties":{"lines":"35","color":"#0059a9","mode":"bus","arr":["35"],"angle":-17.3,"extra":1,"ei":2}},{"type":"Feature","geometry":{"type":"Point","coordinates":[21.860951,43.300296]},"properties":{"lines":"35","color":"#0059a9","mode":"bus","arr":["35"],"angle":-58.2}},{"type":"Feature","geometry":{"type":"Point","coordinates":[21.854347,43.287492]},"properties":{"lines":"35","color":"#0059a9","mode":"bus","arr":["35"],"angle":-59.1,"mi":5}},{"type":"Feature","geometry":{"type":"Point","coordinates":[21.850494,43.282903]},"properties":{"lines":"35","color":"#0059a9","mode":"bus","arr":["35"],"angle":-55.5,"extra":1,"ei":0}},{"type":"Feature","geometry":{"type":"Point","coordinates":[21.851876,43.284481]},"properties":{"lines":"35","color":"#0059a9","mode":"bus","arr":["35"],"angle":-64.4,"extra":1,"ei":1}},{"type":"Feature","geometry":{"type":"Point","coordinates":[21.853167,43.286117]},"properties":{"lines":"35","color":"#0059a9","mode":"bus","arr":["35"],"angle":-57.6,"extra":1,"ei":2}},{"type":"Feature","geometry":{"type":"Point","coordinates":[21.855923,43.289306]},"properties":{"lines":"35","color":"#0059a9","mode":"bus","arr":["35"],"angle":-62.9,"extra":1,"ei":3}},{"type":"Feature","geometry":{"type":"Point","coordinates":[21.85675,43.291065]},"properties":{"lines":"35","color":"#0059a9","mode":"bus","arr":["35"],"angle":-59.2,"extra":1,"ei":4}},{"type":"Feature","geometry":{"type":"Point","coordinates":[21.857918,43.292633]},"properties":{"lines":"35","color":"#0059a9","mode":"bus","arr":["35"],"angle":84.8,"extra":1,"ei":5}},{"type":"Feature","geometry":{"type":"Point","coordinates":[21.858313,43.293916]},"properties":{"lines":"35","color":"#0059a9","mode":"bus","arr":["35"],"angle":78.9,"extra":1,"ei":0}},{"type":"Feature","geometry":{"type":"Point","coordinates":[21.858371,43.29577]},"properties":{"lines":"35","color":"#0059a9","mode":"bus","arr":["35"],"angle":-78.4,"extra":1,"ei":1}},{"type":"Feature","geometry":{"type":"Point","coordinates":[21.858888,43.297614]},"properties":{"lines":"35","color":"#0059a9","mode":"bus","arr":["35"],"angle":-72.4,"extra":1,"ei":2}},{"type":"Feature","geometry":{"type":"Point","coordinates":[21.860088,43.299281]},"properties":{"lines":"35","color":"#0059a9","mode":"bus","arr":["35"],"angle":-59,"extra":1,"ei":3}},{"type":"Feature","geometry":{"type":"Point","coordinates":[21.862883,43.302462]},"properties":{"lines":"35","color":"#0059a9","mode":"bus","arr":["35"],"angle":-53.4,"extra":1,"ei":4}},{"type":"Feature","geometry":{"type":"Point","coordinates":[21.864429,43.303979]},"properties":{"lines":"35","color":"#0059a9","mode":"bus","arr":["35"],"angle":-54,"extra":1,"ei":5}},{"type":"Feature","geometry":{"type":"Point","coordinates":[21.865908,43.305527]},"properties":{"lines":"35","color":"#0059a9","mode":"bus","arr":["35"],"angle":-44.6,"extra":1,"ei":6}},{"type":"Feature","geometry":{"type":"Point","coordinates":[21.771566,43.303887]},"properties":{"lines":"36A","color":"#0059a9","mode":"bus","arr":["36A"],"angle":-27.4}},{"type":"Feature","geometry":{"type":"Point","coordinates":[21.783157,43.312274]},"properties":{"lines":"36A","color":"#0059a9","mode":"bus","arr":["36A"],"angle":-12.5,"extra":1,"ei":0}},{"type":"Feature","geometry":{"type":"Point","coordinates":[21.781864,43.31075]},"properties":{"lines":"36A","color":"#0059a9","mode":"bus","arr":["36A"],"angle":-67.7,"extra":1,"ei":1}},{"type":"Feature","geometry":{"type":"Point","coordinates":[21.780687,43.309068]},"properties":{"lines":"36A","color":"#0059a9","mode":"bus","arr":["36A"],"angle":-62,"extra":1,"ei":2}},{"type":"Feature","geometry":{"type":"Point","coordinates":[21.779484,43.307395]},"properties":{"lines":"36A","color":"#0059a9","mode":"bus","arr":["36A"],"angle":-62.3,"extra":1,"ei":3}},{"type":"Feature","geometry":{"type":"Point","coordinates":[21.777674,43.306126]},"properties":{"lines":"36A","color":"#0059a9","mode":"bus","arr":["36A"],"angle":-25.5,"extra":1,"ei":4}},{"type":"Feature","geometry":{"type":"Point","coordinates":[21.77533,43.305317]},"properties":{"lines":"36A","color":"#0059a9","mode":"bus","arr":["36A"],"angle":-26.5,"extra":1,"ei":5}},{"type":"Feature","geometry":{"type":"Point","coordinates":[21.773028,43.304445]},"properties":{"lines":"36A","color":"#0059a9","mode":"bus","arr":["36A"],"angle":-27.5,"extra":1,"ei":6}},{"type":"Feature","geometry":{"type":"Point","coordinates":[21.76839,43.302751]},"properties":{"lines":"36A","color":"#0059a9","mode":"bus","arr":["36A"],"angle":-25.2,"extra":1,"ei":7}},{"type":"Feature","geometry":{"type":"Point","coordinates":[21.766036,43.301957]},"properties":{"lines":"36A","color":"#0059a9","mode":"bus","arr":["36A"],"angle":-24.8,"extra":1,"ei":8}},{"type":"Feature","geometry":{"type":"Point","coordinates":[21.763689,43.30115]},"properties":{"lines":"36A","color":"#0059a9","mode":"bus","arr":["36A"],"angle":-25.3,"extra":1,"ei":9}},{"type":"Feature","geometry":{"type":"Point","coordinates":[21.76135,43.300332]},"properties":{"lines":"36A","color":"#0059a9","mode":"bus","arr":["36A"],"angle":-26.1,"extra":1,"ei":10}},{"type":"Feature","geometry":{"type":"Point","coordinates":[21.759028,43.299489]},"properties":{"lines":"36A","color":"#0059a9","mode":"bus","arr":["36A"],"angle":-27.3,"extra":1,"ei":11}},{"type":"Feature","geometry":{"type":"Point","coordinates":[21.75672,43.298627]},"properties":{"lines":"36A","color":"#0059a9","mode":"bus","arr":["36A"],"angle":-27.4,"extra":1,"ei":12}},{"type":"Feature","geometry":{"type":"Point","coordinates":[21.754765,43.298139]},"properties":{"lines":"36A","color":"#0059a9","mode":"bus","arr":["36A"],"angle":55.1,"mi":4}},{"type":"Feature","geometry":{"type":"Point","coordinates":[21.753156,43.300108]},"properties":{"lines":"36A","color":"#0059a9","mode":"bus","arr":["36A"],"angle":79.8,"mi":1}},{"type":"Feature","geometry":{"type":"Point","coordinates":[21.747752,43.30741]},"properties":{"lines":"36A","color":"#0059a9","mode":"bus","arr":["36A"],"angle":59.8}},{"type":"Feature","geometry":{"type":"Point","coordinates":[21.751332,43.302775]},"properties":{"lines":"36A","color":"#0059a9","mode":"bus","arr":["36A"],"angle":52,"extra":1,"ei":0}},{"type":"Feature","geometry":{"type":"Point","coordinates":[21.749915,43.304354]},"properties":{"lines":"36A","color":"#0059a9","mode":"bus","arr":["36A"],"angle":60,"extra":1,"ei":1}},{"type":"Feature","geometry":{"type":"Point","coordinates":[21.748656,43.306005]},"properties":{"lines":"36A","color":"#0059a9","mode":"bus","arr":["36A"],"angle":64.4,"extra":1,"ei":2}},{"type":"Feature","geometry":{"type":"Point","coordinates":[21.747274,43.309376]},"properties":{"lines":"36A","color":"#0059a9","mode":"bus","arr":["36A"],"angle":52.1,"extra":1,"ei":3}},{"type":"Feature","geometry":{"type":"Point","coordinates":[21.745691,43.310872]},"properties":{"lines":"36A","color":"#0059a9","mode":"bus","arr":["36A"],"angle":56.1,"extra":1,"ei":4}},{"type":"Feature","geometry":{"type":"Point","coordinates":[21.744252,43.312443]},"properties":{"lines":"36A","color":"#0059a9","mode":"bus","arr":["36A"],"angle":57,"extra":1,"ei":5}},{"type":"Feature","geometry":{"type":"Point","coordinates":[21.743626,43.312669]},"properties":{"lines":"36A","color":"#0059a9","mode":"bus","arr":["36A"],"angle":-5.9,"mi":2}},{"type":"Feature","geometry":{"type":"Point","coordinates":[21.743115,43.313016]},"properties":{"lines":"36A","color":"#0059a9","mode":"bus","arr":["36A"],"angle":85.9,"mi":3}},{"type":"Feature","geometry":{"type":"Point","coordinates":[21.990278,43.276272]},"properties":{"lines":"37","color":"#0059a9","mode":"bus","arr":["37"],"angle":57.9}},{"type":"Feature","geometry":{"type":"Point","coordinates":[21.994709,43.265146]},"properties":{"lines":"37","color":"#0059a9","mode":"bus","arr":["37"],"angle":52.5}},{"type":"Feature","geometry":{"type":"Point","coordinates":[21.99274,43.266367]},"properties":{"lines":"37","color":"#0059a9","mode":"bus","arr":["37"],"angle":41.9,"extra":1,"ei":0}},{"type":"Feature","geometry":{"type":"Point","coordinates":[21.991676,43.267925]},"properties":{"lines":"37","color":"#0059a9","mode":"bus","arr":["37"],"angle":-63.8,"extra":1,"ei":1}},{"type":"Feature","geometry":{"type":"Point","coordinates":[21.992532,43.269669]},"properties":{"lines":"37","color":"#0059a9","mode":"bus","arr":["37"],"angle":-60.1,"extra":1,"ei":2}},{"type":"Feature","geometry":{"type":"Point","coordinates":[21.992858,43.271381]},"properties":{"lines":"37","color":"#0059a9","mode":"bus","arr":["37"],"angle":61,"extra":1,"ei":3}},{"type":"Feature","geometry":{"type":"Point","coordinates":[21.992307,43.273179]},"properties":{"lines":"37","color":"#0059a9","mode":"bus","arr":["37"],"angle":73,"extra":1,"ei":4}},{"type":"Feature","geometry":{"type":"Point","coordinates":[21.991395,43.274947]},"properties":{"lines":"37","color":"#0059a9","mode":"bus","arr":["37"],"angle":67.2,"extra":1,"ei":5}},{"type":"Feature","geometry":{"type":"Point","coordinates":[21.989481,43.278382]},"properties":{"lines":"37","color":"#0059a9","mode":"bus","arr":["37"],"angle":87.5,"extra":1,"ei":6}},{"type":"Feature","geometry":{"type":"Point","coordinates":[21.989373,43.280242]},"properties":{"lines":"37","color":"#0059a9","mode":"bus","arr":["37"],"angle":64.9,"extra":1,"ei":7}},{"type":"Feature","geometry":{"type":"Point","coordinates":[21.988577,43.282022]},"properties":{"lines":"37","color":"#0059a9","mode":"bus","arr":["37"],"angle":78.9,"extra":1,"ei":8}},{"type":"Feature","geometry":{"type":"Point","coordinates":[21.987946,43.283849]},"properties":{"lines":"37","color":"#0059a9","mode":"bus","arr":["37"],"angle":67.3,"extra":1,"ei":9}},{"type":"Feature","geometry":{"type":"Point","coordinates":[21.986396,43.285338]},"properties":{"lines":"37","color":"#0059a9","mode":"bus","arr":["37"],"angle":44.5,"extra":1,"ei":10}},{"type":"Feature","geometry":{"type":"Point","coordinates":[21.985303,43.287017]},"properties":{"lines":"37","color":"#0059a9","mode":"bus","arr":["37"],"angle":82.4,"extra":1,"ei":11}},{"type":"Feature","geometry":{"type":"Point","coordinates":[21.985517,43.294879]},"properties":{"lines":"37","color":"#0059a9","mode":"bus","arr":["37"],"angle":76.3}},{"type":"Feature","geometry":{"type":"Point","coordinates":[21.985285,43.288242]},"properties":{"lines":"37","color":"#0059a9","mode":"bus","arr":["37"],"angle":-85.8,"extra":1,"ei":0}},{"type":"Feature","geometry":{"type":"Point","coordinates":[21.986086,43.290017]},"properties":{"lines":"37","color":"#0059a9","mode":"bus","arr":["37"],"angle":-60.8,"extra":1,"ei":1}},{"type":"Feature","geometry":{"type":"Point","coordinates":[21.986477,43.291853]},"properties":{"lines":"37","color":"#0059a9","mode":"bus","arr":["37"],"angle":85.8,"extra":1,"ei":2}},{"type":"Feature","geometry":{"type":"Point","coordinates":[21.985926,43.293694]},"properties":{"lines":"37","color":"#0059a9","mode":"bus","arr":["37"],"angle":76,"extra":1,"ei":3}},{"type":"Feature","geometry":{"type":"Point","coordinates":[21.984671,43.297359]},"properties":{"lines":"37","color":"#0059a9","mode":"bus","arr":["37"],"angle":76,"extra":1,"ei":4}},{"type":"Feature","geometry":{"type":"Point","coordinates":[21.984033,43.29919]},"properties":{"lines":"37","color":"#0059a9","mode":"bus","arr":["37"],"angle":75.8,"extra":1,"ei":5}},{"type":"Feature","geometry":{"type":"Point","coordinates":[21.983402,43.301022]},"properties":{"lines":"37","color":"#0059a9","mode":"bus","arr":["37"],"angle":76.8,"extra":1,"ei":6}},{"type":"Feature","geometry":{"type":"Point","coordinates":[21.778278,43.395683]},"properties":{"lines":"39","color":"#0059a9","mode":"bus","arr":["39"],"angle":-30.4,"mi":3}},{"type":"Feature","geometry":{"type":"Point","coordinates":[21.766713,43.396525]},"properties":{"lines":"39","color":"#0059a9","mode":"bus","arr":["39"],"angle":16.6,"mi":1}},{"type":"Feature","geometry":{"type":"Point","coordinates":[21.764858,43.396234]},"properties":{"lines":"39","color":"#0059a9","mode":"bus","arr":["39"],"angle":-9.8,"extra":1,"ei":0}},{"type":"Feature","geometry":{"type":"Point","coordinates":[21.769753,43.395772]},"properties":{"lines":"39","color":"#0059a9","mode":"bus","arr":["39"],"angle":18.8,"extra":1,"ei":1}},{"type":"Feature","geometry":{"type":"Point","coordinates":[21.772966,43.395191]},"properties":{"lines":"39","color":"#0059a9","mode":"bus","arr":["39"],"angle":-2.1,"extra":1,"ei":0}},{"type":"Feature","geometry":{"type":"Point","coordinates":[21.775561,43.395242]},"properties":{"lines":"39","color":"#0059a9","mode":"bus","arr":["39"],"angle":-1.7,"extra":1,"ei":1}},{"type":"Feature","geometry":{"type":"Point","coordinates":[21.780524,43.396134]},"properties":{"lines":"39","color":"#0059a9","mode":"bus","arr":["39"],"angle":-15.3,"extra":1,"ei":2}},{"type":"Feature","geometry":{"type":"Point","coordinates":[21.783042,43.39656]},"properties":{"lines":"39","color":"#0059a9","mode":"bus","arr":["39"],"angle":-9.6,"extra":1,"ei":3}},{"type":"Feature","geometry":{"type":"Point","coordinates":[21.770755,43.39553]},"properties":{"lines":"39","color":"#0059a9","mode":"bus","arr":["39"],"angle":18.4}},{"type":"Feature","geometry":{"type":"Point","coordinates":[21.863523,43.339139]},"properties":{"lines":"34A","color":"#0059a9","mode":"bus","arr":["34A"],"angle":0.9}},{"type":"Feature","geometry":{"type":"Point","coordinates":[21.863599,43.338716]},"properties":{"lines":"34B","color":"#0059a9","mode":"bus","arr":["34B"],"angle":0.9}}]}