{"type":"FeatureCollection","features":[{"type":"Feature","properties":{"lines":"1","arr":["1"],"mode":"bus","angle":57.1,"l0":"1","c0":"#119efc"},"geometry":{"type":"Point","coordinates":[22.002337,43.296433]}},{"type":"Feature","properties":{"lines":"1","arr":["1"],"mode":"bus","angle":57.4,"extra":1,"ei":0,"l0":"1","c0":"#119efc"},"geometry":{"type":"Point","coordinates":[21.999923,43.299177]}},{"type":"Feature","properties":{"lines":"1","arr":["1"],"mode":"bus","angle":57.4,"extra":1,"ei":1,"l0":"1","c0":"#119efc"},"geometry":{"type":"Point","coordinates":[22.001321,43.297586]}},{"type":"Feature","properties":{"lines":"1","arr":["1"],"mode":"bus","angle":56.7,"extra":1,"ei":2,"l0":"1","c0":"#119efc"},"geometry":{"type":"Point","coordinates":[22.004148,43.294418]}},{"type":"Feature","properties":{"lines":"1, 21, 21A","arr":["1","21","21A"],"mode":"bus","angle":66.1,"l0":"1, ","c0":"#119efc","l1":"21, ","c1":"#79a620","l2":"21A","c2":"#4d4aba"},"geometry":{"type":"Point","coordinates":[21.999108,43.30017]}},{"type":"Feature","properties":{"lines":"1, 18, 20, 20A, 21, 21A","arr":["1","18","20","20A","21","21A"],"mode":"bus","angle":13.8,"l0":"1, ","c0":"#119efc","l1":"18, ","c1":"#03636c","l2":"20, ","c2":"#b0045c","l3":"20A, ","c3":"#7c5001","l4":"21, ","c4":"#79a620","l5":"21A","c5":"#4d4aba"},"geometry":{"type":"Point","coordinates":[21.990738,43.301078]}},{"type":"Feature","properties":{"lines":"1, 18, 20, 20A, 21, 21A","arr":["1","18","20","20A","21","21A"],"mode":"bus","angle":-5,"extra":1,"ei":0,"l0":"1, ","c0":"#119efc","l1":"18, ","c1":"#03636c","l2":"20, ","c2":"#b0045c","l3":"20A, ","c3":"#7c5001","l4":"21, ","c4":"#79a620","l5":"21A","c5":"#4d4aba"},"geometry":{"type":"Point","coordinates":[21.997324,43.30038]}},{"type":"Feature","properties":{"lines":"1, 18, 20, 20A, 21, 21A","arr":["1","18","20","20A","21","21A"],"mode":"bus","angle":8.3,"extra":1,"ei":1,"l0":"1, ","c0":"#119efc","l1":"18, ","c1":"#03636c","l2":"20, ","c2":"#b0045c","l3":"20A, ","c3":"#7c5001","l4":"21, ","c4":"#79a620","l5":"21A","c5":"#4d4aba"},"geometry":{"type":"Point","coordinates":[21.994739,43.300408]}},{"type":"Feature","properties":{"lines":"1, 18, 20, 20A, 21, 21A","arr":["1","18","20","20A","21","21A"],"mode":"bus","angle":13.8,"extra":1,"ei":2,"l0":"1, ","c0":"#119efc","l1":"18, ","c1":"#03636c","l2":"20, ","c2":"#b0045c","l3":"20A, ","c3":"#7c5001","l4":"21, ","c4":"#79a620","l5":"21A","c5":"#4d4aba"},"geometry":{"type":"Point","coordinates":[21.987167,43.301717]}},{"type":"Feature","properties":{"lines":"1, 18, 20, 20A, 21, 21A","arr":["1","18","20","20A","21","21A"],"mode":"bus","angle":13.8,"extra":1,"ei":3,"l0":"1, ","c0":"#119efc","l1":"18, ","c1":"#03636c","l2":"20, ","c2":"#b0045c","l3":"20A, ","c3":"#7c5001","l4":"21, ","c4":"#79a620","l5":"21A","c5":"#4d4aba"},"geometry":{"type":"Point","coordinates":[21.984647,43.302168]}},{"type":"Feature","properties":{"lines":"1, 18, 20, 20A, 21, 21A, 37","arr":["1","18","20","20A","21","21A","37"],"mode":"bus","angle":13.9,"l0":"1, ","c0":"#119efc","l1":"18, ","c1":"#03636c","l2":"20, ","c2":"#b0045c","l3":"20A, ","c3":"#7c5001","l4":"21, ","c4":"#79a620","l5":"21A, ","c5":"#4d4aba","l6":"37","c6":"#126804"},"geometry":{"type":"Point","coordinates":[21.981587,43.302727]}},{"type":"Feature","properties":{"lines":"1, 20, 21, 21A","arr":["1","20","21","21A"],"mode":"bus","angle":13.1,"l0":"1, ","c0":"#119efc","l1":"20, ","c1":"#b0045c","l2":"21, ","c2":"#79a620","l3":"21A","c3":"#4d4aba"},"geometry":{"type":"Point","coordinates":[21.975308,43.303808]}},{"type":"Feature","properties":{"lines":"1, 20, 21, 21A","arr":["1","20","21","21A"],"mode":"bus","angle":13.2,"extra":1,"ei":0,"l0":"1, ","c0":"#119efc","l1":"20, ","c1":"#b0045c","l2":"21, ","c2":"#79a620","l3":"21A","c3":"#4d4aba"},"geometry":{"type":"Point","coordinates":[21.978937,43.303192]}},{"type":"Feature","properties":{"lines":"1, 20, 21, 21A","arr":["1","20","21","21A"],"mode":"bus","angle":13.2,"extra":1,"ei":1,"l0":"1, ","c0":"#119efc","l1":"20, ","c1":"#b0045c","l2":"21, ","c2":"#79a620","l3":"21A","c3":"#4d4aba"},"geometry":{"type":"Point","coordinates":[21.971358,43.304484]}},{"type":"Feature","properties":{"lines":"1, 20, 20A, 21, 21A, 37","arr":["1","20","20A","21","21A","37"],"mode":"bus","angle":13,"l0":"1, ","c0":"#119efc","l1":"20, ","c1":"#b0045c","l2":"20A, ","c2":"#7c5001","l3":"21, ","c3":"#79a620","l4":"21A, ","c4":"#4d4aba","l5":"37","c5":"#126804"},"geometry":{"type":"Point","coordinates":[21.968388,43.304985]}},{"type":"Feature","properties":{"lines":"1, 20, 20A, 21, 21A, 37","arr":["1","20","20A","21","21A","37"],"mode":"bus","angle":15.4,"extra":1,"ei":0,"l0":"1, ","c0":"#119efc","l1":"20, ","c1":"#b0045c","l2":"20A, ","c2":"#7c5001","l3":"21, ","c3":"#79a620","l4":"21A, ","c4":"#4d4aba","l5":"37","c5":"#126804"},"geometry":{"type":"Point","coordinates":[21.966624,43.305281]}},{"type":"Feature","properties":{"lines":"1, 3, 20, 20A, 21, 21A, 37","arr":["1","3","20","20A","21","21A","37"],"mode":"bus","angle":12.4,"l0":"1, ","c0":"#119efc","l1":"3, ","c1":"#ff627e","l2":"20, ","c2":"#b0045c","l3":"20A, ","c3":"#7c5001","l4":"21, ","c4":"#79a620","l5":"21A, ","c5":"#4d4aba","l6":"37","c6":"#126804"},"geometry":{"type":"Point","coordinates":[21.959328,43.306503]}},{"type":"Feature","properties":{"lines":"1, 3, 20, 20A, 21, 21A, 37","arr":["1","3","20","20A","21","21A","37"],"mode":"bus","angle":13,"extra":1,"ei":0,"l0":"1, ","c0":"#119efc","l1":"3, ","c1":"#ff627e","l2":"20, ","c2":"#b0045c","l3":"20A, ","c3":"#7c5001","l4":"21, ","c4":"#79a620","l5":"21A, ","c5":"#4d4aba","l6":"37","c6":"#126804"},"geometry":{"type":"Point","coordinates":[21.964769,43.305596]}},{"type":"Feature","properties":{"lines":"1, 3, 20, 20A, 21, 21A, 37","arr":["1","3","20","20A","21","21A","37"],"mode":"bus","angle":13,"extra":1,"ei":1,"l0":"1, ","c0":"#119efc","l1":"3, ","c1":"#ff627e","l2":"20, ","c2":"#b0045c","l3":"20A, ","c3":"#7c5001","l4":"21, ","c4":"#79a620","l5":"21A, ","c5":"#4d4aba","l6":"37","c6":"#126804"},"geometry":{"type":"Point","coordinates":[21.962241,43.306022]}},{"type":"Feature","properties":{"lines":"1, 3, 20, 20A, 21, 21A, 37","arr":["1","3","20","20A","21","21A","37"],"mode":"bus","angle":12.4,"extra":1,"ei":2,"l0":"1, ","c0":"#119efc","l1":"3, ","c1":"#ff627e","l2":"20, ","c2":"#b0045c","l3":"20A, ","c3":"#7c5001","l4":"21, ","c4":"#79a620","l5":"21A, ","c5":"#4d4aba","l6":"37","c6":"#126804"},"geometry":{"type":"Point","coordinates":[21.957176,43.306847]}},{"type":"Feature","properties":{"lines":"1, 3, 20, 20A, 21, 21A, 37","arr":["1","3","20","20A","21","21A","37"],"mode":"bus","angle":12.1,"extra":1,"ei":3,"l0":"1, ","c0":"#119efc","l1":"3, ","c1":"#ff627e","l2":"20, ","c2":"#b0045c","l3":"20A, ","c3":"#7c5001","l4":"21, ","c4":"#79a620","l5":"21A, ","c5":"#4d4aba","l6":"37","c6":"#126804"},"geometry":{"type":"Point","coordinates":[21.954639,43.307245]}},{"type":"Feature","properties":{"lines":"1, 3, 18, 19, 20, 20A, 21, 21A, 37","arr":["1","3","18","19","20","20A","21","21A","37"],"mode":"bus","angle":12.4,"l0":"1, ","c0":"#119efc","l1":"3, ","c1":"#ff627e","l2":"18, ","c2":"#03636c","l3":"19, ","c3":"#19a9a8","l4":"20, ","c4":"#b0045c","l5":"20A, ","c5":"#7c5001","l6":"21, ","c6":"#79a620","l7":"21A, ","c7":"#4d4aba","l8":"37","c8":"#126804"},"geometry":{"type":"Point","coordinates":[21.950379,43.30791]}},{"type":"Feature","properties":{"lines":"1, 3, 18, 19, 20, 20A, 21, 21A, 37","arr":["1","3","18","19","20","20A","21","21A","37"],"mode":"bus","angle":12.7,"side":-1,"mi":1,"l0":"1, ","c0":"#119efc","l1":"3, ","c1":"#ff627e","l2":"18, ","c2":"#03636c","l3":"19, ","c3":"#19a9a8","l4":"20, ","c4":"#b0045c","l5":"20A, ","c5":"#7c5001","l6":"21, ","c6":"#79a620","l7":"21A, ","c7":"#4d4aba","l8":"37","c8":"#126804"},"geometry":{"type":"Point","coordinates":[21.936457,43.310074]}},{"type":"Feature","properties":{"lines":"1, 3, 18, 19, 20, 20A, 21, 21A, 37","arr":["1","3","18","19","20","20A","21","21A","37"],"mode":"bus","angle":9,"side":-1,"l0":"1, ","c0":"#119efc","l1":"3, ","c1":"#ff627e","l2":"18, ","c2":"#03636c","l3":"19, ","c3":"#19a9a8","l4":"20, ","c4":"#b0045c","l5":"20A, ","c5":"#7c5001","l6":"21, ","c6":"#79a620","l7":"21A, ","c7":"#4d4aba","l8":"37","c8":"#126804"},"geometry":{"type":"Point","coordinates":[21.934342,43.310423]}},{"type":"Feature","properties":{"lines":"1, 3, 18, 19, 20, 20A, 21, 21A, 37","arr":["1","3","18","19","20","20A","21","21A","37"],"mode":"bus","angle":10.6,"extra":1,"ei":0,"l0":"1, ","c0":"#119efc","l1":"3, ","c1":"#ff627e","l2":"18, ","c2":"#03636c","l3":"19, ","c3":"#19a9a8","l4":"20, ","c4":"#b0045c","l5":"20A, ","c5":"#7c5001","l6":"21, ","c6":"#79a620","l7":"21A, ","c7":"#4d4aba","l8":"37","c8":"#126804"},"geometry":{"type":"Point","coordinates":[21.9488,43.308162]}},{"type":"Feature","properties":{"lines":"1, 3, 18, 20, 20A, 21, 21A, 37","arr":["1","3","18","20","20A","21","21A","37"],"mode":"bus","angle":12.6,"l0":"1, ","c0":"#119efc","l1":"3, ","c1":"#ff627e","l2":"18, ","c2":"#03636c","l3":"20, ","c3":"#b0045c","l4":"20A, ","c4":"#7c5001","l5":"21, ","c5":"#79a620","l6":"21A, ","c6":"#4d4aba","l7":"37","c7":"#126804"},"geometry":{"type":"Point","coordinates":[21.942809,43.309133]}},{"type":"Feature","properties":{"lines":"1, 3, 18, 20, 20A, 21, 21A, 37","arr":["1","3","18","20","20A","21","21A","37"],"mode":"bus","angle":12.6,"extra":1,"ei":0,"l0":"1, ","c0":"#119efc","l1":"3, ","c1":"#ff627e","l2":"18, ","c2":"#03636c","l3":"20, ","c3":"#b0045c","l4":"20A, ","c4":"#7c5001","l5":"21, ","c5":"#79a620","l6":"21A, ","c6":"#4d4aba","l7":"37","c7":"#126804"},"geometry":{"type":"Point","coordinates":[21.946624,43.308513]}},{"type":"Feature","properties":{"lines":"1, 3, 18, 20, 20A, 21, 21A, 37","arr":["1","3","18","20","20A","21","21A","37"],"mode":"bus","angle":12.6,"extra":1,"ei":1,"l0":"1, ","c0":"#119efc","l1":"3, ","c1":"#ff627e","l2":"18, ","c2":"#03636c","l3":"20, ","c3":"#b0045c","l4":"20A, ","c4":"#7c5001","l5":"21, ","c5":"#79a620","l6":"21A, ","c6":"#4d4aba","l7":"37","c7":"#126804"},"geometry":{"type":"Point","coordinates":[21.939025,43.309747]}},{"type":"Feature","properties":{"lines":"1, 3, 20, 20A, 21, 21A","arr":["1","3","20","20A","21","21A"],"mode":"bus","angle":12.6,"l0":"1, ","c0":"#119efc","l1":"3, ","c1":"#ff627e","l2":"20, ","c2":"#b0045c","l3":"20A, ","c3":"#7c5001","l4":"21, ","c4":"#79a620","l5":"21A","c5":"#4d4aba"},"geometry":{"type":"Point","coordinates":[21.936493,43.310149]}},{"type":"Feature","properties":{"lines":"1, 3, 20, 20A, 21, 21A","arr":["1","3","20","20A","21","21A"],"mode":"bus","angle":9.2,"mi":1,"l0":"1, ","c0":"#119efc","l1":"3, ","c1":"#ff627e","l2":"20, ","c2":"#b0045c","l3":"20A, ","c3":"#7c5001","l4":"21, ","c4":"#79a620","l5":"21A","c5":"#4d4aba"},"geometry":{"type":"Point","coordinates":[21.934166,43.310536]}},{"type":"Feature","properties":{"lines":"1, 3, 10, 20, 20A, 21, 21A","arr":["1","3","10","20","20A","21","21A"],"mode":"bus","angle":11.7,"l0":"1, ","c0":"#119efc","l1":"3, ","c1":"#ff627e","l2":"10, ","c2":"#cf8a11","l3":"20, ","c3":"#b0045c","l4":"20A, ","c4":"#7c5001","l5":"21, ","c5":"#79a620","l6":"21A","c6":"#4d4aba"},"geometry":{"type":"Point","coordinates":[21.929606,43.311243]}},{"type":"Feature","properties":{"lines":"1, 3, 10, 20, 20A, 21, 21A","arr":["1","3","10","20","20A","21","21A"],"mode":"bus","angle":13,"mi":1,"l0":"1, ","c0":"#119efc","l1":"3, ","c1":"#ff627e","l2":"10, ","c2":"#cf8a11","l3":"20, ","c3":"#b0045c","l4":"20A, ","c4":"#7c5001","l5":"21, ","c5":"#79a620","l6":"21A","c6":"#4d4aba"},"geometry":{"type":"Point","coordinates":[21.933023,43.31071]}},{"type":"Feature","properties":{"lines":"1, 3, 10, 20, 20A, 21","arr":["1","3","10","20","20A","21"],"mode":"bus","angle":12.4,"l0":"1, ","c0":"#119efc","l1":"3, ","c1":"#ff627e","l2":"10, ","c2":"#cf8a11","l3":"20, ","c3":"#b0045c","l4":"20A, ","c4":"#7c5001","l5":"21","c5":"#79a620"},"geometry":{"type":"Point","coordinates":[21.931971,43.310885]}},{"type":"Feature","properties":{"lines":"1, 3, 4, 10, 13, 18, 19, 20, 20A, 21, 21A, 34B, 37","arr":["1","3","4","10","13","18","19","20","20A","21","21A","34B","37"],"mode":"bus","angle":15,"l0":"1, ","c0":"#119efc","l1":"3, ","c1":"#ff627e","l2":"4, ","c2":"#e16cd6","l3":"10, ","c3":"#cf8a11","l4":"13, ","c4":"#a72d06","l5":"18, ","c5":"#03636c","l6":"19, ","c6":"#19a9a8","l7":"20, ","c7":"#b0045c","l8":"20A, ","c8":"#7c5001","l9":"21, ","c9":"#79a620","l10":"21A, ","c10":"#4d4aba","l11":"34B, ","c11":"#e47e2b","l12":"37","c12":"#126804"},"geometry":{"type":"Point","coordinates":[21.926709,43.311729]}},{"type":"Feature","properties":{"lines":"1, 3, 4, 10, 19, 20, 20A, 21, 21A, 34B, 37","arr":["1","3","4","10","19","20","20A","21","21A","34B","37"],"mode":"bus","angle":20.4,"l0":"1, ","c0":"#119efc","l1":"3, ","c1":"#ff627e","l2":"4, ","c2":"#e16cd6","l3":"10, ","c3":"#cf8a11","l4":"19, ","c4":"#19a9a8","l5":"20, ","c5":"#b0045c","l6":"20A, ","c6":"#7c5001","l7":"21, ","c7":"#79a620","l8":"21A, ","c8":"#4d4aba","l9":"34B, ","c9":"#e47e2b","l10":"37","c10":"#126804"},"geometry":{"type":"Point","coordinates":[21.925582,43.311979]}},{"type":"Feature","properties":{"lines":"1, 3, 4, 10, 19, 20, 20A, 21, 21A, 34B, 37","arr":["1","3","4","10","19","20","20A","21","21A","34B","37"],"mode":"bus","angle":24.2,"mi":1,"l0":"1, ","c0":"#119efc","l1":"3, ","c1":"#ff627e","l2":"4, ","c2":"#e16cd6","l3":"10, ","c3":"#cf8a11","l4":"19, ","c4":"#19a9a8","l5":"20, ","c5":"#b0045c","l6":"20A, ","c6":"#7c5001","l7":"21, ","c7":"#79a620","l8":"21A, ","c8":"#4d4aba","l9":"34B, ","c9":"#e47e2b","l10":"37","c10":"#126804"},"geometry":{"type":"Point","coordinates":[21.923953,43.312503]}},{"type":"Feature","properties":{"lines":"1, 3, 4, 10, 18, 20, 20A, 21, 21A, 34B, 37","arr":["1","3","4","10","18","20","20A","21","21A","34B","37"],"mode":"bus","angle":30.6,"l0":"1, ","c0":"#119efc","l1":"3, ","c1":"#ff627e","l2":"4, ","c2":"#e16cd6","l3":"10, ","c3":"#cf8a11","l4":"18, ","c4":"#03636c","l5":"20, ","c5":"#b0045c","l6":"20A, ","c6":"#7c5001","l7":"21, ","c7":"#79a620","l8":"21A, ","c8":"#4d4aba","l9":"34B, ","c9":"#e47e2b","l10":"37","c10":"#126804"},"geometry":{"type":"Point","coordinates":[21.919625,43.31404]}},{"type":"Feature","properties":{"lines":"1, 3, 4, 10, 18, 20, 20A, 21, 21A, 34B, 37","arr":["1","3","4","10","18","20","20A","21","21A","34B","37"],"mode":"bus","angle":24.7,"extra":1,"ei":0,"l0":"1, ","c0":"#119efc","l1":"3, ","c1":"#ff627e","l2":"4, ","c2":"#e16cd6","l3":"10, ","c3":"#cf8a11","l4":"18, ","c4":"#03636c","l5":"20, ","c5":"#b0045c","l6":"20A, ","c6":"#7c5001","l7":"21, ","c7":"#79a620","l8":"21A, ","c8":"#4d4aba","l9":"34B, ","c9":"#e47e2b","l10":"37","c10":"#126804"},"geometry":{"type":"Point","coordinates":[21.921507,43.313308]}},{"type":"Feature","properties":{"lines":"1, 3, 4, 10, 18, 20, 20A, 21, 21A, 34B, 37","arr":["1","3","4","10","18","20","20A","21","21A","34B","37"],"mode":"bus","angle":31.7,"extra":1,"ei":1,"l0":"1, ","c0":"#119efc","l1":"3, ","c1":"#ff627e","l2":"4, ","c2":"#e16cd6","l3":"10, ","c3":"#cf8a11","l4":"18, ","c4":"#03636c","l5":"20, ","c5":"#b0045c","l6":"20A, ","c6":"#7c5001","l7":"21, ","c7":"#79a620","l8":"21A, ","c8":"#4d4aba","l9":"34B, ","c9":"#e47e2b","l10":"37","c10":"#126804"},"geometry":{"type":"Point","coordinates":[21.917015,43.315195]}},{"type":"Feature","properties":{"lines":"1, 3, 4, 10, 18, 19, 20, 20A, 21, 21A, 34B, 37","arr":["1","3","4","10","18","19","20","20A","21","21A","34B","37"],"mode":"bus","angle":32.4,"l0":"1, ","c0":"#119efc","l1":"3, ","c1":"#ff627e","l2":"4, ","c2":"#e16cd6","l3":"10, ","c3":"#cf8a11","l4":"18, ","c4":"#03636c","l5":"19, ","c5":"#19a9a8","l6":"20, ","c6":"#b0045c","l7":"20A, ","c7":"#7c5001","l8":"21, ","c8":"#79a620","l9":"21A, ","c9":"#4d4aba","l10":"34B, ","c10":"#e47e2b","l11":"37","c11":"#126804"},"geometry":{"type":"Point","coordinates":[21.914092,43.316507]}},{"type":"Feature","properties":{"lines":"1, 3, 4, 10, 18, 19, 20, 20A, 21, 21A, 34B, 37","arr":["1","3","4","10","18","19","20","20A","21","21A","34B","37"],"mode":"bus","angle":31.2,"extra":1,"ei":0,"l0":"1, ","c0":"#119efc","l1":"3, ","c1":"#ff627e","l2":"4, ","c2":"#e16cd6","l3":"10, ","c3":"#cf8a11","l4":"18, ","c4":"#03636c","l5":"19, ","c5":"#19a9a8","l6":"20, ","c6":"#b0045c","l7":"20A, ","c7":"#7c5001","l8":"21, ","c8":"#79a620","l9":"21A, ","c9":"#4d4aba","l10":"34B, ","c10":"#e47e2b","l11":"37","c11":"#126804"},"geometry":{"type":"Point","coordinates":[21.915582,43.315826]}},{"type":"Feature","properties":{"lines":"1, 3, 10, 18, 20, 20A, 21A, 22, 23, 23B, 23L","arr":["1","3","10","18","20","20A","21A","22","23","23B","23L"],"mode":"bus","angle":32.2,"side":-1,"l0":"1, ","c0":"#119efc","l1":"3, ","c1":"#ff627e","l2":"10, ","c2":"#cf8a11","l3":"18, ","c3":"#03636c","l4":"20, ","c4":"#b0045c","l5":"20A, ","c5":"#7c5001","l6":"21A, ","c6":"#4d4aba","l7":"22, ","c7":"#095d97","l8":"23, ","c8":"#999f01","l9":"23B, ","c9":"#f661b9","l10":"23L","c10":"#19a9a8"},"geometry":{"type":"Point","coordinates":[21.909317,43.318569]}},{"type":"Feature","properties":{"lines":"1, 3, 10, 18, 20, 20A, 21A, 22, 23, 23B, 23L","arr":["1","3","10","18","20","20A","21A","22","23","23B","23L"],"mode":"bus","angle":30.7,"side":-1,"extra":1,"ei":0,"l0":"1, ","c0":"#119efc","l1":"3, ","c1":"#ff627e","l2":"10, ","c2":"#cf8a11","l3":"18, ","c3":"#03636c","l4":"20, ","c4":"#b0045c","l5":"20A, ","c5":"#7c5001","l6":"21A, ","c6":"#4d4aba","l7":"22, ","c7":"#095d97","l8":"23, ","c8":"#999f01","l9":"23B, ","c9":"#f661b9","l10":"23L","c10":"#19a9a8"},"geometry":{"type":"Point","coordinates":[21.907791,43.319248]}},{"type":"Feature","properties":{"lines":"1, 3, 10, 18, 20, 20A, 21A, 22, 23, 23B, 23K, 23L","arr":["1","3","10","18","20","20A","21A","22","23","23B","23K","23L"],"mode":"bus","angle":30.7,"side":-1,"l0":"1, ","c0":"#119efc","l1":"3, ","c1":"#ff627e","l2":"10, ","c2":"#cf8a11","l3":"18, ","c3":"#03636c","l4":"20, ","c4":"#b0045c","l5":"20A, ","c5":"#7c5001","l6":"21A, ","c6":"#4d4aba","l7":"22, ","c7":"#095d97","l8":"23, ","c8":"#999f01","l9":"23B, ","c9":"#f661b9","l10":"23K, ","c10":"#126804","l11":"23L","c11":"#19a9a8"},"geometry":{"type":"Point","coordinates":[21.90699,43.319594]}},{"type":"Feature","properties":{"lines":"1, 3, 4, 10, 18, 19, 20, 20A, 21, 21A, 22, 23, 23B, 23K, 23L","arr":["1","3","4","10","18","19","20","20A","21","21A","22","23","23B","23K","23L"],"mode":"bus","angle":20.5,"side":-1,"l0":"1, ","c0":"#119efc","l1":"3, ","c1":"#ff627e","l2":"4, ","c2":"#e16cd6","l3":"10, ","c3":"#cf8a11","l4":"18, ","c4":"#03636c","l5":"19, ","c5":"#19a9a8","l6":"20, ","c6":"#b0045c","l7":"20A, ","c7":"#7c5001","l8":"21, ","c8":"#79a620","l9":"21A, ","c9":"#4d4aba","l10":"22, ","c10":"#095d97","l11":"23, ","c11":"#999f01","l12":"23B, ","c12":"#f661b9","l13":"23K, ","c13":"#126804","l14":"23L","c14":"#19a9a8"},"geometry":{"type":"Point","coordinates":[21.90618,43.319919]}},{"type":"Feature","properties":{"lines":"1, 3, 4, 10, 18, 19, 20, 20A, 21, 21A, 22, 23, 23B, 23K, 23L, 37","arr":["1","3","4","10","18","19","20","20A","21","21A","22","23","23B","23K","23L","37"],"mode":"bus","angle":7.2,"l0":"1, ","c0":"#119efc","l1":"3, ","c1":"#ff627e","l2":"4, ","c2":"#e16cd6","l3":"10, ","c3":"#cf8a11","l4":"18, ","c4":"#03636c","l5":"19, ","c5":"#19a9a8","l6":"20, ","c6":"#b0045c","l7":"20A, ","c7":"#7c5001","l8":"21, ","c8":"#79a620","l9":"21A, ","c9":"#4d4aba","l10":"22, ","c10":"#095d97","l11":"23, ","c11":"#999f01","l12":"23B, ","c12":"#f661b9","l13":"23K, ","c13":"#126804","l14":"23L, ","c14":"#19a9a8","l15":"37","c15":"#126804"},"geometry":{"type":"Point","coordinates":[21.903822,43.320202]}},{"type":"Feature","properties":{"lines":"1, 3, 4, 10, 18, 19, 20, 20A, 21, 21A, 22, 23, 23B, 23K, 23L, 37","arr":["1","3","4","10","18","19","20","20A","21","21A","22","23","23B","23K","23L","37"],"mode":"bus","angle":7.9,"extra":1,"ei":0,"l0":"1, ","c0":"#119efc","l1":"3, ","c1":"#ff627e","l2":"4, ","c2":"#e16cd6","l3":"10, ","c3":"#cf8a11","l4":"18, ","c4":"#03636c","l5":"19, ","c5":"#19a9a8","l6":"20, ","c6":"#b0045c","l7":"20A, ","c7":"#7c5001","l8":"21, ","c8":"#79a620","l9":"21A, ","c9":"#4d4aba","l10":"22, ","c10":"#095d97","l11":"23, ","c11":"#999f01","l12":"23B, ","c12":"#f661b9","l13":"23K, ","c13":"#126804","l14":"23L, ","c14":"#19a9a8","l15":"37","c15":"#126804"},"geometry":{"type":"Point","coordinates":[21.902022,43.320368]}},{"type":"Feature","properties":{"lines":"1, 3, 4, 10, 20A, 21, 21A, 22, 23, 23K","arr":["1","3","4","10","20A","21","21A","22","23","23K"],"mode":"bus","angle":6.9,"l0":"1, ","c0":"#119efc","l1":"3, ","c1":"#ff627e","l2":"4, ","c2":"#e16cd6","l3":"10, ","c3":"#cf8a11","l4":"20A, ","c4":"#7c5001","l5":"21, ","c5":"#79a620","l6":"21A, ","c6":"#4d4aba","l7":"22, ","c7":"#095d97","l8":"23, ","c8":"#999f01","l9":"23K","c9":"#126804"},"geometry":{"type":"Point","coordinates":[21.901168,43.320472]}},{"type":"Feature","properties":{"lines":"1, 2, 3, 4, 5, 6, 10, 11, 13, 14, 15A, 20A, 21A, 22, 23K, 23L","arr":["1","2","3","4","5","6","10","11","13","14","15A","20A","21A","22","23K","23L"],"mode":"bus","angle":6,"l0":"1, ","c0":"#119efc","l1":"2, ","c1":"#05617d","l2":"3, ","c2":"#ff627e","l3":"4, ","c3":"#e16cd6","l4":"5, ","c4":"#4d4aba","l5":"6, ","c5":"#119efc","l6":"10, ","c6":"#cf8a11","l7":"11, ","c7":"#ab0377","l8":"13, ","c8":"#a72d06","l9":"14, ","c9":"#ff5e9b","l10":"15A, ","c10":"#126804","l11":"20A, ","c11":"#7c5001","l12":"21A, ","c12":"#4d4aba","l13":"22, ","c13":"#095d97","l14":"23K, ","c14":"#126804","l15":"23L","c15":"#19a9a8"},"geometry":{"type":"Point","coordinates":[21.900054,43.320595]}},{"type":"Feature","properties":{"lines":"1, 2, 3, 4, 5, 6, 10, 11, 13, 14, 15A, 18, 19, 20, 20A, 21, 21A, 22, 23, 23B, 23K, 23L, 37, 500","arr":["1","2","3","4","5","6","10","11","13","14","15A","18","19","20","20A","21","21A","22","23","23B","23K","23L","37","500"],"mode":"bus","angle":7.3,"l0":"1, ","c0":"#119efc","l1":"2, ","c1":"#05617d","l2":"3, ","c2":"#ff627e","l3":"4, ","c3":"#e16cd6","l4":"5, ","c4":"#4d4aba","l5":"6, ","c5":"#119efc","l6":"10, ","c6":"#cf8a11","l7":"11, ","c7":"#ab0377","l8":"13, ","c8":"#a72d06","l9":"14, ","c9":"#ff5e9b","l10":"15A, ","c10":"#126804","l11":"18, ","c11":"#03636c","l12":"19, ","c12":"#19a9a8","l13":"20, ","c13":"#b0045c","l14":"20A, ","c14":"#7c5001","l15":"21, ","c15":"#79a620","l16":"21A, ","c16":"#4d4aba","l17":"22, ","c17":"#095d97","l18":"23, ","c18":"#999f01","l19":"23B, ","c19":"#f661b9","l20":"23K, ","c20":"#126804","l21":"23L, ","c21":"#19a9a8","l22":"37, ","c22":"#126804","l23":"500","c23":"#b59607"},"geometry":{"type":"Point","coordinates":[21.898225,43.320738]}},{"type":"Feature","properties":{"lines":"1, 2, 3, 4, 5, 6, 10, 11, 13, 14, 15A, 18, 19, 20, 20A, 21, 21A, 22, 23, 23B, 23K, 23L, 37","arr":["1","2","3","4","5","6","10","11","13","14","15A","18","19","20","20A","21","21A","22","23","23B","23K","23L","37"],"mode":"bus","angle":1.9,"l0":"1, ","c0":"#119efc","l1":"2, ","c1":"#05617d","l2":"3, ","c2":"#ff627e","l3":"4, ","c3":"#e16cd6","l4":"5, ","c4":"#4d4aba","l5":"6, ","c5":"#119efc","l6":"10, ","c6":"#cf8a11","l7":"11, ","c7":"#ab0377","l8":"13, ","c8":"#a72d06","l9":"14, ","c9":"#ff5e9b","l10":"15A, ","c10":"#126804","l11":"18, ","c11":"#03636c","l12":"19, ","c12":"#19a9a8","l13":"20, ","c13":"#b0045c","l14":"20A, ","c14":"#7c5001","l15":"21, ","c15":"#79a620","l16":"21A, ","c16":"#4d4aba","l17":"22, ","c17":"#095d97","l18":"23, ","c18":"#999f01","l19":"23B, ","c19":"#f661b9","l20":"23K, ","c20":"#126804","l21":"23L, ","c21":"#19a9a8","l22":"37","c22":"#126804"},"geometry":{"type":"Point","coordinates":[21.895977,43.320932]}},{"type":"Feature","properties":{"lines":"1, 2, 3, 4, 5, 6, 10, 11, 13, 14, 15A, 18, 19, 20, 20A, 21, 21A, 22, 23, 23B, 23K, 23L, 37","arr":["1","2","3","4","5","6","10","11","13","14","15A","18","19","20","20A","21","21A","22","23","23B","23K","23L","37"],"mode":"bus","angle":-15,"mi":1,"l0":"1, ","c0":"#119efc","l1":"2, ","c1":"#05617d","l2":"3, ","c2":"#ff627e","l3":"4, ","c3":"#e16cd6","l4":"5, ","c4":"#4d4aba","l5":"6, ","c5":"#119efc","l6":"10, ","c6":"#cf8a11","l7":"11, ","c7":"#ab0377","l8":"13, ","c8":"#a72d06","l9":"14, ","c9":"#ff5e9b","l10":"15A, ","c10":"#126804","l11":"18, ","c11":"#03636c","l12":"19, ","c12":"#19a9a8","l13":"20, ","c13":"#b0045c","l14":"20A, ","c14":"#7c5001","l15":"21, ","c15":"#79a620","l16":"21A, ","c16":"#4d4aba","l17":"22, ","c17":"#095d97","l18":"23, ","c18":"#999f01","l19":"23B, ","c19":"#f661b9","l20":"23K, ","c20":"#126804","l21":"23L, ","c21":"#19a9a8","l22":"37","c22":"#126804"},"geometry":{"type":"Point","coordinates":[21.893373,43.320595]}},{"type":"Feature","properties":{"lines":"1, 2, 3, 4, 5, 6, 10, 11, 13, 14, 15A, 18, 19, 20, 20A, 21, 21A, 22, 23, 23B, 23K, 23L, 37","arr":["1","2","3","4","5","6","10","11","13","14","15A","18","19","20","20A","21","21A","22","23","23B","23K","23L","37"],"mode":"bus","angle":-14.9,"extra":1,"ei":0,"l0":"1, ","c0":"#119efc","l1":"2, ","c1":"#05617d","l2":"3, ","c2":"#ff627e","l3":"4, ","c3":"#e16cd6","l4":"5, ","c4":"#4d4aba","l5":"6, ","c5":"#119efc","l6":"10, ","c6":"#cf8a11","l7":"11, ","c7":"#ab0377","l8":"13, ","c8":"#a72d06","l9":"14, ","c9":"#ff5e9b","l10":"15A, ","c10":"#126804","l11":"18, ","c11":"#03636c","l12":"19, ","c12":"#19a9a8","l13":"20, ","c13":"#b0045c","l14":"20A, ","c14":"#7c5001","l15":"21, ","c15":"#79a620","l16":"21A, ","c16":"#4d4aba","l17":"22, ","c17":"#095d97","l18":"23, ","c18":"#999f01","l19":"23B, ","c19":"#f661b9","l20":"23K, ","c20":"#126804","l21":"23L, ","c21":"#19a9a8","l22":"37","c22":"#126804"},"geometry":{"type":"Point","coordinates":[21.891689,43.32027]}},{"type":"Feature","properties":{"lines":"1, 5, 6, 10, 25, 26, 27A, 28, 29A, 33, 33P, 35, 36, 36A","arr":["1","5","6","10","25","26","27A","28","29A","33","33P","35","36","36A"],"mode":"bus","angle":-14.7,"mi":1,"l0":"1, ","c0":"#119efc","l1":"5, ","c1":"#4d4aba","l2":"6, ","c2":"#119efc","l3":"10, ","c3":"#cf8a11","l4":"25, ","c4":"#148978","l5":"26, ","c5":"#ff627e","l6":"27A, ","c6":"#ff627e","l7":"28, ","c7":"#19a9a8","l8":"29A, ","c8":"#a72d06","l9":"33, ","c9":"#b11526","l10":"33P, ","c10":"#5a5d02","l11":"35, ","c11":"#79a620","l12":"36, ","c12":"#095d97","l13":"36A","c13":"#be4bb5"},"geometry":{"type":"Point","coordinates":[21.889443,43.319839]}},{"type":"Feature","properties":{"lines":"1, 5, 6, 10, 25, 26, 27A, 28, 29A, 33, 33P, 35, 36, 36A","arr":["1","5","6","10","25","26","27A","28","29A","33","33P","35","36","36A"],"mode":"bus","angle":-67.2,"l0":"1, ","c0":"#119efc","l1":"5, ","c1":"#4d4aba","l2":"6, ","c2":"#119efc","l3":"10, ","c3":"#cf8a11","l4":"25, ","c4":"#148978","l5":"26, ","c5":"#ff627e","l6":"27A, ","c6":"#ff627e","l7":"28, ","c7":"#19a9a8","l8":"29A, ","c8":"#a72d06","l9":"33, ","c9":"#b11526","l10":"33P, ","c10":"#5a5d02","l11":"35, ","c11":"#79a620","l12":"36, ","c12":"#095d97","l13":"36A","c13":"#be4bb5"},"geometry":{"type":"Point","coordinates":[21.887331,43.318431]}},{"type":"Feature","properties":{"lines":"1, 5, 6, 10, 11, 25, 26, 27A, 27B, 28, 28A, 29A, 33, 33P, 34A, 34B, 36, 36A","arr":["1","5","6","10","11","25","26","27A","27B","28","28A","29A","33","33P","34A","34B","36","36A"],"mode":"bus","angle":-26.6,"side":-1,"l0":"1, ","c0":"#119efc","l1":"5, ","c1":"#4d4aba","l2":"6, ","c2":"#119efc","l3":"10, ","c3":"#cf8a11","l4":"11, ","c4":"#ab0377","l5":"25, ","c5":"#148978","l6":"26, ","c6":"#ff627e","l7":"27A, ","c7":"#ff627e","l8":"27B, ","c8":"#cf8a11","l9":"28, ","c9":"#19a9a8","l10":"28A, ","c10":"#126804","l11":"29A, ","c11":"#a72d06","l12":"33, ","c12":"#b11526","l13":"33P, ","c13":"#5a5d02","l14":"34A, ","c14":"#07ad80","l15":"34B, ","c15":"#e47e2b","l16":"36, ","c16":"#095d97","l17":"36A","c17":"#be4bb5"},"geometry":{"type":"Point","coordinates":[21.884052,43.316377]}},{"type":"Feature","properties":{"lines":"1, 5, 6, 10, 11, 25, 26, 27A, 27B, 28, 28A, 29A, 33, 33P, 34A, 34B, 35, 36, 36A","arr":["1","5","6","10","11","25","26","27A","27B","28","28A","29A","33","33P","34A","34B","35","36","36A"],"mode":"bus","angle":-26.6,"l0":"1, ","c0":"#119efc","l1":"5, ","c1":"#4d4aba","l2":"6, ","c2":"#119efc","l3":"10, ","c3":"#cf8a11","l4":"11, ","c4":"#ab0377","l5":"25, ","c5":"#148978","l6":"26, ","c6":"#ff627e","l7":"27A, ","c7":"#ff627e","l8":"27B, ","c8":"#cf8a11","l9":"28, ","c9":"#19a9a8","l10":"28A, ","c10":"#126804","l11":"29A, ","c11":"#a72d06","l12":"33, ","c12":"#b11526","l13":"33P, ","c13":"#5a5d02","l14":"34A, ","c14":"#07ad80","l15":"34B, ","c15":"#e47e2b","l16":"35, ","c16":"#79a620","l17":"36, ","c17":"#095d97","l18":"36A","c18":"#be4bb5"},"geometry":{"type":"Point","coordinates":[21.885468,43.316879]}},{"type":"Feature","properties":{"lines":"1, 5, 6, 10, 25, 26, 33, 33P, 34A, 34B, 35, 36, 36A","arr":["1","5","6","10","25","26","33","33P","34A","34B","35","36","36A"],"mode":"bus","angle":-0.8,"l0":"1, ","c0":"#119efc","l1":"5, ","c1":"#4d4aba","l2":"6, ","c2":"#119efc","l3":"10, ","c3":"#cf8a11","l4":"25, ","c4":"#148978","l5":"26, ","c5":"#ff627e","l6":"33, ","c6":"#b11526","l7":"33P, ","c7":"#5a5d02","l8":"34A, ","c8":"#07ad80","l9":"34B, ","c9":"#e47e2b","l10":"35, ","c10":"#79a620","l11":"36, ","c11":"#095d97","l12":"36A","c12":"#be4bb5"},"geometry":{"type":"Point","coordinates":[21.881221,43.31568]}},{"type":"Feature","properties":{"lines":"1, 10, 25, 26, 33, 33P, 34A, 34B, 35, 36, 36A","arr":["1","10","25","26","33","33P","34A","34B","35","36","36A"],"mode":"bus","angle":-0.8,"l0":"1, ","c0":"#119efc","l1":"10, ","c1":"#cf8a11","l2":"25, ","c2":"#148978","l3":"26, ","c3":"#ff627e","l4":"33, ","c4":"#b11526","l5":"33P, ","c5":"#5a5d02","l6":"34A, ","c6":"#07ad80","l7":"34B, ","c7":"#e47e2b","l8":"35, ","c8":"#79a620","l9":"36, ","c9":"#095d97","l10":"36A","c10":"#be4bb5"},"geometry":{"type":"Point","coordinates":[21.877766,43.315643]}},{"type":"Feature","properties":{"lines":"1, 10, 25, 26, 33, 33P, 35, 36, 36A","arr":["1","10","25","26","33","33P","35","36","36A"],"mode":"bus","angle":-3.8,"l0":"1, ","c0":"#119efc","l1":"10, ","c1":"#cf8a11","l2":"25, ","c2":"#148978","l3":"26, ","c3":"#ff627e","l4":"33, ","c4":"#b11526","l5":"33P, ","c5":"#5a5d02","l6":"35, ","c6":"#79a620","l7":"36, ","c7":"#095d97","l8":"36A","c8":"#be4bb5"},"geometry":{"type":"Point","coordinates":[21.868651,43.315301]}},{"type":"Feature","properties":{"lines":"1, 10, 25, 26, 33, 33P, 35, 36, 36A","arr":["1","10","25","26","33","33P","35","36","36A"],"mode":"bus","angle":-1.9,"mi":1,"l0":"1, ","c0":"#119efc","l1":"10, ","c1":"#cf8a11","l2":"25, ","c2":"#148978","l3":"26, ","c3":"#ff627e","l4":"33, ","c4":"#b11526","l5":"33P, ","c5":"#5a5d02","l6":"35, ","c6":"#79a620","l7":"36, ","c7":"#095d97","l8":"36A","c8":"#be4bb5"},"geometry":{"type":"Point","coordinates":[21.874501,43.315596]}},{"type":"Feature","properties":{"lines":"4, 13, 34B","arr":["4","13","34B"],"mode":"bus","angle":88.4,"side":-1,"l0":"4, ","c0":"#e16cd6","l1":"13, ","c1":"#a72d06","l2":"34B","c2":"#e47e2b"},"geometry":{"type":"Point","coordinates":[21.927537,43.312777]}},{"type":"Feature","properties":{"lines":"1, 3, 4, 10, 19, 20, 20A, 21, 21A, 22, 23, 23B, 23K, 23L, 37","arr":["1","3","4","10","19","20","20A","21","21A","22","23","23B","23K","23L","37"],"mode":"bus","angle":31.2,"l0":"1, ","c0":"#119efc","l1":"3, ","c1":"#ff627e","l2":"4, ","c2":"#e16cd6","l3":"10, ","c3":"#cf8a11","l4":"19, ","c4":"#19a9a8","l5":"20, ","c5":"#b0045c","l6":"20A, ","c6":"#7c5001","l7":"21, ","c7":"#79a620","l8":"21A, ","c8":"#4d4aba","l9":"22, ","c9":"#095d97","l10":"23, ","c10":"#999f01","l11":"23B, ","c11":"#f661b9","l12":"23K, ","c12":"#126804","l13":"23L, ","c13":"#19a9a8","l14":"37","c14":"#126804"},"geometry":{"type":"Point","coordinates":[21.908942,43.318827]}},{"type":"Feature","properties":{"lines":"1, 3, 4, 10, 20, 20A, 21, 21A, 22, 23, 23B, 23K, 37","arr":["1","3","4","10","20","20A","21","21A","22","23","23B","23K","37"],"mode":"bus","angle":10.9,"l0":"1, ","c0":"#119efc","l1":"3, ","c1":"#ff627e","l2":"4, ","c2":"#e16cd6","l3":"10, ","c3":"#cf8a11","l4":"20, ","c4":"#b0045c","l5":"20A, ","c5":"#7c5001","l6":"21, ","c6":"#79a620","l7":"21A, ","c7":"#4d4aba","l8":"22, ","c8":"#095d97","l9":"23, ","c9":"#999f01","l10":"23B, ","c10":"#f661b9","l11":"23K, ","c11":"#126804","l12":"37","c12":"#126804"},"geometry":{"type":"Point","coordinates":[21.906209,43.319962]}},{"type":"Feature","properties":{"lines":"35, 36","arr":["35","36"],"mode":"bus","angle":-6.4,"l0":"35, ","c0":"#79a620","l1":"36","c1":"#095d97"},"geometry":{"type":"Point","coordinates":[21.883889,43.316568]}},{"type":"Feature","properties":{"lines":"11, 27A, 27B, 28, 28A, 29A","arr":["11","27A","27B","28","28A","29A"],"mode":"bus","angle":82.3,"mi":3,"l0":"11, ","c0":"#ab0377","l1":"27A, ","c1":"#ff627e","l2":"27B, ","c2":"#cf8a11","l3":"28, ","c3":"#19a9a8","l4":"28A, ","c4":"#126804","l5":"29A","c5":"#a72d06"},"geometry":{"type":"Point","coordinates":[21.882177,43.318054]}},{"type":"Feature","properties":{"lines":"1, 10, 26, 33, 33P, 35, 36, 36A","arr":["1","10","26","33","33P","35","36","36A"],"mode":"bus","angle":1.2,"l0":"1, ","c0":"#119efc","l1":"10, ","c1":"#cf8a11","l2":"26, ","c2":"#ff627e","l3":"33, ","c3":"#b11526","l4":"33P, ","c4":"#5a5d02","l5":"35, ","c5":"#79a620","l6":"36, ","c6":"#095d97","l7":"36A","c7":"#be4bb5"},"geometry":{"type":"Point","coordinates":[21.865084,43.315241]}},{"type":"Feature","properties":{"lines":"1, 10, 26, 33, 33P, 36, 36A","arr":["1","10","26","33","33P","36","36A"],"mode":"bus","angle":3.3,"l0":"1, ","c0":"#119efc","l1":"10, ","c1":"#cf8a11","l2":"26, ","c2":"#ff627e","l3":"33, ","c3":"#b11526","l4":"33P, ","c4":"#5a5d02","l5":"36, ","c5":"#095d97","l6":"36A","c6":"#be4bb5"},"geometry":{"type":"Point","coordinates":[21.859686,43.315868]}},{"type":"Feature","properties":{"lines":"1, 10, 26, 33, 33P, 36, 36A","arr":["1","10","26","33","33P","36","36A"],"mode":"bus","angle":16,"extra":1,"ei":0,"l0":"1, ","c0":"#119efc","l1":"10, ","c1":"#cf8a11","l2":"26, ","c2":"#ff627e","l3":"33, ","c3":"#b11526","l4":"33P, ","c4":"#5a5d02","l5":"36, ","c5":"#095d97","l6":"36A","c6":"#be4bb5"},"geometry":{"type":"Point","coordinates":[21.862791,43.31551]}},{"type":"Feature","properties":{"lines":"1, 10, 26, 33, 33P, 36, 36A","arr":["1","10","26","33","33P","36","36A"],"mode":"bus","angle":2.4,"extra":1,"ei":1,"l0":"1, ","c0":"#119efc","l1":"10, ","c1":"#cf8a11","l2":"26, ","c2":"#ff627e","l3":"33, ","c3":"#b11526","l4":"33P, ","c4":"#5a5d02","l5":"36, ","c5":"#095d97","l6":"36A","c6":"#be4bb5"},"geometry":{"type":"Point","coordinates":[21.857654,43.315948]}},{"type":"Feature","properties":{"lines":"1","arr":["1"],"mode":"bus","angle":64.3,"mi":3,"l0":"1","c0":"#119efc"},"geometry":{"type":"Point","coordinates":[21.855726,43.313402]}},{"type":"Feature","properties":{"lines":"1","arr":["1"],"mode":"bus","angle":41.6,"l0":"1","c0":"#119efc"},"geometry":{"type":"Point","coordinates":[21.86032,43.309951]}},{"type":"Feature","properties":{"lines":"1","arr":["1"],"mode":"bus","angle":41.8,"mi":2,"l0":"1","c0":"#119efc"},"geometry":{"type":"Point","coordinates":[21.863566,43.307844]}},{"type":"Feature","properties":{"lines":"1","arr":["1"],"mode":"bus","angle":44.1,"extra":1,"ei":0,"l0":"1","c0":"#119efc"},"geometry":{"type":"Point","coordinates":[21.856979,43.312148]}},{"type":"Feature","properties":{"lines":"1","arr":["1"],"mode":"bus","angle":-84,"extra":1,"ei":1,"l0":"1","c0":"#119efc"},"geometry":{"type":"Point","coordinates":[21.855172,43.315556]}},{"type":"Feature","properties":{"lines":"1","arr":["1"],"mode":"bus","angle":41.4,"mi":1,"l0":"1","c0":"#119efc"},"geometry":{"type":"Point","coordinates":[21.863443,43.309973]}},{"type":"Feature","properties":{"lines":"1","arr":["1"],"mode":"bus","angle":57.5,"extra":1,"ei":0,"l0":"1","c0":"#119efc"},"geometry":{"type":"Point","coordinates":[21.861064,43.311885]}},{"type":"Feature","properties":{"lines":"1","arr":["1"],"mode":"bus","angle":44.1,"extra":1,"ei":1,"l0":"1","c0":"#119efc"},"geometry":{"type":"Point","coordinates":[21.86466,43.309192]}},{"type":"Feature","properties":{"lines":"1","arr":["1"],"mode":"bus","angle":-53.8,"extra":1,"ei":2,"l0":"1","c0":"#119efc"},"geometry":{"type":"Point","coordinates":[21.865045,43.307514]}},{"type":"Feature","properties":{"lines":"1, 25, 35","arr":["1","25","35"],"mode":"bus","angle":-35.7,"l0":"1, ","c0":"#119efc","l1":"25, ","c1":"#148978","l2":"35","c2":"#79a620"},"geometry":{"type":"Point","coordinates":[21.859378,43.312014]}},{"type":"Feature","properties":{"lines":"1, 10, 33, 36, 36A","arr":["1","10","33","36","36A"],"mode":"bus","angle":-11.2,"side":-1,"l0":"1, ","c0":"#119efc","l1":"10, ","c1":"#cf8a11","l2":"33, ","c2":"#b11526","l3":"36, ","c3":"#095d97","l4":"36A","c4":"#be4bb5"},"geometry":{"type":"Point","coordinates":[21.855647,43.315937]}},{"type":"Feature","properties":{"lines":"1, 10, 25, 33, 36, 36A","arr":["1","10","25","33","36","36A"],"mode":"bus","angle":-0.8,"side":-1,"l0":"1, ","c0":"#119efc","l1":"10, ","c1":"#cf8a11","l2":"25, ","c2":"#148978","l3":"33, ","c3":"#b11526","l4":"36, ","c4":"#095d97","l5":"36A","c5":"#be4bb5"},"geometry":{"type":"Point","coordinates":[21.865091,43.315158]}},{"type":"Feature","properties":{"lines":"1, 6, 10, 11, 25, 27A, 27B, 28, 28A, 29A, 33, 34A, 34B, 36, 36A","arr":["1","6","10","11","25","27A","27B","28","28A","29A","33","34A","34B","36","36A"],"mode":"bus","angle":-14.2,"l0":"1, ","c0":"#119efc","l1":"6, ","c1":"#119efc","l2":"10, ","c2":"#cf8a11","l3":"11, ","c3":"#ab0377","l4":"25, ","c4":"#148978","l5":"27A, ","c5":"#ff627e","l6":"27B, ","c6":"#cf8a11","l7":"28, ","c7":"#19a9a8","l8":"28A, ","c8":"#126804","l9":"29A, ","c9":"#a72d06","l10":"33, ","c10":"#b11526","l11":"34A, ","c11":"#07ad80","l12":"34B, ","c12":"#e47e2b","l13":"36, ","c13":"#095d97","l14":"36A","c14":"#be4bb5"},"geometry":{"type":"Point","coordinates":[21.888341,43.317626]}},{"type":"Feature","properties":{"lines":"1, 2, 4, 5, 6, 7, 9, 10, 11, 12, 13, 15A, 24, 25, 27A, 27B, 28, 28A, 29A, 33, 34A, 34B, 35, 36, 36A","arr":["1","2","4","5","6","7","9","10","11","12","13","15A","24","25","27A","27B","28","28A","29A","33","34A","34B","35","36","36A"],"mode":"bus","angle":74.8,"l0":"1, ","c0":"#119efc","l1":"2, ","c1":"#05617d","l2":"4, ","c2":"#e16cd6","l3":"5, ","c3":"#4d4aba","l4":"6, ","c4":"#119efc","l5":"7, ","c5":"#4d4aba","l6":"9, ","c6":"#999f01","l7":"10, ","c7":"#cf8a11","l8":"11, ","c8":"#ab0377","l9":"12, ","c9":"#076734","l10":"13, ","c10":"#a72d06","l11":"15A, ","c11":"#126804","l12":"24, ","c12":"#a72d06","l13":"25, ","c13":"#148978","l14":"27A, ","c14":"#ff627e","l15":"27B, ","c15":"#cf8a11","l16":"28, ","c16":"#19a9a8","l17":"28A, ","c17":"#126804","l18":"29A, ","c18":"#a72d06","l19":"33, ","c19":"#b11526","l20":"34A, ","c20":"#07ad80","l21":"34B, ","c21":"#e47e2b","l22":"35, ","c22":"#79a620","l23":"36, ","c23":"#095d97","l24":"36A","c24":"#be4bb5"},"geometry":{"type":"Point","coordinates":[21.891418,43.319405]}},{"type":"Feature","properties":{"lines":"1, 2, 3, 4, 5, 10, 18, 19, 20, 20A, 21, 23, 23B, 23L, 37, 500","arr":["1","2","3","4","5","10","18","19","20","20A","21","23","23B","23L","37","500"],"mode":"bus","angle":11.7,"side":-1,"l0":"1, ","c0":"#119efc","l1":"2, ","c1":"#05617d","l2":"3, ","c2":"#ff627e","l3":"4, ","c3":"#e16cd6","l4":"5, ","c4":"#4d4aba","l5":"10, ","c5":"#cf8a11","l6":"18, ","c6":"#03636c","l7":"19, ","c7":"#19a9a8","l8":"20, ","c8":"#b0045c","l9":"20A, ","c9":"#7c5001","l10":"21, ","c10":"#79a620","l11":"23, ","c11":"#999f01","l12":"23B, ","c12":"#f661b9","l13":"23L, ","c13":"#19a9a8","l14":"37, ","c14":"#126804","l15":"500","c15":"#b59607"},"geometry":{"type":"Point","coordinates":[21.900031,43.320527]}},{"type":"Feature","properties":{"lines":"1, 3, 4, 10, 18, 19, 20, 20A, 21, 23, 23B, 23L, 37","arr":["1","3","4","10","18","19","20","20A","21","23","23B","23L","37"],"mode":"bus","angle":5.7,"side":-1,"l0":"1, ","c0":"#119efc","l1":"3, ","c1":"#ff627e","l2":"4, ","c2":"#e16cd6","l3":"10, ","c3":"#cf8a11","l4":"18, ","c4":"#03636c","l5":"19, ","c5":"#19a9a8","l6":"20, ","c6":"#b0045c","l7":"20A, ","c7":"#7c5001","l8":"21, ","c8":"#79a620","l9":"23, ","c9":"#999f01","l10":"23B, ","c10":"#f661b9","l11":"23L, ","c11":"#19a9a8","l12":"37","c12":"#126804"},"geometry":{"type":"Point","coordinates":[21.901147,43.320409]}},{"type":"Feature","properties":{"lines":"1, 3, 4, 20, 21, 21A, 34A","arr":["1","3","4","20","21","21A","34A"],"mode":"bus","angle":32.2,"side":-1,"l0":"1, ","c0":"#119efc","l1":"3, ","c1":"#ff627e","l2":"4, ","c2":"#e16cd6","l3":"20, ","c3":"#b0045c","l4":"21, ","c4":"#79a620","l5":"21A, ","c5":"#4d4aba","l6":"34A","c6":"#07ad80"},"geometry":{"type":"Point","coordinates":[21.913962,43.316464]}},{"type":"Feature","properties":{"lines":"1, 3, 4, 20, 21, 21A, 34A","arr":["1","3","4","20","21","21A","34A"],"mode":"bus","angle":32.1,"side":-1,"extra":1,"ei":0,"l0":"1, ","c0":"#119efc","l1":"3, ","c1":"#ff627e","l2":"4, ","c2":"#e16cd6","l3":"20, ","c3":"#b0045c","l4":"21, ","c4":"#79a620","l5":"21A, ","c5":"#4d4aba","l6":"34A","c6":"#07ad80"},"geometry":{"type":"Point","coordinates":[21.912396,43.317181]}},{"type":"Feature","properties":{"lines":"1, 3, 4, 10, 19, 20, 20A, 21, 21A, 34A","arr":["1","3","4","10","19","20","20A","21","21A","34A"],"mode":"bus","angle":31.1,"side":-1,"l0":"1, ","c0":"#119efc","l1":"3, ","c1":"#ff627e","l2":"4, ","c2":"#e16cd6","l3":"10, ","c3":"#cf8a11","l4":"19, ","c4":"#19a9a8","l5":"20, ","c5":"#b0045c","l6":"20A, ","c6":"#7c5001","l7":"21, ","c7":"#79a620","l8":"21A, ","c8":"#4d4aba","l9":"34A","c9":"#07ad80"},"geometry":{"type":"Point","coordinates":[21.919567,43.313956]}},{"type":"Feature","properties":{"lines":"1, 3, 4, 10, 19, 20, 20A, 21, 21A, 34A","arr":["1","3","4","10","19","20","20A","21","21A","34A"],"mode":"bus","angle":31,"side":-1,"extra":1,"ei":0,"l0":"1, ","c0":"#119efc","l1":"3, ","c1":"#ff627e","l2":"4, ","c2":"#e16cd6","l3":"10, ","c3":"#cf8a11","l4":"19, ","c4":"#19a9a8","l5":"20, ","c5":"#b0045c","l6":"20A, ","c6":"#7c5001","l7":"21, ","c7":"#79a620","l8":"21A, ","c8":"#4d4aba","l9":"34A","c9":"#07ad80"},"geometry":{"type":"Point","coordinates":[21.917736,43.314756]}},{"type":"Feature","properties":{"lines":"1, 3, 4, 10, 19, 20, 20A, 21, 21A, 34A","arr":["1","3","4","10","19","20","20A","21","21A","34A"],"mode":"bus","angle":22.6,"side":-1,"extra":1,"ei":1,"l0":"1, ","c0":"#119efc","l1":"3, ","c1":"#ff627e","l2":"4, ","c2":"#e16cd6","l3":"10, ","c3":"#cf8a11","l4":"19, ","c4":"#19a9a8","l5":"20, ","c5":"#b0045c","l6":"20A, ","c6":"#7c5001","l7":"21, ","c7":"#79a620","l8":"21A, ","c8":"#4d4aba","l9":"34A","c9":"#07ad80"},"geometry":{"type":"Point","coordinates":[21.922294,43.312961]}},{"type":"Feature","properties":{"lines":"1, 3, 10, 18, 20, 20A, 21, 34A","arr":["1","3","10","18","20","20A","21","34A"],"mode":"bus","angle":24.3,"side":-1,"l0":"1, ","c0":"#119efc","l1":"3, ","c1":"#ff627e","l2":"10, ","c2":"#cf8a11","l3":"18, ","c3":"#03636c","l4":"20, ","c4":"#b0045c","l5":"20A, ","c5":"#7c5001","l6":"21, ","c6":"#79a620","l7":"34A","c7":"#07ad80"},"geometry":{"type":"Point","coordinates":[21.923912,43.312443]}},{"type":"Feature","properties":{"lines":"1, 3, 10, 19, 20, 20A, 21, 21A, 34A","arr":["1","3","10","19","20","20A","21","21A","34A"],"mode":"bus","angle":15.2,"side":-1,"l0":"1, ","c0":"#119efc","l1":"3, ","c1":"#ff627e","l2":"10, ","c2":"#cf8a11","l3":"19, ","c3":"#19a9a8","l4":"20, ","c4":"#b0045c","l5":"20A, ","c5":"#7c5001","l6":"21, ","c6":"#79a620","l7":"21A, ","c7":"#4d4aba","l8":"34A","c8":"#07ad80"},"geometry":{"type":"Point","coordinates":[21.926484,43.311661]}},{"type":"Feature","properties":{"lines":"1, 3, 10, 18, 19, 20, 20A, 21, 21A, 37","arr":["1","3","10","18","19","20","20A","21","21A","37"],"mode":"bus","angle":12.9,"side":-1,"l0":"1, ","c0":"#119efc","l1":"3, ","c1":"#ff627e","l2":"10, ","c2":"#cf8a11","l3":"18, ","c3":"#03636c","l4":"19, ","c4":"#19a9a8","l5":"20, ","c5":"#b0045c","l6":"20A, ","c6":"#7c5001","l7":"21, ","c7":"#79a620","l8":"21A, ","c8":"#4d4aba","l9":"37","c9":"#126804"},"geometry":{"type":"Point","coordinates":[21.930801,43.310981]}},{"type":"Feature","properties":{"lines":"1, 3, 10, 18, 19, 20, 20A, 21, 21A, 37","arr":["1","3","10","18","19","20","20A","21","21A","37"],"mode":"bus","angle":12.5,"side":-1,"extra":1,"ei":0,"l0":"1, ","c0":"#119efc","l1":"3, ","c1":"#ff627e","l2":"10, ","c2":"#cf8a11","l3":"18, ","c3":"#03636c","l4":"19, ","c4":"#19a9a8","l5":"20, ","c5":"#b0045c","l6":"20A, ","c6":"#7c5001","l7":"21, ","c7":"#79a620","l8":"21A, ","c8":"#4d4aba","l9":"37","c9":"#126804"},"geometry":{"type":"Point","coordinates":[21.929045,43.311266]}},{"type":"Feature","properties":{"lines":"1, 3, 19, 20, 21, 21A","arr":["1","3","19","20","21","21A"],"mode":"bus","angle":12.4,"side":-1,"l0":"1, ","c0":"#119efc","l1":"3, ","c1":"#ff627e","l2":"19, ","c2":"#19a9a8","l3":"20, ","c3":"#b0045c","l4":"21, ","c4":"#79a620","l5":"21A","c5":"#4d4aba"},"geometry":{"type":"Point","coordinates":[21.942775,43.309062]}},{"type":"Feature","properties":{"lines":"1, 3, 19, 20, 21, 21A","arr":["1","3","19","20","21","21A"],"mode":"bus","angle":12.5,"side":-1,"extra":1,"ei":0,"l0":"1, ","c0":"#119efc","l1":"3, ","c1":"#ff627e","l2":"19, ","c2":"#19a9a8","l3":"20, ","c3":"#b0045c","l4":"21, ","c4":"#79a620","l5":"21A","c5":"#4d4aba"},"geometry":{"type":"Point","coordinates":[21.938963,43.309676]}},{"type":"Feature","properties":{"lines":"1, 3, 19, 20, 21, 21A","arr":["1","3","19","20","21","21A"],"mode":"bus","angle":12.8,"side":-1,"extra":1,"ei":1,"l0":"1, ","c0":"#119efc","l1":"3, ","c1":"#ff627e","l2":"19, ","c2":"#19a9a8","l3":"20, ","c3":"#b0045c","l4":"21, ","c4":"#79a620","l5":"21A","c5":"#4d4aba"},"geometry":{"type":"Point","coordinates":[21.946561,43.308441]}},{"type":"Feature","properties":{"lines":"1, 3, 19, 20, 20A, 21, 21A","arr":["1","3","19","20","20A","21","21A"],"mode":"bus","angle":12.5,"side":-1,"l0":"1, ","c0":"#119efc","l1":"3, ","c1":"#ff627e","l2":"19, ","c2":"#19a9a8","l3":"20, ","c3":"#b0045c","l4":"20A, ","c4":"#7c5001","l5":"21, ","c5":"#79a620","l6":"21A","c6":"#4d4aba"},"geometry":{"type":"Point","coordinates":[21.950383,43.307827]}},{"type":"Feature","properties":{"lines":"1, 3, 19, 20, 20A, 21, 21A","arr":["1","3","19","20","20A","21","21A"],"mode":"bus","angle":12.8,"side":-1,"extra":1,"ei":0,"l0":"1, ","c0":"#119efc","l1":"3, ","c1":"#ff627e","l2":"19, ","c2":"#19a9a8","l3":"20, ","c3":"#b0045c","l4":"20A, ","c4":"#7c5001","l5":"21, ","c5":"#79a620","l6":"21A","c6":"#4d4aba"},"geometry":{"type":"Point","coordinates":[21.951959,43.307566]}},{"type":"Feature","properties":{"lines":"1, 3, 18, 19, 20, 20A, 21, 21A","arr":["1","3","18","19","20","20A","21","21A"],"mode":"bus","angle":12.8,"side":-1,"l0":"1, ","c0":"#119efc","l1":"3, ","c1":"#ff627e","l2":"18, ","c2":"#03636c","l3":"19, ","c3":"#19a9a8","l4":"20, ","c4":"#b0045c","l5":"20A, ","c5":"#7c5001","l6":"21, ","c6":"#79a620","l7":"21A","c7":"#4d4aba"},"geometry":{"type":"Point","coordinates":[21.959322,43.306415]}},{"type":"Feature","properties":{"lines":"1, 3, 18, 19, 20, 20A, 21, 21A","arr":["1","3","18","19","20","20A","21","21A"],"mode":"bus","angle":11.5,"side":-1,"extra":1,"ei":0,"l0":"1, ","c0":"#119efc","l1":"3, ","c1":"#ff627e","l2":"18, ","c2":"#03636c","l3":"19, ","c3":"#19a9a8","l4":"20, ","c4":"#b0045c","l5":"20A, ","c5":"#7c5001","l6":"21, ","c6":"#79a620","l7":"21A","c7":"#4d4aba"},"geometry":{"type":"Point","coordinates":[21.953875,43.307279]}},{"type":"Feature","properties":{"lines":"1, 3, 18, 19, 20, 20A, 21, 21A","arr":["1","3","18","19","20","20A","21","21A"],"mode":"bus","angle":12.4,"side":-1,"extra":1,"ei":1,"l0":"1, ","c0":"#119efc","l1":"3, ","c1":"#ff627e","l2":"18, ","c2":"#03636c","l3":"19, ","c3":"#19a9a8","l4":"20, ","c4":"#b0045c","l5":"20A, ","c5":"#7c5001","l6":"21, ","c6":"#79a620","l7":"21A","c7":"#4d4aba"},"geometry":{"type":"Point","coordinates":[21.956413,43.306885]}},{"type":"Feature","properties":{"lines":"1, 3, 18, 19, 20, 20A, 21, 21A","arr":["1","3","18","19","20","20A","21","21A"],"mode":"bus","angle":12.8,"side":-1,"extra":1,"ei":2,"l0":"1, ","c0":"#119efc","l1":"3, ","c1":"#ff627e","l2":"18, ","c2":"#03636c","l3":"19, ","c3":"#19a9a8","l4":"20, ","c4":"#b0045c","l5":"20A, ","c5":"#7c5001","l6":"21, ","c6":"#79a620","l7":"21A","c7":"#4d4aba"},"geometry":{"type":"Point","coordinates":[21.961477,43.306058]}},{"type":"Feature","properties":{"lines":"1, 3, 18, 19, 20, 20A, 21, 21A","arr":["1","3","18","19","20","20A","21","21A"],"mode":"bus","angle":13.1,"side":-1,"extra":1,"ei":3,"l0":"1, ","c0":"#119efc","l1":"3, ","c1":"#ff627e","l2":"18, ","c2":"#03636c","l3":"19, ","c3":"#19a9a8","l4":"20, ","c4":"#b0045c","l5":"20A, ","c5":"#7c5001","l6":"21, ","c6":"#79a620","l7":"21A","c7":"#4d4aba"},"geometry":{"type":"Point","coordinates":[21.964007,43.305637]}},{"type":"Feature","properties":{"lines":"1, 18, 19, 20, 20A, 21, 21A","arr":["1","18","19","20","20A","21","21A"],"mode":"bus","angle":13.3,"side":-1,"l0":"1, ","c0":"#119efc","l1":"18, ","c1":"#03636c","l2":"19, ","c2":"#19a9a8","l3":"20, ","c3":"#b0045c","l4":"20A, ","c4":"#7c5001","l5":"21, ","c5":"#79a620","l6":"21A","c6":"#4d4aba"},"geometry":{"type":"Point","coordinates":[21.968367,43.304908]}},{"type":"Feature","properties":{"lines":"1, 18, 19, 20, 20A, 21, 21A","arr":["1","18","19","20","20A","21","21A"],"mode":"bus","angle":13.3,"side":-1,"extra":1,"ei":0,"l0":"1, ","c0":"#119efc","l1":"18, ","c1":"#03636c","l2":"19, ","c2":"#19a9a8","l3":"20, ","c3":"#b0045c","l4":"20A, ","c4":"#7c5001","l5":"21, ","c5":"#79a620","l6":"21A","c6":"#4d4aba"},"geometry":{"type":"Point","coordinates":[21.970124,43.304606]}},{"type":"Feature","properties":{"lines":"1, 18, 19, 20, 20A, 21, 21A, 37","arr":["1","18","19","20","20A","21","21A","37"],"mode":"bus","angle":13.2,"side":-1,"l0":"1, ","c0":"#119efc","l1":"18, ","c1":"#03636c","l2":"19, ","c2":"#19a9a8","l3":"20, ","c3":"#b0045c","l4":"20A, ","c4":"#7c5001","l5":"21, ","c5":"#79a620","l6":"21A, ","c6":"#4d4aba","l7":"37","c7":"#126804"},"geometry":{"type":"Point","coordinates":[21.975286,43.303726]}},{"type":"Feature","properties":{"lines":"1, 18, 19, 20, 20A, 21, 21A, 37","arr":["1","18","19","20","20A","21","21A","37"],"mode":"bus","angle":13.2,"side":-1,"extra":1,"ei":0,"l0":"1, ","c0":"#119efc","l1":"18, ","c1":"#03636c","l2":"19, ","c2":"#19a9a8","l3":"20, ","c3":"#b0045c","l4":"20A, ","c4":"#7c5001","l5":"21, ","c5":"#79a620","l6":"21A, ","c6":"#4d4aba","l7":"37","c7":"#126804"},"geometry":{"type":"Point","coordinates":[21.971662,43.304344]}},{"type":"Feature","properties":{"lines":"1, 18, 19, 20, 20A, 21, 21A, 37","arr":["1","18","19","20","20A","21","21A","37"],"mode":"bus","angle":13.4,"side":-1,"extra":1,"ei":1,"l0":"1, ","c0":"#119efc","l1":"18, ","c1":"#03636c","l2":"19, ","c2":"#19a9a8","l3":"20, ","c3":"#b0045c","l4":"20A, ","c4":"#7c5001","l5":"21, ","c5":"#79a620","l6":"21A, ","c6":"#4d4aba","l7":"37","c7":"#126804"},"geometry":{"type":"Point","coordinates":[21.979241,43.303049]}},{"type":"Feature","properties":{"lines":"1, 19, 20, 20A, 21, 21A","arr":["1","19","20","20A","21","21A"],"mode":"bus","angle":13.9,"side":-1,"l0":"1, ","c0":"#119efc","l1":"19, ","c1":"#19a9a8","l2":"20, ","c2":"#b0045c","l3":"20A, ","c3":"#7c5001","l4":"21, ","c4":"#79a620","l5":"21A","c5":"#4d4aba"},"geometry":{"type":"Point","coordinates":[21.98937,43.301246]}},{"type":"Feature","properties":{"lines":"1, 19, 20, 20A, 21, 21A","arr":["1","19","20","20A","21","21A"],"mode":"bus","angle":13.5,"side":-1,"extra":1,"ei":0,"l0":"1, ","c0":"#119efc","l1":"19, ","c1":"#19a9a8","l2":"20, ","c2":"#b0045c","l3":"20A, ","c3":"#7c5001","l4":"21, ","c4":"#79a620","l5":"21A","c5":"#4d4aba"},"geometry":{"type":"Point","coordinates":[21.981433,43.302667]}},{"type":"Feature","properties":{"lines":"1, 19, 20, 20A, 21, 21A","arr":["1","19","20","20A","21","21A"],"mode":"bus","angle":13.9,"side":-1,"extra":1,"ei":1,"l0":"1, ","c0":"#119efc","l1":"19, ","c1":"#19a9a8","l2":"20, ","c2":"#b0045c","l3":"20A, ","c3":"#7c5001","l4":"21, ","c4":"#79a620","l5":"21A","c5":"#4d4aba"},"geometry":{"type":"Point","coordinates":[21.983955,43.302224]}},{"type":"Feature","properties":{"lines":"1, 19, 20, 20A, 21, 21A","arr":["1","19","20","20A","21","21A"],"mode":"bus","angle":13.9,"side":-1,"extra":1,"ei":2,"l0":"1, ","c0":"#119efc","l1":"19, ","c1":"#19a9a8","l2":"20, ","c2":"#b0045c","l3":"20A, ","c3":"#7c5001","l4":"21, ","c4":"#79a620","l5":"21A","c5":"#4d4aba"},"geometry":{"type":"Point","coordinates":[21.986474,43.301769]}},{"type":"Feature","properties":{"lines":"1, 19, 20, 20A, 21, 21A","arr":["1","19","20","20A","21","21A"],"mode":"bus","angle":13.9,"side":-1,"extra":1,"ei":3,"l0":"1, ","c0":"#119efc","l1":"19, ","c1":"#19a9a8","l2":"20, ","c2":"#b0045c","l3":"20A, ","c3":"#7c5001","l4":"21, ","c4":"#79a620","l5":"21A","c5":"#4d4aba"},"geometry":{"type":"Point","coordinates":[21.991511,43.30086]}},{"type":"Feature","properties":{"lines":"1, 19, 20, 20A, 21, 21A","arr":["1","19","20","20A","21","21A"],"mode":"bus","angle":12.4,"side":-1,"extra":1,"ei":4,"l0":"1, ","c0":"#119efc","l1":"19, ","c1":"#19a9a8","l2":"20, ","c2":"#b0045c","l3":"20A, ","c3":"#7c5001","l4":"21, ","c4":"#79a620","l5":"21A","c5":"#4d4aba"},"geometry":{"type":"Point","coordinates":[21.994031,43.300408]}},{"type":"Feature","properties":{"lines":"1, 19, 20, 20A, 21, 21A","arr":["1","19","20","20A","21","21A"],"mode":"bus","angle":-2.9,"side":-1,"extra":1,"ei":5,"l0":"1, ","c0":"#119efc","l1":"19, ","c1":"#19a9a8","l2":"20, ","c2":"#b0045c","l3":"20A, ","c3":"#7c5001","l4":"21, ","c4":"#79a620","l5":"21A","c5":"#4d4aba"},"geometry":{"type":"Point","coordinates":[21.996609,43.300265]}},{"type":"Feature","properties":{"lines":"1, 19, 21, 21A","arr":["1","19","21","21A"],"mode":"bus","angle":48.6,"side":-1,"l0":"1, ","c0":"#119efc","l1":"19, ","c1":"#19a9a8","l2":"21, ","c2":"#79a620","l3":"21A","c3":"#4d4aba"},"geometry":{"type":"Point","coordinates":[21.999025,43.300143]}},{"type":"Feature","properties":{"lines":"2","arr":["2"],"mode":"bus","angle":18,"l0":"2","c0":"#05617d"},"geometry":{"type":"Point","coordinates":[21.961184,43.327354]}},{"type":"Feature","properties":{"lines":"2","arr":["2"],"mode":"bus","angle":-86.8,"mi":1,"l0":"2","c0":"#05617d"},"geometry":{"type":"Point","coordinates":[21.962636,43.326857]}},{"type":"Feature","properties":{"lines":"2","arr":["2"],"mode":"bus","angle":-20.6,"side":-1,"l0":"2","c0":"#05617d"},"geometry":{"type":"Point","coordinates":[21.908317,43.328475]}},{"type":"Feature","properties":{"lines":"2","arr":["2"],"mode":"bus","angle":21.2,"l0":"2","c0":"#05617d"},"geometry":{"type":"Point","coordinates":[21.884449,43.315859]}},{"type":"Feature","properties":{"lines":"2, 16, 17, 17A","arr":["2","16","17","17A"],"mode":"bus","angle":18.6,"l0":"2, ","c0":"#05617d","l1":"16, ","c1":"#6b5806","l2":"17, ","c2":"#b20b42","l3":"17A","c3":"#9789ff"},"geometry":{"type":"Point","coordinates":[21.958804,43.327947]}},{"type":"Feature","properties":{"lines":"2, 16, 17, 17A","arr":["2","16","17","17A"],"mode":"bus","angle":38.1,"extra":1,"ei":0,"l0":"2, ","c0":"#05617d","l1":"16, ","c1":"#6b5806","l2":"17, ","c2":"#b20b42","l3":"17A","c3":"#9789ff"},"geometry":{"type":"Point","coordinates":[21.95169,43.330366]}},{"type":"Feature","properties":{"lines":"2, 16, 17, 17A","arr":["2","16","17","17A"],"mode":"bus","angle":20.4,"extra":1,"ei":1,"l0":"2, ","c0":"#05617d","l1":"16, ","c1":"#6b5806","l2":"17, ","c2":"#b20b42","l3":"17A","c3":"#9789ff"},"geometry":{"type":"Point","coordinates":[21.95371,43.329207]}},{"type":"Feature","properties":{"lines":"2, 16, 17, 17A","arr":["2","16","17","17A"],"mode":"bus","angle":18.8,"extra":1,"ei":2,"l0":"2, ","c0":"#05617d","l1":"16, ","c1":"#6b5806","l2":"17, ","c2":"#b20b42","l3":"17A","c3":"#9789ff"},"geometry":{"type":"Point","coordinates":[21.956166,43.328595]}},{"type":"Feature","properties":{"lines":"2, 16, 17, 17A","arr":["2","16","17","17A"],"mode":"bus","angle":34.6,"side":-1,"extra":1,"ei":3,"l0":"2, ","c0":"#05617d","l1":"16, ","c1":"#6b5806","l2":"17, ","c2":"#b20b42","l3":"17A","c3":"#9789ff"},"geometry":{"type":"Point","coordinates":[21.960969,43.327209]}},{"type":"Feature","properties":{"lines":"2, 16, 17, 17A","arr":["2","16","17","17A"],"mode":"bus","angle":34.5,"extra":1,"ei":4,"l0":"2, ","c0":"#05617d","l1":"16, ","c1":"#6b5806","l2":"17, ","c2":"#b20b42","l3":"17A","c3":"#9789ff"},"geometry":{"type":"Point","coordinates":[21.963107,43.326138]}},{"type":"Feature","properties":{"lines":"2, 16, 17, 17A","arr":["2","16","17","17A"],"mode":"bus","angle":-3.4,"extra":1,"ei":5,"l0":"2, ","c0":"#05617d","l1":"16, ","c1":"#6b5806","l2":"17, ","c2":"#b20b42","l3":"17A","c3":"#9789ff"},"geometry":{"type":"Point","coordinates":[21.965376,43.325295]}},{"type":"Feature","properties":{"lines":"2, 16, 17, 17A","arr":["2","16","17","17A"],"mode":"bus","angle":-3.9,"side":-1,"mi":5,"l0":"2, ","c0":"#05617d","l1":"16, ","c1":"#6b5806","l2":"17, ","c2":"#b20b42","l3":"17A","c3":"#9789ff"},"geometry":{"type":"Point","coordinates":[21.942691,43.329891]}},{"type":"Feature","properties":{"lines":"2, 16, 17, 17A","arr":["2","16","17","17A"],"mode":"bus","angle":-1,"mi":3,"l0":"2, ","c0":"#05617d","l1":"16, ","c1":"#6b5806","l2":"17, ","c2":"#b20b42","l3":"17A","c3":"#9789ff"},"geometry":{"type":"Point","coordinates":[21.948791,43.33058]}},{"type":"Feature","properties":{"lines":"2, 16, 17, 17A","arr":["2","16","17","17A"],"mode":"bus","angle":-1.8,"side":-1,"extra":1,"ei":0,"l0":"2, ","c0":"#05617d","l1":"16, ","c1":"#6b5806","l2":"17, ","c2":"#b20b42","l3":"17A","c3":"#9789ff"},"geometry":{"type":"Point","coordinates":[21.939885,43.329831]}},{"type":"Feature","properties":{"lines":"2, 16, 17, 17A","arr":["2","16","17","17A"],"mode":"bus","angle":-12,"side":-1,"extra":1,"ei":1,"l0":"2, ","c0":"#05617d","l1":"16, ","c1":"#6b5806","l2":"17, ","c2":"#b20b42","l3":"17A","c3":"#9789ff"},"geometry":{"type":"Point","coordinates":[21.945041,43.33016]}},{"type":"Feature","properties":{"lines":"2, 16, 17","arr":["2","16","17"],"mode":"bus","angle":-5.1,"l0":"2, ","c0":"#05617d","l1":"16, ","c1":"#6b5806","l2":"17","c2":"#b20b42"},"geometry":{"type":"Point","coordinates":[21.942962,43.329987]}},{"type":"Feature","properties":{"lines":"2, 16, 17","arr":["2","16","17"],"mode":"bus","angle":-8.9,"extra":1,"ei":0,"l0":"2, ","c0":"#05617d","l1":"16, ","c1":"#6b5806","l2":"17","c2":"#b20b42"},"geometry":{"type":"Point","coordinates":[21.945989,43.330364]}},{"type":"Feature","properties":{"lines":"2, 16, 17","arr":["2","16","17"],"mode":"bus","angle":-1.2,"extra":1,"ei":1,"l0":"2, ","c0":"#05617d","l1":"16, ","c1":"#6b5806","l2":"17","c2":"#b20b42"},"geometry":{"type":"Point","coordinates":[21.940847,43.329923]}},{"type":"Feature","properties":{"lines":"2, 16, 17","arr":["2","16","17"],"mode":"bus","angle":-1.9,"mi":1,"l0":"2, ","c0":"#05617d","l1":"16, ","c1":"#6b5806","l2":"17","c2":"#b20b42"},"geometry":{"type":"Point","coordinates":[21.93784,43.329851]}},{"type":"Feature","properties":{"lines":"2, 15, 15A, 16, 17","arr":["2","15","15A","16","17"],"mode":"bus","angle":-1.7,"l0":"2, ","c0":"#05617d","l1":"15, ","c1":"#10a5d2","l2":"15A, ","c2":"#126804","l3":"16, ","c3":"#6b5806","l4":"17","c4":"#b20b42"},"geometry":{"type":"Point","coordinates":[21.936486,43.329821]}},{"type":"Feature","properties":{"lines":"2, 15, 15A, 16, 17, 17A","arr":["2","15","15A","16","17","17A"],"mode":"bus","angle":-2.3,"l0":"2, ","c0":"#05617d","l1":"15, ","c1":"#10a5d2","l2":"15A, ","c2":"#126804","l3":"16, ","c3":"#6b5806","l4":"17, ","c4":"#b20b42","l5":"17A","c5":"#9789ff"},"geometry":{"type":"Point","coordinates":[21.930531,43.329621]}},{"type":"Feature","properties":{"lines":"2, 15, 15A, 16, 17, 17A","arr":["2","15","15A","16","17","17A"],"mode":"bus","angle":-2.1,"extra":1,"ei":0,"l0":"2, ","c0":"#05617d","l1":"15, ","c1":"#10a5d2","l2":"15A, ","c2":"#126804","l3":"16, ","c3":"#6b5806","l4":"17, ","c4":"#b20b42","l5":"17A","c5":"#9789ff"},"geometry":{"type":"Point","coordinates":[21.926461,43.329518]}},{"type":"Feature","properties":{"lines":"2, 15, 15A, 16, 17, 17A","arr":["2","15","15A","16","17","17A"],"mode":"bus","angle":-2.7,"extra":1,"ei":1,"l0":"2, ","c0":"#05617d","l1":"15, ","c1":"#10a5d2","l2":"15A, ","c2":"#126804","l3":"16, ","c3":"#6b5806","l4":"17, ","c4":"#b20b42","l5":"17A","c5":"#9789ff"},"geometry":{"type":"Point","coordinates":[21.934239,43.329748]}},{"type":"Feature","properties":{"lines":"2, 15, 15A, 16, 17, 17A, 34A, 34B","arr":["2","15","15A","16","17","17A","34A","34B"],"mode":"bus","angle":-2.7,"l0":"2, ","c0":"#05617d","l1":"15, ","c1":"#10a5d2","l2":"15A, ","c2":"#126804","l3":"16, ","c3":"#6b5806","l4":"17, ","c4":"#b20b42","l5":"17A, ","c5":"#9789ff","l6":"34A, ","c6":"#07ad80","l7":"34B","c7":"#e47e2b"},"geometry":{"type":"Point","coordinates":[21.917961,43.329299]}},{"type":"Feature","properties":{"lines":"2, 15, 15A, 16, 17, 17A, 34A, 34B","arr":["2","15","15A","16","17","17A","34A","34B"],"mode":"bus","angle":-2.6,"side":-1,"extra":1,"ei":0,"l0":"2, ","c0":"#05617d","l1":"15, ","c1":"#10a5d2","l2":"15A, ","c2":"#126804","l3":"16, ","c3":"#6b5806","l4":"17, ","c4":"#b20b42","l5":"17A, ","c5":"#9789ff","l6":"34A, ","c6":"#07ad80","l7":"34B","c7":"#e47e2b"},"geometry":{"type":"Point","coordinates":[21.923867,43.329459]}},{"type":"Feature","properties":{"lines":"2, 15, 15A, 16, 17, 17A, 34A, 34B","arr":["2","15","15A","16","17","17A","34A","34B"],"mode":"bus","angle":-1.5,"extra":1,"ei":1,"l0":"2, ","c0":"#05617d","l1":"15, ","c1":"#10a5d2","l2":"15A, ","c2":"#126804","l3":"16, ","c3":"#6b5806","l4":"17, ","c4":"#b20b42","l5":"17A, ","c5":"#9789ff","l6":"34A, ","c6":"#07ad80","l7":"34B","c7":"#e47e2b"},"geometry":{"type":"Point","coordinates":[21.921275,43.32938]}},{"type":"Feature","properties":{"lines":"2, 15, 15A, 16, 17, 17A, 34A, 34B","arr":["2","15","15A","16","17","17A","34A","34B"],"mode":"bus","angle":-1.2,"side":-1,"extra":1,"ei":2,"l0":"2, ","c0":"#05617d","l1":"15, ","c1":"#10a5d2","l2":"15A, ","c2":"#126804","l3":"16, ","c3":"#6b5806","l4":"17, ","c4":"#b20b42","l5":"17A, ","c5":"#9789ff","l6":"34A, ","c6":"#07ad80","l7":"34B","c7":"#e47e2b"},"geometry":{"type":"Point","coordinates":[21.916088,43.329257]}},{"type":"Feature","properties":{"lines":"2, 15, 15A, 16, 17, 17A, 34A, 34B","arr":["2","15","15A","16","17","17A","34A","34B"],"mode":"bus","angle":-1.9,"extra":1,"ei":3,"l0":"2, ","c0":"#05617d","l1":"15, ","c1":"#10a5d2","l2":"15A, ","c2":"#126804","l3":"16, ","c3":"#6b5806","l4":"17, ","c4":"#b20b42","l5":"17A, ","c5":"#9789ff","l6":"34A, ","c6":"#07ad80","l7":"34B","c7":"#e47e2b"},"geometry":{"type":"Point","coordinates":[21.913495,43.329181]}},{"type":"Feature","properties":{"lines":"2, 15, 15A, 16, 17, 17A, 34A, 34B","arr":["2","15","15A","16","17","17A","34A","34B"],"mode":"bus","angle":-2.6,"side":-1,"extra":1,"ei":4,"l0":"2, ","c0":"#05617d","l1":"15, ","c1":"#10a5d2","l2":"15A, ","c2":"#126804","l3":"16, ","c3":"#6b5806","l4":"17, ","c4":"#b20b42","l5":"17A, ","c5":"#9789ff","l6":"34A, ","c6":"#07ad80","l7":"34B","c7":"#e47e2b"},"geometry":{"type":"Point","coordinates":[21.910903,43.329097]}},{"type":"Feature","properties":{"lines":"2, 15, 15A, 16, 17, 17A, 34A, 34B","arr":["2","15","15A","16","17","17A","34A","34B"],"mode":"bus","angle":-19.6,"mi":1,"l0":"2, ","c0":"#05617d","l1":"15, ","c1":"#10a5d2","l2":"15A, ","c2":"#126804","l3":"16, ","c3":"#6b5806","l4":"17, ","c4":"#b20b42","l5":"17A, ","c5":"#9789ff","l6":"34A, ","c6":"#07ad80","l7":"34B","c7":"#e47e2b"},"geometry":{"type":"Point","coordinates":[21.908708,43.328713]}},{"type":"Feature","properties":{"lines":"2, 15, 15A, 16, 17, 17A, 34A, 34B","arr":["2","15","15A","16","17","17A","34A","34B"],"mode":"bus","angle":-4.3,"extra":1,"ei":0,"l0":"2, ","c0":"#05617d","l1":"15, ","c1":"#10a5d2","l2":"15A, ","c2":"#126804","l3":"16, ","c3":"#6b5806","l4":"17, ","c4":"#b20b42","l5":"17A, ","c5":"#9789ff","l6":"34A, ","c6":"#07ad80","l7":"34B","c7":"#e47e2b"},"geometry":{"type":"Point","coordinates":[21.910378,43.329088]}},{"type":"Feature","properties":{"lines":"2, 5, 14, 14A, 15, 15A, 16, 17, 17A, 34A, 34B","arr":["2","5","14","14A","15","15A","16","17","17A","34A","34B"],"mode":"bus","angle":-15.4,"l0":"2, ","c0":"#05617d","l1":"5, ","c1":"#4d4aba","l2":"14, ","c2":"#ff5e9b","l3":"14A, ","c3":"#79a620","l4":"15, ","c4":"#10a5d2","l5":"15A, ","c5":"#126804","l6":"16, ","c6":"#6b5806","l7":"17, ","c7":"#b20b42","l8":"17A, ","c8":"#9789ff","l9":"34A, ","c9":"#07ad80","l10":"34B","c10":"#e47e2b"},"geometry":{"type":"Point","coordinates":[21.904848,43.327804]}},{"type":"Feature","properties":{"lines":"2, 5, 14, 14A, 15, 15A, 16, 17A, 34A","arr":["2","5","14","14A","15","15A","16","17A","34A"],"mode":"bus","angle":-12,"l0":"2, ","c0":"#05617d","l1":"5, ","c1":"#4d4aba","l2":"14, ","c2":"#ff5e9b","l3":"14A, ","c3":"#79a620","l4":"15, ","c4":"#10a5d2","l5":"15A, ","c5":"#126804","l6":"16, ","c6":"#6b5806","l7":"17A, ","c7":"#9789ff","l8":"34A","c8":"#07ad80"},"geometry":{"type":"Point","coordinates":[21.903129,43.327458]}},{"type":"Feature","properties":{"lines":"2, 5, 14, 15A","arr":["2","5","14","15A"],"mode":"bus","angle":88.6,"l0":"2, ","c0":"#05617d","l1":"5, ","c1":"#4d4aba","l2":"14, ","c2":"#ff5e9b","l3":"15A","c3":"#126804"},"geometry":{"type":"Point","coordinates":[21.902884,43.326514]}},{"type":"Feature","properties":{"lines":"2, 5, 14, 15A","arr":["2","5","14","15A"],"mode":"bus","angle":88.6,"mi":1,"l0":"2, ","c0":"#05617d","l1":"5, ","c1":"#4d4aba","l2":"14, ","c2":"#ff5e9b","l3":"15A","c3":"#126804"},"geometry":{"type":"Point","coordinates":[21.902943,43.325184]}},{"type":"Feature","properties":{"lines":"2, 5, 6, 11, 14, 15A","arr":["2","5","6","11","14","15A"],"mode":"bus","angle":-69.7,"l0":"2, ","c0":"#05617d","l1":"5, ","c1":"#4d4aba","l2":"6, ","c2":"#119efc","l3":"11, ","c3":"#ab0377","l4":"14, ","c4":"#ff5e9b","l5":"15A","c5":"#126804"},"geometry":{"type":"Point","coordinates":[21.902121,43.323457]}},{"type":"Feature","properties":{"lines":"2, 5, 6, 11, 13, 14, 15A","arr":["2","5","6","11","13","14","15A"],"mode":"bus","angle":-66.5,"l0":"2, ","c0":"#05617d","l1":"5, ","c1":"#4d4aba","l2":"6, ","c2":"#119efc","l3":"11, ","c3":"#ab0377","l4":"13, ","c4":"#a72d06","l5":"14, ","c5":"#ff5e9b","l6":"15A","c6":"#126804"},"geometry":{"type":"Point","coordinates":[21.901723,43.322692]}},{"type":"Feature","properties":{"lines":"2, 5, 6, 11, 13, 14, 15A","arr":["2","5","6","11","13","14","15A"],"mode":"bus","angle":-64.9,"mi":1,"l0":"2, ","c0":"#05617d","l1":"5, ","c1":"#4d4aba","l2":"6, ","c2":"#119efc","l3":"11, ","c3":"#ab0377","l4":"13, ","c4":"#a72d06","l5":"14, ","c5":"#ff5e9b","l6":"15A","c6":"#126804"},"geometry":{"type":"Point","coordinates":[21.900653,43.320902]}},{"type":"Feature","properties":{"lines":"2, 4, 8, 24","arr":["2","4","8","24"],"mode":"bus","angle":-58.8,"l0":"2, ","c0":"#05617d","l1":"4, ","c1":"#e16cd6","l2":"8, ","c2":"#119efc","l3":"24","c3":"#a72d06"},"geometry":{"type":"Point","coordinates":[21.889775,43.316787]}},{"type":"Feature","properties":{"lines":"2, 4, 8, 24, 35","arr":["2","4","8","24","35"],"mode":"bus","angle":-4.4,"l0":"2, ","c0":"#05617d","l1":"4, ","c1":"#e16cd6","l2":"8, ","c2":"#119efc","l3":"24, ","c3":"#a72d06","l4":"35","c4":"#79a620"},"geometry":{"type":"Point","coordinates":[21.887865,43.315895]}},{"type":"Feature","properties":{"lines":"2, 4, 8, 24, 35","arr":["2","4","8","24","35"],"mode":"bus","angle":-4.9,"extra":1,"ei":0,"l0":"2, ","c0":"#05617d","l1":"4, ","c1":"#e16cd6","l2":"8, ","c2":"#119efc","l3":"24, ","c3":"#a72d06","l4":"35","c4":"#79a620"},"geometry":{"type":"Point","coordinates":[21.885534,43.315753]}},{"type":"Feature","properties":{"lines":"2, 4, 8, 24, 35","arr":["2","4","8","24","35"],"mode":"bus","angle":-8.7,"extra":1,"ei":1,"l0":"2, ","c0":"#05617d","l1":"4, ","c1":"#e16cd6","l2":"8, ","c2":"#119efc","l3":"24, ","c3":"#a72d06","l4":"35","c4":"#79a620"},"geometry":{"type":"Point","coordinates":[21.890709,43.316032]}},{"type":"Feature","properties":{"lines":"2, 4, 8, 24, 35","arr":["2","4","8","24","35"],"mode":"bus","angle":-42.2,"mi":2,"l0":"2, ","c0":"#05617d","l1":"4, ","c1":"#e16cd6","l2":"8, ","c2":"#119efc","l3":"24, ","c3":"#a72d06","l4":"35","c4":"#79a620"},"geometry":{"type":"Point","coordinates":[21.878138,43.312673]}},{"type":"Feature","properties":{"lines":"2, 4, 8, 24, 34A, 34B, 35","arr":["2","4","8","24","34A","34B","35"],"mode":"bus","angle":-35.3,"l0":"2, ","c0":"#05617d","l1":"4, ","c1":"#e16cd6","l2":"8, ","c2":"#119efc","l3":"24, ","c3":"#a72d06","l4":"34A, ","c4":"#07ad80","l5":"34B, ","c5":"#e47e2b","l6":"35","c6":"#79a620"},"geometry":{"type":"Point","coordinates":[21.882564,43.315206]}},{"type":"Feature","properties":{"lines":"2, 4, 8, 24, 34A, 34B, 35","arr":["2","4","8","24","34A","34B","35"],"mode":"bus","angle":-34.5,"mi":1,"l0":"2, ","c0":"#05617d","l1":"4, ","c1":"#e16cd6","l2":"8, ","c2":"#119efc","l3":"24, ","c3":"#a72d06","l4":"34A, ","c4":"#07ad80","l5":"34B, ","c5":"#e47e2b","l6":"35","c6":"#79a620"},"geometry":{"type":"Point","coordinates":[21.879915,43.313694]}},{"type":"Feature","properties":{"lines":"2, 4","arr":["2","4"],"mode":"bus","angle":-81.9,"side":-1,"l0":"2, ","c0":"#05617d","l1":"4","c1":"#e16cd6"},"geometry":{"type":"Point","coordinates":[21.876753,43.311341]}},{"type":"Feature","properties":{"lines":"2, 4, 8, 24, 35","arr":["2","4","8","24","35"],"mode":"bus","angle":-82.8,"mi":1,"l0":"2, ","c0":"#05617d","l1":"4, ","c1":"#e16cd6","l2":"8, ","c2":"#119efc","l3":"24, ","c3":"#a72d06","l4":"35","c4":"#79a620"},"geometry":{"type":"Point","coordinates":[21.891542,43.316898]}},{"type":"Feature","properties":{"lines":"2, 5, 13, 14, 500","arr":["2","5","13","14","500"],"mode":"bus","angle":-70.5,"side":-1,"l0":"2, ","c0":"#05617d","l1":"5, ","c1":"#4d4aba","l2":"13, ","c2":"#a72d06","l3":"14, ","c3":"#ff5e9b","l4":"500","c4":"#b59607"},"geometry":{"type":"Point","coordinates":[21.900748,43.32088]}},{"type":"Feature","properties":{"lines":"2, 5, 14, 15, 15A, 16, 17, 17A, 34B","arr":["2","5","14","15","15A","16","17","17A","34B"],"mode":"bus","angle":-35.6,"side":-1,"l0":"2, ","c0":"#05617d","l1":"5, ","c1":"#4d4aba","l2":"14, ","c2":"#ff5e9b","l3":"15, ","c3":"#10a5d2","l4":"15A, ","c4":"#126804","l5":"16, ","c5":"#6b5806","l6":"17, ","c6":"#b20b42","l7":"17A, ","c7":"#9789ff","l8":"34B","c8":"#e47e2b"},"geometry":{"type":"Point","coordinates":[21.903164,43.327385]}},{"type":"Feature","properties":{"lines":"2, 15, 16, 17, 17A","arr":["2","15","16","17","17A"],"mode":"bus","angle":-0.2,"side":-1,"l0":"2, ","c0":"#05617d","l1":"15, ","c1":"#10a5d2","l2":"16, ","c2":"#6b5806","l3":"17, ","c3":"#b20b42","l4":"17A","c4":"#9789ff"},"geometry":{"type":"Point","coordinates":[21.936565,43.329758]}},{"type":"Feature","properties":{"lines":"2, 16, 17, 17A","arr":["2","16","17","17A"],"mode":"bus","angle":-2.1,"side":-1,"mi":6,"l0":"2, ","c0":"#05617d","l1":"16, ","c1":"#6b5806","l2":"17, ","c2":"#b20b42","l3":"17A","c3":"#9789ff"},"geometry":{"type":"Point","coordinates":[21.937915,43.329783]}},{"type":"Feature","properties":{"lines":"17","arr":["17"],"mode":"bus","angle":7.6,"l0":"17","c0":"#b20b42"},"geometry":{"type":"Point","coordinates":[22.0422,43.352909]}},{"type":"Feature","properties":{"lines":"17","arr":["17"],"mode":"bus","angle":-62.4,"extra":1,"ei":0,"l0":"17","c0":"#b20b42"},"geometry":{"type":"Point","coordinates":[22.039278,43.348541]}},{"type":"Feature","properties":{"lines":"17","arr":["17"],"mode":"bus","angle":-70.7,"extra":1,"ei":1,"l0":"17","c0":"#b20b42"},"geometry":{"type":"Point","coordinates":[22.040414,43.350236]}},{"type":"Feature","properties":{"lines":"17","arr":["17"],"mode":"bus","angle":-75.5,"extra":1,"ei":2,"l0":"17","c0":"#b20b42"},"geometry":{"type":"Point","coordinates":[22.041059,43.352057]}},{"type":"Feature","properties":{"lines":"17","arr":["17"],"mode":"bus","angle":31.9,"extra":1,"ei":3,"l0":"17","c0":"#b20b42"},"geometry":{"type":"Point","coordinates":[22.045317,43.351816]}},{"type":"Feature","properties":{"lines":"17","arr":["17"],"mode":"bus","angle":6.8,"extra":1,"ei":4,"l0":"17","c0":"#b20b42"},"geometry":{"type":"Point","coordinates":[22.047734,43.35167]}},{"type":"Feature","properties":{"lines":"2, 16, 17, 17A","arr":["2","16","17","17A"],"mode":"bus","angle":-8.6,"mi":1,"l0":"2, ","c0":"#05617d","l1":"16, ","c1":"#6b5806","l2":"17, ","c2":"#b20b42","l3":"17A","c3":"#9789ff"},"geometry":{"type":"Point","coordinates":[21.968007,43.326496]}},{"type":"Feature","properties":{"lines":"2, 16, 17, 17A","arr":["2","16","17","17A"],"mode":"bus","angle":-18.9,"mi":4,"l0":"2, ","c0":"#05617d","l1":"16, ","c1":"#6b5806","l2":"17, ","c2":"#b20b42","l3":"17A","c3":"#9789ff"},"geometry":{"type":"Point","coordinates":[21.973351,43.325273]}},{"type":"Feature","properties":{"lines":"2, 16, 17, 17A","arr":["2","16","17","17A"],"mode":"bus","angle":29.7,"mi":2,"l0":"2, ","c0":"#05617d","l1":"16, ","c1":"#6b5806","l2":"17, ","c2":"#b20b42","l3":"17A","c3":"#9789ff"},"geometry":{"type":"Point","coordinates":[21.970444,43.325104]}},{"type":"Feature","properties":{"lines":"2, 16, 17, 17A","arr":["2","16","17","17A"],"mode":"bus","angle":-7.4,"mi":7,"l0":"2, ","c0":"#05617d","l1":"16, ","c1":"#6b5806","l2":"17, ","c2":"#b20b42","l3":"17A","c3":"#9789ff"},"geometry":{"type":"Point","coordinates":[21.98378,43.326385]}},{"type":"Feature","properties":{"lines":"2, 16, 17, 17A","arr":["2","16","17","17A"],"mode":"bus","angle":-0.4,"extra":1,"ei":0,"l0":"2, ","c0":"#05617d","l1":"16, ","c1":"#6b5806","l2":"17, ","c2":"#b20b42","l3":"17A","c3":"#9789ff"},"geometry":{"type":"Point","coordinates":[21.976104,43.325463]}},{"type":"Feature","properties":{"lines":"2, 16, 17, 17A","arr":["2","16","17","17A"],"mode":"bus","angle":-22.9,"extra":1,"ei":1,"l0":"2, ","c0":"#05617d","l1":"16, ","c1":"#6b5806","l2":"17, ","c2":"#b20b42","l3":"17A","c3":"#9789ff"},"geometry":{"type":"Point","coordinates":[21.978633,43.325586]}},{"type":"Feature","properties":{"lines":"2, 16, 17, 17A","arr":["2","16","17","17A"],"mode":"bus","angle":-15.3,"extra":1,"ei":2,"l0":"2, ","c0":"#05617d","l1":"16, ","c1":"#6b5806","l2":"17, ","c2":"#b20b42","l3":"17A","c3":"#9789ff"},"geometry":{"type":"Point","coordinates":[21.980875,43.326497]}},{"type":"Feature","properties":{"lines":"2, 16, 17, 17A","arr":["2","16","17","17A"],"mode":"bus","angle":-0.9,"extra":1,"ei":3,"l0":"2, ","c0":"#05617d","l1":"16, ","c1":"#6b5806","l2":"17, ","c2":"#b20b42","l3":"17A","c3":"#9789ff"},"geometry":{"type":"Point","coordinates":[21.985818,43.326885]}},{"type":"Feature","properties":{"lines":"2, 16, 17, 17A","arr":["2","16","17","17A"],"mode":"bus","angle":-2.7,"extra":1,"ei":4,"l0":"2, ","c0":"#05617d","l1":"16, ","c1":"#6b5806","l2":"17, ","c2":"#b20b42","l3":"17A","c3":"#9789ff"},"geometry":{"type":"Point","coordinates":[21.988398,43.327025]}},{"type":"Feature","properties":{"lines":"2, 16, 17, 17A","arr":["2","16","17","17A"],"mode":"bus","angle":-29.5,"extra":1,"ei":5,"l0":"2, ","c0":"#05617d","l1":"16, ","c1":"#6b5806","l2":"17, ","c2":"#b20b42","l3":"17A","c3":"#9789ff"},"geometry":{"type":"Point","coordinates":[21.990793,43.327684]}},{"type":"Feature","properties":{"lines":"16, 17","arr":["16","17"],"mode":"bus","angle":79.1,"l0":"16, ","c0":"#6b5806","l1":"17","c1":"#b20b42"},"geometry":{"type":"Point","coordinates":[21.994111,43.323135]}},{"type":"Feature","properties":{"lines":"16, 17","arr":["16","17"],"mode":"bus","angle":38,"mi":2,"l0":"16, ","c0":"#6b5806","l1":"17","c1":"#b20b42"},"geometry":{"type":"Point","coordinates":[21.993312,43.326968]}},{"type":"Feature","properties":{"lines":"16, 17","arr":["16","17"],"mode":"bus","angle":-64.2,"extra":1,"ei":0,"l0":"16, ","c0":"#6b5806","l1":"17","c1":"#b20b42"},"geometry":{"type":"Point","coordinates":[21.994109,43.325929]}},{"type":"Feature","properties":{"lines":"16, 17","arr":["16","17"],"mode":"bus","angle":-52,"extra":1,"ei":1,"l0":"16, ","c0":"#6b5806","l1":"17","c1":"#b20b42"},"geometry":{"type":"Point","coordinates":[21.991985,43.321305]}},{"type":"Feature","properties":{"lines":"2, 17A","arr":["2","17A"],"mode":"bus","angle":-62,"l0":"2, ","c0":"#05617d","l1":"17A","c1":"#9789ff"},"geometry":{"type":"Point","coordinates":[21.993759,43.328635]}},{"type":"Feature","properties":{"lines":"4","arr":["4"],"mode":"bus","angle":87.9,"mi":6,"l0":"4","c0":"#e16cd6"},"geometry":{"type":"Point","coordinates":[21.937389,43.32654]}},{"type":"Feature","properties":{"lines":"4","arr":["4"],"mode":"bus","angle":87.9,"extra":1,"ei":0,"l0":"4","c0":"#e16cd6"},"geometry":{"type":"Point","coordinates":[21.937505,43.324258]}},{"type":"Feature","properties":{"lines":"4","arr":["4"],"mode":"bus","angle":88.1,"extra":1,"ei":1,"l0":"4","c0":"#e16cd6"},"geometry":{"type":"Point","coordinates":[21.93732,43.328032]}},{"type":"Feature","properties":{"lines":"2, 4","arr":["2","4"],"mode":"bus","angle":87.9,"side":-1,"l0":"2, ","c0":"#05617d","l1":"4","c1":"#e16cd6"},"geometry":{"type":"Point","coordinates":[21.93724,43.326551]}},{"type":"Feature","properties":{"lines":"2, 4","arr":["2","4"],"mode":"bus","angle":88.2,"side":-1,"extra":1,"ei":0,"l0":"2, ","c0":"#05617d","l1":"4","c1":"#e16cd6"},"geometry":{"type":"Point","coordinates":[21.937128,43.328818]}},{"type":"Feature","properties":{"lines":"2, 4","arr":["2","4"],"mode":"bus","angle":87.8,"side":-1,"extra":1,"ei":1,"l0":"2, ","c0":"#05617d","l1":"4","c1":"#e16cd6"},"geometry":{"type":"Point","coordinates":[21.937318,43.325044]}},{"type":"Feature","properties":{"lines":"2, 6","arr":["2","6"],"mode":"bus","angle":4.1,"l0":"2, ","c0":"#05617d","l1":"6","c1":"#119efc"},"geometry":{"type":"Point","coordinates":[21.941983,43.32257]}},{"type":"Feature","properties":{"lines":"2, 6","arr":["2","6"],"mode":"bus","angle":12.2,"extra":1,"ei":0,"l0":"2, ","c0":"#05617d","l1":"6","c1":"#119efc"},"geometry":{"type":"Point","coordinates":[21.938814,43.323091]}},{"type":"Feature","properties":{"lines":"2, 6","arr":["2","6"],"mode":"bus","angle":1.9,"extra":1,"ei":1,"l0":"2, ","c0":"#05617d","l1":"6","c1":"#119efc"},"geometry":{"type":"Point","coordinates":[21.943878,43.322494]}},{"type":"Feature","properties":{"lines":"2, 6","arr":["2","6"],"mode":"bus","angle":2.5,"extra":1,"ei":2,"l0":"2, ","c0":"#05617d","l1":"6","c1":"#119efc"},"geometry":{"type":"Point","coordinates":[21.946472,43.322421]}},{"type":"Feature","properties":{"lines":"2, 6","arr":["2","6"],"mode":"bus","angle":-86.9,"mi":1,"l0":"2, ","c0":"#05617d","l1":"6","c1":"#119efc"},"geometry":{"type":"Point","coordinates":[21.946627,43.32413]}},{"type":"Feature","properties":{"lines":"5, 14","arr":["5","14"],"mode":"bus","angle":81.4,"l0":"5, ","c0":"#4d4aba","l1":"14","c1":"#ff5e9b"},"geometry":{"type":"Point","coordinates":[21.906617,43.328448]}},{"type":"Feature","properties":{"lines":"3, 29, 32, 32A, 34A, 34B, 39","arr":["3","29","32","32A","34A","34B","39"],"mode":"bus","angle":46.6,"l0":"3, ","c0":"#ff627e","l1":"29, ","c1":"#0357b2","l2":"32, ","c2":"#446303","l3":"32A, ","c3":"#a72d06","l4":"34A, ","c4":"#07ad80","l5":"34B, ","c5":"#e47e2b","l6":"39","c6":"#ab0377"},"geometry":{"type":"Point","coordinates":[21.873137,43.340406]}},{"type":"Feature","properties":{"lines":"3, 29, 32, 32A, 34A, 34B, 39","arr":["3","29","32","32A","34A","34B","39"],"mode":"bus","angle":46.6,"extra":1,"ei":0,"l0":"3, ","c0":"#ff627e","l1":"29, ","c1":"#0357b2","l2":"32, ","c2":"#446303","l3":"32A, ","c3":"#a72d06","l4":"34A, ","c4":"#07ad80","l5":"34B, ","c5":"#e47e2b","l6":"39","c6":"#ab0377"},"geometry":{"type":"Point","coordinates":[21.871627,43.341569]}},{"type":"Feature","properties":{"lines":"3, 29, 32, 32A, 34A, 34B, 39","arr":["3","29","32","32A","34A","34B","39"],"mode":"bus","angle":46.8,"extra":1,"ei":1,"l0":"3, ","c0":"#ff627e","l1":"29, ","c1":"#0357b2","l2":"32, ","c2":"#446303","l3":"32A, ","c3":"#a72d06","l4":"34A, ","c4":"#07ad80","l5":"34B, ","c5":"#e47e2b","l6":"39","c6":"#ab0377"},"geometry":{"type":"Point","coordinates":[21.875185,43.338819]}},{"type":"Feature","properties":{"lines":"3, 28B, 29, 32, 32A, 34A, 34B, 39","arr":["3","28B","29","32","32A","34A","34B","39"],"mode":"bus","angle":46.5,"side":-1,"l0":"3, ","c0":"#ff627e","l1":"28B, ","c1":"#10a5d2","l2":"29, ","c2":"#0357b2","l3":"32, ","c3":"#446303","l4":"32A, ","c4":"#a72d06","l5":"34A, ","c5":"#07ad80","l6":"34B, ","c6":"#e47e2b","l7":"39","c7":"#ab0377"},"geometry":{"type":"Point","coordinates":[21.873068,43.34035]}},{"type":"Feature","properties":{"lines":"3, 28B, 29, 32, 32A, 34A, 34B, 39","arr":["3","28B","29","32","32A","34A","34B","39"],"mode":"bus","angle":46.8,"mi":1,"l0":"3, ","c0":"#ff627e","l1":"28B, ","c1":"#10a5d2","l2":"29, ","c2":"#0357b2","l3":"32, ","c3":"#446303","l4":"32A, ","c4":"#a72d06","l5":"34A, ","c5":"#07ad80","l6":"34B, ","c6":"#e47e2b","l7":"39","c7":"#ab0377"},"geometry":{"type":"Point","coordinates":[21.869199,43.343449]}},{"type":"Feature","properties":{"lines":"3, 28B, 29, 32, 32A, 34A, 34B, 39","arr":["3","28B","29","32","32A","34A","34B","39"],"mode":"bus","angle":48.1,"extra":1,"ei":0,"l0":"3, ","c0":"#ff627e","l1":"28B, ","c1":"#10a5d2","l2":"29, ","c2":"#0357b2","l3":"32, ","c3":"#446303","l4":"32A, ","c4":"#a72d06","l5":"34A, ","c5":"#07ad80","l6":"34B, ","c6":"#e47e2b","l7":"39","c7":"#ab0377"},"geometry":{"type":"Point","coordinates":[21.868078,43.344325]}},{"type":"Feature","properties":{"lines":"3, 28B, 29, 32, 32A, 34A, 34B, 39","arr":["3","28B","29","32","32A","34A","34B","39"],"mode":"bus","angle":46.6,"side":-1,"extra":1,"ei":0,"l0":"3, ","c0":"#ff627e","l1":"28B, ","c1":"#10a5d2","l2":"29, ","c2":"#0357b2","l3":"32, ","c3":"#446303","l4":"32A, ","c4":"#a72d06","l5":"34A, ","c5":"#07ad80","l6":"34B, ","c6":"#e47e2b","l7":"39","c7":"#ab0377"},"geometry":{"type":"Point","coordinates":[21.871547,43.341518]}},{"type":"Feature","properties":{"lines":"3, 28B, 29, 32, 32A, 34A, 34B, 39","arr":["3","28B","29","32","32A","34A","34B","39"],"mode":"bus","angle":46.3,"side":-1,"extra":1,"ei":1,"l0":"3, ","c0":"#ff627e","l1":"28B, ","c1":"#10a5d2","l2":"29, ","c2":"#0357b2","l3":"32, ","c3":"#446303","l4":"32A, ","c4":"#a72d06","l5":"34A, ","c5":"#07ad80","l6":"34B, ","c6":"#e47e2b","l7":"39","c7":"#ab0377"},"geometry":{"type":"Point","coordinates":[21.875117,43.338777]}},{"type":"Feature","properties":{"lines":"3, 29, 32A, 34A, 34B, 39","arr":["3","29","32A","34A","34B","39"],"mode":"bus","angle":46.4,"side":-1,"l0":"3, ","c0":"#ff627e","l1":"29, ","c1":"#0357b2","l2":"32A, ","c2":"#a72d06","l3":"34A, ","c3":"#07ad80","l4":"34B, ","c4":"#e47e2b","l5":"39","c5":"#ab0377"},"geometry":{"type":"Point","coordinates":[21.869296,43.343266]}},{"type":"Feature","properties":{"lines":"3, 9, 28B, 29, 30, 31, 32, 32A, 34A, 34B, 39","arr":["3","9","28B","29","30","31","32","32A","34A","34B","39"],"mode":"bus","angle":46.7,"side":-1,"l0":"3, ","c0":"#ff627e","l1":"9, ","c1":"#999f01","l2":"28B, ","c2":"#10a5d2","l3":"29, ","c3":"#0357b2","l4":"30, ","c4":"#c17aef","l5":"31, ","c5":"#03636c","l6":"32, ","c6":"#446303","l7":"32A, ","c7":"#a72d06","l8":"34A, ","c8":"#07ad80","l9":"34B, ","c9":"#e47e2b","l10":"39","c10":"#ab0377"},"geometry":{"type":"Point","coordinates":[21.876851,43.337442]}},{"type":"Feature","properties":{"lines":"3, 9, 28B, 29, 30, 31, 32, 32A, 34A, 34B, 39","arr":["3","9","28B","29","30","31","32","32A","34A","34B","39"],"mode":"bus","angle":46.7,"side":-1,"extra":1,"ei":0,"l0":"3, ","c0":"#ff627e","l1":"9, ","c1":"#999f01","l2":"28B, ","c2":"#10a5d2","l3":"29, ","c3":"#0357b2","l4":"30, ","c4":"#c17aef","l5":"31, ","c5":"#03636c","l6":"32, ","c6":"#446303","l7":"32A, ","c7":"#a72d06","l8":"34A, ","c8":"#07ad80","l9":"34B, ","c9":"#e47e2b","l10":"39","c10":"#ab0377"},"geometry":{"type":"Point","coordinates":[21.878155,43.336436]}},{"type":"Feature","properties":{"lines":"3, 9, 28B, 29, 30, 31, 32, 32A, 34A, 34B","arr":["3","9","28B","29","30","31","32","32A","34A","34B"],"mode":"bus","angle":46.3,"side":-1,"l0":"3, ","c0":"#ff627e","l1":"9, ","c1":"#999f01","l2":"28B, ","c2":"#10a5d2","l3":"29, ","c3":"#0357b2","l4":"30, ","c4":"#c17aef","l5":"31, ","c5":"#03636c","l6":"32, ","c6":"#446303","l7":"32A, ","c7":"#a72d06","l8":"34A, ","c8":"#07ad80","l9":"34B","c9":"#e47e2b"},"geometry":{"type":"Point","coordinates":[21.880217,43.334827]}},{"type":"Feature","properties":{"lines":"3, 9, 28B, 29, 30, 31, 32, 32A, 34A, 34B","arr":["3","9","28B","29","30","31","32","32A","34A","34B"],"mode":"bus","angle":47.2,"side":-1,"extra":1,"ei":0,"l0":"3, ","c0":"#ff627e","l1":"9, ","c1":"#999f01","l2":"28B, ","c2":"#10a5d2","l3":"29, ","c3":"#0357b2","l4":"30, ","c4":"#c17aef","l5":"31, ","c5":"#03636c","l6":"32, ","c6":"#446303","l7":"32A, ","c7":"#a72d06","l8":"34A, ","c8":"#07ad80","l9":"34B","c9":"#e47e2b"},"geometry":{"type":"Point","coordinates":[21.879101,43.335695]}},{"type":"Feature","properties":{"lines":"3, 9, 29, 30, 31, 32, 32A, 34A, 34B, 39","arr":["3","9","29","30","31","32","32A","34A","34B","39"],"mode":"bus","angle":46.2,"side":-1,"mi":1,"l0":"3, ","c0":"#ff627e","l1":"9, ","c1":"#999f01","l2":"29, ","c2":"#0357b2","l3":"30, ","c3":"#c17aef","l4":"31, ","c4":"#03636c","l5":"32, ","c5":"#446303","l6":"32A, ","c6":"#a72d06","l7":"34A, ","c7":"#07ad80","l8":"34B, ","c8":"#e47e2b","l9":"39","c9":"#ab0377"},"geometry":{"type":"Point","coordinates":[21.88529,43.330918]}},{"type":"Feature","properties":{"lines":"3, 9, 29, 30, 31, 32, 32A, 34A, 34B, 39","arr":["3","9","29","30","31","32","32A","34A","34B","39"],"mode":"bus","angle":46.7,"l0":"3, ","c0":"#ff627e","l1":"9, ","c1":"#999f01","l2":"29, ","c2":"#0357b2","l3":"30, ","c3":"#c17aef","l4":"31, ","c4":"#03636c","l5":"32, ","c5":"#446303","l6":"32A, ","c6":"#a72d06","l7":"34A, ","c7":"#07ad80","l8":"34B, ","c8":"#e47e2b","l9":"39","c9":"#ab0377"},"geometry":{"type":"Point","coordinates":[21.877227,43.337253]}},{"type":"Feature","properties":{"lines":"3, 9, 29, 30, 31, 32, 32A, 34A, 34B, 39","arr":["3","9","29","30","31","32","32A","34A","34B","39"],"mode":"bus","angle":46.8,"side":-1,"extra":1,"ei":0,"l0":"3, ","c0":"#ff627e","l1":"9, ","c1":"#999f01","l2":"29, ","c2":"#0357b2","l3":"30, ","c3":"#c17aef","l4":"31, ","c4":"#03636c","l5":"32, ","c5":"#446303","l6":"32A, ","c6":"#a72d06","l7":"34A, ","c7":"#07ad80","l8":"34B, ","c8":"#e47e2b","l9":"39","c9":"#ab0377"},"geometry":{"type":"Point","coordinates":[21.883123,43.33259]}},{"type":"Feature","properties":{"lines":"3, 9, 29, 30, 31, 32, 32A, 34A, 34B, 39","arr":["3","9","29","30","31","32","32A","34A","34B","39"],"mode":"bus","angle":54,"side":-1,"extra":1,"ei":1,"l0":"3, ","c0":"#ff627e","l1":"9, ","c1":"#999f01","l2":"29, ","c2":"#0357b2","l3":"30, ","c3":"#c17aef","l4":"31, ","c4":"#03636c","l5":"32, ","c5":"#446303","l6":"32A, ","c6":"#a72d06","l7":"34A, ","c7":"#07ad80","l8":"34B, ","c8":"#e47e2b","l9":"39","c9":"#ab0377"},"geometry":{"type":"Point","coordinates":[21.886617,43.329801]}},{"type":"Feature","properties":{"lines":"3, 9, 12, 14A, 15, 16, 17, 17A, 28B, 29, 30, 31, 32, 32A, 34B, 39, 5000, 5001, 5002, 5004, 5005, 6000, 7000","arr":["3","9","12","14A","15","16","17","17A","28B","29","30","31","32","32A","34B","39","5000","5001","5002","5004","5005","6000","7000"],"mode":"bus","angle":56.7,"l0":"3, ","c0":"#ff627e","l1":"9, ","c1":"#999f01","l2":"12, ","c2":"#076734","l3":"14A, ","c3":"#79a620","l4":"15, ","c4":"#10a5d2","l5":"16, ","c5":"#6b5806","l6":"17, ","c6":"#b20b42","l7":"17A, ","c7":"#9789ff","l8":"28B, ","c8":"#10a5d2","l9":"29, ","c9":"#0357b2","l10":"30, ","c10":"#c17aef","l11":"31, ","c11":"#03636c","l12":"32, ","c12":"#446303","l13":"32A, ","c13":"#a72d06","l14":"34B, ","c14":"#e47e2b","l15":"39, ","c15":"#ab0377","l16":"5000, ","c16":"#11a2e3","l17":"5001, ","c17":"#04664a","l18":"5002, ","c18":"#066559","l19":"5004, ","c19":"#992492","l20":"5005, ","c20":"#dc357c","l21":"6000, ","c21":"#df375f","l22":"7000","c22":"#da4243"},"geometry":{"type":"Point","coordinates":[21.88902,43.327229]}},{"type":"Feature","properties":{"lines":"3, 7, 9, 12, 14, 14A, 19, 20, 20A, 21, 21A, 22, 23, 23B, 23K, 23L, 24, 25, 26, 27A, 28, 29A, 33, 33P, 34A, 34B, 35, 36A","arr":["3","7","9","12","14","14A","19","20","20A","21","21A","22","23","23B","23K","23L","24","25","26","27A","28","29A","33","33P","34A","34B","35","36A"],"mode":"bus","angle":-87.2,"l0":"3, ","c0":"#ff627e","l1":"7, ","c1":"#4d4aba","l2":"9, ","c2":"#999f01","l3":"12, ","c3":"#076734","l4":"14, ","c4":"#ff5e9b","l5":"14A, ","c5":"#79a620","l6":"19, ","c6":"#19a9a8","l7":"20, ","c7":"#b0045c","l8":"20A, ","c8":"#7c5001","l9":"21, ","c9":"#79a620","l10":"21A, ","c10":"#4d4aba","l11":"22, ","c11":"#095d97","l12":"23, ","c12":"#999f01","l13":"23B, ","c13":"#f661b9","l14":"23K, ","c14":"#126804","l15":"23L, ","c15":"#19a9a8","l16":"24, ","c16":"#a72d06","l17":"25, ","c17":"#148978","l18":"26, ","c18":"#ff627e","l19":"27A, ","c19":"#ff627e","l20":"28, ","c20":"#19a9a8","l21":"29A, ","c21":"#a72d06","l22":"33, ","c22":"#b11526","l23":"33P, ","c23":"#5a5d02","l24":"34A, ","c24":"#07ad80","l25":"34B, ","c25":"#e47e2b","l26":"35, ","c26":"#79a620","l27":"36A","c27":"#be4bb5"},"geometry":{"type":"Point","coordinates":[21.89018,43.324837]}},{"type":"Feature","properties":{"lines":"3, 7, 9, 12, 14, 14A, 15, 16, 17, 17A, 18, 19, 20, 20A, 21, 21A, 22, 23, 23B, 23K, 23L, 24, 25, 26, 27A, 27B, 28, 28A, 29A, 33, 33P, 34A, 34B, 35, 36A, 37","arr":["3","7","9","12","14","14A","15","16","17","17A","18","19","20","20A","21","21A","22","23","23B","23K","23L","24","25","26","27A","27B","28","28A","29A","33","33P","34A","34B","35","36A","37"],"mode":"bus","angle":-88.9,"l0":"3, ","c0":"#ff627e","l1":"7, ","c1":"#4d4aba","l2":"9, ","c2":"#999f01","l3":"12, ","c3":"#076734","l4":"14, ","c4":"#ff5e9b","l5":"14A, ","c5":"#79a620","l6":"15, ","c6":"#10a5d2","l7":"16, ","c7":"#6b5806","l8":"17, ","c8":"#b20b42","l9":"17A, ","c9":"#9789ff","l10":"18, ","c10":"#03636c","l11":"19, ","c11":"#19a9a8","l12":"20, ","c12":"#b0045c","l13":"20A, ","c13":"#7c5001","l14":"21, ","c14":"#79a620","l15":"21A, ","c15":"#4d4aba","l16":"22, ","c16":"#095d97","l17":"23, ","c17":"#999f01","l18":"23B, ","c18":"#f661b9","l19":"23K, ","c19":"#126804","l20":"23L, ","c20":"#19a9a8","l21":"24, ","c21":"#a72d06","l22":"25, ","c22":"#148978","l23":"26, ","c23":"#ff627e","l24":"27A, ","c24":"#ff627e","l25":"27B, ","c25":"#cf8a11","l26":"28, ","c26":"#19a9a8","l27":"28A, ","c27":"#126804","l28":"29A, ","c28":"#a72d06","l29":"33, ","c29":"#b11526","l30":"33P, ","c30":"#5a5d02","l31":"34A, ","c31":"#07ad80","l32":"34B, ","c32":"#e47e2b","l33":"35, ","c33":"#79a620","l34":"36A, ","c34":"#be4bb5","l35":"37","c35":"#126804"},"geometry":{"type":"Point","coordinates":[21.890132,43.323617]}},{"type":"Feature","properties":{"lines":"3, 7, 9, 12, 14, 18, 19, 20, 20A, 21, 21A, 22, 23, 23B, 23K, 23L, 24, 25, 26, 27A, 27B, 28, 28A, 29A, 33, 33P, 34A, 34B, 35, 36A, 37","arr":["3","7","9","12","14","18","19","20","20A","21","21A","22","23","23B","23K","23L","24","25","26","27A","27B","28","28A","29A","33","33P","34A","34B","35","36A","37"],"mode":"bus","angle":74.5,"mi":2,"l0":"3, ","c0":"#ff627e","l1":"7, ","c1":"#4d4aba","l2":"9, ","c2":"#999f01","l3":"12, ","c3":"#076734","l4":"14, ","c4":"#ff5e9b","l5":"18, ","c5":"#03636c","l6":"19, ","c6":"#19a9a8","l7":"20, ","c7":"#b0045c","l8":"20A, ","c8":"#7c5001","l9":"21, ","c9":"#79a620","l10":"21A, ","c10":"#4d4aba","l11":"22, ","c11":"#095d97","l12":"23, ","c12":"#999f01","l13":"23B, ","c13":"#f661b9","l14":"23K, ","c14":"#126804","l15":"23L, ","c15":"#19a9a8","l16":"24, ","c16":"#a72d06","l17":"25, ","c17":"#148978","l18":"26, ","c18":"#ff627e","l19":"27A, ","c19":"#ff627e","l20":"27B, ","c20":"#cf8a11","l21":"28, ","c21":"#19a9a8","l22":"28A, ","c22":"#126804","l23":"29A, ","c23":"#a72d06","l24":"33, ","c24":"#b11526","l25":"33P, ","c25":"#5a5d02","l26":"34A, ","c26":"#07ad80","l27":"34B, ","c27":"#e47e2b","l28":"35, ","c28":"#79a620","l29":"36A, ","c29":"#be4bb5","l30":"37","c30":"#126804"},"geometry":{"type":"Point","coordinates":[21.890339,43.322318]}},{"type":"Feature","properties":{"lines":"3, 7, 9, 12, 14, 18, 19, 20, 20A, 21, 21A, 22, 23, 23B, 23K, 23L, 24, 25, 26, 27A, 27B, 28, 28A, 29A, 33, 33P, 34A, 34B, 35, 36A, 37","arr":["3","7","9","12","14","18","19","20","20A","21","21A","22","23","23B","23K","23L","24","25","26","27A","27B","28","28A","29A","33","33P","34A","34B","35","36A","37"],"mode":"bus","angle":74.7,"l0":"3, ","c0":"#ff627e","l1":"7, ","c1":"#4d4aba","l2":"9, ","c2":"#999f01","l3":"12, ","c3":"#076734","l4":"14, ","c4":"#ff5e9b","l5":"18, ","c5":"#03636c","l6":"19, ","c6":"#19a9a8","l7":"20, ","c7":"#b0045c","l8":"20A, ","c8":"#7c5001","l9":"21, ","c9":"#79a620","l10":"21A, ","c10":"#4d4aba","l11":"22, ","c11":"#095d97","l12":"23, ","c12":"#999f01","l13":"23B, ","c13":"#f661b9","l14":"23K, ","c14":"#126804","l15":"23L, ","c15":"#19a9a8","l16":"24, ","c16":"#a72d06","l17":"25, ","c17":"#148978","l18":"26, ","c18":"#ff627e","l19":"27A, ","c19":"#ff627e","l20":"27B, ","c20":"#cf8a11","l21":"28, ","c21":"#19a9a8","l22":"28A, ","c22":"#126804","l23":"29A, ","c23":"#a72d06","l24":"33, ","c24":"#b11526","l25":"33P, ","c25":"#5a5d02","l26":"34A, ","c26":"#07ad80","l27":"34B, ","c27":"#e47e2b","l28":"35, ","c28":"#79a620","l29":"36A, ","c29":"#be4bb5","l30":"37","c30":"#126804"},"geometry":{"type":"Point","coordinates":[21.890664,43.321411]}},{"type":"Feature","properties":{"lines":"3, 7, 9, 12, 14, 18, 19, 20, 20A, 21, 21A, 22, 23, 23B, 23K, 23L, 24, 25, 26, 27A, 27B, 28, 28A, 29A, 33, 33P, 34A, 34B, 35, 36A, 37","arr":["3","7","9","12","14","18","19","20","20A","21","21A","22","23","23B","23K","23L","24","25","26","27A","27B","28","28A","29A","33","33P","34A","34B","35","36A","37"],"mode":"bus","angle":74.7,"mi":1,"l0":"3, ","c0":"#ff627e","l1":"7, ","c1":"#4d4aba","l2":"9, ","c2":"#999f01","l3":"12, ","c3":"#076734","l4":"14, ","c4":"#ff5e9b","l5":"18, ","c5":"#03636c","l6":"19, ","c6":"#19a9a8","l7":"20, ","c7":"#b0045c","l8":"20A, ","c8":"#7c5001","l9":"21, ","c9":"#79a620","l10":"21A, ","c10":"#4d4aba","l11":"22, ","c11":"#095d97","l12":"23, ","c12":"#999f01","l13":"23B, ","c13":"#f661b9","l14":"23K, ","c14":"#126804","l15":"23L, ","c15":"#19a9a8","l16":"24, ","c16":"#a72d06","l17":"25, ","c17":"#148978","l18":"26, ","c18":"#ff627e","l19":"27A, ","c19":"#ff627e","l20":"27B, ","c20":"#cf8a11","l21":"28, ","c21":"#19a9a8","l22":"28A, ","c22":"#126804","l23":"29A, ","c23":"#a72d06","l24":"33, ","c24":"#b11526","l25":"33P, ","c25":"#5a5d02","l26":"34A, ","c26":"#07ad80","l27":"34B, ","c27":"#e47e2b","l28":"35, ","c28":"#79a620","l29":"36A, ","c29":"#be4bb5","l30":"37","c30":"#126804"},"geometry":{"type":"Point","coordinates":[21.890934,43.320695]}},{"type":"Feature","properties":{"lines":"3","arr":["3"],"mode":"bus","angle":87.6,"mi":1,"l0":"3","c0":"#ff627e"},"geometry":{"type":"Point","coordinates":[21.965906,43.306911]}},{"type":"Feature","properties":{"lines":"3","arr":["3"],"mode":"bus","angle":76.5,"extra":1,"ei":0,"l0":"3","c0":"#ff627e"},"geometry":{"type":"Point","coordinates":[21.965759,43.308214]}},{"type":"Feature","properties":{"lines":"3","arr":["3"],"mode":"bus","angle":-60.4,"side":-1,"mi":3,"l0":"3","c0":"#ff627e"},"geometry":{"type":"Point","coordinates":[21.965998,43.308506]}},{"type":"Feature","properties":{"lines":"3","arr":["3"],"mode":"bus","angle":-47.1,"l0":"3","c0":"#ff627e"},"geometry":{"type":"Point","coordinates":[21.965891,43.305549]}},{"type":"Feature","properties":{"lines":"3","arr":["3"],"mode":"bus","angle":-87.3,"side":-1,"mi":4,"l0":"3","c0":"#ff627e"},"geometry":{"type":"Point","coordinates":[21.955439,43.299382]}},{"type":"Feature","properties":{"lines":"3","arr":["3"],"mode":"bus","angle":-60.7,"mi":2,"l0":"3","c0":"#ff627e"},"geometry":{"type":"Point","coordinates":[21.956715,43.303086]}},{"type":"Feature","properties":{"lines":"3","arr":["3"],"mode":"bus","angle":-64.6,"extra":1,"ei":0,"l0":"3","c0":"#ff627e"},"geometry":{"type":"Point","coordinates":[21.959777,43.305376]}},{"type":"Feature","properties":{"lines":"3","arr":["3"],"mode":"bus","angle":-48.4,"extra":1,"ei":1,"l0":"3","c0":"#ff627e"},"geometry":{"type":"Point","coordinates":[21.95817,43.303903]}},{"type":"Feature","properties":{"lines":"3","arr":["3"],"mode":"bus","angle":-72.1,"extra":1,"ei":2,"l0":"3","c0":"#ff627e"},"geometry":{"type":"Point","coordinates":[21.955025,43.301116]}},{"type":"Feature","properties":{"lines":"3","arr":["3"],"mode":"bus","angle":-87.2,"extra":1,"ei":3,"l0":"3","c0":"#ff627e"},"geometry":{"type":"Point","coordinates":[21.955207,43.299302]}},{"type":"Feature","properties":{"lines":"3, 7, 9, 28B, 29, 30, 31, 32, 32A, 34A, 34B, 39, 5000, 5001, 5002, 5004, 5005, 6000, 7000","arr":["3","7","9","28B","29","30","31","32","32A","34A","34B","39","5000","5001","5002","5004","5005","6000","7000"],"mode":"bus","angle":57.1,"l0":"3, ","c0":"#ff627e","l1":"7, ","c1":"#4d4aba","l2":"9, ","c2":"#999f01","l3":"28B, ","c3":"#10a5d2","l4":"29, ","c4":"#0357b2","l5":"30, ","c5":"#c17aef","l6":"31, ","c6":"#03636c","l7":"32, ","c7":"#446303","l8":"32A, ","c8":"#a72d06","l9":"34A, ","c9":"#07ad80","l10":"34B, ","c10":"#e47e2b","l11":"39, ","c11":"#ab0377","l12":"5000, ","c12":"#11a2e3","l13":"5001, ","c13":"#04664a","l14":"5002, ","c14":"#066559","l15":"5004, ","c15":"#992492","l16":"5005, ","c16":"#dc357c","l17":"6000, ","c17":"#df375f","l18":"7000","c18":"#da4243"},"geometry":{"type":"Point","coordinates":[21.886998,43.329532]}},{"type":"Feature","properties":{"lines":"3, 9, 28B, 29, 30, 31, 32, 32A, 34A, 34B, 39, 5000, 5001, 5002, 5004, 5005, 6000, 7000","arr":["3","9","28B","29","30","31","32","32A","34A","34B","39","5000","5001","5002","5004","5005","6000","7000"],"mode":"bus","angle":46.8,"l0":"3, ","c0":"#ff627e","l1":"9, ","c1":"#999f01","l2":"28B, ","c2":"#10a5d2","l3":"29, ","c3":"#0357b2","l4":"30, ","c4":"#c17aef","l5":"31, ","c5":"#03636c","l6":"32, ","c6":"#446303","l7":"32A, ","c7":"#a72d06","l8":"34A, ","c8":"#07ad80","l9":"34B, ","c9":"#e47e2b","l10":"39, ","c10":"#ab0377","l11":"5000, ","c11":"#11a2e3","l12":"5001, ","c12":"#04664a","l13":"5002, ","c13":"#066559","l14":"5004, ","c14":"#992492","l15":"5005, ","c15":"#dc357c","l16":"6000, ","c16":"#df375f","l17":"7000","c17":"#da4243"},"geometry":{"type":"Point","coordinates":[21.884057,43.331973]}},{"type":"Feature","properties":{"lines":"3, 9, 29, 30, 31, 32, 32A, 34A, 34B, 39, 5000, 5001, 5002, 5004, 5005, 6000, 7000","arr":["3","9","29","30","31","32","32A","34A","34B","39","5000","5001","5002","5004","5005","6000","7000"],"mode":"bus","angle":46.7,"l0":"3, ","c0":"#ff627e","l1":"9, ","c1":"#999f01","l2":"29, ","c2":"#0357b2","l3":"30, ","c3":"#c17aef","l4":"31, ","c4":"#03636c","l5":"32, ","c5":"#446303","l6":"32A, ","c6":"#a72d06","l7":"34A, ","c7":"#07ad80","l8":"34B, ","c8":"#e47e2b","l9":"39, ","c9":"#ab0377","l10":"5000, ","c10":"#11a2e3","l11":"5001, ","c11":"#04664a","l12":"5002, ","c12":"#066559","l13":"5004, ","c13":"#992492","l14":"5005, ","c14":"#dc357c","l15":"6000, ","c15":"#df375f","l16":"7000","c16":"#da4243"},"geometry":{"type":"Point","coordinates":[21.881859,43.333674]}},{"type":"Feature","properties":{"lines":"3, 9, 29, 30, 31, 32, 32A, 34A, 34B, 39, 5000","arr":["3","9","29","30","31","32","32A","34A","34B","39","5000"],"mode":"bus","angle":46.4,"l0":"3, ","c0":"#ff627e","l1":"9, ","c1":"#999f01","l2":"29, ","c2":"#0357b2","l3":"30, ","c3":"#c17aef","l4":"31, ","c4":"#03636c","l5":"32, ","c5":"#446303","l6":"32A, ","c6":"#a72d06","l7":"34A, ","c7":"#07ad80","l8":"34B, ","c8":"#e47e2b","l9":"39, ","c9":"#ab0377","l10":"5000","c10":"#11a2e3"},"geometry":{"type":"Point","coordinates":[21.880163,43.334979]}},{"type":"Feature","properties":{"lines":"3, 7, 9, 12, 30, 31, 32, 32A, 34A, 39","arr":["3","7","9","12","30","31","32","32A","34A","39"],"mode":"bus","angle":57.3,"side":-1,"l0":"3, ","c0":"#ff627e","l1":"7, ","c1":"#4d4aba","l2":"9, ","c2":"#999f01","l3":"12, ","c3":"#076734","l4":"30, ","c4":"#c17aef","l5":"31, ","c5":"#03636c","l6":"32, ","c6":"#446303","l7":"32A, ","c7":"#a72d06","l8":"34A, ","c8":"#07ad80","l9":"39","c9":"#ab0377"},"geometry":{"type":"Point","coordinates":[21.888393,43.327804]}},{"type":"Feature","properties":{"lines":"3, 7, 9, 12, 30, 32A, 34A","arr":["3","7","9","12","30","32A","34A"],"mode":"bus","angle":58.1,"side":-1,"l0":"3, ","c0":"#ff627e","l1":"7, ","c1":"#4d4aba","l2":"9, ","c2":"#999f01","l3":"12, ","c3":"#076734","l4":"30, ","c4":"#c17aef","l5":"32A, ","c5":"#a72d06","l6":"34A","c6":"#07ad80"},"geometry":{"type":"Point","coordinates":[21.889381,43.326676]}},{"type":"Feature","properties":{"lines":"3, 34A, 34B","arr":["3","34A","34B"],"mode":"bus","angle":-55.2,"l0":"3, ","c0":"#ff627e","l1":"34A, ","c1":"#07ad80","l2":"34B","c2":"#e47e2b"},"geometry":{"type":"Point","coordinates":[21.866331,43.343379]}},{"type":"Feature","properties":{"lines":"3, 34A, 34B","arr":["3","34A","34B"],"mode":"bus","angle":-57.4,"extra":1,"ei":0,"l0":"3, ","c0":"#ff627e","l1":"34A, ","c1":"#07ad80","l2":"34B","c2":"#e47e2b"},"geometry":{"type":"Point","coordinates":[21.865285,43.342234]}},{"type":"Feature","properties":{"lines":"34A, 34B","arr":["34A","34B"],"mode":"bus","angle":-67.2,"mi":1,"l0":"34A, ","c0":"#07ad80","l1":"34B","c1":"#e47e2b"},"geometry":{"type":"Point","coordinates":[21.864143,43.340666]}},{"type":"Feature","properties":{"lines":"34A, 34B","arr":["34A","34B"],"mode":"bus","angle":23.1,"mi":2,"l0":"34A, ","c0":"#07ad80","l1":"34B","c1":"#e47e2b"},"geometry":{"type":"Point","coordinates":[21.865347,43.338965]}},{"type":"Feature","properties":{"lines":"3","arr":["3"],"mode":"bus","angle":20.4,"l0":"3","c0":"#ff627e"},"geometry":{"type":"Point","coordinates":[21.861749,43.343128]}},{"type":"Feature","properties":{"lines":"3","arr":["3"],"mode":"bus","angle":20.9,"extra":1,"ei":0,"l0":"3","c0":"#ff627e"},"geometry":{"type":"Point","coordinates":[21.864012,43.342501]}},{"type":"Feature","properties":{"lines":"3","arr":["3"],"mode":"bus","angle":30.3,"extra":1,"ei":1,"l0":"3","c0":"#ff627e"},"geometry":{"type":"Point","coordinates":[21.859192,43.343896]}},{"type":"Feature","properties":{"lines":"4","arr":["4"],"mode":"bus","angle":-1.4,"mi":5,"l0":"4","c0":"#e16cd6"},"geometry":{"type":"Point","coordinates":[21.940736,43.335585]}},{"type":"Feature","properties":{"lines":"4","arr":["4"],"mode":"bus","angle":88.1,"mi":1,"l0":"4","c0":"#e16cd6"},"geometry":{"type":"Point","coordinates":[21.940369,43.334262]}},{"type":"Feature","properties":{"lines":"4","arr":["4"],"mode":"bus","angle":12.6,"side":-1,"mi":2,"l0":"4","c0":"#e16cd6"},"geometry":{"type":"Point","coordinates":[21.940126,43.3344]}},{"type":"Feature","properties":{"lines":"4","arr":["4"],"mode":"bus","angle":13.6,"mi":3,"l0":"4","c0":"#e16cd6"},"geometry":{"type":"Point","coordinates":[21.938131,43.334731]}},{"type":"Feature","properties":{"lines":"4, 15, 15A","arr":["4","15","15A"],"mode":"bus","angle":87.9,"side":-1,"l0":"4, ","c0":"#e16cd6","l1":"15, ","c1":"#10a5d2","l2":"15A","c2":"#126804"},"geometry":{"type":"Point","coordinates":[21.936964,43.332318]}},{"type":"Feature","properties":{"lines":"4, 15, 15A","arr":["4","15","15A"],"mode":"bus","angle":87.1,"side":-1,"extra":1,"ei":0,"l0":"4, ","c0":"#e16cd6","l1":"15, ","c1":"#10a5d2","l2":"15A","c2":"#126804"},"geometry":{"type":"Point","coordinates":[21.936873,43.333859]}},{"type":"Feature","properties":{"lines":"4, 15, 15A","arr":["4","15","15A"],"mode":"bus","angle":88.2,"side":-1,"extra":1,"ei":1,"l0":"4, ","c0":"#e16cd6","l1":"15, ","c1":"#10a5d2","l2":"15A","c2":"#126804"},"geometry":{"type":"Point","coordinates":[21.937076,43.330085]}},{"type":"Feature","properties":{"lines":"4, 6","arr":["4","6"],"mode":"bus","angle":-81.8,"side":-1,"l0":"4, ","c0":"#e16cd6","l1":"6","c1":"#119efc"},"geometry":{"type":"Point","coordinates":[21.937305,43.32213]}},{"type":"Feature","properties":{"lines":"4","arr":["4"],"mode":"bus","angle":41.9,"mi":7,"l0":"4","c0":"#e16cd6"},"geometry":{"type":"Point","coordinates":[21.931978,43.323038]}},{"type":"Feature","properties":{"lines":"4","arr":["4"],"mode":"bus","angle":15.6,"extra":1,"ei":0,"l0":"4","c0":"#e16cd6"},"geometry":{"type":"Point","coordinates":[21.935497,43.321167]}},{"type":"Feature","properties":{"lines":"4","arr":["4"],"mode":"bus","angle":43.5,"extra":1,"ei":1,"l0":"4","c0":"#e16cd6"},"geometry":{"type":"Point","coordinates":[21.933333,43.32214]}},{"type":"Feature","properties":{"lines":"4","arr":["4"],"mode":"bus","angle":-22.1,"extra":1,"ei":2,"l0":"4","c0":"#e16cd6"},"geometry":{"type":"Point","coordinates":[21.928983,43.323687]}},{"type":"Feature","properties":{"lines":"6, 11","arr":["6","11"],"mode":"bus","angle":-24.3,"side":-1,"l0":"6, ","c0":"#119efc","l1":"11","c1":"#ab0377"},"geometry":{"type":"Point","coordinates":[21.922816,43.321322]}},{"type":"Feature","properties":{"lines":"6, 11","arr":["6","11"],"mode":"bus","angle":-28.5,"extra":1,"ei":0,"l0":"6, ","c0":"#119efc","l1":"11","c1":"#ab0377"},"geometry":{"type":"Point","coordinates":[21.925382,43.322377]}},{"type":"Feature","properties":{"lines":"6, 11","arr":["6","11"],"mode":"bus","angle":-56.1,"extra":1,"ei":1,"l0":"6, ","c0":"#119efc","l1":"11","c1":"#ab0377"},"geometry":{"type":"Point","coordinates":[21.920952,43.320497]}},{"type":"Feature","properties":{"lines":"4, 6, 34A, 34B","arr":["4","6","34A","34B"],"mode":"bus","angle":45,"side":-1,"l0":"4, ","c0":"#e16cd6","l1":"6, ","c1":"#119efc","l2":"34A, ","c2":"#07ad80","l3":"34B","c3":"#e47e2b"},"geometry":{"type":"Point","coordinates":[21.926942,43.322588]}},{"type":"Feature","properties":{"lines":"4, 6, 11, 34A, 34B","arr":["4","6","11","34A","34B"],"mode":"bus","angle":63.4,"l0":"4, ","c0":"#e16cd6","l1":"6, ","c1":"#119efc","l2":"11, ","c2":"#ab0377","l3":"34A, ","c3":"#07ad80","l4":"34B","c4":"#e47e2b"},"geometry":{"type":"Point","coordinates":[21.928232,43.320822]}},{"type":"Feature","properties":{"lines":"4, 34A, 34B","arr":["4","34A","34B"],"mode":"bus","angle":-82.2,"l0":"4, ","c0":"#e16cd6","l1":"34A, ","c1":"#07ad80","l2":"34B","c2":"#e47e2b"},"geometry":{"type":"Point","coordinates":[21.928586,43.316461]}},{"type":"Feature","properties":{"lines":"4, 34A, 34B","arr":["4","34A","34B"],"mode":"bus","angle":-82.9,"extra":1,"ei":0,"l0":"4, ","c0":"#e16cd6","l1":"34A, ","c1":"#07ad80","l2":"34B","c2":"#e47e2b"},"geometry":{"type":"Point","coordinates":[21.928268,43.314694]}},{"type":"Feature","properties":{"lines":"4, 34A, 34B","arr":["4","34A","34B"],"mode":"bus","angle":-82.4,"extra":1,"ei":1,"l0":"4, ","c0":"#e16cd6","l1":"34A, ","c1":"#07ad80","l2":"34B","c2":"#e47e2b"},"geometry":{"type":"Point","coordinates":[21.928963,43.318437]}},{"type":"Feature","properties":{"lines":"4, 34B","arr":["4","34B"],"mode":"bus","angle":-12.5,"l0":"4, ","c0":"#e16cd6","l1":"34B","c1":"#e47e2b"},"geometry":{"type":"Point","coordinates":[21.927816,43.31368]}},{"type":"Feature","properties":{"lines":"4, 13, 34A","arr":["4","13","34A"],"mode":"bus","angle":87.6,"l0":"4, ","c0":"#e16cd6","l1":"13, ","c1":"#a72d06","l2":"34A","c2":"#07ad80"},"geometry":{"type":"Point","coordinates":[21.927704,43.312737]}},{"type":"Feature","properties":{"lines":"4, 6, 11","arr":["4","6","11"],"mode":"bus","angle":68.8,"l0":"4, ","c0":"#e16cd6","l1":"6, ","c1":"#119efc","l2":"11","c2":"#ab0377"},"geometry":{"type":"Point","coordinates":[21.927001,43.322611]}},{"type":"Feature","properties":{"lines":"4, 6","arr":["4","6"],"mode":"bus","angle":19.2,"side":-1,"mi":1,"l0":"4, ","c0":"#e16cd6","l1":"6","c1":"#119efc"},"geometry":{"type":"Point","coordinates":[21.936432,43.320876]}},{"type":"Feature","properties":{"lines":"4, 15","arr":["4","15"],"mode":"bus","angle":87.7,"l0":"4, ","c0":"#e16cd6","l1":"15","c1":"#10a5d2"},"geometry":{"type":"Point","coordinates":[21.937153,43.331438]}},{"type":"Feature","properties":{"lines":"4","arr":["4"],"mode":"bus","angle":2.6,"l0":"4","c0":"#e16cd6"},"geometry":{"type":"Point","coordinates":[21.938737,43.333024]}},{"type":"Feature","properties":{"lines":"4","arr":["4"],"mode":"bus","angle":88.4,"mi":4,"l0":"4","c0":"#e16cd6"},"geometry":{"type":"Point","coordinates":[21.941207,43.334818]}},{"type":"Feature","properties":{"lines":"5, 14, 14A, 34A","arr":["5","14","14A","34A"],"mode":"bus","angle":-25.7,"l0":"5, ","c0":"#4d4aba","l1":"14, ","c1":"#ff5e9b","l2":"14A, ","c2":"#79a620","l3":"34A","c3":"#07ad80"},"geometry":{"type":"Point","coordinates":[21.906516,43.328451]}},{"type":"Feature","properties":{"lines":"5, 14, 14A","arr":["5","14","14A"],"mode":"bus","angle":-71.9,"l0":"5, ","c0":"#4d4aba","l1":"14, ","c1":"#ff5e9b","l2":"14A","c2":"#79a620"},"geometry":{"type":"Point","coordinates":[21.908004,43.331543]}},{"type":"Feature","properties":{"lines":"5, 14, 14A","arr":["5","14","14A"],"mode":"bus","angle":-71.2,"extra":1,"ei":0,"l0":"5, ","c0":"#4d4aba","l1":"14, ","c1":"#ff5e9b","l2":"14A","c2":"#79a620"},"geometry":{"type":"Point","coordinates":[21.906968,43.329388]}},{"type":"Feature","properties":{"lines":"5, 14, 14A","arr":["5","14","14A"],"mode":"bus","angle":-71.3,"extra":1,"ei":1,"l0":"5, ","c0":"#4d4aba","l1":"14, ","c1":"#ff5e9b","l2":"14A","c2":"#79a620"},"geometry":{"type":"Point","coordinates":[21.90864,43.332963]}},{"type":"Feature","properties":{"lines":"5","arr":["5"],"mode":"bus","angle":-2.1,"mi":2,"l0":"5","c0":"#4d4aba"},"geometry":{"type":"Point","coordinates":[21.929035,43.335668]}},{"type":"Feature","properties":{"lines":"5","arr":["5"],"mode":"bus","angle":6.3,"side":-1,"mi":1,"l0":"5","c0":"#4d4aba"},"geometry":{"type":"Point","coordinates":[21.913602,43.334131]}},{"type":"Feature","properties":{"lines":"5","arr":["5"],"mode":"bus","angle":-23.2,"l0":"5","c0":"#4d4aba"},"geometry":{"type":"Point","coordinates":[21.919921,43.334862]}},{"type":"Feature","properties":{"lines":"5","arr":["5"],"mode":"bus","angle":6.2,"side":-1,"extra":1,"ei":0,"l0":"5","c0":"#4d4aba"},"geometry":{"type":"Point","coordinates":[21.910828,43.334343]}},{"type":"Feature","properties":{"lines":"5","arr":["5"],"mode":"bus","angle":6.3,"side":-1,"extra":1,"ei":1,"l0":"5","c0":"#4d4aba"},"geometry":{"type":"Point","coordinates":[21.915988,43.333939]}},{"type":"Feature","properties":{"lines":"5","arr":["5"],"mode":"bus","angle":-16.2,"side":-1,"extra":1,"ei":0,"l0":"5","c0":"#4d4aba"},"geometry":{"type":"Point","coordinates":[21.92153,43.33521]}},{"type":"Feature","properties":{"lines":"5","arr":["5"],"mode":"bus","angle":-1.8,"side":-1,"extra":1,"ei":0,"l0":"5","c0":"#4d4aba"},"geometry":{"type":"Point","coordinates":[21.923689,43.335427]}},{"type":"Feature","properties":{"lines":"5","arr":["5"],"mode":"bus","angle":-1.8,"side":-1,"extra":1,"ei":1,"l0":"5","c0":"#4d4aba"},"geometry":{"type":"Point","coordinates":[21.926283,43.335487]}},{"type":"Feature","properties":{"lines":"5","arr":["5"],"mode":"bus","angle":-1.7,"side":-1,"extra":1,"ei":2,"l0":"5","c0":"#4d4aba"},"geometry":{"type":"Point","coordinates":[21.93147,43.335619]}},{"type":"Feature","properties":{"lines":"5","arr":["5"],"mode":"bus","angle":13.3,"side":-1,"extra":1,"ei":3,"l0":"5","c0":"#4d4aba"},"geometry":{"type":"Point","coordinates":[21.934034,43.335389]}},{"type":"Feature","properties":{"lines":"6, 11","arr":["6","11"],"mode":"bus","angle":-25.5,"mi":1,"l0":"6, ","c0":"#119efc","l1":"11","c1":"#ab0377"},"geometry":{"type":"Point","coordinates":[21.903938,43.32435]}},{"type":"Feature","properties":{"lines":"6, 11","arr":["6","11"],"mode":"bus","angle":30.4,"l0":"6, ","c0":"#119efc","l1":"11","c1":"#ab0377"},"geometry":{"type":"Point","coordinates":[21.907276,43.324798]}},{"type":"Feature","properties":{"lines":"6, 11, 13","arr":["6","11","13"],"mode":"bus","angle":33,"side":-1,"l0":"6, ","c0":"#119efc","l1":"11, ","c1":"#ab0377","l2":"13","c2":"#a72d06"},"geometry":{"type":"Point","coordinates":[21.916126,43.320625]}},{"type":"Feature","properties":{"lines":"6, 11, 13","arr":["6","11","13"],"mode":"bus","angle":31,"side":-1,"mi":1,"l0":"6, ","c0":"#119efc","l1":"11, ","c1":"#ab0377","l2":"13","c2":"#a72d06"},"geometry":{"type":"Point","coordinates":[21.910835,43.323068]}},{"type":"Feature","properties":{"lines":"6, 11, 13","arr":["6","11","13"],"mode":"bus","angle":35.4,"side":-1,"extra":1,"ei":0,"l0":"6, ","c0":"#119efc","l1":"11, ","c1":"#ab0377","l2":"13","c2":"#a72d06"},"geometry":{"type":"Point","coordinates":[21.912464,43.322333]}},{"type":"Feature","properties":{"lines":"6, 11, 13","arr":["6","11","13"],"mode":"bus","angle":33,"side":-1,"extra":1,"ei":0,"l0":"6, ","c0":"#119efc","l1":"11, ","c1":"#ab0377","l2":"13","c2":"#a72d06"},"geometry":{"type":"Point","coordinates":[21.913848,43.3217]}},{"type":"Feature","properties":{"lines":"6, 11, 13","arr":["6","11","13"],"mode":"bus","angle":31.3,"side":-1,"extra":1,"ei":1,"l0":"6, ","c0":"#119efc","l1":"11, ","c1":"#ab0377","l2":"13","c2":"#a72d06"},"geometry":{"type":"Point","coordinates":[21.918228,43.319675]}},{"type":"Feature","properties":{"lines":"6, 11, 13","arr":["6","11","13"],"mode":"bus","angle":38,"extra":1,"ei":0,"l0":"6, ","c0":"#119efc","l1":"11, ","c1":"#ab0377","l2":"13","c2":"#a72d06"},"geometry":{"type":"Point","coordinates":[21.909251,43.323943]}},{"type":"Feature","properties":{"lines":"6, 11","arr":["6","11"],"mode":"bus","angle":8.3,"mi":1,"l0":"6, ","c0":"#119efc","l1":"11","c1":"#ab0377"},"geometry":{"type":"Point","coordinates":[21.932292,43.319115]}},{"type":"Feature","properties":{"lines":"6, 11","arr":["6","11"],"mode":"bus","angle":-2,"extra":1,"ei":0,"l0":"6, ","c0":"#119efc","l1":"11","c1":"#ab0377"},"geometry":{"type":"Point","coordinates":[21.930408,43.319191]}},{"type":"Feature","properties":{"lines":"6","arr":["6"],"mode":"bus","angle":-76.5,"mi":1,"l0":"6","c0":"#119efc"},"geometry":{"type":"Point","coordinates":[21.935784,43.319903]}},{"type":"Feature","properties":{"lines":"6, 13","arr":["6","13"],"mode":"bus","angle":32,"side":-1,"l0":"6, ","c0":"#119efc","l1":"13","c1":"#a72d06"},"geometry":{"type":"Point","coordinates":[21.907201,43.324731]}},{"type":"Feature","properties":{"lines":"6","arr":["6"],"mode":"bus","angle":0.5,"mi":4,"l0":"6","c0":"#119efc"},"geometry":{"type":"Point","coordinates":[21.946312,43.325843]}},{"type":"Feature","properties":{"lines":"6","arr":["6"],"mode":"bus","angle":-88.3,"mi":3,"l0":"6","c0":"#119efc"},"geometry":{"type":"Point","coordinates":[21.945732,43.324148]}},{"type":"Feature","properties":{"lines":"6","arr":["6"],"mode":"bus","angle":-77.2,"l0":"6","c0":"#119efc"},"geometry":{"type":"Point","coordinates":[21.936557,43.31966]}},{"type":"Feature","properties":{"lines":"6","arr":["6"],"mode":"bus","angle":12.2,"mi":2,"l0":"6","c0":"#119efc"},"geometry":{"type":"Point","coordinates":[21.935832,43.318669]}},{"type":"Feature","properties":{"lines":"34B","arr":["34B"],"mode":"bus","angle":65.9,"side":-1,"l0":"34B","c0":"#e47e2b"},"geometry":{"type":"Point","coordinates":[21.926134,43.323853]}},{"type":"Feature","properties":{"lines":"6","arr":["6"],"mode":"bus","angle":20.8,"l0":"6","c0":"#119efc"},"geometry":{"type":"Point","coordinates":[21.908872,43.324342]}},{"type":"Feature","properties":{"lines":"6, 13","arr":["6","13"],"mode":"bus","angle":-24.8,"side":-1,"mi":1,"l0":"6, ","c0":"#119efc","l1":"13","c1":"#a72d06"},"geometry":{"type":"Point","coordinates":[21.904045,43.324303]}},{"type":"Feature","properties":{"lines":"7","arr":["7"],"mode":"bus","angle":31.4,"mi":3,"l0":"7","c0":"#4d4aba"},"geometry":{"type":"Point","coordinates":[21.884535,43.306214]}},{"type":"Feature","properties":{"lines":"7","arr":["7"],"mode":"bus","angle":53.2,"l0":"7","c0":"#4d4aba"},"geometry":{"type":"Point","coordinates":[21.885336,43.308349]}},{"type":"Feature","properties":{"lines":"7","arr":["7"],"mode":"bus","angle":-80.7,"extra":1,"ei":0,"l0":"7","c0":"#4d4aba"},"geometry":{"type":"Point","coordinates":[21.886393,43.306279]}},{"type":"Feature","properties":{"lines":"7","arr":["7"],"mode":"bus","angle":51.1,"extra":1,"ei":1,"l0":"7","c0":"#4d4aba"},"geometry":{"type":"Point","coordinates":[21.884042,43.309531]}},{"type":"Feature","properties":{"lines":"7","arr":["7"],"mode":"bus","angle":1.9,"mi":1,"l0":"7","c0":"#4d4aba"},"geometry":{"type":"Point","coordinates":[21.885821,43.310984]}},{"type":"Feature","properties":{"lines":"7","arr":["7"],"mode":"bus","angle":-85,"mi":2,"l0":"7","c0":"#4d4aba"},"geometry":{"type":"Point","coordinates":[21.888199,43.312062]}},{"type":"Feature","properties":{"lines":"7, 34A, 34B","arr":["7","34A","34B"],"mode":"bus","angle":20,"l0":"7, ","c0":"#4d4aba","l1":"34A, ","c1":"#07ad80","l2":"34B","c2":"#e47e2b"},"geometry":{"type":"Point","coordinates":[21.889657,43.312482]}},{"type":"Feature","properties":{"lines":"7, 34A, 34B","arr":["7","34A","34B"],"mode":"bus","angle":-0.6,"mi":1,"l0":"7, ","c0":"#4d4aba","l1":"34A, ","c1":"#07ad80","l2":"34B","c2":"#e47e2b"},"geometry":{"type":"Point","coordinates":[21.892317,43.312064]}},{"type":"Feature","properties":{"lines":"7, 9, 12, 34A, 34B","arr":["7","9","12","34A","34B"],"mode":"bus","angle":-74.5,"l0":"7, ","c0":"#4d4aba","l1":"9, ","c1":"#999f01","l2":"12, ","c2":"#076734","l3":"34A, ","c3":"#07ad80","l4":"34B","c4":"#e47e2b"},"geometry":{"type":"Point","coordinates":[21.893903,43.312283]}},{"type":"Feature","properties":{"lines":"7, 8, 9, 12","arr":["7","8","9","12"],"mode":"bus","angle":-78,"mi":3,"l0":"7, ","c0":"#4d4aba","l1":"8, ","c1":"#119efc","l2":"9, ","c2":"#999f01","l3":"12","c3":"#076734"},"geometry":{"type":"Point","coordinates":[21.894309,43.313757]}},{"type":"Feature","properties":{"lines":"7, 8, 9, 12","arr":["7","8","9","12"],"mode":"bus","angle":87.2,"l0":"7, ","c0":"#4d4aba","l1":"8, ","c1":"#119efc","l2":"9, ","c2":"#999f01","l3":"12","c3":"#076734"},"geometry":{"type":"Point","coordinates":[21.894615,43.315969]}},{"type":"Feature","properties":{"lines":"7, 8, 9, 12","arr":["7","8","9","12"],"mode":"bus","angle":-10.1,"mi":1,"l0":"7, ","c0":"#4d4aba","l1":"8, ","c1":"#119efc","l2":"9, ","c2":"#999f01","l3":"12","c3":"#076734"},"geometry":{"type":"Point","coordinates":[21.894017,43.316852]}},{"type":"Feature","properties":{"lines":"7, 8, 9, 12","arr":["7","8","9","12"],"mode":"bus","angle":32.3,"side":-1,"mi":2,"l0":"7, ","c0":"#4d4aba","l1":"8, ","c1":"#119efc","l2":"9, ","c2":"#999f01","l3":"12","c3":"#076734"},"geometry":{"type":"Point","coordinates":[21.8927,43.317181]}},{"type":"Feature","properties":{"lines":"7","arr":["7"],"mode":"bus","angle":15.9,"l0":"7","c0":"#4d4aba"},"geometry":{"type":"Point","coordinates":[21.88053,43.330996]}},{"type":"Feature","properties":{"lines":"7","arr":["7"],"mode":"bus","angle":7.2,"extra":1,"ei":0,"l0":"7","c0":"#4d4aba"},"geometry":{"type":"Point","coordinates":[21.884619,43.330195]}},{"type":"Feature","properties":{"lines":"7","arr":["7"],"mode":"bus","angle":16.2,"extra":1,"ei":1,"l0":"7","c0":"#4d4aba"},"geometry":{"type":"Point","coordinates":[21.882106,43.330663]}},{"type":"Feature","properties":{"lines":"7","arr":["7"],"mode":"bus","angle":10.8,"extra":1,"ei":2,"l0":"7","c0":"#4d4aba"},"geometry":{"type":"Point","coordinates":[21.877074,43.331575]}},{"type":"Feature","properties":{"lines":"8, 34A, 34B","arr":["8","34A","34B"],"mode":"bus","angle":-9.2,"mi":1,"l0":"8, ","c0":"#119efc","l1":"34A, ","c1":"#07ad80","l2":"34B","c2":"#e47e2b"},"geometry":{"type":"Point","coordinates":[21.896372,43.312778]}},{"type":"Feature","properties":{"lines":"8, 34A, 34B","arr":["8","34A","34B"],"mode":"bus","angle":36.1,"l0":"8, ","c0":"#119efc","l1":"34A, ","c1":"#07ad80","l2":"34B","c2":"#e47e2b"},"geometry":{"type":"Point","coordinates":[21.89977,43.312456]}},{"type":"Feature","properties":{"lines":"8, 34A, 34B","arr":["8","34A","34B"],"mode":"bus","angle":3.7,"mi":2,"l0":"8, ","c0":"#119efc","l1":"34A, ","c1":"#07ad80","l2":"34B","c2":"#e47e2b"},"geometry":{"type":"Point","coordinates":[21.906041,43.312069]}},{"type":"Feature","properties":{"lines":"8, 34A, 34B","arr":["8","34A","34B"],"mode":"bus","angle":5.9,"extra":1,"ei":0,"l0":"8, ","c0":"#119efc","l1":"34A, ","c1":"#07ad80","l2":"34B","c2":"#e47e2b"},"geometry":{"type":"Point","coordinates":[21.902191,43.311937]}},{"type":"Feature","properties":{"lines":"8, 34A, 34B","arr":["8","34A","34B"],"mode":"bus","angle":3.7,"extra":1,"ei":1,"l0":"8, ","c0":"#119efc","l1":"34A, ","c1":"#07ad80","l2":"34B","c2":"#e47e2b"},"geometry":{"type":"Point","coordinates":[21.909907,43.311936]}},{"type":"Feature","properties":{"lines":"8, 22, 23, 23B, 23K, 23L","arr":["8","22","23","23B","23K","23L"],"mode":"bus","angle":3.6,"l0":"8, ","c0":"#119efc","l1":"22, ","c1":"#095d97","l2":"23, ","c2":"#999f01","l3":"23B, ","c3":"#f661b9","l4":"23K, ","c4":"#126804","l5":"23L","c5":"#19a9a8"},"geometry":{"type":"Point","coordinates":[21.916326,43.31167]}},{"type":"Feature","properties":{"lines":"8, 22, 23, 23B, 23K, 23L","arr":["8","22","23","23B","23K","23L"],"mode":"bus","angle":3.6,"extra":1,"ei":0,"l0":"8, ","c0":"#119efc","l1":"22, ","c1":"#095d97","l2":"23, ","c2":"#999f01","l3":"23B, ","c3":"#f661b9","l4":"23K, ","c4":"#126804","l5":"23L","c5":"#19a9a8"},"geometry":{"type":"Point","coordinates":[21.912538,43.311814]}},{"type":"Feature","properties":{"lines":"8, 22, 23, 23B, 23K, 23L","arr":["8","22","23","23B","23K","23L"],"mode":"bus","angle":11,"extra":1,"ei":1,"l0":"8, ","c0":"#119efc","l1":"22, ","c1":"#095d97","l2":"23, ","c2":"#999f01","l3":"23B, ","c3":"#f661b9","l4":"23K, ","c4":"#126804","l5":"23L","c5":"#19a9a8"},"geometry":{"type":"Point","coordinates":[21.920287,43.311358]}},{"type":"Feature","properties":{"lines":"8, 22, 23, 23B, 23K, 23L","arr":["8","22","23","23B","23K","23L"],"mode":"bus","angle":-84.2,"mi":1,"l0":"8, ","c0":"#119efc","l1":"22, ","c1":"#095d97","l2":"23, ","c2":"#999f01","l3":"23B, ","c3":"#f661b9","l4":"23K, ","c4":"#126804","l5":"23L","c5":"#19a9a8"},"geometry":{"type":"Point","coordinates":[21.92155,43.305515]}},{"type":"Feature","properties":{"lines":"8, 22, 23, 23B, 23K, 23L","arr":["8","22","23","23B","23K","23L"],"mode":"bus","angle":73.2,"extra":1,"ei":0,"l0":"8, ","c0":"#119efc","l1":"22, ","c1":"#095d97","l2":"23, ","c2":"#999f01","l3":"23B, ","c3":"#f661b9","l4":"23K, ","c4":"#126804","l5":"23L","c5":"#19a9a8"},"geometry":{"type":"Point","coordinates":[21.921781,43.310348]}},{"type":"Feature","properties":{"lines":"8, 22, 23, 23B, 23K, 23L","arr":["8","22","23","23B","23K","23L"],"mode":"bus","angle":84,"extra":1,"ei":1,"l0":"8, ","c0":"#119efc","l1":"22, ","c1":"#095d97","l2":"23, ","c2":"#999f01","l3":"23B, ","c3":"#f661b9","l4":"23K, ","c4":"#126804","l5":"23L","c5":"#19a9a8"},"geometry":{"type":"Point","coordinates":[21.922614,43.30856]}},{"type":"Feature","properties":{"lines":"8, 22, 23, 23B, 23K, 23L","arr":["8","22","23","23B","23K","23L"],"mode":"bus","angle":-76,"extra":1,"ei":2,"l0":"8, ","c0":"#119efc","l1":"22, ","c1":"#095d97","l2":"23, ","c2":"#999f01","l3":"23B, ","c3":"#f661b9","l4":"23K, ","c4":"#126804","l5":"23L","c5":"#19a9a8"},"geometry":{"type":"Point","coordinates":[21.92165,43.306826]}},{"type":"Feature","properties":{"lines":"8, 22, 23, 23B, 23K, 23L","arr":["8","22","23","23B","23K","23L"],"mode":"bus","angle":-46.4,"extra":1,"ei":3,"l0":"8, ","c0":"#119efc","l1":"22, ","c1":"#095d97","l2":"23, ","c2":"#999f01","l3":"23B, ","c3":"#f661b9","l4":"23K, ","c4":"#126804","l5":"23L","c5":"#19a9a8"},"geometry":{"type":"Point","coordinates":[21.919519,43.303598]}},{"type":"Feature","properties":{"lines":"8, 22, 23, 23B, 23K, 23L","arr":["8","22","23","23B","23K","23L"],"mode":"bus","angle":-50.6,"extra":1,"ei":4,"l0":"8, ","c0":"#119efc","l1":"22, ","c1":"#095d97","l2":"23, ","c2":"#999f01","l3":"23B, ","c3":"#f661b9","l4":"23K, ","c4":"#126804","l5":"23L","c5":"#19a9a8"},"geometry":{"type":"Point","coordinates":[21.917821,43.302171]}},{"type":"Feature","properties":{"lines":"8","arr":["8"],"mode":"bus","angle":-39.3,"mi":1,"l0":"8","c0":"#119efc"},"geometry":{"type":"Point","coordinates":[21.919054,43.301532]}},{"type":"Feature","properties":{"lines":"8","arr":["8"],"mode":"bus","angle":29.3,"mi":2,"l0":"8","c0":"#119efc"},"geometry":{"type":"Point","coordinates":[21.922266,43.302914]}},{"type":"Feature","properties":{"lines":"8","arr":["8"],"mode":"bus","angle":-11.2,"extra":1,"ei":0,"l0":"8","c0":"#119efc"},"geometry":{"type":"Point","coordinates":[21.917535,43.300594]}},{"type":"Feature","properties":{"lines":"8","arr":["8"],"mode":"bus","angle":-32.7,"l0":"8","c0":"#119efc"},"geometry":{"type":"Point","coordinates":[21.920434,43.301593]}},{"type":"Feature","properties":{"lines":"8","arr":["8"],"mode":"bus","angle":-54.1,"side":-1,"mi":4,"l0":"8","c0":"#119efc"},"geometry":{"type":"Point","coordinates":[21.868729,43.307315]}},{"type":"Feature","properties":{"lines":"8, 24","arr":["8","24"],"mode":"bus","angle":46,"l0":"8, ","c0":"#119efc","l1":"24","c1":"#a72d06"},"geometry":{"type":"Point","coordinates":[21.877728,43.298528]}},{"type":"Feature","properties":{"lines":"8, 24","arr":["8","24"],"mode":"bus","angle":-33.5,"l0":"8, ","c0":"#119efc","l1":"24","c1":"#a72d06"},"geometry":{"type":"Point","coordinates":[21.871136,43.309697]}},{"type":"Feature","properties":{"lines":"8, 24","arr":["8","24"],"mode":"bus","angle":-85.5,"mi":1,"l0":"8, ","c0":"#119efc","l1":"24","c1":"#a72d06"},"geometry":{"type":"Point","coordinates":[21.867345,43.305862]}},{"type":"Feature","properties":{"lines":"8, 24","arr":["8","24"],"mode":"bus","angle":67.8,"extra":1,"ei":0,"l0":"8, ","c0":"#119efc","l1":"24","c1":"#a72d06"},"geometry":{"type":"Point","coordinates":[21.878906,43.296689]}},{"type":"Feature","properties":{"lines":"8, 24","arr":["8","24"],"mode":"bus","angle":42,"extra":1,"ei":1,"l0":"8, ","c0":"#119efc","l1":"24","c1":"#a72d06"},"geometry":{"type":"Point","coordinates":[21.875944,43.299682]}},{"type":"Feature","properties":{"lines":"8","arr":["8"],"mode":"bus","angle":-74,"mi":1,"l0":"8","c0":"#119efc"},"geometry":{"type":"Point","coordinates":[21.87364,43.298204]}},{"type":"Feature","properties":{"lines":"8","arr":["8"],"mode":"bus","angle":-83.6,"extra":1,"ei":0,"l0":"8","c0":"#119efc"},"geometry":{"type":"Point","coordinates":[21.873164,43.296763]}},{"type":"Feature","properties":{"lines":"8","arr":["8"],"mode":"bus","angle":-70.9,"extra":1,"ei":1,"l0":"8","c0":"#119efc"},"geometry":{"type":"Point","coordinates":[21.874607,43.300383]}},{"type":"Feature","properties":{"lines":"8","arr":["8"],"mode":"bus","angle":-54.9,"mi":2,"l0":"8","c0":"#119efc"},"geometry":{"type":"Point","coordinates":[21.871022,43.294652]}},{"type":"Feature","properties":{"lines":"8","arr":["8"],"mode":"bus","angle":0.3,"mi":3,"l0":"8","c0":"#119efc"},"geometry":{"type":"Point","coordinates":[21.867548,43.292976]}},{"type":"Feature","properties":{"lines":"8","arr":["8"],"mode":"bus","angle":-85,"l0":"8","c0":"#119efc"},"geometry":{"type":"Point","coordinates":[21.866677,43.298945]}},{"type":"Feature","properties":{"lines":"8","arr":["8"],"mode":"bus","angle":-84.6,"extra":1,"ei":0,"l0":"8","c0":"#119efc"},"geometry":{"type":"Point","coordinates":[21.86729,43.304375]}},{"type":"Feature","properties":{"lines":"8","arr":["8"],"mode":"bus","angle":-86.5,"extra":1,"ei":1,"l0":"8","c0":"#119efc"},"geometry":{"type":"Point","coordinates":[21.867033,43.302497]}},{"type":"Feature","properties":{"lines":"8","arr":["8"],"mode":"bus","angle":-86.3,"extra":1,"ei":2,"l0":"8","c0":"#119efc"},"geometry":{"type":"Point","coordinates":[21.86688,43.300612]}},{"type":"Feature","properties":{"lines":"8","arr":["8"],"mode":"bus","angle":-79.1,"extra":1,"ei":3,"l0":"8","c0":"#119efc"},"geometry":{"type":"Point","coordinates":[21.866278,43.296864]}},{"type":"Feature","properties":{"lines":"8","arr":["8"],"mode":"bus","angle":-84.3,"extra":1,"ei":4,"l0":"8","c0":"#119efc"},"geometry":{"type":"Point","coordinates":[21.865776,43.295011]}},{"type":"Feature","properties":{"lines":"8","arr":["8"],"mode":"bus","angle":72.9,"extra":1,"ei":5,"l0":"8","c0":"#119efc"},"geometry":{"type":"Point","coordinates":[21.865513,43.293266]}},{"type":"Feature","properties":{"lines":"8, 24, 35","arr":["8","24","35"],"mode":"bus","angle":-33.9,"side":-1,"l0":"8, ","c0":"#119efc","l1":"24, ","c1":"#a72d06","l2":"35","c2":"#79a620"},"geometry":{"type":"Point","coordinates":[21.871613,43.309814]}},{"type":"Feature","properties":{"lines":"8, 24, 35","arr":["8","24","35"],"mode":"bus","angle":-50.8,"extra":1,"ei":0,"l0":"8, ","c0":"#119efc","l1":"24, ","c1":"#a72d06","l2":"35","c2":"#79a620"},"geometry":{"type":"Point","coordinates":[21.868298,43.307133]}},{"type":"Feature","properties":{"lines":"8, 24, 35","arr":["8","24","35"],"mode":"bus","angle":-44.5,"extra":1,"ei":1,"l0":"8, ","c0":"#119efc","l1":"24, ","c1":"#a72d06","l2":"35","c2":"#79a620"},"geometry":{"type":"Point","coordinates":[21.869687,43.308721]}},{"type":"Feature","properties":{"lines":"8, 24, 35","arr":["8","24","35"],"mode":"bus","angle":4,"extra":1,"ei":2,"l0":"8, ","c0":"#119efc","l1":"24, ","c1":"#a72d06","l2":"35","c2":"#79a620"},"geometry":{"type":"Point","coordinates":[21.87389,43.310495]}},{"type":"Feature","properties":{"lines":"8, 24, 35","arr":["8","24","35"],"mode":"bus","angle":-39.7,"extra":1,"ei":3,"l0":"8, ","c0":"#119efc","l1":"24, ","c1":"#a72d06","l2":"35","c2":"#79a620"},"geometry":{"type":"Point","coordinates":[21.87604,43.311436]}},{"type":"Feature","properties":{"lines":"8, 9, 12","arr":["8","9","12"],"mode":"bus","angle":31.9,"l0":"8, ","c0":"#119efc","l1":"9, ","c1":"#999f01","l2":"12","c2":"#076734"},"geometry":{"type":"Point","coordinates":[21.892633,43.317451]}},{"type":"Feature","properties":{"lines":"9","arr":["9"],"mode":"bus","angle":1.8,"mi":1,"l0":"9","c0":"#999f01"},"geometry":{"type":"Point","coordinates":[21.897375,43.311235]}},{"type":"Feature","properties":{"lines":"9","arr":["9"],"mode":"bus","angle":-11.2,"extra":1,"ei":0,"l0":"9","c0":"#999f01"},"geometry":{"type":"Point","coordinates":[21.9,43.311182]}},{"type":"Feature","properties":{"lines":"9","arr":["9"],"mode":"bus","angle":1.5,"extra":1,"ei":1,"l0":"9","c0":"#999f01"},"geometry":{"type":"Point","coordinates":[21.894813,43.311299]}},{"type":"Feature","properties":{"lines":"8","arr":["8"],"mode":"bus","angle":32.3,"l0":"8","c0":"#119efc"},"geometry":{"type":"Point","coordinates":[21.897079,43.313861]}},{"type":"Feature","properties":{"lines":"8","arr":["8"],"mode":"bus","angle":40.7,"extra":1,"ei":0,"l0":"8","c0":"#119efc"},"geometry":{"type":"Point","coordinates":[21.895561,43.314601]}},{"type":"Feature","properties":{"lines":"8","arr":["8"],"mode":"bus","angle":20.4,"mi":1,"l0":"8","c0":"#119efc"},"geometry":{"type":"Point","coordinates":[21.895156,43.314928]}},{"type":"Feature","properties":{"lines":"8, 9","arr":["8","9"],"mode":"bus","angle":13.7,"l0":"8, ","c0":"#119efc","l1":"9","c1":"#999f01"},"geometry":{"type":"Point","coordinates":[21.893926,43.316927]}},{"type":"Feature","properties":{"lines":"9","arr":["9"],"mode":"bus","angle":38.1,"l0":"9","c0":"#999f01"},"geometry":{"type":"Point","coordinates":[21.906839,43.308522]}},{"type":"Feature","properties":{"lines":"9","arr":["9"],"mode":"bus","angle":57.7,"extra":1,"ei":0,"l0":"9","c0":"#999f01"},"geometry":{"type":"Point","coordinates":[21.911348,43.305505]}},{"type":"Feature","properties":{"lines":"9","arr":["9"],"mode":"bus","angle":38.1,"extra":1,"ei":1,"l0":"9","c0":"#999f01"},"geometry":{"type":"Point","coordinates":[21.909713,43.306962]}},{"type":"Feature","properties":{"lines":"9","arr":["9"],"mode":"bus","angle":38.3,"extra":1,"ei":2,"l0":"9","c0":"#999f01"},"geometry":{"type":"Point","coordinates":[21.903557,43.310424]}},{"type":"Feature","properties":{"lines":"9","arr":["9"],"mode":"bus","angle":35.6,"extra":1,"ei":3,"l0":"9","c0":"#999f01"},"geometry":{"type":"Point","coordinates":[21.901484,43.31156]}},{"type":"Feature","properties":{"lines":"9, 12","arr":["9","12"],"mode":"bus","angle":-70.6,"l0":"9, ","c0":"#999f01","l1":"12","c1":"#076734"},"geometry":{"type":"Point","coordinates":[21.893636,43.3117]}},{"type":"Feature","properties":{"lines":"9","arr":["9"],"mode":"bus","angle":-9.6,"mi":4,"l0":"9","c0":"#999f01"},"geometry":{"type":"Point","coordinates":[21.891111,43.348293]}},{"type":"Feature","properties":{"lines":"9","arr":["9"],"mode":"bus","angle":29.5,"extra":1,"ei":0,"l0":"9","c0":"#999f01"},"geometry":{"type":"Point","coordinates":[21.887891,43.349066]}},{"type":"Feature","properties":{"lines":"9","arr":["9"],"mode":"bus","angle":-15.9,"extra":1,"ei":1,"l0":"9","c0":"#999f01"},"geometry":{"type":"Point","coordinates":[21.892703,43.348576]}},{"type":"Feature","properties":{"lines":"9","arr":["9"],"mode":"bus","angle":-17.9,"extra":1,"ei":2,"l0":"9","c0":"#999f01"},"geometry":{"type":"Point","coordinates":[21.895167,43.349167]}},{"type":"Feature","properties":{"lines":"9","arr":["9"],"mode":"bus","angle":77.1,"side":-1,"mi":2,"l0":"9","c0":"#999f01"},"geometry":{"type":"Point","coordinates":[21.895756,43.349307]}},{"type":"Feature","properties":{"lines":"9, 30, 31","arr":["9","30","31"],"mode":"bus","angle":-59.6,"mi":2,"l0":"9, ","c0":"#999f01","l1":"30, ","c1":"#c17aef","l2":"31","c2":"#03636c"},"geometry":{"type":"Point","coordinates":[21.878138,43.341705]}},{"type":"Feature","properties":{"lines":"9, 30, 31","arr":["9","30","31"],"mode":"bus","angle":-58.2,"extra":1,"ei":0,"l0":"9, ","c0":"#999f01","l1":"30, ","c1":"#c17aef","l2":"31","c2":"#03636c"},"geometry":{"type":"Point","coordinates":[21.880157,43.344093]}},{"type":"Feature","properties":{"lines":"9, 30, 31","arr":["9","30","31"],"mode":"bus","angle":-58.6,"extra":1,"ei":1,"l0":"9, ","c0":"#999f01","l1":"30, ","c1":"#c17aef","l2":"31","c2":"#03636c"},"geometry":{"type":"Point","coordinates":[21.876111,43.339255]}},{"type":"Feature","properties":{"lines":"9, 30, 31","arr":["9","30","31"],"mode":"bus","angle":-48,"l0":"9, ","c0":"#999f01","l1":"30, ","c1":"#c17aef","l2":"31","c2":"#03636c"},"geometry":{"type":"Point","coordinates":[21.882811,43.347019]}},{"type":"Feature","properties":{"lines":"9, 30, 31","arr":["9","30","31"],"mode":"bus","angle":-58.8,"extra":1,"ei":0,"l0":"9, ","c0":"#999f01","l1":"30, ","c1":"#c17aef","l2":"31","c2":"#03636c"},"geometry":{"type":"Point","coordinates":[21.881509,43.345704]}},{"type":"Feature","properties":{"lines":"9, 30, 31","arr":["9","30","31"],"mode":"bus","angle":-20.3,"extra":1,"ei":1,"l0":"9, ","c0":"#999f01","l1":"30, ","c1":"#c17aef","l2":"31","c2":"#03636c"},"geometry":{"type":"Point","coordinates":[21.885074,43.34837]}},{"type":"Feature","properties":{"lines":"9, 30, 31","arr":["9","30","31"],"mode":"bus","angle":-44.1,"mi":1,"l0":"9, ","c0":"#999f01","l1":"30, ","c1":"#c17aef","l2":"31","c2":"#03636c"},"geometry":{"type":"Point","coordinates":[21.886076,43.348884]}},{"type":"Feature","properties":{"lines":"9","arr":["9"],"mode":"bus","angle":-71.8,"mi":1,"l0":"9","c0":"#999f01"},"geometry":{"type":"Point","coordinates":[21.895896,43.348693]}},{"type":"Feature","properties":{"lines":"9","arr":["9"],"mode":"bus","angle":-4.7,"l0":"9","c0":"#999f01"},"geometry":{"type":"Point","coordinates":[21.896188,43.348106]}},{"type":"Feature","properties":{"lines":"9","arr":["9"],"mode":"bus","angle":84.9,"mi":3,"l0":"9","c0":"#999f01"},"geometry":{"type":"Point","coordinates":[21.896576,43.346354]}},{"type":"Feature","properties":{"lines":"10, 26, 33, 33P, 36, 36A","arr":["10","26","33","33P","36","36A"],"mode":"bus","angle":10.6,"mi":5,"l0":"10, ","c0":"#cf8a11","l1":"26, ","c1":"#ff627e","l2":"33, ","c2":"#b11526","l3":"33P, ","c3":"#5a5d02","l4":"36, ","c4":"#095d97","l5":"36A","c5":"#be4bb5"},"geometry":{"type":"Point","coordinates":[21.848111,43.316484]}},{"type":"Feature","properties":{"lines":"10, 26, 33, 33P, 36, 36A","arr":["10","26","33","33P","36","36A"],"mode":"bus","angle":7.7,"mi":2,"l0":"10, ","c0":"#cf8a11","l1":"26, ","c1":"#ff627e","l2":"33, ","c2":"#b11526","l3":"33P, ","c3":"#5a5d02","l4":"36, ","c4":"#095d97","l5":"36A","c5":"#be4bb5"},"geometry":{"type":"Point","coordinates":[21.838007,43.317572]}},{"type":"Feature","properties":{"lines":"10, 26, 33, 33P, 36, 36A","arr":["10","26","33","33P","36","36A"],"mode":"bus","angle":7.3,"l0":"10, ","c0":"#cf8a11","l1":"26, ","c1":"#ff627e","l2":"33, ","c2":"#b11526","l3":"33P, ","c3":"#5a5d02","l4":"36, ","c4":"#095d97","l5":"36A","c5":"#be4bb5"},"geometry":{"type":"Point","coordinates":[21.833291,43.318046]}},{"type":"Feature","properties":{"lines":"10, 26, 33, 33P, 36, 36A","arr":["10","26","33","33P","36","36A"],"mode":"bus","angle":0.3,"extra":1,"ei":0,"l0":"10, ","c0":"#cf8a11","l1":"26, ","c1":"#ff627e","l2":"33, ","c2":"#b11526","l3":"33P, ","c3":"#5a5d02","l4":"36, ","c4":"#095d97","l5":"36A","c5":"#be4bb5"},"geometry":{"type":"Point","coordinates":[21.85372,43.316015]}},{"type":"Feature","properties":{"lines":"10, 26, 33, 33P, 36, 36A","arr":["10","26","33","33P","36","36A"],"mode":"bus","angle":8.3,"extra":1,"ei":1,"l0":"10, ","c0":"#cf8a11","l1":"26, ","c1":"#ff627e","l2":"33, ","c2":"#b11526","l3":"33P, ","c3":"#5a5d02","l4":"36, ","c4":"#095d97","l5":"36A","c5":"#be4bb5"},"geometry":{"type":"Point","coordinates":[21.851132,43.316116]}},{"type":"Feature","properties":{"lines":"10, 26, 33, 33P, 36, 36A","arr":["10","26","33","33P","36","36A"],"mode":"bus","angle":9.7,"extra":1,"ei":2,"l0":"10, ","c0":"#cf8a11","l1":"26, ","c1":"#ff627e","l2":"33, ","c2":"#b11526","l3":"33P, ","c3":"#5a5d02","l4":"36, ","c4":"#095d97","l5":"36A","c5":"#be4bb5"},"geometry":{"type":"Point","coordinates":[21.846015,43.316746]}},{"type":"Feature","properties":{"lines":"10, 26, 33, 33P, 36, 36A","arr":["10","26","33","33P","36","36A"],"mode":"bus","angle":7.8,"extra":1,"ei":3,"l0":"10, ","c0":"#cf8a11","l1":"26, ","c1":"#ff627e","l2":"33, ","c2":"#b11526","l3":"33P, ","c3":"#5a5d02","l4":"36, ","c4":"#095d97","l5":"36A","c5":"#be4bb5"},"geometry":{"type":"Point","coordinates":[21.843451,43.317038]}},{"type":"Feature","properties":{"lines":"10, 26, 33, 33P, 36, 36A","arr":["10","26","33","33P","36","36A"],"mode":"bus","angle":7.5,"extra":1,"ei":0,"l0":"10, ","c0":"#cf8a11","l1":"26, ","c1":"#ff627e","l2":"33, ","c2":"#b11526","l3":"33P, ","c3":"#5a5d02","l4":"36, ","c4":"#095d97","l5":"36A","c5":"#be4bb5"},"geometry":{"type":"Point","coordinates":[21.839661,43.317408]}},{"type":"Feature","properties":{"lines":"10, 26, 33, 33P, 36, 36A","arr":["10","26","33","33P","36","36A"],"mode":"bus","angle":-10,"mi":1,"l0":"10, ","c0":"#cf8a11","l1":"26, ","c1":"#ff627e","l2":"33, ","c2":"#b11526","l3":"33P, ","c3":"#5a5d02","l4":"36, ","c4":"#095d97","l5":"36A","c5":"#be4bb5"},"geometry":{"type":"Point","coordinates":[21.830532,43.318107]}},{"type":"Feature","properties":{"lines":"10, 26, 33, 33P, 36, 36A","arr":["10","26","33","33P","36","36A"],"mode":"bus","angle":-12.7,"mi":3,"l0":"10, ","c0":"#cf8a11","l1":"26, ","c1":"#ff627e","l2":"33, ","c2":"#b11526","l3":"33P, ","c3":"#5a5d02","l4":"36, ","c4":"#095d97","l5":"36A","c5":"#be4bb5"},"geometry":{"type":"Point","coordinates":[21.828012,43.317738]}},{"type":"Feature","properties":{"lines":"10","arr":["10"],"mode":"bus","angle":61.1,"mi":2,"l0":"10","c0":"#cf8a11"},"geometry":{"type":"Point","coordinates":[21.826802,43.322132]}},{"type":"Feature","properties":{"lines":"10","arr":["10"],"mode":"bus","angle":70.4,"extra":1,"ei":0,"l0":"10","c0":"#cf8a11"},"geometry":{"type":"Point","coordinates":[21.828724,43.318949]}},{"type":"Feature","properties":{"lines":"10","arr":["10"],"mode":"bus","angle":65.9,"extra":1,"ei":1,"l0":"10","c0":"#cf8a11"},"geometry":{"type":"Point","coordinates":[21.827779,43.320708]}},{"type":"Feature","properties":{"lines":"10","arr":["10"],"mode":"bus","angle":53.9,"extra":1,"ei":2,"l0":"10","c0":"#cf8a11"},"geometry":{"type":"Point","coordinates":[21.825203,43.323979]}},{"type":"Feature","properties":{"lines":"10","arr":["10"],"mode":"bus","angle":47,"extra":1,"ei":3,"l0":"10","c0":"#cf8a11"},"geometry":{"type":"Point","coordinates":[21.823581,43.325451]}},{"type":"Feature","properties":{"lines":"10","arr":["10"],"mode":"bus","angle":-54,"l0":"10","c0":"#cf8a11"},"geometry":{"type":"Point","coordinates":[21.827152,43.318705]}},{"type":"Feature","properties":{"lines":"10, 26, 33, 33P, 36, 36A","arr":["10","26","33","33P","36","36A"],"mode":"bus","angle":-11.1,"mi":4,"l0":"10, ","c0":"#cf8a11","l1":"26, ","c1":"#ff627e","l2":"33, ","c2":"#b11526","l3":"33P, ","c3":"#5a5d02","l4":"36, ","c4":"#095d97","l5":"36A","c5":"#be4bb5"},"geometry":{"type":"Point","coordinates":[21.823588,43.317088]}},{"type":"Feature","properties":{"lines":"10, 26, 33, 33P, 36, 36A","arr":["10","26","33","33P","36","36A"],"mode":"bus","angle":-12,"extra":1,"ei":0,"l0":"10, ","c0":"#cf8a11","l1":"26, ","c1":"#ff627e","l2":"33, ","c2":"#b11526","l3":"33P, ","c3":"#5a5d02","l4":"36, ","c4":"#095d97","l5":"36A","c5":"#be4bb5"},"geometry":{"type":"Point","coordinates":[21.825846,43.317433]}},{"type":"Feature","properties":{"lines":"10, 26, 33, 33P, 36, 36A","arr":["10","26","33","33P","36","36A"],"mode":"bus","angle":-10.1,"extra":1,"ei":1,"l0":"10, ","c0":"#cf8a11","l1":"26, ","c1":"#ff627e","l2":"33, ","c2":"#b11526","l3":"33P, ","c3":"#5a5d02","l4":"36, ","c4":"#095d97","l5":"36A","c5":"#be4bb5"},"geometry":{"type":"Point","coordinates":[21.820755,43.316703]}},{"type":"Feature","properties":{"lines":"10","arr":["10"],"mode":"bus","angle":-88.9,"mi":1,"l0":"10","c0":"#cf8a11"},"geometry":{"type":"Point","coordinates":[21.8283,43.318068]}},{"type":"Feature","properties":{"lines":"10, 33, 33P, 36, 36A","arr":["10","33","33P","36","36A"],"mode":"bus","angle":-7.8,"l0":"10, ","c0":"#cf8a11","l1":"33, ","c1":"#b11526","l2":"33P, ","c2":"#5a5d02","l3":"36, ","c3":"#095d97","l4":"36A","c4":"#be4bb5"},"geometry":{"type":"Point","coordinates":[21.819001,43.31651]}},{"type":"Feature","properties":{"lines":"33, 33P, 36, 36A","arr":["33","33P","36","36A"],"mode":"bus","angle":-10.4,"l0":"33, ","c0":"#b11526","l1":"33P, ","c1":"#5a5d02","l2":"36, ","c2":"#095d97","l3":"36A","c3":"#be4bb5"},"geometry":{"type":"Point","coordinates":[21.802394,43.314518]}},{"type":"Feature","properties":{"lines":"33, 33P, 36, 36A","arr":["33","33P","36","36A"],"mode":"bus","angle":-7.8,"extra":1,"ei":0,"l0":"33, ","c0":"#b11526","l1":"33P, ","c1":"#5a5d02","l2":"36, ","c2":"#095d97","l3":"36A","c3":"#be4bb5"},"geometry":{"type":"Point","coordinates":[21.816392,43.316238]}},{"type":"Feature","properties":{"lines":"33, 33P, 36, 36A","arr":["33","33P","36","36A"],"mode":"bus","angle":-8.5,"extra":1,"ei":1,"l0":"33, ","c0":"#b11526","l1":"33P, ","c1":"#5a5d02","l2":"36, ","c2":"#095d97","l3":"36A","c3":"#be4bb5"},"geometry":{"type":"Point","coordinates":[21.813824,43.315971]}},{"type":"Feature","properties":{"lines":"33, 33P, 36, 36A","arr":["33","33P","36","36A"],"mode":"bus","angle":-10.5,"extra":1,"ei":2,"l0":"33, ","c0":"#b11526","l1":"33P, ","c1":"#5a5d02","l2":"36, ","c2":"#095d97","l3":"36A","c3":"#be4bb5"},"geometry":{"type":"Point","coordinates":[21.811264,43.315666]}},{"type":"Feature","properties":{"lines":"33, 33P, 36, 36A","arr":["33","33P","36","36A"],"mode":"bus","angle":-9.9,"extra":1,"ei":3,"l0":"33, ","c0":"#b11526","l1":"33P, ","c1":"#5a5d02","l2":"36, ","c2":"#095d97","l3":"36A","c3":"#be4bb5"},"geometry":{"type":"Point","coordinates":[21.808709,43.315333]}},{"type":"Feature","properties":{"lines":"33, 33P, 36, 36A","arr":["33","33P","36","36A"],"mode":"bus","angle":-9.7,"extra":1,"ei":4,"l0":"33, ","c0":"#b11526","l1":"33P, ","c1":"#5a5d02","l2":"36, ","c2":"#095d97","l3":"36A","c3":"#be4bb5"},"geometry":{"type":"Point","coordinates":[21.80615,43.315021]}},{"type":"Feature","properties":{"lines":"33, 33P, 36, 36A","arr":["33","33P","36","36A"],"mode":"bus","angle":-11,"extra":1,"ei":5,"l0":"33, ","c0":"#b11526","l1":"33P, ","c1":"#5a5d02","l2":"36, ","c2":"#095d97","l3":"36A","c3":"#be4bb5"},"geometry":{"type":"Point","coordinates":[21.798495,43.313989]}},{"type":"Feature","properties":{"lines":"33, 33P, 36, 36A","arr":["33","33P","36","36A"],"mode":"bus","angle":-11.2,"extra":1,"ei":6,"l0":"33, ","c0":"#b11526","l1":"33P, ","c1":"#5a5d02","l2":"36, ","c2":"#095d97","l3":"36A","c3":"#be4bb5"},"geometry":{"type":"Point","coordinates":[21.795953,43.31361]}},{"type":"Feature","properties":{"lines":"33, 33P, 36, 36A","arr":["33","33P","36","36A"],"mode":"bus","angle":-11,"extra":1,"ei":7,"l0":"33, ","c0":"#b11526","l1":"33P, ","c1":"#5a5d02","l2":"36, ","c2":"#095d97","l3":"36A","c3":"#be4bb5"},"geometry":{"type":"Point","coordinates":[21.793406,43.313247]}},{"type":"Feature","properties":{"lines":"33, 33P, 36, 36A","arr":["33","33P","36","36A"],"mode":"bus","angle":-10.7,"extra":1,"ei":8,"l0":"33, ","c0":"#b11526","l1":"33P, ","c1":"#5a5d02","l2":"36, ","c2":"#095d97","l3":"36A","c3":"#be4bb5"},"geometry":{"type":"Point","coordinates":[21.790857,43.312893]}},{"type":"Feature","properties":{"lines":"33, 33P, 36, 36A","arr":["33","33P","36","36A"],"mode":"bus","angle":-4.4,"extra":1,"ei":9,"l0":"33, ","c0":"#b11526","l1":"33P, ","c1":"#5a5d02","l2":"36, ","c2":"#095d97","l3":"36A","c3":"#be4bb5"},"geometry":{"type":"Point","coordinates":[21.788287,43.312644]}},{"type":"Feature","properties":{"lines":"10, 33, 36, 36A","arr":["10","33","36","36A"],"mode":"bus","angle":-10.1,"side":-1,"mi":1,"l0":"10, ","c0":"#cf8a11","l1":"33, ","c1":"#b11526","l2":"36, ","c2":"#095d97","l3":"36A","c3":"#be4bb5"},"geometry":{"type":"Point","coordinates":[21.830546,43.318027]}},{"type":"Feature","properties":{"lines":"10, 33, 36, 36A","arr":["10","33","36","36A"],"mode":"bus","angle":10.7,"side":-1,"mi":2,"l0":"10, ","c0":"#cf8a11","l1":"33, ","c1":"#b11526","l2":"36, ","c2":"#095d97","l3":"36A","c3":"#be4bb5"},"geometry":{"type":"Point","coordinates":[21.828593,43.31775]}},{"type":"Feature","properties":{"lines":"10, 33, 36, 36A","arr":["10","33","36","36A"],"mode":"bus","angle":8,"side":-1,"mi":3,"l0":"10, ","c0":"#cf8a11","l1":"33, ","c1":"#b11526","l2":"36, ","c2":"#095d97","l3":"36A","c3":"#be4bb5"},"geometry":{"type":"Point","coordinates":[21.837981,43.317465]}},{"type":"Feature","properties":{"lines":"10, 33, 36, 36A","arr":["10","33","36","36A"],"mode":"bus","angle":8.4,"side":-1,"l0":"10, ","c0":"#cf8a11","l1":"33, ","c1":"#b11526","l2":"36, ","c2":"#095d97","l3":"36A","c3":"#be4bb5"},"geometry":{"type":"Point","coordinates":[21.833255,43.317975]}},{"type":"Feature","properties":{"lines":"10, 33, 36, 36A","arr":["10","33","36","36A"],"mode":"bus","angle":8.3,"side":-1,"extra":1,"ei":0,"l0":"10, ","c0":"#cf8a11","l1":"33, ","c1":"#b11526","l2":"36, ","c2":"#095d97","l3":"36A","c3":"#be4bb5"},"geometry":{"type":"Point","coordinates":[21.836336,43.317636]}},{"type":"Feature","properties":{"lines":"10, 36, 36A","arr":["10","36","36A"],"mode":"bus","angle":9.9,"side":-1,"l0":"10, ","c0":"#cf8a11","l1":"36, ","c1":"#095d97","l2":"36A","c2":"#be4bb5"},"geometry":{"type":"Point","coordinates":[21.848107,43.316397]}},{"type":"Feature","properties":{"lines":"10, 36, 36A","arr":["10","36","36A"],"mode":"bus","angle":7.8,"side":-1,"extra":1,"ei":0,"l0":"10, ","c0":"#cf8a11","l1":"36, ","c1":"#095d97","l2":"36A","c2":"#be4bb5"},"geometry":{"type":"Point","coordinates":[21.842638,43.317042]}},{"type":"Feature","properties":{"lines":"10, 36, 36A","arr":["10","36","36A"],"mode":"bus","angle":9.8,"side":-1,"extra":1,"ei":1,"l0":"10, ","c0":"#cf8a11","l1":"36, ","c1":"#095d97","l2":"36A","c2":"#be4bb5"},"geometry":{"type":"Point","coordinates":[21.845206,43.316769]}},{"type":"Feature","properties":{"lines":"10, 36, 36A","arr":["10","36","36A"],"mode":"bus","angle":9.3,"side":-1,"extra":1,"ei":2,"l0":"10, ","c0":"#cf8a11","l1":"36, ","c1":"#095d97","l2":"36A","c2":"#be4bb5"},"geometry":{"type":"Point","coordinates":[21.850319,43.316123]}},{"type":"Feature","properties":{"lines":"10, 36, 36A","arr":["10","36","36A"],"mode":"bus","angle":0.9,"side":-1,"extra":1,"ei":3,"l0":"10, ","c0":"#cf8a11","l1":"36, ","c1":"#095d97","l2":"36A","c2":"#be4bb5"},"geometry":{"type":"Point","coordinates":[21.852896,43.315921]}},{"type":"Feature","properties":{"lines":"11, 27A, 27B, 28, 28A, 29A","arr":["11","27A","27B","28","28A","29A"],"mode":"bus","angle":52.6,"mi":2,"l0":"11, ","c0":"#ab0377","l1":"27A, ","c1":"#ff627e","l2":"27B, ","c2":"#cf8a11","l3":"28, ","c3":"#19a9a8","l4":"28A, ","c4":"#126804","l5":"29A","c5":"#a72d06"},"geometry":{"type":"Point","coordinates":[21.866049,43.323877]}},{"type":"Feature","properties":{"lines":"11, 27A, 27B, 28, 28A, 29A","arr":["11","27A","27B","28","28A","29A"],"mode":"bus","angle":62.2,"extra":1,"ei":0,"l0":"11, ","c0":"#ab0377","l1":"27A, ","c1":"#ff627e","l2":"27B, ","c2":"#cf8a11","l3":"28, ","c3":"#19a9a8","l4":"28A, ","c4":"#126804","l5":"29A","c5":"#a72d06"},"geometry":{"type":"Point","coordinates":[21.866781,43.322782]}},{"type":"Feature","properties":{"lines":"11, 27A, 27B, 28, 28A, 29A","arr":["11","27A","27B","28","28A","29A"],"mode":"bus","angle":59.1,"mi":1,"l0":"11, ","c0":"#ab0377","l1":"27A, ","c1":"#ff627e","l2":"27B, ","c2":"#cf8a11","l3":"28, ","c3":"#19a9a8","l4":"28A, ","c4":"#126804","l5":"29A","c5":"#a72d06"},"geometry":{"type":"Point","coordinates":[21.867292,43.322141]}},{"type":"Feature","properties":{"lines":"11, 27A, 27B, 28, 28A, 29A","arr":["11","27A","27B","28","28A","29A"],"mode":"bus","angle":8.8,"l0":"11, ","c0":"#ab0377","l1":"27A, ","c1":"#ff627e","l2":"27B, ","c2":"#cf8a11","l3":"28, ","c3":"#19a9a8","l4":"28A, ","c4":"#126804","l5":"29A","c5":"#a72d06"},"geometry":{"type":"Point","coordinates":[21.874764,43.320828]}},{"type":"Feature","properties":{"lines":"11, 27A, 27B, 28, 28A, 29A","arr":["11","27A","27B","28","28A","29A"],"mode":"bus","angle":8.9,"extra":1,"ei":0,"l0":"11, ","c0":"#ab0377","l1":"27A, ","c1":"#ff627e","l2":"27B, ","c2":"#cf8a11","l3":"28, ","c3":"#19a9a8","l4":"28A, ","c4":"#126804","l5":"29A","c5":"#a72d06"},"geometry":{"type":"Point","coordinates":[21.868699,43.321498]}},{"type":"Feature","properties":{"lines":"11, 27A, 27B, 28, 28A, 29A","arr":["11","27A","27B","28","28A","29A"],"mode":"bus","angle":8.5,"extra":1,"ei":1,"l0":"11, ","c0":"#ab0377","l1":"27A, ","c1":"#ff627e","l2":"27B, ","c2":"#cf8a11","l3":"28, ","c3":"#19a9a8","l4":"28A, ","c4":"#126804","l5":"29A","c5":"#a72d06"},"geometry":{"type":"Point","coordinates":[21.871265,43.32122]}},{"type":"Feature","properties":{"lines":"11, 27A, 27B, 28, 28A, 29A","arr":["11","27A","27B","28","28A","29A"],"mode":"bus","angle":8.9,"extra":1,"ei":2,"l0":"11, ","c0":"#ab0377","l1":"27A, ","c1":"#ff627e","l2":"27B, ","c2":"#cf8a11","l3":"28, ","c3":"#19a9a8","l4":"28A, ","c4":"#126804","l5":"29A","c5":"#a72d06"},"geometry":{"type":"Point","coordinates":[21.876394,43.320643]}},{"type":"Feature","properties":{"lines":"11, 27A, 27B, 28, 28A, 29A","arr":["11","27A","27B","28","28A","29A"],"mode":"bus","angle":9.6,"extra":1,"ei":3,"l0":"11, ","c0":"#ab0377","l1":"27A, ","c1":"#ff627e","l2":"27B, ","c2":"#cf8a11","l3":"28, ","c3":"#19a9a8","l4":"28A, ","c4":"#126804","l5":"29A","c5":"#a72d06"},"geometry":{"type":"Point","coordinates":[21.878957,43.320348]}},{"type":"Feature","properties":{"lines":"11, 27A, 27B, 28, 28A, 29A","arr":["11","27A","27B","28","28A","29A"],"mode":"bus","angle":9.4,"extra":1,"ei":4,"l0":"11, ","c0":"#ab0377","l1":"27A, ","c1":"#ff627e","l2":"27B, ","c2":"#cf8a11","l3":"28, ","c3":"#19a9a8","l4":"28A, ","c4":"#126804","l5":"29A","c5":"#a72d06"},"geometry":{"type":"Point","coordinates":[21.881518,43.320041]}},{"type":"Feature","properties":{"lines":"12","arr":["12"],"mode":"bus","angle":14,"l0":"12","c0":"#076734"},"geometry":{"type":"Point","coordinates":[21.891116,43.308702]}},{"type":"Feature","properties":{"lines":"12","arr":["12"],"mode":"bus","angle":-67.9,"extra":1,"ei":0,"l0":"12","c0":"#076734"},"geometry":{"type":"Point","coordinates":[21.888083,43.308866]}},{"type":"Feature","properties":{"lines":"12","arr":["12"],"mode":"bus","angle":-57.8,"extra":1,"ei":1,"l0":"12","c0":"#076734"},"geometry":{"type":"Point","coordinates":[21.892484,43.30952]}},{"type":"Feature","properties":{"lines":"12","arr":["12"],"mode":"bus","angle":-71.5,"extra":1,"ei":2,"l0":"12","c0":"#076734"},"geometry":{"type":"Point","coordinates":[21.89343,43.31127]}},{"type":"Feature","properties":{"lines":"12","arr":["12"],"mode":"bus","angle":48.3,"mi":2,"l0":"12","c0":"#076734"},"geometry":{"type":"Point","coordinates":[21.890167,43.307299]}},{"type":"Feature","properties":{"lines":"12","arr":["12"],"mode":"bus","angle":82.4,"mi":1,"l0":"12","c0":"#076734"},"geometry":{"type":"Point","coordinates":[21.892613,43.30793]}},{"type":"Feature","properties":{"lines":"12","arr":["12"],"mode":"bus","angle":83,"extra":1,"ei":0,"l0":"12","c0":"#076734"},"geometry":{"type":"Point","coordinates":[21.892388,43.309284]}},{"type":"Feature","properties":{"lines":"12, 14A, 15, 16, 17, 17A, 34A, 34B","arr":["12","14A","15","16","17","17A","34A","34B"],"mode":"bus","angle":-31.5,"l0":"12, ","c0":"#076734","l1":"14A, ","c1":"#79a620","l2":"15, ","c2":"#10a5d2","l3":"16, ","c3":"#6b5806","l4":"17, ","c4":"#b20b42","l5":"17A, ","c5":"#9789ff","l6":"34A, ","c6":"#07ad80","l7":"34B","c7":"#e47e2b"},"geometry":{"type":"Point","coordinates":[21.89158,43.329932]}},{"type":"Feature","properties":{"lines":"12, 14A, 15, 16, 17, 17A, 34A, 34B","arr":["12","14A","15","16","17","17A","34A","34B"],"mode":"bus","angle":-31.2,"extra":1,"ei":0,"l0":"12, ","c0":"#076734","l1":"14A, ","c1":"#79a620","l2":"15, ","c2":"#10a5d2","l3":"16, ","c3":"#6b5806","l4":"17, ","c4":"#b20b42","l5":"17A, ","c5":"#9789ff","l6":"34A, ","c6":"#07ad80","l7":"34B","c7":"#e47e2b"},"geometry":{"type":"Point","coordinates":[21.889136,43.328867]}},{"type":"Feature","properties":{"lines":"12, 14A, 15, 16, 17, 17A, 34A, 34B","arr":["12","14A","15","16","17","17A","34A","34B"],"mode":"bus","angle":-32.1,"extra":1,"ei":1,"l0":"12, ","c0":"#076734","l1":"14A, ","c1":"#79a620","l2":"15, ","c2":"#10a5d2","l3":"16, ","c3":"#6b5806","l4":"17, ","c4":"#b20b42","l5":"17A, ","c5":"#9789ff","l6":"34A, ","c6":"#07ad80","l7":"34B","c7":"#e47e2b"},"geometry":{"type":"Point","coordinates":[21.893549,43.330854]}},{"type":"Feature","properties":{"lines":"12","arr":["12"],"mode":"bus","angle":51,"mi":4,"l0":"12","c0":"#076734"},"geometry":{"type":"Point","coordinates":[21.889369,43.337387]}},{"type":"Feature","properties":{"lines":"12","arr":["12"],"mode":"bus","angle":50.9,"mi":7,"l0":"12","c0":"#076734"},"geometry":{"type":"Point","coordinates":[21.893768,43.333434]}},{"type":"Feature","properties":{"lines":"12","arr":["12"],"mode":"bus","angle":51,"extra":1,"ei":0,"l0":"12","c0":"#076734"},"geometry":{"type":"Point","coordinates":[21.890865,43.336046]}},{"type":"Feature","properties":{"lines":"12","arr":["12"],"mode":"bus","angle":50.3,"extra":1,"ei":1,"l0":"12","c0":"#076734"},"geometry":{"type":"Point","coordinates":[21.88758,43.33897]}},{"type":"Feature","properties":{"lines":"12","arr":["12"],"mode":"bus","angle":51.2,"l0":"12","c0":"#076734"},"geometry":{"type":"Point","coordinates":[21.885223,43.340995]}},{"type":"Feature","properties":{"lines":"12","arr":["12"],"mode":"bus","angle":56.2,"side":-1,"mi":9,"l0":"12","c0":"#076734"},"geometry":{"type":"Point","coordinates":[21.895122,43.332123]}},{"type":"Feature","properties":{"lines":"12","arr":["12"],"mode":"bus","angle":50.4,"side":-1,"mi":6,"l0":"12","c0":"#076734"},"geometry":{"type":"Point","coordinates":[21.891832,43.33506]}},{"type":"Feature","properties":{"lines":"12","arr":["12"],"mode":"bus","angle":38.5,"side":-1,"mi":1,"l0":"12","c0":"#076734"},"geometry":{"type":"Point","coordinates":[21.887179,43.339214]}},{"type":"Feature","properties":{"lines":"12","arr":["12"],"mode":"bus","angle":-80.8,"mi":3,"l0":"12","c0":"#076734"},"geometry":{"type":"Point","coordinates":[21.884049,43.342716]}},{"type":"Feature","properties":{"lines":"12","arr":["12"],"mode":"bus","angle":17,"mi":2,"l0":"12","c0":"#076734"},"geometry":{"type":"Point","coordinates":[21.886174,43.342699]}},{"type":"Feature","properties":{"lines":"12","arr":["12"],"mode":"bus","angle":9.9,"extra":1,"ei":0,"l0":"12","c0":"#076734"},"geometry":{"type":"Point","coordinates":[21.887835,43.342398]}},{"type":"Feature","properties":{"lines":"12","arr":["12"],"mode":"bus","angle":67,"mi":5,"l0":"12","c0":"#076734"},"geometry":{"type":"Point","coordinates":[21.886626,43.34535]}},{"type":"Feature","properties":{"lines":"12","arr":["12"],"mode":"bus","angle":69.8,"extra":1,"ei":0,"l0":"12","c0":"#076734"},"geometry":{"type":"Point","coordinates":[21.887819,43.343217]}},{"type":"Feature","properties":{"lines":"12","arr":["12"],"mode":"bus","angle":77.4,"extra":1,"ei":1,"l0":"12","c0":"#076734"},"geometry":{"type":"Point","coordinates":[21.886046,43.346758]}},{"type":"Feature","properties":{"lines":"12","arr":["12"],"mode":"bus","angle":1.5,"mi":8,"l0":"12","c0":"#076734"},"geometry":{"type":"Point","coordinates":[21.880127,43.349635]}},{"type":"Feature","properties":{"lines":"12","arr":["12"],"mode":"bus","angle":57.7,"extra":1,"ei":0,"l0":"12","c0":"#076734"},"geometry":{"type":"Point","coordinates":[21.885499,43.349419]}},{"type":"Feature","properties":{"lines":"12","arr":["12"],"mode":"bus","angle":-7.1,"extra":1,"ei":1,"l0":"12","c0":"#076734"},"geometry":{"type":"Point","coordinates":[21.883123,43.349786]}},{"type":"Feature","properties":{"lines":"12","arr":["12"],"mode":"bus","angle":14.5,"extra":1,"ei":2,"l0":"12","c0":"#076734"},"geometry":{"type":"Point","coordinates":[21.87828,43.34981]}},{"type":"Feature","properties":{"lines":"12","arr":["12"],"mode":"bus","angle":-1.8,"extra":1,"ei":3,"l0":"12","c0":"#076734"},"geometry":{"type":"Point","coordinates":[21.875703,43.349902]}},{"type":"Feature","properties":{"lines":"12","arr":["12"],"mode":"bus","angle":-2,"extra":1,"ei":4,"l0":"12","c0":"#076734"},"geometry":{"type":"Point","coordinates":[21.873109,43.349856]}},{"type":"Feature","properties":{"lines":"12","arr":["12"],"mode":"bus","angle":-28,"side":-1,"mi":10,"l0":"12","c0":"#076734"},"geometry":{"type":"Point","coordinates":[21.872979,43.349594]}},{"type":"Feature","properties":{"lines":"13","arr":["13"],"mode":"bus","angle":31.8,"mi":2,"l0":"13","c0":"#a72d06"},"geometry":{"type":"Point","coordinates":[21.924783,43.316828]}},{"type":"Feature","properties":{"lines":"13","arr":["13"],"mode":"bus","angle":32.1,"side":-1,"extra":1,"ei":0,"l0":"13","c0":"#a72d06"},"geometry":{"type":"Point","coordinates":[21.920972,43.318456]}},{"type":"Feature","properties":{"lines":"13","arr":["13"],"mode":"bus","angle":32.2,"side":-1,"extra":1,"ei":1,"l0":"13","c0":"#a72d06"},"geometry":{"type":"Point","coordinates":[21.923171,43.317453]}},{"type":"Feature","properties":{"lines":"13","arr":["13"],"mode":"bus","angle":67.2,"side":-1,"extra":1,"ei":2,"l0":"13","c0":"#a72d06"},"geometry":{"type":"Point","coordinates":[21.927253,43.315198]}},{"type":"Feature","properties":{"lines":"13","arr":["13"],"mode":"bus","angle":31.9,"mi":1,"l0":"13","c0":"#a72d06"},"geometry":{"type":"Point","coordinates":[21.925946,43.311197]}},{"type":"Feature","properties":{"lines":"13","arr":["13"],"mode":"bus","angle":-77.7,"l0":"13","c0":"#a72d06"},"geometry":{"type":"Point","coordinates":[21.926943,43.311203]}},{"type":"Feature","properties":{"lines":"13","arr":["13"],"mode":"bus","angle":2.4,"mi":3,"l0":"13","c0":"#a72d06"},"geometry":{"type":"Point","coordinates":[21.933079,43.307849]}},{"type":"Feature","properties":{"lines":"13","arr":["13"],"mode":"bus","angle":33.5,"extra":1,"ei":0,"l0":"13","c0":"#a72d06"},"geometry":{"type":"Point","coordinates":[21.927986,43.310396]}},{"type":"Feature","properties":{"lines":"13","arr":["13"],"mode":"bus","angle":56.6,"extra":1,"ei":1,"l0":"13","c0":"#a72d06"},"geometry":{"type":"Point","coordinates":[21.929639,43.308975]}},{"type":"Feature","properties":{"lines":"13","arr":["13"],"mode":"bus","angle":13,"extra":1,"ei":2,"l0":"13","c0":"#a72d06"},"geometry":{"type":"Point","coordinates":[21.936696,43.307221]}},{"type":"Feature","properties":{"lines":"13","arr":["13"],"mode":"bus","angle":-21.6,"extra":1,"ei":3,"l0":"13","c0":"#a72d06"},"geometry":{"type":"Point","coordinates":[21.939213,43.307476]}},{"type":"Feature","properties":{"lines":"14, 14A","arr":["14","14A"],"mode":"bus","angle":-52.4,"l0":"14, ","c0":"#ff5e9b","l1":"14A","c1":"#79a620"},"geometry":{"type":"Point","coordinates":[21.909804,43.334677]}},{"type":"Feature","properties":{"lines":"14, 14A","arr":["14","14A"],"mode":"bus","angle":-49.8,"l0":"14, ","c0":"#ff5e9b","l1":"14A","c1":"#79a620"},"geometry":{"type":"Point","coordinates":[21.9186,43.342472]}},{"type":"Feature","properties":{"lines":"14, 14A","arr":["14","14A"],"mode":"bus","angle":-51.9,"extra":1,"ei":0,"l0":"14, ","c0":"#ff5e9b","l1":"14A","c1":"#79a620"},"geometry":{"type":"Point","coordinates":[21.91077,43.335585]}},{"type":"Feature","properties":{"lines":"14, 14A","arr":["14","14A"],"mode":"bus","angle":-65.4,"extra":1,"ei":1,"l0":"14, ","c0":"#ff5e9b","l1":"14A","c1":"#79a620"},"geometry":{"type":"Point","coordinates":[21.911997,43.33724]}},{"type":"Feature","properties":{"lines":"14, 14A","arr":["14","14A"],"mode":"bus","angle":-30.8,"extra":1,"ei":2,"l0":"14, ","c0":"#ff5e9b","l1":"14A","c1":"#79a620"},"geometry":{"type":"Point","coordinates":[21.913496,43.338742]}},{"type":"Feature","properties":{"lines":"14, 14A","arr":["14","14A"],"mode":"bus","angle":-58.1,"extra":1,"ei":3,"l0":"14, ","c0":"#ff5e9b","l1":"14A","c1":"#79a620"},"geometry":{"type":"Point","coordinates":[21.915694,43.339644]}},{"type":"Feature","properties":{"lines":"14, 14A","arr":["14","14A"],"mode":"bus","angle":-48.1,"extra":1,"ei":4,"l0":"14, ","c0":"#ff5e9b","l1":"14A","c1":"#79a620"},"geometry":{"type":"Point","coordinates":[21.917037,43.341247]}},{"type":"Feature","properties":{"lines":"14, 14A","arr":["14","14A"],"mode":"bus","angle":-53.2,"extra":1,"ei":5,"l0":"14, ","c0":"#ff5e9b","l1":"14A","c1":"#79a620"},"geometry":{"type":"Point","coordinates":[21.920408,43.344113]}},{"type":"Feature","properties":{"lines":"14, 14A","arr":["14","14A"],"mode":"bus","angle":-35.8,"extra":1,"ei":6,"l0":"14, ","c0":"#ff5e9b","l1":"14A","c1":"#79a620"},"geometry":{"type":"Point","coordinates":[21.922288,43.345404]}},{"type":"Feature","properties":{"lines":"14, 14A","arr":["14","14A"],"mode":"bus","angle":-45,"extra":1,"ei":7,"l0":"14, ","c0":"#ff5e9b","l1":"14A","c1":"#79a620"},"geometry":{"type":"Point","coordinates":[21.92424,43.34664]}},{"type":"Feature","properties":{"lines":"14, 14A","arr":["14","14A"],"mode":"bus","angle":-42.1,"extra":1,"ei":8,"l0":"14, ","c0":"#ff5e9b","l1":"14A","c1":"#79a620"},"geometry":{"type":"Point","coordinates":[21.926113,43.347924]}},{"type":"Feature","properties":{"lines":"14, 14A","arr":["14","14A"],"mode":"bus","angle":-66.7,"extra":1,"ei":9,"l0":"14, ","c0":"#ff5e9b","l1":"14A","c1":"#79a620"},"geometry":{"type":"Point","coordinates":[21.928042,43.349125]}},{"type":"Feature","properties":{"lines":"14, 14A","arr":["14","14A"],"mode":"bus","angle":-71.7,"l0":"14, ","c0":"#ff5e9b","l1":"14A","c1":"#79a620"},"geometry":{"type":"Point","coordinates":[21.930281,43.354011]}},{"type":"Feature","properties":{"lines":"14, 14A","arr":["14","14A"],"mode":"bus","angle":-45.4,"extra":1,"ei":0,"l0":"14, ","c0":"#ff5e9b","l1":"14A","c1":"#79a620"},"geometry":{"type":"Point","coordinates":[21.929422,43.350102]}},{"type":"Feature","properties":{"lines":"14, 14A","arr":["14","14A"],"mode":"bus","angle":-86.3,"extra":1,"ei":1,"l0":"14, ","c0":"#ff5e9b","l1":"14A","c1":"#79a620"},"geometry":{"type":"Point","coordinates":[21.92986,43.351922]}},{"type":"Feature","properties":{"lines":"14, 14A","arr":["14","14A"],"mode":"bus","angle":-71.7,"extra":1,"ei":2,"l0":"14, ","c0":"#ff5e9b","l1":"14A","c1":"#79a620"},"geometry":{"type":"Point","coordinates":[21.930994,43.355579]}},{"type":"Feature","properties":{"lines":"14, 14A","arr":["14","14A"],"mode":"bus","angle":-70.7,"extra":1,"ei":3,"l0":"14, ","c0":"#ff5e9b","l1":"14A","c1":"#79a620"},"geometry":{"type":"Point","coordinates":[21.932004,43.357316]}},{"type":"Feature","properties":{"lines":"14, 14A","arr":["14","14A"],"mode":"bus","angle":-74,"mi":3,"l0":"14, ","c0":"#ff5e9b","l1":"14A","c1":"#79a620"},"geometry":{"type":"Point","coordinates":[21.934194,43.365328]}},{"type":"Feature","properties":{"lines":"14, 14A","arr":["14","14A"],"mode":"bus","angle":-34.8,"l0":"14, ","c0":"#ff5e9b","l1":"14A","c1":"#79a620"},"geometry":{"type":"Point","coordinates":[21.938485,43.373561]}},{"type":"Feature","properties":{"lines":"14, 14A","arr":["14","14A"],"mode":"bus","angle":-82.6,"extra":1,"ei":0,"l0":"14, ","c0":"#ff5e9b","l1":"14A","c1":"#79a620"},"geometry":{"type":"Point","coordinates":[21.932427,43.35965]}},{"type":"Feature","properties":{"lines":"14, 14A","arr":["14","14A"],"mode":"bus","angle":-69.3,"extra":1,"ei":1,"l0":"14, ","c0":"#ff5e9b","l1":"14A","c1":"#79a620"},"geometry":{"type":"Point","coordinates":[21.93287,43.3615]}},{"type":"Feature","properties":{"lines":"14, 14A","arr":["14","14A"],"mode":"bus","angle":-76.6,"extra":1,"ei":2,"l0":"14, ","c0":"#ff5e9b","l1":"14A","c1":"#79a620"},"geometry":{"type":"Point","coordinates":[21.933516,43.363327]}},{"type":"Feature","properties":{"lines":"14, 14A","arr":["14","14A"],"mode":"bus","angle":-66.4,"extra":1,"ei":3,"l0":"14, ","c0":"#ff5e9b","l1":"14A","c1":"#79a620"},"geometry":{"type":"Point","coordinates":[21.935079,43.366917]}},{"type":"Feature","properties":{"lines":"14, 14A","arr":["14","14A"],"mode":"bus","angle":-87.5,"extra":1,"ei":4,"l0":"14, ","c0":"#ff5e9b","l1":"14A","c1":"#79a620"},"geometry":{"type":"Point","coordinates":[21.935834,43.368705]}},{"type":"Feature","properties":{"lines":"14, 14A","arr":["14","14A"],"mode":"bus","angle":-89.5,"extra":1,"ei":5,"l0":"14, ","c0":"#ff5e9b","l1":"14A","c1":"#79a620"},"geometry":{"type":"Point","coordinates":[21.935926,43.370592]}},{"type":"Feature","properties":{"lines":"14, 14A","arr":["14","14A"],"mode":"bus","angle":-76.8,"extra":1,"ei":0,"l0":"14, ","c0":"#ff5e9b","l1":"14A","c1":"#79a620"},"geometry":{"type":"Point","coordinates":[21.936981,43.37252]}},{"type":"Feature","properties":{"lines":"14, 14A","arr":["14","14A"],"mode":"bus","angle":-60.5,"extra":1,"ei":1,"l0":"14, ","c0":"#ff5e9b","l1":"14A","c1":"#79a620"},"geometry":{"type":"Point","coordinates":[21.940473,43.375191]}},{"type":"Feature","properties":{"lines":"14, 14A","arr":["14","14A"],"mode":"bus","angle":2.7,"mi":1,"l0":"14, ","c0":"#ff5e9b","l1":"14A","c1":"#79a620"},"geometry":{"type":"Point","coordinates":[21.939482,43.375348]}},{"type":"Feature","properties":{"lines":"14, 14A","arr":["14","14A"],"mode":"bus","angle":33.1,"mi":2,"l0":"14, ","c0":"#ff5e9b","l1":"14A","c1":"#79a620"},"geometry":{"type":"Point","coordinates":[21.934108,43.379036]}},{"type":"Feature","properties":{"lines":"14, 14A","arr":["14","14A"],"mode":"bus","angle":63.7,"extra":1,"ei":0,"l0":"14, ","c0":"#ff5e9b","l1":"14A","c1":"#79a620"},"geometry":{"type":"Point","coordinates":[21.92957,43.381509]}},{"type":"Feature","properties":{"lines":"14, 14A","arr":["14","14A"],"mode":"bus","angle":31.2,"extra":1,"ei":1,"l0":"14, ","c0":"#ff5e9b","l1":"14A","c1":"#79a620"},"geometry":{"type":"Point","coordinates":[21.931237,43.380138]}},{"type":"Feature","properties":{"lines":"14, 14A","arr":["14","14A"],"mode":"bus","angle":48,"extra":1,"ei":2,"l0":"14, ","c0":"#ff5e9b","l1":"14A","c1":"#79a620"},"geometry":{"type":"Point","coordinates":[21.935388,43.378007]}},{"type":"Feature","properties":{"lines":"14, 14A","arr":["14","14A"],"mode":"bus","angle":19.6,"extra":1,"ei":3,"l0":"14, ","c0":"#ff5e9b","l1":"14A","c1":"#79a620"},"geometry":{"type":"Point","coordinates":[21.937596,43.377095]}},{"type":"Feature","properties":{"lines":"14, 14A","arr":["14","14A"],"mode":"bus","angle":88.3,"extra":1,"ei":4,"l0":"14, ","c0":"#ff5e9b","l1":"14A","c1":"#79a620"},"geometry":{"type":"Point","coordinates":[21.938252,43.375428]}},{"type":"Feature","properties":{"lines":"14, 14A, 15, 16, 17, 17A","arr":["14","14A","15","16","17","17A"],"mode":"bus","angle":-41.4,"l0":"14, ","c0":"#ff5e9b","l1":"14A, ","c1":"#79a620","l2":"15, ","c2":"#10a5d2","l3":"16, ","c3":"#6b5806","l4":"17, ","c4":"#b20b42","l5":"17A","c5":"#9789ff"},"geometry":{"type":"Point","coordinates":[21.898822,43.325377]}},{"type":"Feature","properties":{"lines":"14, 14A, 15, 16, 17, 17A","arr":["14","14A","15","16","17","17A"],"mode":"bus","angle":-32.8,"extra":1,"ei":0,"l0":"14, ","c0":"#ff5e9b","l1":"14A, ","c1":"#79a620","l2":"15, ","c2":"#10a5d2","l3":"16, ","c3":"#6b5806","l4":"17, ","c4":"#b20b42","l5":"17A","c5":"#9789ff"},"geometry":{"type":"Point","coordinates":[21.901647,43.326674]}},{"type":"Feature","properties":{"lines":"14, 14A, 15, 16, 17, 17A","arr":["14","14A","15","16","17","17A"],"mode":"bus","angle":-54.6,"extra":1,"ei":1,"l0":"14, ","c0":"#ff5e9b","l1":"14A, ","c1":"#79a620","l2":"15, ","c2":"#10a5d2","l3":"16, ","c3":"#6b5806","l4":"17, ","c4":"#b20b42","l5":"17A","c5":"#9789ff"},"geometry":{"type":"Point","coordinates":[21.897633,43.324372]}},{"type":"Feature","properties":{"lines":"14, 14A, 15, 16, 17, 17A","arr":["14","14A","15","16","17","17A"],"mode":"bus","angle":-27.6,"extra":1,"ei":2,"l0":"14, ","c0":"#ff5e9b","l1":"14A, ","c1":"#79a620","l2":"15, ","c2":"#10a5d2","l3":"16, ","c3":"#6b5806","l4":"17, ","c4":"#b20b42","l5":"17A","c5":"#9789ff"},"geometry":{"type":"Point","coordinates":[21.895572,43.323281]}},{"type":"Feature","properties":{"lines":"14, 14A, 15, 16, 17, 17A","arr":["14","14A","15","16","17","17A"],"mode":"bus","angle":-0.2,"mi":1,"l0":"14, ","c0":"#ff5e9b","l1":"14A, ","c1":"#79a620","l2":"15, ","c2":"#10a5d2","l3":"16, ","c3":"#6b5806","l4":"17, ","c4":"#b20b42","l5":"17A","c5":"#9789ff"},"geometry":{"type":"Point","coordinates":[21.892826,43.323196]}},{"type":"Feature","properties":{"lines":"14A, 15, 16, 17, 17A, 34A, 34B","arr":["14A","15","16","17","17A","34A","34B"],"mode":"bus","angle":51.5,"l0":"14A, ","c0":"#79a620","l1":"15, ","c1":"#10a5d2","l2":"16, ","c2":"#6b5806","l3":"17, ","c3":"#b20b42","l4":"17A, ","c4":"#9789ff","l5":"34A, ","c5":"#07ad80","l6":"34B","c6":"#e47e2b"},"geometry":{"type":"Point","coordinates":[21.896438,43.330924]}},{"type":"Feature","properties":{"lines":"14A, 15, 16, 17, 17A, 34B","arr":["14A","15","16","17","17A","34B"],"mode":"bus","angle":33.2,"side":-1,"l0":"14A, ","c0":"#79a620","l1":"15, ","c1":"#10a5d2","l2":"16, ","c2":"#6b5806","l3":"17, ","c3":"#b20b42","l4":"17A, ","c4":"#9789ff","l5":"34B","c5":"#e47e2b"},"geometry":{"type":"Point","coordinates":[21.8995,43.328344]}},{"type":"Feature","properties":{"lines":"14A, 15, 16, 17, 17A, 34B","arr":["14A","15","16","17","17A","34B"],"mode":"bus","angle":51.1,"side":-1,"extra":1,"ei":0,"l0":"14A, ","c0":"#79a620","l1":"15, ","c1":"#10a5d2","l2":"16, ","c2":"#6b5806","l3":"17, ","c3":"#b20b42","l4":"17A, ","c4":"#9789ff","l5":"34B","c5":"#e47e2b"},"geometry":{"type":"Point","coordinates":[21.898033,43.329466]}},{"type":"Feature","properties":{"lines":"14A, 15, 16, 17, 17A, 34B","arr":["14A","15","16","17","17A","34B"],"mode":"bus","angle":36.5,"side":-1,"extra":1,"ei":1,"l0":"14A, ","c0":"#79a620","l1":"15, ","c1":"#10a5d2","l2":"16, ","c2":"#6b5806","l3":"17, ","c3":"#b20b42","l4":"17A, ","c4":"#9789ff","l5":"34B","c5":"#e47e2b"},"geometry":{"type":"Point","coordinates":[21.902335,43.327551]}},{"type":"Feature","properties":{"lines":"14A","arr":["14A"],"mode":"bus","angle":29.2,"l0":"14A","c0":"#79a620"},"geometry":{"type":"Point","coordinates":[21.919317,43.415604]}},{"type":"Feature","properties":{"lines":"14A","arr":["14A"],"mode":"bus","angle":59.9,"extra":1,"ei":0,"l0":"14A","c0":"#79a620"},"geometry":{"type":"Point","coordinates":[21.929401,43.404357]}},{"type":"Feature","properties":{"lines":"14A","arr":["14A"],"mode":"bus","angle":58.7,"extra":1,"ei":1,"l0":"14A","c0":"#79a620"},"geometry":{"type":"Point","coordinates":[21.928337,43.406048]}},{"type":"Feature","properties":{"lines":"14A","arr":["14A"],"mode":"bus","angle":63.8,"extra":1,"ei":2,"l0":"14A","c0":"#79a620"},"geometry":{"type":"Point","coordinates":[21.926872,43.407563]}},{"type":"Feature","properties":{"lines":"14A","arr":["14A"],"mode":"bus","angle":-86.7,"extra":1,"ei":3,"l0":"14A","c0":"#79a620"},"geometry":{"type":"Point","coordinates":[21.926823,43.409442]}},{"type":"Feature","properties":{"lines":"14A","arr":["14A"],"mode":"bus","angle":-68.4,"extra":1,"ei":4,"l0":"14A","c0":"#79a620"},"geometry":{"type":"Point","coordinates":[21.926718,43.411308]}},{"type":"Feature","properties":{"lines":"14A","arr":["14A"],"mode":"bus","angle":0.3,"extra":1,"ei":5,"l0":"14A","c0":"#79a620"},"geometry":{"type":"Point","coordinates":[21.925777,43.412338]}},{"type":"Feature","properties":{"lines":"14A","arr":["14A"],"mode":"bus","angle":35.6,"extra":1,"ei":6,"l0":"14A","c0":"#79a620"},"geometry":{"type":"Point","coordinates":[21.923484,43.413069]}},{"type":"Feature","properties":{"lines":"14A","arr":["14A"],"mode":"bus","angle":34.6,"extra":1,"ei":7,"l0":"14A","c0":"#79a620"},"geometry":{"type":"Point","coordinates":[21.921552,43.414297]}},{"type":"Feature","properties":{"lines":"14A","arr":["14A"],"mode":"bus","angle":64.7,"extra":1,"ei":8,"l0":"14A","c0":"#79a620"},"geometry":{"type":"Point","coordinates":[21.917738,43.416705]}},{"type":"Feature","properties":{"lines":"14A","arr":["14A"],"mode":"bus","angle":-56.7,"extra":1,"ei":9,"l0":"14A","c0":"#79a620"},"geometry":{"type":"Point","coordinates":[21.918124,43.418223]}},{"type":"Feature","properties":{"lines":"14A","arr":["14A"],"mode":"bus","angle":83.3,"extra":1,"ei":10,"l0":"14A","c0":"#79a620"},"geometry":{"type":"Point","coordinates":[21.918856,43.419951]}},{"type":"Feature","properties":{"lines":"14A","arr":["14A"],"mode":"bus","angle":41.2,"extra":1,"ei":11,"l0":"14A","c0":"#79a620"},"geometry":{"type":"Point","coordinates":[21.917376,43.421331]}},{"type":"Feature","properties":{"lines":"14A","arr":["14A"],"mode":"bus","angle":62,"extra":1,"ei":12,"l0":"14A","c0":"#79a620"},"geometry":{"type":"Point","coordinates":[21.915998,43.422665]}},{"type":"Feature","properties":{"lines":"14A","arr":["14A"],"mode":"bus","angle":66,"extra":1,"ei":13,"l0":"14A","c0":"#79a620"},"geometry":{"type":"Point","coordinates":[21.915244,43.424431]}},{"type":"Feature","properties":{"lines":"14A","arr":["14A"],"mode":"bus","angle":57.6,"extra":1,"ei":14,"l0":"14A","c0":"#79a620"},"geometry":{"type":"Point","coordinates":[21.914732,43.426234]}},{"type":"Feature","properties":{"lines":"14A","arr":["14A"],"mode":"bus","angle":-3.8,"extra":1,"ei":15,"l0":"14A","c0":"#79a620"},"geometry":{"type":"Point","coordinates":[21.912383,43.426774]}},{"type":"Feature","properties":{"lines":"14A","arr":["14A"],"mode":"bus","angle":-58.9,"l0":"14A","c0":"#79a620"},"geometry":{"type":"Point","coordinates":[21.940889,43.375727]}},{"type":"Feature","properties":{"lines":"14A","arr":["14A"],"mode":"bus","angle":-77.7,"l0":"14A","c0":"#79a620"},"geometry":{"type":"Point","coordinates":[21.939808,43.388562]}},{"type":"Feature","properties":{"lines":"14A","arr":["14A"],"mode":"bus","angle":45.3,"extra":1,"ei":0,"l0":"14A","c0":"#79a620"},"geometry":{"type":"Point","coordinates":[21.940238,43.376681]}},{"type":"Feature","properties":{"lines":"14A","arr":["14A"],"mode":"bus","angle":46.5,"extra":1,"ei":1,"l0":"14A","c0":"#79a620"},"geometry":{"type":"Point","coordinates":[21.938521,43.378096]}},{"type":"Feature","properties":{"lines":"14A","arr":["14A"],"mode":"bus","angle":40.9,"extra":1,"ei":2,"l0":"14A","c0":"#79a620"},"geometry":{"type":"Point","coordinates":[21.936737,43.379462]}},{"type":"Feature","properties":{"lines":"14A","arr":["14A"],"mode":"bus","angle":60.1,"extra":1,"ei":3,"l0":"14A","c0":"#79a620"},"geometry":{"type":"Point","coordinates":[21.935029,43.380793]}},{"type":"Feature","properties":{"lines":"14A","arr":["14A"],"mode":"bus","angle":52.1,"extra":1,"ei":4,"l0":"14A","c0":"#79a620"},"geometry":{"type":"Point","coordinates":[21.934886,43.382524]}},{"type":"Feature","properties":{"lines":"14A","arr":["14A"],"mode":"bus","angle":-36.4,"extra":1,"ei":5,"l0":"14A","c0":"#79a620"},"geometry":{"type":"Point","coordinates":[21.933836,43.384013]}},{"type":"Feature","properties":{"lines":"14A","arr":["14A"],"mode":"bus","angle":-29.5,"extra":1,"ei":6,"l0":"14A","c0":"#79a620"},"geometry":{"type":"Point","coordinates":[21.936256,43.384241]}},{"type":"Feature","properties":{"lines":"14A","arr":["14A"],"mode":"bus","angle":-49.3,"extra":1,"ei":7,"l0":"14A","c0":"#79a620"},"geometry":{"type":"Point","coordinates":[21.937796,43.385746]}},{"type":"Feature","properties":{"lines":"14A","arr":["14A"],"mode":"bus","angle":-67.5,"extra":1,"ei":8,"l0":"14A","c0":"#79a620"},"geometry":{"type":"Point","coordinates":[21.939304,43.387243]}},{"type":"Feature","properties":{"lines":"14A","arr":["14A"],"mode":"bus","angle":62.1,"extra":1,"ei":9,"l0":"14A","c0":"#79a620"},"geometry":{"type":"Point","coordinates":[21.940219,43.390832]}},{"type":"Feature","properties":{"lines":"14A","arr":["14A"],"mode":"bus","angle":69.6,"extra":1,"ei":10,"l0":"14A","c0":"#79a620"},"geometry":{"type":"Point","coordinates":[21.939466,43.392572]}},{"type":"Feature","properties":{"lines":"14A","arr":["14A"],"mode":"bus","angle":52.7,"extra":1,"ei":11,"l0":"14A","c0":"#79a620"},"geometry":{"type":"Point","coordinates":[21.938578,43.394255]}},{"type":"Feature","properties":{"lines":"14A","arr":["14A"],"mode":"bus","angle":54.8,"extra":1,"ei":12,"l0":"14A","c0":"#79a620"},"geometry":{"type":"Point","coordinates":[21.937071,43.39579]}},{"type":"Feature","properties":{"lines":"14A","arr":["14A"],"mode":"bus","angle":69.7,"extra":1,"ei":13,"l0":"14A","c0":"#79a620"},"geometry":{"type":"Point","coordinates":[21.935922,43.397475]}},{"type":"Feature","properties":{"lines":"14A","arr":["14A"],"mode":"bus","angle":49.2,"extra":1,"ei":14,"l0":"14A","c0":"#79a620"},"geometry":{"type":"Point","coordinates":[21.934575,43.399069]}},{"type":"Feature","properties":{"lines":"14A","arr":["14A"],"mode":"bus","angle":50.6,"extra":1,"ei":15,"l0":"14A","c0":"#79a620"},"geometry":{"type":"Point","coordinates":[21.933014,43.400569]}},{"type":"Feature","properties":{"lines":"14A","arr":["14A"],"mode":"bus","angle":56,"extra":1,"ei":16,"l0":"14A","c0":"#79a620"},"geometry":{"type":"Point","coordinates":[21.931464,43.402077]}},{"type":"Feature","properties":{"lines":"15","arr":["15"],"mode":"bus","angle":87.2,"l0":"15","c0":"#10a5d2"},"geometry":{"type":"Point","coordinates":[21.937004,43.333954]}},{"type":"Feature","properties":{"lines":"15, 15A","arr":["15","15A"],"mode":"bus","angle":-71.9,"l0":"15, ","c0":"#10a5d2","l1":"15A","c1":"#126804"},"geometry":{"type":"Point","coordinates":[21.937152,43.33742]}},{"type":"Feature","properties":{"lines":"15, 15A","arr":["15","15A"],"mode":"bus","angle":70.7,"mi":1,"l0":"15, ","c0":"#10a5d2","l1":"15A","c1":"#126804"},"geometry":{"type":"Point","coordinates":[21.939123,43.341639]}},{"type":"Feature","properties":{"lines":"15, 15A","arr":["15","15A"],"mode":"bus","angle":-69.3,"extra":1,"ei":0,"l0":"15, ","c0":"#10a5d2","l1":"15A","c1":"#126804"},"geometry":{"type":"Point","coordinates":[21.939093,43.340083]}},{"type":"Feature","properties":{"lines":"15, 15A","arr":["15","15A"],"mode":"bus","angle":58.7,"extra":1,"ei":1,"l0":"15, ","c0":"#10a5d2","l1":"15A","c1":"#126804"},"geometry":{"type":"Point","coordinates":[21.937254,43.343323]}},{"type":"Feature","properties":{"lines":"15, 15A","arr":["15","15A"],"mode":"bus","angle":-58,"side":-1,"l0":"15, ","c0":"#10a5d2","l1":"15A","c1":"#126804"},"geometry":{"type":"Point","coordinates":[21.949793,43.356469]}},{"type":"Feature","properties":{"lines":"15, 15A","arr":["15","15A"],"mode":"bus","angle":74.4,"extra":1,"ei":0,"l0":"15, ","c0":"#10a5d2","l1":"15A","c1":"#126804"},"geometry":{"type":"Point","coordinates":[21.936648,43.344533]}},{"type":"Feature","properties":{"lines":"15, 15A","arr":["15","15A"],"mode":"bus","angle":-68.7,"extra":1,"ei":1,"l0":"15, ","c0":"#10a5d2","l1":"15A","c1":"#126804"},"geometry":{"type":"Point","coordinates":[21.936606,43.346388]}},{"type":"Feature","properties":{"lines":"15, 15A","arr":["15","15A"],"mode":"bus","angle":-59.4,"extra":1,"ei":2,"l0":"15, ","c0":"#10a5d2","l1":"15A","c1":"#126804"},"geometry":{"type":"Point","coordinates":[21.937874,43.348035]}},{"type":"Feature","properties":{"lines":"15, 15A","arr":["15","15A"],"mode":"bus","angle":-57,"extra":1,"ei":3,"l0":"15, ","c0":"#10a5d2","l1":"15A","c1":"#126804"},"geometry":{"type":"Point","coordinates":[21.939212,43.349653]}},{"type":"Feature","properties":{"lines":"15, 15A","arr":["15","15A"],"mode":"bus","angle":-49.5,"extra":1,"ei":4,"l0":"15, ","c0":"#10a5d2","l1":"15A","c1":"#126804"},"geometry":{"type":"Point","coordinates":[21.940901,43.351083]}},{"type":"Feature","properties":{"lines":"15, 15A","arr":["15","15A"],"mode":"bus","angle":-44.4,"extra":1,"ei":5,"l0":"15, ","c0":"#10a5d2","l1":"15A","c1":"#126804"},"geometry":{"type":"Point","coordinates":[21.942657,43.352471]}},{"type":"Feature","properties":{"lines":"15, 15A","arr":["15","15A"],"mode":"bus","angle":-37.9,"extra":1,"ei":6,"l0":"15, ","c0":"#10a5d2","l1":"15A","c1":"#126804"},"geometry":{"type":"Point","coordinates":[21.944678,43.353654]}},{"type":"Feature","properties":{"lines":"15, 15A","arr":["15","15A"],"mode":"bus","angle":-36.3,"extra":1,"ei":7,"l0":"15, ","c0":"#10a5d2","l1":"15A","c1":"#126804"},"geometry":{"type":"Point","coordinates":[21.946776,43.354764]}},{"type":"Feature","properties":{"lines":"15, 15A","arr":["15","15A"],"mode":"bus","angle":-33.6,"extra":1,"ei":8,"l0":"15, ","c0":"#10a5d2","l1":"15A","c1":"#126804"},"geometry":{"type":"Point","coordinates":[21.952236,43.358567]}},{"type":"Feature","properties":{"lines":"15, 15A","arr":["15","15A"],"mode":"bus","angle":-31.6,"extra":1,"ei":9,"l0":"15, ","c0":"#10a5d2","l1":"15A","c1":"#126804"},"geometry":{"type":"Point","coordinates":[21.954411,43.359596]}},{"type":"Feature","properties":{"lines":"15, 15A","arr":["15","15A"],"mode":"bus","angle":-33.7,"extra":1,"ei":10,"l0":"15, ","c0":"#10a5d2","l1":"15A","c1":"#126804"},"geometry":{"type":"Point","coordinates":[21.956489,43.360723]}},{"type":"Feature","properties":{"lines":"15, 15A","arr":["15","15A"],"mode":"bus","angle":-23.8,"extra":1,"ei":11,"l0":"15, ","c0":"#10a5d2","l1":"15A","c1":"#126804"},"geometry":{"type":"Point","coordinates":[21.958632,43.361778]}},{"type":"Feature","properties":{"lines":"15, 15A","arr":["15","15A"],"mode":"bus","angle":-20.5,"extra":1,"ei":12,"l0":"15, ","c0":"#10a5d2","l1":"15A","c1":"#126804"},"geometry":{"type":"Point","coordinates":[21.961158,43.361986]}},{"type":"Feature","properties":{"lines":"15, 15A","arr":["15","15A"],"mode":"bus","angle":-48.1,"extra":1,"ei":13,"l0":"15, ","c0":"#10a5d2","l1":"15A","c1":"#126804"},"geometry":{"type":"Point","coordinates":[21.96323,43.363103]}},{"type":"Feature","properties":{"lines":"15, 15A","arr":["15","15A"],"mode":"bus","angle":-33.6,"extra":1,"ei":14,"l0":"15, ","c0":"#10a5d2","l1":"15A","c1":"#126804"},"geometry":{"type":"Point","coordinates":[21.965386,43.364128]}},{"type":"Feature","properties":{"lines":"15, 15A","arr":["15","15A"],"mode":"bus","angle":71.5,"extra":1,"ei":15,"l0":"15, ","c0":"#10a5d2","l1":"15A","c1":"#126804"},"geometry":{"type":"Point","coordinates":[21.96725,43.364521]}},{"type":"Feature","properties":{"lines":"15","arr":["15"],"mode":"bus","angle":-43.8,"l0":"15","c0":"#10a5d2"},"geometry":{"type":"Point","coordinates":[21.982655,43.36697]}},{"type":"Feature","properties":{"lines":"15","arr":["15"],"mode":"bus","angle":8,"extra":1,"ei":0,"l0":"15","c0":"#10a5d2"},"geometry":{"type":"Point","coordinates":[21.969119,43.364201]}},{"type":"Feature","properties":{"lines":"15","arr":["15"],"mode":"bus","angle":-21.9,"extra":1,"ei":1,"l0":"15","c0":"#10a5d2"},"geometry":{"type":"Point","coordinates":[21.971598,43.363967]}},{"type":"Feature","properties":{"lines":"15","arr":["15"],"mode":"bus","angle":1.7,"extra":1,"ei":2,"l0":"15","c0":"#10a5d2"},"geometry":{"type":"Point","coordinates":[21.974089,43.364377]}},{"type":"Feature","properties":{"lines":"15","arr":["15"],"mode":"bus","angle":-31.2,"extra":1,"ei":3,"l0":"15","c0":"#10a5d2"},"geometry":{"type":"Point","coordinates":[21.97645,43.364999]}},{"type":"Feature","properties":{"lines":"15","arr":["15"],"mode":"bus","angle":4.9,"extra":1,"ei":4,"l0":"15","c0":"#10a5d2"},"geometry":{"type":"Point","coordinates":[21.978918,43.365492]}},{"type":"Feature","properties":{"lines":"15","arr":["15"],"mode":"bus","angle":-46.3,"extra":1,"ei":5,"l0":"15","c0":"#10a5d2"},"geometry":{"type":"Point","coordinates":[21.981436,43.365688]}},{"type":"Feature","properties":{"lines":"15","arr":["15"],"mode":"bus","angle":-36.3,"extra":1,"ei":6,"l0":"15","c0":"#10a5d2"},"geometry":{"type":"Point","coordinates":[21.984647,43.368605]}},{"type":"Feature","properties":{"lines":"15","arr":["15"],"mode":"bus","angle":-17.2,"extra":1,"ei":7,"l0":"15","c0":"#10a5d2"},"geometry":{"type":"Point","coordinates":[21.986985,43.369403]}},{"type":"Feature","properties":{"lines":"15","arr":["15"],"mode":"bus","angle":83.2,"extra":1,"ei":8,"l0":"15","c0":"#10a5d2"},"geometry":{"type":"Point","coordinates":[21.98809,43.368329]}},{"type":"Feature","properties":{"lines":"15","arr":["15"],"mode":"bus","angle":25.3,"extra":1,"ei":9,"l0":"15","c0":"#10a5d2"},"geometry":{"type":"Point","coordinates":[21.98952,43.36691]}},{"type":"Feature","properties":{"lines":"15","arr":["15"],"mode":"bus","angle":-6.3,"extra":1,"ei":10,"l0":"15","c0":"#10a5d2"},"geometry":{"type":"Point","coordinates":[21.992081,43.36676]}},{"type":"Feature","properties":{"lines":"15","arr":["15"],"mode":"bus","angle":6.4,"extra":1,"ei":11,"l0":"15","c0":"#10a5d2"},"geometry":{"type":"Point","coordinates":[21.994491,43.366238]}},{"type":"Feature","properties":{"lines":"16","arr":["16"],"mode":"bus","angle":-33,"mi":2,"l0":"16","c0":"#6b5806"},"geometry":{"type":"Point","coordinates":[22.042944,43.363167]}},{"type":"Feature","properties":{"lines":"16","arr":["16"],"mode":"bus","angle":72.6,"l0":"16","c0":"#6b5806"},"geometry":{"type":"Point","coordinates":[22.037022,43.35243]}},{"type":"Feature","properties":{"lines":"16","arr":["16"],"mode":"bus","angle":82.2,"mi":1,"l0":"16","c0":"#6b5806"},"geometry":{"type":"Point","coordinates":[22.04697,43.376115]}},{"type":"Feature","properties":{"lines":"16","arr":["16"],"mode":"bus","angle":81.2,"l0":"16","c0":"#6b5806"},"geometry":{"type":"Point","coordinates":[22.04866,43.371053]}},{"type":"Feature","properties":{"lines":"16","arr":["16"],"mode":"bus","angle":-57.9,"extra":1,"ei":0,"l0":"16","c0":"#6b5806"},"geometry":{"type":"Point","coordinates":[22.045946,43.374305]}},{"type":"Feature","properties":{"lines":"16","arr":["16"],"mode":"bus","angle":61,"extra":1,"ei":1,"l0":"16","c0":"#6b5806"},"geometry":{"type":"Point","coordinates":[22.045704,43.377581]}},{"type":"Feature","properties":{"lines":"16","arr":["16"],"mode":"bus","angle":49,"extra":1,"ei":0,"l0":"16","c0":"#6b5806"},"geometry":{"type":"Point","coordinates":[22.047081,43.372543]}},{"type":"Feature","properties":{"lines":"16","arr":["16"],"mode":"bus","angle":29.4,"extra":1,"ei":1,"l0":"16","c0":"#6b5806"},"geometry":{"type":"Point","coordinates":[22.046932,43.370702]}},{"type":"Feature","properties":{"lines":"16","arr":["16"],"mode":"bus","angle":74.3,"extra":1,"ei":0,"l0":"16","c0":"#6b5806"},"geometry":{"type":"Point","coordinates":[22.046695,43.368021]}},{"type":"Feature","properties":{"lines":"16","arr":["16"],"mode":"bus","angle":-60.5,"extra":1,"ei":1,"l0":"16","c0":"#6b5806"},"geometry":{"type":"Point","coordinates":[22.047648,43.366368]}},{"type":"Feature","properties":{"lines":"16","arr":["16"],"mode":"bus","angle":-59.4,"extra":1,"ei":2,"l0":"16","c0":"#6b5806"},"geometry":{"type":"Point","coordinates":[22.046087,43.364892]}},{"type":"Feature","properties":{"lines":"16","arr":["16"],"mode":"bus","angle":-33.5,"extra":1,"ei":3,"l0":"16","c0":"#6b5806"},"geometry":{"type":"Point","coordinates":[22.039756,43.361654]}},{"type":"Feature","properties":{"lines":"16","arr":["16"],"mode":"bus","angle":-20.7,"extra":1,"ei":4,"l0":"16","c0":"#6b5806"},"geometry":{"type":"Point","coordinates":[22.037491,43.360745]}},{"type":"Feature","properties":{"lines":"16","arr":["16"],"mode":"bus","angle":-58.5,"extra":1,"ei":5,"l0":"16","c0":"#6b5806"},"geometry":{"type":"Point","coordinates":[22.03523,43.359893]}},{"type":"Feature","properties":{"lines":"16","arr":["16"],"mode":"bus","angle":-82.5,"extra":1,"ei":6,"l0":"16","c0":"#6b5806"},"geometry":{"type":"Point","coordinates":[22.034762,43.358046]}},{"type":"Feature","properties":{"lines":"16","arr":["16"],"mode":"bus","angle":55.8,"extra":1,"ei":0,"l0":"16","c0":"#6b5806"},"geometry":{"type":"Point","coordinates":[22.035145,43.356098]}},{"type":"Feature","properties":{"lines":"16","arr":["16"],"mode":"bus","angle":72.6,"extra":1,"ei":1,"l0":"16","c0":"#6b5806"},"geometry":{"type":"Point","coordinates":[22.036181,43.354384]}},{"type":"Feature","properties":{"lines":"16","arr":["16"],"mode":"bus","angle":72.9,"extra":1,"ei":2,"l0":"16","c0":"#6b5806"},"geometry":{"type":"Point","coordinates":[22.037732,43.350779]}},{"type":"Feature","properties":{"lines":"16","arr":["16"],"mode":"bus","angle":78.1,"extra":1,"ei":3,"l0":"16","c0":"#6b5806"},"geometry":{"type":"Point","coordinates":[22.038317,43.34894]}},{"type":"Feature","properties":{"lines":"16, 17","arr":["16","17"],"mode":"bus","angle":-75.6,"mi":2,"l0":"16, ","c0":"#6b5806","l1":"17","c1":"#b20b42"},"geometry":{"type":"Point","coordinates":[22.023513,43.32852]}},{"type":"Feature","properties":{"lines":"16, 17","arr":["16","17"],"mode":"bus","angle":-55.9,"mi":3,"l0":"16, ","c0":"#6b5806","l1":"17","c1":"#b20b42"},"geometry":{"type":"Point","coordinates":[22.032355,43.340208]}},{"type":"Feature","properties":{"lines":"16, 17","arr":["16","17"],"mode":"bus","angle":-17.4,"mi":6,"l0":"16, ","c0":"#6b5806","l1":"17","c1":"#b20b42"},"geometry":{"type":"Point","coordinates":[22.038473,43.345736]}},{"type":"Feature","properties":{"lines":"16, 17","arr":["16","17"],"mode":"bus","angle":-82.1,"extra":1,"ei":0,"l0":"16, ","c0":"#6b5806","l1":"17","c1":"#b20b42"},"geometry":{"type":"Point","coordinates":[22.035489,43.344364]}},{"type":"Feature","properties":{"lines":"16, 17","arr":["16","17"],"mode":"bus","angle":-66.1,"extra":1,"ei":1,"l0":"16, ","c0":"#6b5806","l1":"17","c1":"#b20b42"},"geometry":{"type":"Point","coordinates":[22.034864,43.342545]}},{"type":"Feature","properties":{"lines":"16, 17","arr":["16","17"],"mode":"bus","angle":-55.8,"extra":1,"ei":2,"l0":"16, ","c0":"#6b5806","l1":"17","c1":"#b20b42"},"geometry":{"type":"Point","coordinates":[22.030347,43.338004]}},{"type":"Feature","properties":{"lines":"16, 17","arr":["16","17"],"mode":"bus","angle":-53.4,"extra":1,"ei":3,"l0":"16, ","c0":"#6b5806","l1":"17","c1":"#b20b42"},"geometry":{"type":"Point","coordinates":[22.028882,43.336445]}},{"type":"Feature","properties":{"lines":"16, 17","arr":["16","17"],"mode":"bus","angle":-69.5,"extra":1,"ei":0,"l0":"16, ","c0":"#6b5806","l1":"17","c1":"#b20b42"},"geometry":{"type":"Point","coordinates":[22.026603,43.334396]}},{"type":"Feature","properties":{"lines":"16, 17","arr":["16","17"],"mode":"bus","angle":-76.9,"extra":1,"ei":1,"l0":"16, ","c0":"#6b5806","l1":"17","c1":"#b20b42"},"geometry":{"type":"Point","coordinates":[22.0256,43.332673]}},{"type":"Feature","properties":{"lines":"16, 17","arr":["16","17"],"mode":"bus","angle":-62.9,"extra":1,"ei":2,"l0":"16, ","c0":"#6b5806","l1":"17","c1":"#b20b42"},"geometry":{"type":"Point","coordinates":[22.024786,43.330909]}},{"type":"Feature","properties":{"lines":"16, 17","arr":["16","17"],"mode":"bus","angle":-73,"extra":1,"ei":3,"l0":"16, ","c0":"#6b5806","l1":"17","c1":"#b20b42"},"geometry":{"type":"Point","coordinates":[22.023083,43.327363]}},{"type":"Feature","properties":{"lines":"16, 17","arr":["16","17"],"mode":"bus","angle":-66.6,"extra":1,"ei":4,"l0":"16, ","c0":"#6b5806","l1":"17","c1":"#b20b42"},"geometry":{"type":"Point","coordinates":[22.021864,43.325709]}},{"type":"Feature","properties":{"lines":"16, 17","arr":["16","17"],"mode":"bus","angle":-66.9,"extra":1,"ei":5,"l0":"16, ","c0":"#6b5806","l1":"17","c1":"#b20b42"},"geometry":{"type":"Point","coordinates":[22.021083,43.323919]}},{"type":"Feature","properties":{"lines":"16, 17","arr":["16","17"],"mode":"bus","angle":-75.8,"extra":1,"ei":6,"l0":"16, ","c0":"#6b5806","l1":"17","c1":"#b20b42"},"geometry":{"type":"Point","coordinates":[22.02023,43.322139]}},{"type":"Feature","properties":{"lines":"16, 17","arr":["16","17"],"mode":"bus","angle":-81.4,"mi":4,"l0":"16, ","c0":"#6b5806","l1":"17","c1":"#b20b42"},"geometry":{"type":"Point","coordinates":[22.020037,43.321528]}},{"type":"Feature","properties":{"lines":"16, 17","arr":["16","17"],"mode":"bus","angle":-46.2,"mi":1,"l0":"16, ","c0":"#6b5806","l1":"17","c1":"#b20b42"},"geometry":{"type":"Point","coordinates":[22.027504,43.335313]}},{"type":"Feature","properties":{"lines":"16, 17","arr":["16","17"],"mode":"bus","angle":-71.6,"mi":5,"l0":"16, ","c0":"#6b5806","l1":"17","c1":"#b20b42"},"geometry":{"type":"Point","coordinates":[22.019803,43.320539]}},{"type":"Feature","properties":{"lines":"16, 17","arr":["16","17"],"mode":"bus","angle":22.1,"mi":1,"l0":"16, ","c0":"#6b5806","l1":"17","c1":"#b20b42"},"geometry":{"type":"Point","coordinates":[21.99248,43.31977]}},{"type":"Feature","properties":{"lines":"16, 17","arr":["16","17"],"mode":"bus","angle":-1.6,"l0":"16, ","c0":"#6b5806","l1":"17","c1":"#b20b42"},"geometry":{"type":"Point","coordinates":[22.006768,43.318873]}},{"type":"Feature","properties":{"lines":"16, 17","arr":["16","17"],"mode":"bus","angle":-55.7,"extra":1,"ei":0,"l0":"16, ","c0":"#6b5806","l1":"17","c1":"#b20b42"},"geometry":{"type":"Point","coordinates":[22.018988,43.319561]}},{"type":"Feature","properties":{"lines":"16, 17","arr":["16","17"],"mode":"bus","angle":-1.9,"extra":1,"ei":1,"l0":"16, ","c0":"#6b5806","l1":"17","c1":"#b20b42"},"geometry":{"type":"Point","coordinates":[22.016577,43.319101]}},{"type":"Feature","properties":{"lines":"16, 17","arr":["16","17"],"mode":"bus","angle":-1.9,"extra":1,"ei":2,"l0":"16, ","c0":"#6b5806","l1":"17","c1":"#b20b42"},"geometry":{"type":"Point","coordinates":[22.013983,43.319039]}},{"type":"Feature","properties":{"lines":"16, 17","arr":["16","17"],"mode":"bus","angle":-1.9,"extra":1,"ei":3,"l0":"16, ","c0":"#6b5806","l1":"17","c1":"#b20b42"},"geometry":{"type":"Point","coordinates":[22.01139,43.318977]}},{"type":"Feature","properties":{"lines":"16, 17","arr":["16","17"],"mode":"bus","angle":-1.8,"extra":1,"ei":4,"l0":"16, ","c0":"#6b5806","l1":"17","c1":"#b20b42"},"geometry":{"type":"Point","coordinates":[22.008796,43.318915]}},{"type":"Feature","properties":{"lines":"16, 17","arr":["16","17"],"mode":"bus","angle":24.2,"extra":1,"ei":5,"l0":"16, ","c0":"#6b5806","l1":"17","c1":"#b20b42"},"geometry":{"type":"Point","coordinates":[22.003729,43.319283]}},{"type":"Feature","properties":{"lines":"16, 17","arr":["16","17"],"mode":"bus","angle":-19.2,"extra":1,"ei":6,"l0":"16, ","c0":"#6b5806","l1":"17","c1":"#b20b42"},"geometry":{"type":"Point","coordinates":[22.001223,43.31949]}},{"type":"Feature","properties":{"lines":"16, 17","arr":["16","17"],"mode":"bus","angle":1.3,"extra":1,"ei":7,"l0":"16, ","c0":"#6b5806","l1":"17","c1":"#b20b42"},"geometry":{"type":"Point","coordinates":[21.998881,43.318756]}},{"type":"Feature","properties":{"lines":"16, 17","arr":["16","17"],"mode":"bus","angle":6.4,"extra":1,"ei":8,"l0":"16, ","c0":"#6b5806","l1":"17","c1":"#b20b42"},"geometry":{"type":"Point","coordinates":[21.996298,43.318939]}},{"type":"Feature","properties":{"lines":"16, 17","arr":["16","17"],"mode":"bus","angle":17.9,"extra":1,"ei":9,"l0":"16, ","c0":"#6b5806","l1":"17","c1":"#b20b42"},"geometry":{"type":"Point","coordinates":[21.993786,43.319393]}},{"type":"Feature","properties":{"lines":"16, 17","arr":["16","17"],"mode":"bus","angle":-46,"side":-1,"l0":"16, ","c0":"#6b5806","l1":"17","c1":"#b20b42"},"geometry":{"type":"Point","coordinates":[22.024717,43.330646]}},{"type":"Feature","properties":{"lines":"17","arr":["17"],"mode":"bus","angle":-27.7,"side":-1,"l0":"17","c0":"#b20b42"},"geometry":{"type":"Point","coordinates":[22.019559,43.320227]}},{"type":"Feature","properties":{"lines":"17","arr":["17"],"mode":"bus","angle":83.5,"l0":"17","c0":"#b20b42"},"geometry":{"type":"Point","coordinates":[22.059973,43.357087]}},{"type":"Feature","properties":{"lines":"17","arr":["17"],"mode":"bus","angle":48.1,"extra":1,"ei":0,"l0":"17","c0":"#b20b42"},"geometry":{"type":"Point","coordinates":[22.05033,43.351737]}},{"type":"Feature","properties":{"lines":"17","arr":["17"],"mode":"bus","angle":34.1,"extra":1,"ei":1,"l0":"17","c0":"#b20b42"},"geometry":{"type":"Point","coordinates":[22.052534,43.350937]}},{"type":"Feature","properties":{"lines":"17","arr":["17"],"mode":"bus","angle":-51.4,"extra":1,"ei":2,"l0":"17","c0":"#b20b42"},"geometry":{"type":"Point","coordinates":[22.054659,43.350179]}},{"type":"Feature","properties":{"lines":"17","arr":["17"],"mode":"bus","angle":-84.3,"extra":1,"ei":3,"l0":"17","c0":"#b20b42"},"geometry":{"type":"Point","coordinates":[22.054884,43.352045]}},{"type":"Feature","properties":{"lines":"17","arr":["17"],"mode":"bus","angle":-9.4,"extra":1,"ei":4,"l0":"17","c0":"#b20b42"},"geometry":{"type":"Point","coordinates":[22.056316,43.353471]}},{"type":"Feature","properties":{"lines":"17","arr":["17"],"mode":"bus","angle":-43.2,"extra":1,"ei":5,"l0":"17","c0":"#b20b42"},"geometry":{"type":"Point","coordinates":[22.058444,43.354313]}},{"type":"Feature","properties":{"lines":"17","arr":["17"],"mode":"bus","angle":-48.6,"extra":1,"ei":6,"l0":"17","c0":"#b20b42"},"geometry":{"type":"Point","coordinates":[22.059925,43.355841]}},{"type":"Feature","properties":{"lines":"17","arr":["17"],"mode":"bus","angle":-74.8,"extra":1,"ei":7,"l0":"17","c0":"#b20b42"},"geometry":{"type":"Point","coordinates":[22.058371,43.358802]}},{"type":"Feature","properties":{"lines":"17","arr":["17"],"mode":"bus","angle":-76.1,"extra":1,"ei":8,"l0":"17","c0":"#b20b42"},"geometry":{"type":"Point","coordinates":[22.059052,43.360624]}},{"type":"Feature","properties":{"lines":"17","arr":["17"],"mode":"bus","angle":-54,"extra":1,"ei":9,"l0":"17","c0":"#b20b42"},"geometry":{"type":"Point","coordinates":[22.060183,43.362299]}},{"type":"Feature","properties":{"lines":"17","arr":["17"],"mode":"bus","angle":-34,"extra":1,"ei":10,"l0":"17","c0":"#b20b42"},"geometry":{"type":"Point","coordinates":[22.061889,43.363702]}},{"type":"Feature","properties":{"lines":"17","arr":["17"],"mode":"bus","angle":-44.1,"extra":1,"ei":11,"l0":"17","c0":"#b20b42"},"geometry":{"type":"Point","coordinates":[22.063882,43.364903]}},{"type":"Feature","properties":{"lines":"17","arr":["17"],"mode":"bus","angle":85.6,"extra":1,"ei":12,"l0":"17","c0":"#b20b42"},"geometry":{"type":"Point","coordinates":[22.065464,43.366227]}},{"type":"Feature","properties":{"lines":"17","arr":["17"],"mode":"bus","angle":-86.9,"extra":1,"ei":13,"l0":"17","c0":"#b20b42"},"geometry":{"type":"Point","coordinates":[22.066261,43.367829]}},{"type":"Feature","properties":{"lines":"17","arr":["17"],"mode":"bus","angle":50.8,"l0":"17","c0":"#b20b42"},"geometry":{"type":"Point","coordinates":[22.067412,43.367613]}},{"type":"Feature","properties":{"lines":"17A, 23B","arr":["17A","23B"],"mode":"bus","angle":78.9,"l0":"17A, ","c0":"#9789ff","l1":"23B","c1":"#f661b9"},"geometry":{"type":"Point","coordinates":[21.890548,43.325537]}},{"type":"Feature","properties":{"lines":"20A","arr":["20A"],"mode":"bus","angle":-19.5,"l0":"20A","c0":"#7c5001"},"geometry":{"type":"Point","coordinates":[22.069105,43.33348]}},{"type":"Feature","properties":{"lines":"20A","arr":["20A"],"mode":"bus","angle":-35.5,"side":-1,"extra":1,"ei":0,"l0":"20A","c0":"#7c5001"},"geometry":{"type":"Point","coordinates":[22.071563,43.33363]}},{"type":"Feature","properties":{"lines":"20A","arr":["20A"],"mode":"bus","angle":-29,"side":-1,"extra":1,"ei":1,"l0":"20A","c0":"#7c5001"},"geometry":{"type":"Point","coordinates":[22.06704,43.332798]}},{"type":"Feature","properties":{"lines":"18, 20A","arr":["18","20A"],"mode":"bus","angle":-47.7,"l0":"18, ","c0":"#03636c","l1":"20A","c1":"#7c5001"},"geometry":{"type":"Point","coordinates":[22.080462,43.337093]}},{"type":"Feature","properties":{"lines":"18, 20A","arr":["18","20A"],"mode":"bus","angle":-53.2,"l0":"18, ","c0":"#03636c","l1":"20A","c1":"#7c5001"},"geometry":{"type":"Point","coordinates":[22.065176,43.331268]}},{"type":"Feature","properties":{"lines":"18, 20A","arr":["18","20A"],"mode":"bus","angle":56.8,"extra":1,"ei":0,"l0":"18, ","c0":"#03636c","l1":"20A","c1":"#7c5001"},"geometry":{"type":"Point","coordinates":[22.086277,43.339959]}},{"type":"Feature","properties":{"lines":"18, 20A","arr":["18","20A"],"mode":"bus","angle":-4.7,"extra":1,"ei":1,"l0":"18, ","c0":"#03636c","l1":"20A","c1":"#7c5001"},"geometry":{"type":"Point","coordinates":[22.083963,43.339823]}},{"type":"Feature","properties":{"lines":"18, 20A","arr":["18","20A"],"mode":"bus","angle":-52.7,"extra":1,"ei":2,"l0":"18, ","c0":"#03636c","l1":"20A","c1":"#7c5001"},"geometry":{"type":"Point","coordinates":[22.081864,43.339211]}},{"type":"Feature","properties":{"lines":"18, 20A","arr":["18","20A"],"mode":"bus","angle":7.6,"extra":1,"ei":3,"l0":"18, ","c0":"#03636c","l1":"20A","c1":"#7c5001"},"geometry":{"type":"Point","coordinates":[22.076575,43.336527]}},{"type":"Feature","properties":{"lines":"18, 20A","arr":["18","20A"],"mode":"bus","angle":-57.9,"extra":1,"ei":4,"l0":"18, ","c0":"#03636c","l1":"20A","c1":"#7c5001"},"geometry":{"type":"Point","coordinates":[22.074866,43.335332]}},{"type":"Feature","properties":{"lines":"18, 20A","arr":["18","20A"],"mode":"bus","angle":-21,"extra":1,"ei":5,"l0":"18, ","c0":"#03636c","l1":"20A","c1":"#7c5001"},"geometry":{"type":"Point","coordinates":[22.073231,43.333946]}},{"type":"Feature","properties":{"lines":"18","arr":["18"],"mode":"bus","angle":-12.4,"mi":5,"l0":"18","c0":"#03636c"},"geometry":{"type":"Point","coordinates":[22.071082,43.333637]}},{"type":"Feature","properties":{"lines":"18","arr":["18"],"mode":"bus","angle":-25,"mi":3,"l0":"18","c0":"#03636c"},"geometry":{"type":"Point","coordinates":[22.067556,43.333101]}},{"type":"Feature","properties":{"lines":"18","arr":["18"],"mode":"bus","angle":-34.1,"l0":"18","c0":"#03636c"},"geometry":{"type":"Point","coordinates":[22.052052,43.313112]}},{"type":"Feature","properties":{"lines":"18, 20, 20A","arr":["18","20","20A"],"mode":"bus","angle":-75,"l0":"18, ","c0":"#03636c","l1":"20, ","c1":"#b0045c","l2":"20A","c2":"#7c5001"},"geometry":{"type":"Point","coordinates":[22.050577,43.32201]}},{"type":"Feature","properties":{"lines":"18, 20, 20A","arr":["18","20","20A"],"mode":"bus","angle":-13.7,"mi":3,"l0":"18, ","c0":"#03636c","l1":"20, ","c1":"#b0045c","l2":"20A","c2":"#7c5001"},"geometry":{"type":"Point","coordinates":[22.045556,43.311349]}},{"type":"Feature","properties":{"lines":"18, 20, 20A","arr":["18","20","20A"],"mode":"bus","angle":-40.1,"l0":"18, ","c0":"#03636c","l1":"20, ","c1":"#b0045c","l2":"20A","c2":"#7c5001"},"geometry":{"type":"Point","coordinates":[22.06359,43.329851]}},{"type":"Feature","properties":{"lines":"18, 20, 20A","arr":["18","20","20A"],"mode":"bus","angle":-40.2,"extra":1,"ei":0,"l0":"18, ","c0":"#03636c","l1":"20, ","c1":"#b0045c","l2":"20A","c2":"#7c5001"},"geometry":{"type":"Point","coordinates":[22.060789,43.328126]}},{"type":"Feature","properties":{"lines":"18, 20, 20A","arr":["18","20","20A"],"mode":"bus","angle":-40.5,"extra":1,"ei":1,"l0":"18, ","c0":"#03636c","l1":"20, ","c1":"#b0045c","l2":"20A","c2":"#7c5001"},"geometry":{"type":"Point","coordinates":[22.058803,43.32691]}},{"type":"Feature","properties":{"lines":"18, 20, 20A","arr":["18","20","20A"],"mode":"bus","angle":-35.2,"extra":1,"ei":2,"l0":"18, ","c0":"#03636c","l1":"20, ","c1":"#b0045c","l2":"20A","c2":"#7c5001"},"geometry":{"type":"Point","coordinates":[22.056788,43.325722]}},{"type":"Feature","properties":{"lines":"18, 20, 20A","arr":["18","20","20A"],"mode":"bus","angle":-27.8,"extra":1,"ei":3,"l0":"18, ","c0":"#03636c","l1":"20, ","c1":"#b0045c","l2":"20A","c2":"#7c5001"},"geometry":{"type":"Point","coordinates":[22.054583,43.32473]}},{"type":"Feature","properties":{"lines":"18, 20, 20A","arr":["18","20","20A"],"mode":"bus","angle":-34.9,"extra":1,"ei":4,"l0":"18, ","c0":"#03636c","l1":"20, ","c1":"#b0045c","l2":"20A","c2":"#7c5001"},"geometry":{"type":"Point","coordinates":[22.052299,43.323837]}},{"type":"Feature","properties":{"lines":"18, 20, 20A","arr":["18","20","20A"],"mode":"bus","angle":75.8,"extra":1,"ei":5,"l0":"18, ","c0":"#03636c","l1":"20, ","c1":"#b0045c","l2":"20A","c2":"#7c5001"},"geometry":{"type":"Point","coordinates":[22.050592,43.32052]}},{"type":"Feature","properties":{"lines":"18, 20, 20A","arr":["18","20","20A"],"mode":"bus","angle":60.3,"extra":1,"ei":6,"l0":"18, ","c0":"#03636c","l1":"20, ","c1":"#b0045c","l2":"20A","c2":"#7c5001"},"geometry":{"type":"Point","coordinates":[22.05171,43.318822]}},{"type":"Feature","properties":{"lines":"18, 20, 20A","arr":["18","20","20A"],"mode":"bus","angle":62.2,"extra":1,"ei":7,"l0":"18, ","c0":"#03636c","l1":"20, ","c1":"#b0045c","l2":"20A","c2":"#7c5001"},"geometry":{"type":"Point","coordinates":[22.052968,43.317171]}},{"type":"Feature","properties":{"lines":"18, 20, 20A","arr":["18","20","20A"],"mode":"bus","angle":86.4,"extra":1,"ei":8,"l0":"18, ","c0":"#03636c","l1":"20, ","c1":"#b0045c","l2":"20A","c2":"#7c5001"},"geometry":{"type":"Point","coordinates":[22.053834,43.315407]}},{"type":"Feature","properties":{"lines":"18, 20, 20A","arr":["18","20","20A"],"mode":"bus","angle":-47.8,"extra":1,"ei":9,"l0":"18, ","c0":"#03636c","l1":"20, ","c1":"#b0045c","l2":"20A","c2":"#7c5001"},"geometry":{"type":"Point","coordinates":[22.053094,43.313647]}},{"type":"Feature","properties":{"lines":"18, 20, 20A","arr":["18","20","20A"],"mode":"bus","angle":-14.7,"extra":1,"ei":0,"l0":"18, ","c0":"#03636c","l1":"20, ","c1":"#b0045c","l2":"20A","c2":"#7c5001"},"geometry":{"type":"Point","coordinates":[22.047518,43.311723]}},{"type":"Feature","properties":{"lines":"18, 20, 20A","arr":["18","20","20A"],"mode":"bus","angle":-4,"extra":1,"ei":1,"l0":"18, ","c0":"#03636c","l1":"20, ","c1":"#b0045c","l2":"20A","c2":"#7c5001"},"geometry":{"type":"Point","coordinates":[22.04244,43.310987]}},{"type":"Feature","properties":{"lines":"20, 20A","arr":["20","20A"],"mode":"bus","angle":47,"l0":"20, ","c0":"#b0045c","l1":"20A","c1":"#7c5001"},"geometry":{"type":"Point","coordinates":[22.096204,43.33232]}},{"type":"Feature","properties":{"lines":"20, 20A","arr":["20","20A"],"mode":"bus","angle":-26.4,"side":-1,"mi":1,"l0":"20, ","c0":"#b0045c","l1":"20A","c1":"#7c5001"},"geometry":{"type":"Point","coordinates":[22.050529,43.312364]}},{"type":"Feature","properties":{"lines":"20, 20A","arr":["20","20A"],"mode":"bus","angle":-39.9,"side":-1,"l0":"20, ","c0":"#b0045c","l1":"20A","c1":"#7c5001"},"geometry":{"type":"Point","coordinates":[22.062159,43.328975]}},{"type":"Feature","properties":{"lines":"20, 20A","arr":["20","20A"],"mode":"bus","angle":-30.2,"extra":1,"ei":0,"l0":"20, ","c0":"#b0045c","l1":"20A","c1":"#7c5001"},"geometry":{"type":"Point","coordinates":[22.12217,43.335328]}},{"type":"Feature","properties":{"lines":"20, 20A","arr":["20","20A"],"mode":"bus","angle":-32.9,"extra":1,"ei":1,"l0":"20, ","c0":"#b0045c","l1":"20A","c1":"#7c5001"},"geometry":{"type":"Point","coordinates":[22.119987,43.334308]}},{"type":"Feature","properties":{"lines":"20, 20A","arr":["20","20A"],"mode":"bus","angle":-38.9,"extra":1,"ei":2,"l0":"20, ","c0":"#b0045c","l1":"20A","c1":"#7c5001"},"geometry":{"type":"Point","coordinates":[22.117842,43.333247]}},{"type":"Feature","properties":{"lines":"20, 20A","arr":["20","20A"],"mode":"bus","angle":-68.5,"extra":1,"ei":3,"l0":"20, ","c0":"#b0045c","l1":"20A","c1":"#7c5001"},"geometry":{"type":"Point","coordinates":[22.116327,43.331741]}},{"type":"Feature","properties":{"lines":"20, 20A","arr":["20","20A"],"mode":"bus","angle":-43.9,"extra":1,"ei":4,"l0":"20, ","c0":"#b0045c","l1":"20A","c1":"#7c5001"},"geometry":{"type":"Point","coordinates":[22.115118,43.330094]}},{"type":"Feature","properties":{"lines":"20, 20A","arr":["20","20A"],"mode":"bus","angle":-35.2,"extra":1,"ei":5,"l0":"20, ","c0":"#b0045c","l1":"20A","c1":"#7c5001"},"geometry":{"type":"Point","coordinates":[22.113014,43.32899]}},{"type":"Feature","properties":{"lines":"20, 20A","arr":["20","20A"],"mode":"bus","angle":-24.2,"extra":1,"ei":6,"l0":"20, ","c0":"#b0045c","l1":"20A","c1":"#7c5001"},"geometry":{"type":"Point","coordinates":[22.11085,43.327952]}},{"type":"Feature","properties":{"lines":"20, 20A","arr":["20","20A"],"mode":"bus","angle":9.1,"extra":1,"ei":7,"l0":"20, ","c0":"#b0045c","l1":"20A","c1":"#7c5001"},"geometry":{"type":"Point","coordinates":[22.108315,43.327819]}},{"type":"Feature","properties":{"lines":"20, 20A","arr":["20","20A"],"mode":"bus","angle":-5.7,"extra":1,"ei":8,"l0":"20, ","c0":"#b0045c","l1":"20A","c1":"#7c5001"},"geometry":{"type":"Point","coordinates":[22.105734,43.327928]}},{"type":"Feature","properties":{"lines":"20, 20A","arr":["20","20A"],"mode":"bus","angle":-0.1,"extra":1,"ei":9,"l0":"20, ","c0":"#b0045c","l1":"20A","c1":"#7c5001"},"geometry":{"type":"Point","coordinates":[22.103176,43.32763]}},{"type":"Feature","properties":{"lines":"20, 20A","arr":["20","20A"],"mode":"bus","angle":46.4,"extra":1,"ei":10,"l0":"20, ","c0":"#b0045c","l1":"20A","c1":"#7c5001"},"geometry":{"type":"Point","coordinates":[22.10083,43.328301]}},{"type":"Feature","properties":{"lines":"20, 20A","arr":["20","20A"],"mode":"bus","angle":63.5,"extra":1,"ei":11,"l0":"20, ","c0":"#b0045c","l1":"20A","c1":"#7c5001"},"geometry":{"type":"Point","coordinates":[22.099495,43.329911]}},{"type":"Feature","properties":{"lines":"20, 20A","arr":["20","20A"],"mode":"bus","angle":40,"extra":1,"ei":12,"l0":"20, ","c0":"#b0045c","l1":"20A","c1":"#7c5001"},"geometry":{"type":"Point","coordinates":[22.09794,43.331404]}},{"type":"Feature","properties":{"lines":"20, 20A","arr":["20","20A"],"mode":"bus","angle":35.4,"extra":1,"ei":13,"l0":"20, ","c0":"#b0045c","l1":"20A","c1":"#7c5001"},"geometry":{"type":"Point","coordinates":[22.094202,43.333974]}},{"type":"Feature","properties":{"lines":"20, 20A","arr":["20","20A"],"mode":"bus","angle":30.1,"extra":1,"ei":14,"l0":"20, ","c0":"#b0045c","l1":"20A","c1":"#7c5001"},"geometry":{"type":"Point","coordinates":[22.092041,43.33502]}},{"type":"Feature","properties":{"lines":"20, 20A","arr":["20","20A"],"mode":"bus","angle":1,"extra":1,"ei":15,"l0":"20, ","c0":"#b0045c","l1":"20A","c1":"#7c5001"},"geometry":{"type":"Point","coordinates":[22.089582,43.335549]}},{"type":"Feature","properties":{"lines":"20, 20A","arr":["20","20A"],"mode":"bus","angle":-9.7,"extra":1,"ei":16,"l0":"20, ","c0":"#b0045c","l1":"20A","c1":"#7c5001"},"geometry":{"type":"Point","coordinates":[22.087015,43.335298]}},{"type":"Feature","properties":{"lines":"20, 20A","arr":["20","20A"],"mode":"bus","angle":-9.7,"extra":1,"ei":17,"l0":"20, ","c0":"#b0045c","l1":"20A","c1":"#7c5001"},"geometry":{"type":"Point","coordinates":[22.084457,43.33498]}},{"type":"Feature","properties":{"lines":"20, 20A","arr":["20","20A"],"mode":"bus","angle":-12.3,"extra":1,"ei":18,"l0":"20, ","c0":"#b0045c","l1":"20A","c1":"#7c5001"},"geometry":{"type":"Point","coordinates":[22.081903,43.33465]}},{"type":"Feature","properties":{"lines":"20, 20A","arr":["20","20A"],"mode":"bus","angle":-15.4,"extra":1,"ei":19,"l0":"20, ","c0":"#b0045c","l1":"20A","c1":"#7c5001"},"geometry":{"type":"Point","coordinates":[22.079399,43.334155]}},{"type":"Feature","properties":{"lines":"20, 20A","arr":["20","20A"],"mode":"bus","angle":-22.8,"extra":1,"ei":20,"l0":"20, ","c0":"#b0045c","l1":"20A","c1":"#7c5001"},"geometry":{"type":"Point","coordinates":[22.076945,43.333548]}},{"type":"Feature","properties":{"lines":"20, 20A","arr":["20","20A"],"mode":"bus","angle":-20.1,"extra":1,"ei":21,"l0":"20, ","c0":"#b0045c","l1":"20A","c1":"#7c5001"},"geometry":{"type":"Point","coordinates":[22.074547,43.332826]}},{"type":"Feature","properties":{"lines":"20, 20A","arr":["20","20A"],"mode":"bus","angle":-6.2,"extra":1,"ei":22,"l0":"20, ","c0":"#b0045c","l1":"20A","c1":"#7c5001"},"geometry":{"type":"Point","coordinates":[22.072029,43.332395]}},{"type":"Feature","properties":{"lines":"20, 20A","arr":["20","20A"],"mode":"bus","angle":0.3,"extra":1,"ei":23,"l0":"20, ","c0":"#b0045c","l1":"20A","c1":"#7c5001"},"geometry":{"type":"Point","coordinates":[22.069439,43.332325]}},{"type":"Feature","properties":{"lines":"20, 20A","arr":["20","20A"],"mode":"bus","angle":-31.3,"extra":1,"ei":24,"l0":"20, ","c0":"#b0045c","l1":"20A","c1":"#7c5001"},"geometry":{"type":"Point","coordinates":[22.066961,43.331875]}},{"type":"Feature","properties":{"lines":"20, 20A","arr":["20","20A"],"mode":"bus","angle":-40.1,"side":-1,"extra":1,"ei":25,"l0":"20, ","c0":"#b0045c","l1":"20A","c1":"#7c5001"},"geometry":{"type":"Point","coordinates":[22.064946,43.330687]}},{"type":"Feature","properties":{"lines":"20","arr":["20"],"mode":"bus","angle":-17.3,"side":-1,"l0":"20","c0":"#b0045c"},"geometry":{"type":"Point","coordinates":[22.04936,43.31205]}},{"type":"Feature","properties":{"lines":"18","arr":["18"],"mode":"bus","angle":-38.2,"l0":"18","c0":"#03636c"},"geometry":{"type":"Point","coordinates":[22.062069,43.329027]}},{"type":"Feature","properties":{"lines":"18","arr":["18"],"mode":"bus","angle":10,"mi":4,"l0":"18","c0":"#03636c"},"geometry":{"type":"Point","coordinates":[22.053504,43.324402]}},{"type":"Feature","properties":{"lines":"18","arr":["18"],"mode":"bus","angle":-5.4,"mi":1,"l0":"18","c0":"#03636c"},"geometry":{"type":"Point","coordinates":[22.058126,43.326592]}},{"type":"Feature","properties":{"lines":"18","arr":["18"],"mode":"bus","angle":-16.6,"mi":2,"l0":"18","c0":"#03636c"},"geometry":{"type":"Point","coordinates":[22.057573,43.326279]}},{"type":"Feature","properties":{"lines":"18, 20A","arr":["18","20A"],"mode":"bus","angle":-25.8,"mi":1,"l0":"18, ","c0":"#03636c","l1":"20A","c1":"#7c5001"},"geometry":{"type":"Point","coordinates":[22.050622,43.312469]}},{"type":"Feature","properties":{"lines":"18, 20A","arr":["18","20A"],"mode":"bus","angle":-6.7,"l0":"18, ","c0":"#03636c","l1":"20A","c1":"#7c5001"},"geometry":{"type":"Point","coordinates":[22.049193,43.312181]}},{"type":"Feature","properties":{"lines":"18, 20, 20A","arr":["18","20","20A"],"mode":"bus","angle":2.9,"mi":1,"l0":"18, ","c0":"#03636c","l1":"20, ","c1":"#b0045c","l2":"20A","c2":"#7c5001"},"geometry":{"type":"Point","coordinates":[22.041151,43.310982]}},{"type":"Feature","properties":{"lines":"18, 20, 20A","arr":["18","20","20A"],"mode":"bus","angle":-64.2,"l0":"18, ","c0":"#03636c","l1":"20, ","c1":"#b0045c","l2":"20A","c2":"#7c5001"},"geometry":{"type":"Point","coordinates":[22.039666,43.310639]}},{"type":"Feature","properties":{"lines":"18, 20, 20A","arr":["18","20","20A"],"mode":"bus","angle":-50.9,"mi":4,"l0":"18, ","c0":"#03636c","l1":"20, ","c1":"#b0045c","l2":"20A","c2":"#7c5001"},"geometry":{"type":"Point","coordinates":[22.032367,43.307597]}},{"type":"Feature","properties":{"lines":"18, 20, 20A","arr":["18","20","20A"],"mode":"bus","angle":-5.4,"l0":"18, ","c0":"#03636c","l1":"20, ","c1":"#b0045c","l2":"20A","c2":"#7c5001"},"geometry":{"type":"Point","coordinates":[22.016742,43.301627]}},{"type":"Feature","properties":{"lines":"18, 20, 20A","arr":["18","20","20A"],"mode":"bus","angle":-15.8,"mi":2,"l0":"18, ","c0":"#03636c","l1":"20, ","c1":"#b0045c","l2":"20A","c2":"#7c5001"},"geometry":{"type":"Point","coordinates":[22.035713,43.309372]}},{"type":"Feature","properties":{"lines":"18, 20, 20A","arr":["18","20","20A"],"mode":"bus","angle":-16.3,"extra":1,"ei":0,"l0":"18, ","c0":"#03636c","l1":"20, ","c1":"#b0045c","l2":"20A","c2":"#7c5001"},"geometry":{"type":"Point","coordinates":[22.038153,43.309875]}},{"type":"Feature","properties":{"lines":"18, 20, 20A","arr":["18","20","20A"],"mode":"bus","angle":-42.3,"extra":1,"ei":1,"l0":"18, ","c0":"#03636c","l1":"20, ","c1":"#b0045c","l2":"20A","c2":"#7c5001"},"geometry":{"type":"Point","coordinates":[22.033425,43.308435]}},{"type":"Feature","properties":{"lines":"18, 20, 20A","arr":["18","20","20A"],"mode":"bus","angle":-48.4,"extra":1,"ei":0,"l0":"18, ","c0":"#03636c","l1":"20, ","c1":"#b0045c","l2":"20A","c2":"#7c5001"},"geometry":{"type":"Point","coordinates":[22.031281,43.306661]}},{"type":"Feature","properties":{"lines":"18, 20, 20A","arr":["18","20","20A"],"mode":"bus","angle":-40.8,"extra":1,"ei":1,"l0":"18, ","c0":"#03636c","l1":"20, ","c1":"#b0045c","l2":"20A","c2":"#7c5001"},"geometry":{"type":"Point","coordinates":[22.029428,43.305341]}},{"type":"Feature","properties":{"lines":"18, 20, 20A","arr":["18","20","20A"],"mode":"bus","angle":-33.9,"extra":1,"ei":2,"l0":"18, ","c0":"#03636c","l1":"20, ","c1":"#b0045c","l2":"20A","c2":"#7c5001"},"geometry":{"type":"Point","coordinates":[22.027361,43.304201]}},{"type":"Feature","properties":{"lines":"18, 20, 20A","arr":["18","20","20A"],"mode":"bus","angle":-27,"extra":1,"ei":3,"l0":"18, ","c0":"#03636c","l1":"20, ","c1":"#b0045c","l2":"20A","c2":"#7c5001"},"geometry":{"type":"Point","coordinates":[22.025118,43.303253]}},{"type":"Feature","properties":{"lines":"18, 20, 20A","arr":["18","20","20A"],"mode":"bus","angle":-19.8,"extra":1,"ei":4,"l0":"18, ","c0":"#03636c","l1":"20, ","c1":"#b0045c","l2":"20A","c2":"#7c5001"},"geometry":{"type":"Point","coordinates":[22.022732,43.302514]}},{"type":"Feature","properties":{"lines":"18, 20, 20A","arr":["18","20","20A"],"mode":"bus","angle":-13.4,"extra":1,"ei":5,"l0":"18, ","c0":"#03636c","l1":"20, ","c1":"#b0045c","l2":"20A","c2":"#7c5001"},"geometry":{"type":"Point","coordinates":[22.02024,43.301994]}},{"type":"Feature","properties":{"lines":"18, 20, 20A","arr":["18","20","20A"],"mode":"bus","angle":-5.6,"extra":1,"ei":6,"l0":"18, ","c0":"#03636c","l1":"20, ","c1":"#b0045c","l2":"20A","c2":"#7c5001"},"geometry":{"type":"Point","coordinates":[22.015098,43.30151]}},{"type":"Feature","properties":{"lines":"18, 20, 20A","arr":["18","20","20A"],"mode":"bus","angle":-4.8,"extra":1,"ei":7,"l0":"18, ","c0":"#03636c","l1":"20, ","c1":"#b0045c","l2":"20A","c2":"#7c5001"},"geometry":{"type":"Point","coordinates":[22.012514,43.301333]}},{"type":"Feature","properties":{"lines":"18, 20, 20A","arr":["18","20","20A"],"mode":"bus","angle":-4.9,"extra":1,"ei":8,"l0":"18, ","c0":"#03636c","l1":"20, ","c1":"#b0045c","l2":"20A","c2":"#7c5001"},"geometry":{"type":"Point","coordinates":[22.009928,43.301173]}},{"type":"Feature","properties":{"lines":"18, 20, 20A","arr":["18","20","20A"],"mode":"bus","angle":-4.9,"extra":1,"ei":9,"l0":"18, ","c0":"#03636c","l1":"20, ","c1":"#b0045c","l2":"20A","c2":"#7c5001"},"geometry":{"type":"Point","coordinates":[22.007343,43.301012]}},{"type":"Feature","properties":{"lines":"18, 20, 20A","arr":["18","20","20A"],"mode":"bus","angle":-5.1,"extra":1,"ei":10,"l0":"18, ","c0":"#03636c","l1":"20, ","c1":"#b0045c","l2":"20A","c2":"#7c5001"},"geometry":{"type":"Point","coordinates":[22.004758,43.300845]}},{"type":"Feature","properties":{"lines":"18, 20, 20A","arr":["18","20","20A"],"mode":"bus","angle":-4.9,"extra":1,"ei":11,"l0":"18, ","c0":"#03636c","l1":"20, ","c1":"#b0045c","l2":"20A","c2":"#7c5001"},"geometry":{"type":"Point","coordinates":[22.002172,43.300684]}},{"type":"Feature","properties":{"lines":"18, 20, 20A","arr":["18","20","20A"],"mode":"bus","angle":-2.8,"extra":1,"ei":12,"l0":"18, ","c0":"#03636c","l1":"20, ","c1":"#b0045c","l2":"20A","c2":"#7c5001"},"geometry":{"type":"Point","coordinates":[21.999586,43.300534]}},{"type":"Feature","properties":{"lines":"19, 21, 21A","arr":["19","21","21A"],"mode":"bus","angle":-3.1,"l0":"19, ","c0":"#19a9a8","l1":"21, ","c1":"#79a620","l2":"21A","c2":"#4d4aba"},"geometry":{"type":"Point","coordinates":[22.01228,43.30028]}},{"type":"Feature","properties":{"lines":"19, 21, 21A","arr":["19","21","21A"],"mode":"bus","angle":1.9,"extra":1,"ei":0,"l0":"19, ","c0":"#19a9a8","l1":"21, ","c1":"#79a620","l2":"21A","c2":"#4d4aba"},"geometry":{"type":"Point","coordinates":[22.000518,43.299896]}},{"type":"Feature","properties":{"lines":"19, 21, 21A","arr":["19","21","21A"],"mode":"bus","angle":-2,"extra":1,"ei":1,"l0":"19, ","c0":"#19a9a8","l1":"21, ","c1":"#79a620","l2":"21A","c2":"#4d4aba"},"geometry":{"type":"Point","coordinates":[22.003112,43.299886]}},{"type":"Feature","properties":{"lines":"19, 21, 21A","arr":["19","21","21A"],"mode":"bus","angle":-3.7,"extra":1,"ei":2,"l0":"19, ","c0":"#19a9a8","l1":"21, ","c1":"#79a620","l2":"21A","c2":"#4d4aba"},"geometry":{"type":"Point","coordinates":[22.005703,43.299991]}},{"type":"Feature","properties":{"lines":"19, 21, 21A","arr":["19","21","21A"],"mode":"bus","angle":-3.3,"extra":1,"ei":3,"l0":"19, ","c0":"#19a9a8","l1":"21, ","c1":"#79a620","l2":"21A","c2":"#4d4aba"},"geometry":{"type":"Point","coordinates":[22.008293,43.300112]}},{"type":"Feature","properties":{"lines":"19, 21, 21A","arr":["19","21","21A"],"mode":"bus","angle":-2.8,"extra":1,"ei":4,"l0":"19, ","c0":"#19a9a8","l1":"21, ","c1":"#79a620","l2":"21A","c2":"#4d4aba"},"geometry":{"type":"Point","coordinates":[22.016065,43.300428]}},{"type":"Feature","properties":{"lines":"19, 21, 21A","arr":["19","21","21A"],"mode":"bus","angle":-4,"extra":1,"ei":5,"l0":"19, ","c0":"#19a9a8","l1":"21, ","c1":"#79a620","l2":"21A","c2":"#4d4aba"},"geometry":{"type":"Point","coordinates":[22.018657,43.300523]}},{"type":"Feature","properties":{"lines":"19, 21, 21A","arr":["19","21","21A"],"mode":"bus","angle":-3.9,"extra":1,"ei":6,"l0":"19, ","c0":"#19a9a8","l1":"21, ","c1":"#79a620","l2":"21A","c2":"#4d4aba"},"geometry":{"type":"Point","coordinates":[22.021246,43.300654]}},{"type":"Feature","properties":{"lines":"19, 21, 21A","arr":["19","21","21A"],"mode":"bus","angle":-4,"extra":1,"ei":7,"l0":"19, ","c0":"#19a9a8","l1":"21, ","c1":"#79a620","l2":"21A","c2":"#4d4aba"},"geometry":{"type":"Point","coordinates":[22.023835,43.300785]}},{"type":"Feature","properties":{"lines":"19, 21, 21A","arr":["19","21","21A"],"mode":"bus","angle":-6.1,"l0":"19, ","c0":"#19a9a8","l1":"21, ","c1":"#79a620","l2":"21A","c2":"#4d4aba"},"geometry":{"type":"Point","coordinates":[22.035097,43.301607]}},{"type":"Feature","properties":{"lines":"19, 21, 21A","arr":["19","21","21A"],"mode":"bus","angle":-5,"extra":1,"ei":0,"l0":"19, ","c0":"#19a9a8","l1":"21, ","c1":"#79a620","l2":"21A","c2":"#4d4aba"},"geometry":{"type":"Point","coordinates":[22.026623,43.300951]}},{"type":"Feature","properties":{"lines":"19, 21, 21A","arr":["19","21","21A"],"mode":"bus","angle":-6.4,"extra":1,"ei":1,"l0":"19, ","c0":"#19a9a8","l1":"21, ","c1":"#79a620","l2":"21A","c2":"#4d4aba"},"geometry":{"type":"Point","coordinates":[22.029206,43.301129]}},{"type":"Feature","properties":{"lines":"19, 21, 21A","arr":["19","21","21A"],"mode":"bus","angle":-6.4,"extra":1,"ei":2,"l0":"19, ","c0":"#19a9a8","l1":"21, ","c1":"#79a620","l2":"21A","c2":"#4d4aba"},"geometry":{"type":"Point","coordinates":[22.031785,43.30134]}},{"type":"Feature","properties":{"lines":"19, 21, 21A","arr":["19","21","21A"],"mode":"bus","angle":-6.1,"extra":1,"ei":3,"l0":"19, ","c0":"#19a9a8","l1":"21, ","c1":"#79a620","l2":"21A","c2":"#4d4aba"},"geometry":{"type":"Point","coordinates":[22.036944,43.301751]}},{"type":"Feature","properties":{"lines":"19, 21, 21A","arr":["19","21","21A"],"mode":"bus","angle":-8.5,"extra":1,"ei":4,"l0":"19, ","c0":"#19a9a8","l1":"21, ","c1":"#79a620","l2":"21A","c2":"#4d4aba"},"geometry":{"type":"Point","coordinates":[22.039523,43.30196]}},{"type":"Feature","properties":{"lines":"19, 21, 21A","arr":["19","21","21A"],"mode":"bus","angle":-13.9,"extra":1,"ei":5,"l0":"19, ","c0":"#19a9a8","l1":"21, ","c1":"#79a620","l2":"21A","c2":"#4d4aba"},"geometry":{"type":"Point","coordinates":[22.042085,43.302259]}},{"type":"Feature","properties":{"lines":"19, 21, 21A","arr":["19","21","21A"],"mode":"bus","angle":2.4,"extra":1,"ei":6,"l0":"19, ","c0":"#19a9a8","l1":"21, ","c1":"#79a620","l2":"21A","c2":"#4d4aba"},"geometry":{"type":"Point","coordinates":[22.044311,43.303123]}},{"type":"Feature","properties":{"lines":"19, 21, 21A","arr":["19","21","21A"],"mode":"bus","angle":46.9,"l0":"19, ","c0":"#19a9a8","l1":"21, ","c1":"#79a620","l2":"21A","c2":"#4d4aba"},"geometry":{"type":"Point","coordinates":[22.051291,43.299616]}},{"type":"Feature","properties":{"lines":"19, 21, 21A","arr":["19","21","21A"],"mode":"bus","angle":40.8,"extra":1,"ei":0,"l0":"19, ","c0":"#19a9a8","l1":"21, ","c1":"#79a620","l2":"21A","c2":"#4d4aba"},"geometry":{"type":"Point","coordinates":[22.045503,43.302523]}},{"type":"Feature","properties":{"lines":"19, 21, 21A","arr":["19","21","21A"],"mode":"bus","angle":17.9,"extra":1,"ei":1,"l0":"19, ","c0":"#19a9a8","l1":"21, ","c1":"#79a620","l2":"21A","c2":"#4d4aba"},"geometry":{"type":"Point","coordinates":[22.047565,43.301396]}},{"type":"Feature","properties":{"lines":"19, 21, 21A","arr":["19","21","21A"],"mode":"bus","angle":48,"extra":1,"ei":2,"l0":"19, ","c0":"#19a9a8","l1":"21, ","c1":"#79a620","l2":"21A","c2":"#4d4aba"},"geometry":{"type":"Point","coordinates":[22.049871,43.300776]}},{"type":"Feature","properties":{"lines":"19, 21, 21A","arr":["19","21","21A"],"mode":"bus","angle":51.5,"extra":1,"ei":3,"l0":"19, ","c0":"#19a9a8","l1":"21, ","c1":"#79a620","l2":"21A","c2":"#4d4aba"},"geometry":{"type":"Point","coordinates":[22.053148,43.297857]}},{"type":"Feature","properties":{"lines":"19, 21, 21A","arr":["19","21","21A"],"mode":"bus","angle":63.8,"extra":1,"ei":4,"l0":"19, ","c0":"#19a9a8","l1":"21, ","c1":"#79a620","l2":"21A","c2":"#4d4aba"},"geometry":{"type":"Point","coordinates":[22.054688,43.296346]}},{"type":"Feature","properties":{"lines":"19, 21, 21A","arr":["19","21","21A"],"mode":"bus","angle":28.8,"extra":1,"ei":5,"l0":"19, ","c0":"#19a9a8","l1":"21, ","c1":"#79a620","l2":"21A","c2":"#4d4aba"},"geometry":{"type":"Point","coordinates":[22.056782,43.295327]}},{"type":"Feature","properties":{"lines":"19","arr":["19"],"mode":"bus","angle":-50.4,"mi":1,"l0":"19","c0":"#19a9a8"},"geometry":{"type":"Point","coordinates":[22.085252,43.301655]}},{"type":"Feature","properties":{"lines":"19","arr":["19"],"mode":"bus","angle":4.2,"mi":2,"l0":"19","c0":"#19a9a8"},"geometry":{"type":"Point","coordinates":[22.05631,43.301727]}},{"type":"Feature","properties":{"lines":"19","arr":["19"],"mode":"bus","angle":-24.4,"mi":1,"l0":"19","c0":"#19a9a8"},"geometry":{"type":"Point","coordinates":[22.069808,43.299277]}},{"type":"Feature","properties":{"lines":"19","arr":["19"],"mode":"bus","angle":19.3,"l0":"19","c0":"#19a9a8"},"geometry":{"type":"Point","coordinates":[22.065085,43.299418]}},{"type":"Feature","properties":{"lines":"19","arr":["19"],"mode":"bus","angle":0.8,"extra":1,"ei":0,"l0":"19","c0":"#19a9a8"},"geometry":{"type":"Point","coordinates":[22.050631,43.301191]}},{"type":"Feature","properties":{"lines":"19","arr":["19"],"mode":"bus","angle":-20.6,"extra":1,"ei":1,"l0":"19","c0":"#19a9a8"},"geometry":{"type":"Point","coordinates":[22.053188,43.30146]}},{"type":"Feature","properties":{"lines":"19","arr":["19"],"mode":"bus","angle":6.4,"extra":1,"ei":2,"l0":"19","c0":"#19a9a8"},"geometry":{"type":"Point","coordinates":[22.058292,43.301577]}},{"type":"Feature","properties":{"lines":"19","arr":["19"],"mode":"bus","angle":20.9,"extra":1,"ei":3,"l0":"19","c0":"#19a9a8"},"geometry":{"type":"Point","coordinates":[22.060769,43.301047]}},{"type":"Feature","properties":{"lines":"19","arr":["19"],"mode":"bus","angle":-0.7,"extra":1,"ei":0,"l0":"19","c0":"#19a9a8"},"geometry":{"type":"Point","coordinates":[22.072787,43.300016]}},{"type":"Feature","properties":{"lines":"19","arr":["19"],"mode":"bus","angle":-33.4,"extra":1,"ei":1,"l0":"19","c0":"#19a9a8"},"geometry":{"type":"Point","coordinates":[22.075246,43.300436]}},{"type":"Feature","properties":{"lines":"19","arr":["19"],"mode":"bus","angle":13.3,"extra":1,"ei":2,"l0":"19","c0":"#19a9a8"},"geometry":{"type":"Point","coordinates":[22.076821,43.29955]}},{"type":"Feature","properties":{"lines":"19","arr":["19"],"mode":"bus","angle":-26.2,"extra":1,"ei":3,"l0":"19","c0":"#19a9a8"},"geometry":{"type":"Point","coordinates":[22.079237,43.300081]}},{"type":"Feature","properties":{"lines":"19","arr":["19"],"mode":"bus","angle":-78,"extra":1,"ei":4,"l0":"19","c0":"#19a9a8"},"geometry":{"type":"Point","coordinates":[22.081058,43.300258]}},{"type":"Feature","properties":{"lines":"19","arr":["19"],"mode":"bus","angle":-24.2,"extra":1,"ei":5,"l0":"19","c0":"#19a9a8"},"geometry":{"type":"Point","coordinates":[22.081998,43.299047]}},{"type":"Feature","properties":{"lines":"19","arr":["19"],"mode":"bus","angle":-46,"extra":1,"ei":6,"l0":"19","c0":"#19a9a8"},"geometry":{"type":"Point","coordinates":[22.082989,43.300725]}},{"type":"Feature","properties":{"lines":"19","arr":["19"],"mode":"bus","angle":-41.7,"extra":1,"ei":7,"l0":"19","c0":"#19a9a8"},"geometry":{"type":"Point","coordinates":[22.086787,43.302958]}},{"type":"Feature","properties":{"lines":"19","arr":["19"],"mode":"bus","angle":-86.3,"extra":1,"ei":8,"l0":"19","c0":"#19a9a8"},"geometry":{"type":"Point","coordinates":[22.087638,43.301852]}},{"type":"Feature","properties":{"lines":"19","arr":["19"],"mode":"bus","angle":-21,"extra":1,"ei":9,"l0":"19","c0":"#19a9a8"},"geometry":{"type":"Point","coordinates":[22.088596,43.300465]}},{"type":"Feature","properties":{"lines":"19","arr":["19"],"mode":"bus","angle":-30.9,"extra":1,"ei":10,"l0":"19","c0":"#19a9a8"},"geometry":{"type":"Point","coordinates":[22.089932,43.301744]}},{"type":"Feature","properties":{"lines":"19","arr":["19"],"mode":"bus","angle":12,"extra":1,"ei":11,"l0":"19","c0":"#19a9a8"},"geometry":{"type":"Point","coordinates":[22.092048,43.302339]}},{"type":"Feature","properties":{"lines":"19","arr":["19"],"mode":"bus","angle":3.6,"extra":1,"ei":12,"l0":"19","c0":"#19a9a8"},"geometry":{"type":"Point","coordinates":[22.094622,43.302251]}},{"type":"Feature","properties":{"lines":"19","arr":["19"],"mode":"bus","angle":71.5,"extra":1,"ei":13,"l0":"19","c0":"#19a9a8"},"geometry":{"type":"Point","coordinates":[22.096842,43.301523]}},{"type":"Feature","properties":{"lines":"19, 21, 21A","arr":["19","21","21A"],"mode":"bus","angle":69.6,"mi":1,"l0":"19, ","c0":"#19a9a8","l1":"21, ","c1":"#79a620","l2":"21A","c2":"#4d4aba"},"geometry":{"type":"Point","coordinates":[22.057769,43.294397]}},{"type":"Feature","properties":{"lines":"21, 21A","arr":["21","21A"],"mode":"bus","angle":85.4,"l0":"21, ","c0":"#79a620","l1":"21A","c1":"#4d4aba"},"geometry":{"type":"Point","coordinates":[22.058682,43.291982]}},{"type":"Feature","properties":{"lines":"21, 21A","arr":["21","21A"],"mode":"bus","angle":71.8,"extra":1,"ei":0,"l0":"21, ","c0":"#79a620","l1":"21A","c1":"#4d4aba"},"geometry":{"type":"Point","coordinates":[22.058129,43.293116]}},{"type":"Feature","properties":{"lines":"19","arr":["19"],"mode":"bus","angle":18.4,"l0":"19","c0":"#19a9a8"},"geometry":{"type":"Point","coordinates":[22.089535,43.295461]}},{"type":"Feature","properties":{"lines":"19","arr":["19"],"mode":"bus","angle":9.3,"side":-1,"extra":1,"ei":0,"l0":"19","c0":"#19a9a8"},"geometry":{"type":"Point","coordinates":[22.068633,43.298988]}},{"type":"Feature","properties":{"lines":"19","arr":["19"],"mode":"bus","angle":9.3,"extra":1,"ei":1,"l0":"19","c0":"#19a9a8"},"geometry":{"type":"Point","coordinates":[22.071194,43.298684]}},{"type":"Feature","properties":{"lines":"19","arr":["19"],"mode":"bus","angle":14.3,"extra":1,"ei":2,"l0":"19","c0":"#19a9a8"},"geometry":{"type":"Point","coordinates":[22.073728,43.29828]}},{"type":"Feature","properties":{"lines":"19","arr":["19"],"mode":"bus","angle":9.7,"extra":1,"ei":3,"l0":"19","c0":"#19a9a8"},"geometry":{"type":"Point","coordinates":[22.076253,43.29785]}},{"type":"Feature","properties":{"lines":"19","arr":["19"],"mode":"bus","angle":79.7,"extra":1,"ei":4,"l0":"19","c0":"#19a9a8"},"geometry":{"type":"Point","coordinates":[22.078473,43.297245]}},{"type":"Feature","properties":{"lines":"19","arr":["19"],"mode":"bus","angle":16,"extra":1,"ei":5,"l0":"19","c0":"#19a9a8"},"geometry":{"type":"Point","coordinates":[22.080043,43.29598]}},{"type":"Feature","properties":{"lines":"19","arr":["19"],"mode":"bus","angle":-2,"extra":1,"ei":6,"l0":"19","c0":"#19a9a8"},"geometry":{"type":"Point","coordinates":[22.08261,43.295749]}},{"type":"Feature","properties":{"lines":"19","arr":["19"],"mode":"bus","angle":6.9,"extra":1,"ei":7,"l0":"19","c0":"#19a9a8"},"geometry":{"type":"Point","coordinates":[22.085195,43.295649]}},{"type":"Feature","properties":{"lines":"19","arr":["19"],"mode":"bus","angle":-0.1,"extra":1,"ei":8,"l0":"19","c0":"#19a9a8"},"geometry":{"type":"Point","coordinates":[22.08778,43.295525]}},{"type":"Feature","properties":{"lines":"19","arr":["19"],"mode":"bus","angle":29.2,"extra":1,"ei":9,"l0":"19","c0":"#19a9a8"},"geometry":{"type":"Point","coordinates":[22.092523,43.294256]}},{"type":"Feature","properties":{"lines":"19","arr":["19"],"mode":"bus","angle":21.3,"extra":1,"ei":10,"l0":"19","c0":"#19a9a8"},"geometry":{"type":"Point","coordinates":[22.094889,43.293484]}},{"type":"Feature","properties":{"lines":"19","arr":["19"],"mode":"bus","angle":26.4,"extra":1,"ei":11,"l0":"19","c0":"#19a9a8"},"geometry":{"type":"Point","coordinates":[22.09725,43.292701]}},{"type":"Feature","properties":{"lines":"19","arr":["19"],"mode":"bus","angle":36.9,"extra":1,"ei":12,"l0":"19","c0":"#19a9a8"},"geometry":{"type":"Point","coordinates":[22.099281,43.291557]}},{"type":"Feature","properties":{"lines":"19","arr":["19"],"mode":"bus","angle":24.5,"extra":1,"ei":13,"l0":"19","c0":"#19a9a8"},"geometry":{"type":"Point","coordinates":[22.101448,43.290596]}},{"type":"Feature","properties":{"lines":"19","arr":["19"],"mode":"bus","angle":37,"extra":1,"ei":14,"l0":"19","c0":"#19a9a8"},"geometry":{"type":"Point","coordinates":[22.103709,43.289703]}},{"type":"Feature","properties":{"lines":"19","arr":["19"],"mode":"bus","angle":24,"extra":1,"ei":15,"l0":"19","c0":"#19a9a8"},"geometry":{"type":"Point","coordinates":[22.105945,43.288789]}},{"type":"Feature","properties":{"lines":"19","arr":["19"],"mode":"bus","angle":1.5,"extra":1,"ei":16,"l0":"19","c0":"#19a9a8"},"geometry":{"type":"Point","coordinates":[22.108363,43.288178]}},{"type":"Feature","properties":{"lines":"19","arr":["19"],"mode":"bus","angle":63.5,"mi":2,"l0":"19","c0":"#19a9a8"},"geometry":{"type":"Point","coordinates":[22.116025,43.281377]}},{"type":"Feature","properties":{"lines":"19","arr":["19"],"mode":"bus","angle":38.5,"extra":1,"ei":0,"l0":"19","c0":"#19a9a8"},"geometry":{"type":"Point","coordinates":[22.111492,43.287145]}},{"type":"Feature","properties":{"lines":"19","arr":["19"],"mode":"bus","angle":49.1,"extra":1,"ei":1,"l0":"19","c0":"#19a9a8"},"geometry":{"type":"Point","coordinates":[22.113483,43.285939]}},{"type":"Feature","properties":{"lines":"19","arr":["19"],"mode":"bus","angle":67.7,"extra":1,"ei":2,"l0":"19","c0":"#19a9a8"},"geometry":{"type":"Point","coordinates":[22.114275,43.284188]}},{"type":"Feature","properties":{"lines":"19","arr":["19"],"mode":"bus","angle":88.5,"extra":1,"ei":3,"l0":"19","c0":"#19a9a8"},"geometry":{"type":"Point","coordinates":[22.115329,43.282576]}},{"type":"Feature","properties":{"lines":"19","arr":["19"],"mode":"bus","angle":61.7,"extra":1,"ei":4,"l0":"19","c0":"#19a9a8"},"geometry":{"type":"Point","coordinates":[22.116508,43.279055]}},{"type":"Feature","properties":{"lines":"19","arr":["19"],"mode":"bus","angle":-67.7,"extra":1,"ei":5,"l0":"19","c0":"#19a9a8"},"geometry":{"type":"Point","coordinates":[22.116836,43.277435]}},{"type":"Feature","properties":{"lines":"19","arr":["19"],"mode":"bus","angle":75.9,"mi":2,"l0":"19","c0":"#19a9a8"},"geometry":{"type":"Point","coordinates":[22.097673,43.300164]}},{"type":"Feature","properties":{"lines":"19","arr":["19"],"mode":"bus","angle":-52.8,"l0":"19","c0":"#19a9a8"},"geometry":{"type":"Point","coordinates":[22.11711,43.274532]}},{"type":"Feature","properties":{"lines":"19","arr":["19"],"mode":"bus","angle":-43,"extra":1,"ei":0,"l0":"19","c0":"#19a9a8"},"geometry":{"type":"Point","coordinates":[22.118831,43.276393]}},{"type":"Feature","properties":{"lines":"19","arr":["19"],"mode":"bus","angle":71.5,"extra":1,"ei":1,"l0":"19","c0":"#19a9a8"},"geometry":{"type":"Point","coordinates":[22.117411,43.273231]}},{"type":"Feature","properties":{"lines":"19","arr":["19"],"mode":"bus","angle":-39.3,"mi":1,"l0":"19","c0":"#19a9a8"},"geometry":{"type":"Point","coordinates":[22.115212,43.271753]}},{"type":"Feature","properties":{"lines":"20","arr":["20"],"mode":"bus","angle":62.2,"mi":2,"l0":"20","c0":"#b0045c"},"geometry":{"type":"Point","coordinates":[22.142943,43.292647]}},{"type":"Feature","properties":{"lines":"20","arr":["20"],"mode":"bus","angle":-71.7,"extra":1,"ei":0,"l0":"20","c0":"#b0045c"},"geometry":{"type":"Point","coordinates":[22.143589,43.293774]}},{"type":"Feature","properties":{"lines":"20","arr":["20"],"mode":"bus","angle":44,"mi":1,"l0":"20","c0":"#b0045c"},"geometry":{"type":"Point","coordinates":[22.145321,43.29259]}},{"type":"Feature","properties":{"lines":"20","arr":["20"],"mode":"bus","angle":73.2,"extra":1,"ei":0,"l0":"20","c0":"#b0045c"},"geometry":{"type":"Point","coordinates":[22.143275,43.294425]}},{"type":"Feature","properties":{"lines":"20","arr":["20"],"mode":"bus","angle":46,"extra":1,"ei":1,"l0":"20","c0":"#b0045c"},"geometry":{"type":"Point","coordinates":[22.146574,43.29157]}},{"type":"Feature","properties":{"lines":"20","arr":["20"],"mode":"bus","angle":62.5,"extra":1,"ei":2,"l0":"20","c0":"#b0045c"},"geometry":{"type":"Point","coordinates":[22.148405,43.290254]}},{"type":"Feature","properties":{"lines":"20","arr":["20"],"mode":"bus","angle":26.2,"l0":"20","c0":"#b0045c"},"geometry":{"type":"Point","coordinates":[22.135451,43.302975]}},{"type":"Feature","properties":{"lines":"20","arr":["20"],"mode":"bus","angle":63.7,"extra":1,"ei":0,"l0":"20","c0":"#b0045c"},"geometry":{"type":"Point","coordinates":[22.142285,43.296156]}},{"type":"Feature","properties":{"lines":"20","arr":["20"],"mode":"bus","angle":76.5,"extra":1,"ei":1,"l0":"20","c0":"#b0045c"},"geometry":{"type":"Point","coordinates":[22.141764,43.29799]}},{"type":"Feature","properties":{"lines":"20","arr":["20"],"mode":"bus","angle":60.4,"extra":1,"ei":2,"l0":"20","c0":"#b0045c"},"geometry":{"type":"Point","coordinates":[22.140698,43.2997]}},{"type":"Feature","properties":{"lines":"20","arr":["20"],"mode":"bus","angle":49.7,"extra":1,"ei":3,"l0":"20","c0":"#b0045c"},"geometry":{"type":"Point","coordinates":[22.139028,43.301133]}},{"type":"Feature","properties":{"lines":"20","arr":["20"],"mode":"bus","angle":56.6,"extra":1,"ei":4,"l0":"20","c0":"#b0045c"},"geometry":{"type":"Point","coordinates":[22.137113,43.302329]}},{"type":"Feature","properties":{"lines":"20","arr":["20"],"mode":"bus","angle":54.2,"extra":1,"ei":5,"l0":"20","c0":"#b0045c"},"geometry":{"type":"Point","coordinates":[22.133565,43.304846]}},{"type":"Feature","properties":{"lines":"20","arr":["20"],"mode":"bus","angle":24.9,"extra":1,"ei":6,"l0":"20","c0":"#b0045c"},"geometry":{"type":"Point","coordinates":[22.132045,43.306334]}},{"type":"Feature","properties":{"lines":"20","arr":["20"],"mode":"bus","angle":17.2,"extra":1,"ei":7,"l0":"20","c0":"#b0045c"},"geometry":{"type":"Point","coordinates":[22.12988,43.307291]}},{"type":"Feature","properties":{"lines":"20","arr":["20"],"mode":"bus","angle":45.6,"extra":1,"ei":8,"l0":"20","c0":"#b0045c"},"geometry":{"type":"Point","coordinates":[22.127545,43.308065]}},{"type":"Feature","properties":{"lines":"20","arr":["20"],"mode":"bus","angle":73.3,"extra":1,"ei":9,"l0":"20","c0":"#b0045c"},"geometry":{"type":"Point","coordinates":[22.126384,43.309731]}},{"type":"Feature","properties":{"lines":"20","arr":["20"],"mode":"bus","angle":89.7,"l0":"20","c0":"#b0045c"},"geometry":{"type":"Point","coordinates":[22.125572,43.311252]}},{"type":"Feature","properties":{"lines":"20, 20A","arr":["20","20A"],"mode":"bus","angle":70.1,"l0":"20, ","c0":"#b0045c","l1":"20A","c1":"#7c5001"},"geometry":{"type":"Point","coordinates":[22.124687,43.31301]}},{"type":"Feature","properties":{"lines":"20, 20A","arr":["20","20A"],"mode":"bus","angle":-73.1,"l0":"20, ","c0":"#b0045c","l1":"20A","c1":"#7c5001"},"geometry":{"type":"Point","coordinates":[22.117815,43.322353]}},{"type":"Feature","properties":{"lines":"20, 20A","arr":["20","20A"],"mode":"bus","angle":52.8,"mi":1,"l0":"20, ","c0":"#b0045c","l1":"20A","c1":"#7c5001"},"geometry":{"type":"Point","coordinates":[22.12566,43.312808]}},{"type":"Feature","properties":{"lines":"20, 20A","arr":["20","20A"],"mode":"bus","angle":-47.2,"side":-1,"l0":"20, ","c0":"#b0045c","l1":"20A","c1":"#7c5001"},"geometry":{"type":"Point","coordinates":[22.122585,43.335312]}},{"type":"Feature","properties":{"lines":"20, 20A","arr":["20","20A"],"mode":"bus","angle":48.5,"extra":1,"ei":0,"l0":"20, ","c0":"#b0045c","l1":"20A","c1":"#7c5001"},"geometry":{"type":"Point","coordinates":[22.126445,43.314933]}},{"type":"Feature","properties":{"lines":"20, 20A","arr":["20","20A"],"mode":"bus","angle":42.8,"extra":1,"ei":1,"l0":"20, ","c0":"#b0045c","l1":"20A","c1":"#7c5001"},"geometry":{"type":"Point","coordinates":[22.125049,43.316448]}},{"type":"Feature","properties":{"lines":"20, 20A","arr":["20","20A"],"mode":"bus","angle":22.6,"extra":1,"ei":2,"l0":"20, ","c0":"#b0045c","l1":"20A","c1":"#7c5001"},"geometry":{"type":"Point","coordinates":[22.123596,43.317949]}},{"type":"Feature","properties":{"lines":"20, 20A","arr":["20","20A"],"mode":"bus","angle":30.9,"extra":1,"ei":3,"l0":"20, ","c0":"#b0045c","l1":"20A","c1":"#7c5001"},"geometry":{"type":"Point","coordinates":[22.121198,43.318645]}},{"type":"Feature","properties":{"lines":"20, 20A","arr":["20","20A"],"mode":"bus","angle":35.2,"extra":1,"ei":4,"l0":"20, ","c0":"#b0045c","l1":"20A","c1":"#7c5001"},"geometry":{"type":"Point","coordinates":[22.118995,43.319643]}},{"type":"Feature","properties":{"lines":"20, 20A","arr":["20","20A"],"mode":"bus","angle":52.9,"extra":1,"ei":5,"l0":"20, ","c0":"#b0045c","l1":"20A","c1":"#7c5001"},"geometry":{"type":"Point","coordinates":[22.117802,43.321168]}},{"type":"Feature","properties":{"lines":"20, 20A","arr":["20","20A"],"mode":"bus","angle":-74.4,"extra":1,"ei":6,"l0":"20, ","c0":"#b0045c","l1":"20A","c1":"#7c5001"},"geometry":{"type":"Point","coordinates":[22.117713,43.32481]}},{"type":"Feature","properties":{"lines":"20, 20A","arr":["20","20A"],"mode":"bus","angle":-63,"extra":1,"ei":7,"l0":"20, ","c0":"#b0045c","l1":"20A","c1":"#7c5001"},"geometry":{"type":"Point","coordinates":[22.118559,43.326584]}},{"type":"Feature","properties":{"lines":"20, 20A","arr":["20","20A"],"mode":"bus","angle":-60.6,"extra":1,"ei":8,"l0":"20, ","c0":"#b0045c","l1":"20A","c1":"#7c5001"},"geometry":{"type":"Point","coordinates":[22.119167,43.328312]}},{"type":"Feature","properties":{"lines":"20, 20A","arr":["20","20A"],"mode":"bus","angle":-77.9,"extra":1,"ei":9,"l0":"20, ","c0":"#b0045c","l1":"20A","c1":"#7c5001"},"geometry":{"type":"Point","coordinates":[22.119381,43.330056]}},{"type":"Feature","properties":{"lines":"20, 20A","arr":["20","20A"],"mode":"bus","angle":-37.6,"extra":1,"ei":10,"l0":"20, ","c0":"#b0045c","l1":"20A","c1":"#7c5001"},"geometry":{"type":"Point","coordinates":[22.120598,43.331664]}},{"type":"Feature","properties":{"lines":"20, 20A","arr":["20","20A"],"mode":"bus","angle":-52.3,"extra":1,"ei":11,"l0":"20, ","c0":"#b0045c","l1":"20A","c1":"#7c5001"},"geometry":{"type":"Point","coordinates":[22.122531,43.332878]}},{"type":"Feature","properties":{"lines":"20, 20A","arr":["20","20A"],"mode":"bus","angle":59.1,"mi":1,"l0":"20, ","c0":"#b0045c","l1":"20A","c1":"#7c5001"},"geometry":{"type":"Point","coordinates":[22.123191,43.334523]}},{"type":"Feature","properties":{"lines":"20, 20A","arr":["20","20A"],"mode":"bus","angle":-15.4,"l0":"20, ","c0":"#b0045c","l1":"20A","c1":"#7c5001"},"geometry":{"type":"Point","coordinates":[22.049323,43.312118]}},{"type":"Feature","properties":{"lines":"20, 20A","arr":["20","20A"],"mode":"bus","angle":-11,"side":-1,"l0":"20, ","c0":"#b0045c","l1":"20A","c1":"#7c5001"},"geometry":{"type":"Point","coordinates":[21.999534,43.300464]}},{"type":"Feature","properties":{"lines":"20, 20A","arr":["20","20A"],"mode":"bus","angle":-36.1,"side":-1,"mi":2,"l0":"20, ","c0":"#b0045c","l1":"20A","c1":"#7c5001"},"geometry":{"type":"Point","coordinates":[22.040054,43.310804]}},{"type":"Feature","properties":{"lines":"20","arr":["20"],"mode":"bus","angle":35,"l0":"20","c0":"#b0045c"},"geometry":{"type":"Point","coordinates":[22.146285,43.291063]}},{"type":"Feature","properties":{"lines":"20","arr":["20"],"mode":"bus","angle":3.5,"side":-1,"mi":3,"l0":"20","c0":"#b0045c"},"geometry":{"type":"Point","coordinates":[22.148194,43.290139]}},{"type":"Feature","properties":{"lines":"21, 21A","arr":["21","21A"],"mode":"bus","angle":38.7,"mi":1,"l0":"21, ","c0":"#79a620","l1":"21A","c1":"#4d4aba"},"geometry":{"type":"Point","coordinates":[22.058075,43.286534]}},{"type":"Feature","properties":{"lines":"21, 21A","arr":["21","21A"],"mode":"bus","angle":-51.1,"extra":1,"ei":0,"l0":"21, ","c0":"#79a620","l1":"21A","c1":"#4d4aba"},"geometry":{"type":"Point","coordinates":[22.057652,43.289841]}},{"type":"Feature","properties":{"lines":"21, 21A","arr":["21","21A"],"mode":"bus","angle":85,"extra":1,"ei":1,"l0":"21, ","c0":"#79a620","l1":"21A","c1":"#4d4aba"},"geometry":{"type":"Point","coordinates":[22.056964,43.288081]}},{"type":"Feature","properties":{"lines":"21, 21A","arr":["21","21A"],"mode":"bus","angle":80.5,"extra":1,"ei":2,"l0":"21, ","c0":"#79a620","l1":"21A","c1":"#4d4aba"},"geometry":{"type":"Point","coordinates":[22.059895,43.28529]}},{"type":"Feature","properties":{"lines":"21, 21A","arr":["21","21A"],"mode":"bus","angle":40.9,"extra":1,"ei":3,"l0":"21, ","c0":"#79a620","l1":"21A","c1":"#4d4aba"},"geometry":{"type":"Point","coordinates":[22.061725,43.284092]}},{"type":"Feature","properties":{"lines":"21","arr":["21"],"mode":"bus","angle":51,"mi":2,"l0":"21","c0":"#79a620"},"geometry":{"type":"Point","coordinates":[22.068911,43.276039]}},{"type":"Feature","properties":{"lines":"21","arr":["21"],"mode":"bus","angle":59.5,"l0":"21","c0":"#79a620"},"geometry":{"type":"Point","coordinates":[22.062714,43.280537]}},{"type":"Feature","properties":{"lines":"21","arr":["21"],"mode":"bus","angle":69.2,"mi":1,"l0":"21","c0":"#79a620"},"geometry":{"type":"Point","coordinates":[22.0626,43.282563]}},{"type":"Feature","properties":{"lines":"21","arr":["21"],"mode":"bus","angle":42.7,"extra":1,"ei":0,"l0":"21","c0":"#79a620"},"geometry":{"type":"Point","coordinates":[22.073539,43.273337]}},{"type":"Feature","properties":{"lines":"21","arr":["21"],"mode":"bus","angle":59.8,"extra":1,"ei":1,"l0":"21","c0":"#79a620"},"geometry":{"type":"Point","coordinates":[22.071484,43.274396]}},{"type":"Feature","properties":{"lines":"21","arr":["21"],"mode":"bus","angle":45.3,"extra":1,"ei":2,"l0":"21","c0":"#79a620"},"geometry":{"type":"Point","coordinates":[22.067911,43.277034]}},{"type":"Feature","properties":{"lines":"21","arr":["21"],"mode":"bus","angle":19.6,"extra":1,"ei":3,"l0":"21","c0":"#79a620"},"geometry":{"type":"Point","coordinates":[22.065829,43.277843]}},{"type":"Feature","properties":{"lines":"21","arr":["21"],"mode":"bus","angle":31.3,"extra":1,"ei":4,"l0":"21","c0":"#79a620"},"geometry":{"type":"Point","coordinates":[22.0643,43.279296]}},{"type":"Feature","properties":{"lines":"21","arr":["21"],"mode":"bus","angle":49.9,"l0":"21","c0":"#79a620"},"geometry":{"type":"Point","coordinates":[22.080795,43.266354]}},{"type":"Feature","properties":{"lines":"21","arr":["21"],"mode":"bus","angle":65.3,"extra":1,"ei":0,"l0":"21","c0":"#79a620"},"geometry":{"type":"Point","coordinates":[22.075089,43.271883]}},{"type":"Feature","properties":{"lines":"21","arr":["21"],"mode":"bus","angle":45.5,"extra":1,"ei":1,"l0":"21","c0":"#79a620"},"geometry":{"type":"Point","coordinates":[22.076517,43.270328]}},{"type":"Feature","properties":{"lines":"21","arr":["21"],"mode":"bus","angle":31.6,"extra":1,"ei":2,"l0":"21","c0":"#79a620"},"geometry":{"type":"Point","coordinates":[22.07822,43.26894]}},{"type":"Feature","properties":{"lines":"21","arr":["21"],"mode":"bus","angle":24,"extra":1,"ei":3,"l0":"21","c0":"#79a620"},"geometry":{"type":"Point","coordinates":[22.079458,43.267486]}},{"type":"Feature","properties":{"lines":"21","arr":["21"],"mode":"bus","angle":21.9,"extra":1,"ei":4,"l0":"21","c0":"#79a620"},"geometry":{"type":"Point","coordinates":[22.083098,43.265033]}},{"type":"Feature","properties":{"lines":"21","arr":["21"],"mode":"bus","angle":50.9,"extra":1,"ei":5,"l0":"21","c0":"#79a620"},"geometry":{"type":"Point","coordinates":[22.085035,43.263863]}},{"type":"Feature","properties":{"lines":"21","arr":["21"],"mode":"bus","angle":29.1,"extra":1,"ei":6,"l0":"21","c0":"#79a620"},"geometry":{"type":"Point","coordinates":[22.086804,43.262575]}},{"type":"Feature","properties":{"lines":"21","arr":["21"],"mode":"bus","angle":58.6,"extra":1,"ei":7,"l0":"21","c0":"#79a620"},"geometry":{"type":"Point","coordinates":[22.088483,43.261202]}},{"type":"Feature","properties":{"lines":"21","arr":["21"],"mode":"bus","angle":64.6,"mi":2,"l0":"21","c0":"#79a620"},"geometry":{"type":"Point","coordinates":[22.098867,43.253057]}},{"type":"Feature","properties":{"lines":"21","arr":["21"],"mode":"bus","angle":49.6,"mi":1,"l0":"21","c0":"#79a620"},"geometry":{"type":"Point","coordinates":[22.09123,43.259296]}},{"type":"Feature","properties":{"lines":"21","arr":["21"],"mode":"bus","angle":4.4,"l0":"21","c0":"#79a620"},"geometry":{"type":"Point","coordinates":[22.095276,43.256879]}},{"type":"Feature","properties":{"lines":"21","arr":["21"],"mode":"bus","angle":41.9,"extra":1,"ei":0,"l0":"21","c0":"#79a620"},"geometry":{"type":"Point","coordinates":[22.092539,43.258163]}},{"type":"Feature","properties":{"lines":"21","arr":["21"],"mode":"bus","angle":35.2,"extra":1,"ei":1,"l0":"21","c0":"#79a620"},"geometry":{"type":"Point","coordinates":[22.088961,43.26086]}},{"type":"Feature","properties":{"lines":"21","arr":["21"],"mode":"bus","angle":85.6,"extra":1,"ei":0,"l0":"21","c0":"#79a620"},"geometry":{"type":"Point","coordinates":[22.099261,43.250278]}},{"type":"Feature","properties":{"lines":"21","arr":["21"],"mode":"bus","angle":81.5,"extra":1,"ei":1,"l0":"21","c0":"#79a620"},"geometry":{"type":"Point","coordinates":[22.097284,43.25557]}},{"type":"Feature","properties":{"lines":"21A","arr":["21A"],"mode":"bus","angle":11.6,"l0":"21A","c0":"#4d4aba"},"geometry":{"type":"Point","coordinates":[21.93197,43.310929]}},{"type":"Feature","properties":{"lines":"22, 23K","arr":["22","23K"],"mode":"bus","angle":87.3,"l0":"22, ","c0":"#095d97","l1":"23K","c1":"#126804"},"geometry":{"type":"Point","coordinates":[21.955646,43.271395]}},{"type":"Feature","properties":{"lines":"22, 23K","arr":["22","23K"],"mode":"bus","angle":62.8,"extra":1,"ei":0,"l0":"22, ","c0":"#095d97","l1":"23K","c1":"#126804"},"geometry":{"type":"Point","coordinates":[21.95824,43.267268]}},{"type":"Feature","properties":{"lines":"22, 23K","arr":["22","23K"],"mode":"bus","angle":75.9,"extra":1,"ei":1,"l0":"22, ","c0":"#095d97","l1":"23K","c1":"#126804"},"geometry":{"type":"Point","coordinates":[21.956849,43.268692]}},{"type":"Feature","properties":{"lines":"22, 23K","arr":["22","23K"],"mode":"bus","angle":55.3,"extra":1,"ei":2,"l0":"22, ","c0":"#095d97","l1":"23K","c1":"#126804"},"geometry":{"type":"Point","coordinates":[21.954587,43.273981]}},{"type":"Feature","properties":{"lines":"22, 23K","arr":["22","23K"],"mode":"bus","angle":49,"extra":1,"ei":3,"l0":"22, ","c0":"#095d97","l1":"23K","c1":"#126804"},"geometry":{"type":"Point","coordinates":[21.953044,43.275448]}},{"type":"Feature","properties":{"lines":"22, 23K","arr":["22","23K"],"mode":"bus","angle":20,"l0":"22, ","c0":"#095d97","l1":"23K","c1":"#126804"},"geometry":{"type":"Point","coordinates":[21.941402,43.282284]}},{"type":"Feature","properties":{"lines":"22, 23K","arr":["22","23K"],"mode":"bus","angle":48.8,"extra":1,"ei":0,"l0":"22, ","c0":"#095d97","l1":"23K","c1":"#126804"},"geometry":{"type":"Point","coordinates":[21.950946,43.276633]}},{"type":"Feature","properties":{"lines":"22, 23K","arr":["22","23K"],"mode":"bus","angle":59.4,"extra":1,"ei":1,"l0":"22, ","c0":"#095d97","l1":"23K","c1":"#126804"},"geometry":{"type":"Point","coordinates":[21.949759,43.278294]}},{"type":"Feature","properties":{"lines":"22, 23K","arr":["22","23K"],"mode":"bus","angle":12.1,"extra":1,"ei":2,"l0":"22, ","c0":"#095d97","l1":"23K","c1":"#126804"},"geometry":{"type":"Point","coordinates":[21.948167,43.279681]}},{"type":"Feature","properties":{"lines":"22, 23K","arr":["22","23K"],"mode":"bus","angle":33.8,"extra":1,"ei":3,"l0":"22, ","c0":"#095d97","l1":"23K","c1":"#126804"},"geometry":{"type":"Point","coordinates":[21.945837,43.280315]}},{"type":"Feature","properties":{"lines":"22, 23K","arr":["22","23K"],"mode":"bus","angle":40.3,"extra":1,"ei":4,"l0":"22, ","c0":"#095d97","l1":"23K","c1":"#126804"},"geometry":{"type":"Point","coordinates":[21.943689,43.281276]}},{"type":"Feature","properties":{"lines":"22, 23K","arr":["22","23K"],"mode":"bus","angle":8.8,"extra":1,"ei":5,"l0":"22, ","c0":"#095d97","l1":"23K","c1":"#126804"},"geometry":{"type":"Point","coordinates":[21.93901,43.282676]}},{"type":"Feature","properties":{"lines":"22, 23K","arr":["22","23K"],"mode":"bus","angle":-0.6,"extra":1,"ei":6,"l0":"22, ","c0":"#095d97","l1":"23K","c1":"#126804"},"geometry":{"type":"Point","coordinates":[21.936435,43.282694]}},{"type":"Feature","properties":{"lines":"22, 23K","arr":["22","23K"],"mode":"bus","angle":-12.7,"extra":1,"ei":7,"l0":"22, ","c0":"#095d97","l1":"23K","c1":"#126804"},"geometry":{"type":"Point","coordinates":[21.933872,43.282411]}},{"type":"Feature","properties":{"lines":"22, 23K","arr":["22","23K"],"mode":"bus","angle":-21.4,"extra":1,"ei":8,"l0":"22, ","c0":"#095d97","l1":"23K","c1":"#126804"},"geometry":{"type":"Point","coordinates":[21.931468,43.281718]}},{"type":"Feature","properties":{"lines":"22, 23K","arr":["22","23K"],"mode":"bus","angle":-28.9,"extra":1,"ei":9,"l0":"22, ","c0":"#095d97","l1":"23K","c1":"#126804"},"geometry":{"type":"Point","coordinates":[21.929159,43.280912]}},{"type":"Feature","properties":{"lines":"22, 23, 23B, 23K, 23L","arr":["22","23","23B","23K","23L"],"mode":"bus","angle":44,"l0":"22, ","c0":"#095d97","l1":"23, ","c1":"#999f01","l2":"23B, ","c2":"#f661b9","l3":"23K, ","c3":"#126804","l4":"23L","c4":"#19a9a8"},"geometry":{"type":"Point","coordinates":[21.922453,43.283878]}},{"type":"Feature","properties":{"lines":"22, 23, 23B, 23K, 23L","arr":["22","23","23B","23K","23L"],"mode":"bus","angle":65.8,"extra":1,"ei":0,"l0":"22, ","c0":"#095d97","l1":"23, ","c1":"#999f01","l2":"23B, ","c2":"#f661b9","l3":"23K, ","c3":"#126804","l4":"23L","c4":"#19a9a8"},"geometry":{"type":"Point","coordinates":[21.91917,43.286917]}},{"type":"Feature","properties":{"lines":"22, 23, 23B, 23K, 23L","arr":["22","23","23B","23K","23L"],"mode":"bus","angle":50.4,"extra":1,"ei":1,"l0":"22, ","c0":"#095d97","l1":"23, ","c1":"#999f01","l2":"23B, ","c2":"#f661b9","l3":"23K, ","c3":"#126804","l4":"23L","c4":"#19a9a8"},"geometry":{"type":"Point","coordinates":[21.920201,43.28519]}},{"type":"Feature","properties":{"lines":"22, 23, 23B, 23K, 23L","arr":["22","23","23B","23K","23L"],"mode":"bus","angle":51.9,"extra":1,"ei":2,"l0":"22, ","c0":"#095d97","l1":"23, ","c1":"#999f01","l2":"23B, ","c2":"#f661b9","l3":"23K, ","c3":"#126804","l4":"23L","c4":"#19a9a8"},"geometry":{"type":"Point","coordinates":[21.9241,43.28274]}},{"type":"Feature","properties":{"lines":"22, 23, 23B, 23K, 23L","arr":["22","23","23B","23K","23L"],"mode":"bus","angle":40.3,"extra":1,"ei":3,"l0":"22, ","c0":"#095d97","l1":"23, ","c1":"#999f01","l2":"23B, ","c2":"#f661b9","l3":"23K, ","c3":"#126804","l4":"23L","c4":"#19a9a8"},"geometry":{"type":"Point","coordinates":[21.925683,43.281246]}},{"type":"Feature","properties":{"lines":"22, 23, 23B, 23K, 23L","arr":["22","23","23B","23K","23L"],"mode":"bus","angle":82.4,"l0":"22, ","c0":"#095d97","l1":"23, ","c1":"#999f01","l2":"23B, ","c2":"#f661b9","l3":"23K, ","c3":"#126804","l4":"23L","c4":"#19a9a8"},"geometry":{"type":"Point","coordinates":[21.916699,43.294221]}},{"type":"Feature","properties":{"lines":"22, 23, 23B, 23K, 23L","arr":["22","23","23B","23K","23L"],"mode":"bus","angle":66.2,"extra":1,"ei":0,"l0":"22, ","c0":"#095d97","l1":"23, ","c1":"#999f01","l2":"23B, ","c2":"#f661b9","l3":"23K, ","c3":"#126804","l4":"23L","c4":"#19a9a8"},"geometry":{"type":"Point","coordinates":[21.9182,43.288651]}},{"type":"Feature","properties":{"lines":"22, 23, 23B, 23K, 23L","arr":["22","23","23B","23K","23L"],"mode":"bus","angle":82.8,"extra":1,"ei":1,"l0":"22, ","c0":"#095d97","l1":"23, ","c1":"#999f01","l2":"23B, ","c2":"#f661b9","l3":"23K, ","c3":"#126804","l4":"23L","c4":"#19a9a8"},"geometry":{"type":"Point","coordinates":[21.917342,43.290417]}},{"type":"Feature","properties":{"lines":"22, 23, 23B, 23K, 23L","arr":["22","23","23B","23K","23L"],"mode":"bus","angle":82.9,"extra":1,"ei":2,"l0":"22, ","c0":"#095d97","l1":"23, ","c1":"#999f01","l2":"23B, ","c2":"#f661b9","l3":"23K, ","c3":"#126804","l4":"23L","c4":"#19a9a8"},"geometry":{"type":"Point","coordinates":[21.917036,43.292292]}},{"type":"Feature","properties":{"lines":"22, 23, 23B, 23K, 23L","arr":["22","23","23B","23K","23L"],"mode":"bus","angle":80.8,"extra":1,"ei":3,"l0":"22, ","c0":"#095d97","l1":"23, ","c1":"#999f01","l2":"23B, ","c2":"#f661b9","l3":"23K, ","c3":"#126804","l4":"23L","c4":"#19a9a8"},"geometry":{"type":"Point","coordinates":[21.916277,43.296027]}},{"type":"Feature","properties":{"lines":"22, 23, 23B, 23K, 23L","arr":["22","23","23B","23K","23L"],"mode":"bus","angle":-88.8,"extra":1,"ei":4,"l0":"22, ","c0":"#095d97","l1":"23, ","c1":"#999f01","l2":"23B, ","c2":"#f661b9","l3":"23K, ","c3":"#126804","l4":"23L","c4":"#19a9a8"},"geometry":{"type":"Point","coordinates":[21.916215,43.29791]}},{"type":"Feature","properties":{"lines":"22, 23, 23B, 23K, 23L","arr":["22","23","23B","23K","23L"],"mode":"bus","angle":-89,"extra":1,"ei":5,"l0":"22, ","c0":"#095d97","l1":"23, ","c1":"#999f01","l2":"23B, ","c2":"#f661b9","l3":"23K, ","c3":"#126804","l4":"23L","c4":"#19a9a8"},"geometry":{"type":"Point","coordinates":[21.91626,43.299798]}},{"type":"Feature","properties":{"lines":"22, 23, 23B, 23K, 23L, 34A, 34B","arr":["22","23","23B","23K","23L","34A","34B"],"mode":"bus","angle":79.3,"l0":"22, ","c0":"#095d97","l1":"23, ","c1":"#999f01","l2":"23B, ","c2":"#f661b9","l3":"23K, ","c3":"#126804","l4":"23L, ","c4":"#19a9a8","l5":"34A, ","c5":"#07ad80","l6":"34B","c6":"#e47e2b"},"geometry":{"type":"Point","coordinates":[21.910543,43.314876]}},{"type":"Feature","properties":{"lines":"22, 23, 23B, 23K, 23L, 34A, 34B","arr":["22","23","23B","23K","23L","34A","34B"],"mode":"bus","angle":79.7,"extra":1,"ei":0,"l0":"22, ","c0":"#095d97","l1":"23, ","c1":"#999f01","l2":"23B, ","c2":"#f661b9","l3":"23K, ","c3":"#126804","l4":"23L, ","c4":"#19a9a8","l5":"34A, ","c5":"#07ad80","l6":"34B","c6":"#e47e2b"},"geometry":{"type":"Point","coordinates":[21.911078,43.31281]}},{"type":"Feature","properties":{"lines":"22, 23, 23B, 23K, 23L, 34A, 34B","arr":["22","23","23B","23K","23L","34A","34B"],"mode":"bus","angle":-65.2,"extra":1,"ei":1,"l0":"22, ","c0":"#095d97","l1":"23, ","c1":"#999f01","l2":"23B, ","c2":"#f661b9","l3":"23K, ","c3":"#126804","l4":"23L, ","c4":"#19a9a8","l5":"34A, ","c5":"#07ad80","l6":"34B","c6":"#e47e2b"},"geometry":{"type":"Point","coordinates":[21.910308,43.31651]}},{"type":"Feature","properties":{"lines":"23, 23B, 23K, 23L","arr":["23","23B","23K","23L"],"mode":"bus","angle":-74.4,"mi":1,"l0":"23, ","c0":"#999f01","l1":"23B, ","c1":"#f661b9","l2":"23K, ","c2":"#126804","l3":"23L","c3":"#19a9a8"},"geometry":{"type":"Point","coordinates":[21.925831,43.27218]}},{"type":"Feature","properties":{"lines":"23, 23B, 23K, 23L","arr":["23","23B","23K","23L"],"mode":"bus","angle":83.2,"l0":"23, ","c0":"#999f01","l1":"23B, ","c1":"#f661b9","l2":"23K, ","c2":"#126804","l3":"23L","c3":"#19a9a8"},"geometry":{"type":"Point","coordinates":[21.927416,43.280393]}},{"type":"Feature","properties":{"lines":"23, 23B, 23K, 23L","arr":["23","23B","23K","23L"],"mode":"bus","angle":69.7,"extra":1,"ei":0,"l0":"23, ","c0":"#999f01","l1":"23B, ","c1":"#f661b9","l2":"23K, ","c2":"#126804","l3":"23L","c3":"#19a9a8"},"geometry":{"type":"Point","coordinates":[21.928007,43.279204]}},{"type":"Feature","properties":{"lines":"23, 23B, 23K, 23L","arr":["23","23B","23K","23L"],"mode":"bus","angle":-73.4,"extra":1,"ei":1,"l0":"23, ","c0":"#999f01","l1":"23B, ","c1":"#f661b9","l2":"23K, ","c2":"#126804","l3":"23L","c3":"#19a9a8"},"geometry":{"type":"Point","coordinates":[21.927292,43.277481]}},{"type":"Feature","properties":{"lines":"23, 23B, 23K, 23L","arr":["23","23B","23K","23L"],"mode":"bus","angle":-79.3,"extra":1,"ei":2,"l0":"23, ","c0":"#999f01","l1":"23B, ","c1":"#f661b9","l2":"23K, ","c2":"#126804","l3":"23L","c3":"#19a9a8"},"geometry":{"type":"Point","coordinates":[21.926975,43.275624]}},{"type":"Feature","properties":{"lines":"23, 23B, 23K, 23L","arr":["23","23B","23K","23L"],"mode":"bus","angle":-77.8,"extra":1,"ei":3,"l0":"23, ","c0":"#999f01","l1":"23B, ","c1":"#f661b9","l2":"23K, ","c2":"#126804","l3":"23L","c3":"#19a9a8"},"geometry":{"type":"Point","coordinates":[21.926476,43.273771]}},{"type":"Feature","properties":{"lines":"23, 23B, 23K, 23L","arr":["23","23B","23K","23L"],"mode":"bus","angle":86.8,"extra":1,"ei":4,"l0":"23, ","c0":"#999f01","l1":"23B, ","c1":"#f661b9","l2":"23K, ","c2":"#126804","l3":"23L","c3":"#19a9a8"},"geometry":{"type":"Point","coordinates":[21.925399,43.270126]}},{"type":"Feature","properties":{"lines":"23, 23B, 23K, 23L","arr":["23","23B","23K","23L"],"mode":"bus","angle":-88.4,"extra":1,"ei":5,"l0":"23, ","c0":"#999f01","l1":"23B, ","c1":"#f661b9","l2":"23K, ","c2":"#126804","l3":"23L","c3":"#19a9a8"},"geometry":{"type":"Point","coordinates":[21.925448,43.268241]}},{"type":"Feature","properties":{"lines":"23, 23B, 23K, 23L","arr":["23","23B","23K","23L"],"mode":"bus","angle":89.9,"extra":1,"ei":6,"l0":"23, ","c0":"#999f01","l1":"23B, ","c1":"#f661b9","l2":"23K, ","c2":"#126804","l3":"23L","c3":"#19a9a8"},"geometry":{"type":"Point","coordinates":[21.925396,43.266353]}},{"type":"Feature","properties":{"lines":"23, 23B, 23K, 23L","arr":["23","23B","23K","23L"],"mode":"bus","angle":72.7,"extra":1,"ei":7,"l0":"23, ","c0":"#999f01","l1":"23B, ","c1":"#f661b9","l2":"23K, ","c2":"#126804","l3":"23L","c3":"#19a9a8"},"geometry":{"type":"Point","coordinates":[21.92557,43.26448]}},{"type":"Feature","properties":{"lines":"23, 23B, 23K","arr":["23","23B","23K"],"mode":"bus","angle":-36.1,"l0":"23, ","c0":"#999f01","l1":"23B, ","c1":"#f661b9","l2":"23K","c2":"#126804"},"geometry":{"type":"Point","coordinates":[21.932335,43.2583]}},{"type":"Feature","properties":{"lines":"23, 23B, 23K","arr":["23","23B","23K"],"mode":"bus","angle":-80,"mi":1,"l0":"23, ","c0":"#999f01","l1":"23B, ","c1":"#f661b9","l2":"23K","c2":"#126804"},"geometry":{"type":"Point","coordinates":[21.925951,43.262838]}},{"type":"Feature","properties":{"lines":"23, 23B, 23K","arr":["23","23B","23K"],"mode":"bus","angle":88.2,"extra":1,"ei":0,"l0":"23, ","c0":"#999f01","l1":"23B, ","c1":"#f661b9","l2":"23K","c2":"#126804"},"geometry":{"type":"Point","coordinates":[21.926052,43.260996]}},{"type":"Feature","properties":{"lines":"23, 23B, 23K","arr":["23","23B","23K"],"mode":"bus","angle":34.4,"extra":1,"ei":1,"l0":"23, ","c0":"#999f01","l1":"23B, ","c1":"#f661b9","l2":"23K","c2":"#126804"},"geometry":{"type":"Point","coordinates":[21.92642,43.259199]}},{"type":"Feature","properties":{"lines":"23, 23B, 23K","arr":["23","23B","23K"],"mode":"bus","angle":45.9,"extra":1,"ei":2,"l0":"23, ","c0":"#999f01","l1":"23B, ","c1":"#f661b9","l2":"23K","c2":"#126804"},"geometry":{"type":"Point","coordinates":[21.928879,43.258968]}},{"type":"Feature","properties":{"lines":"23, 23B, 23K","arr":["23","23B","23K"],"mode":"bus","angle":31.1,"extra":1,"ei":3,"l0":"23, ","c0":"#999f01","l1":"23B, ","c1":"#f661b9","l2":"23K","c2":"#126804"},"geometry":{"type":"Point","coordinates":[21.930656,43.257764]}},{"type":"Feature","properties":{"lines":"23, 23B, 23K","arr":["23","23B","23K"],"mode":"bus","angle":12.9,"extra":1,"ei":4,"l0":"23, ","c0":"#999f01","l1":"23B, ","c1":"#f661b9","l2":"23K","c2":"#126804"},"geometry":{"type":"Point","coordinates":[21.935269,43.259053]}},{"type":"Feature","properties":{"lines":"23, 23B, 23K","arr":["23","23B","23K"],"mode":"bus","angle":8.8,"extra":1,"ei":5,"l0":"23, ","c0":"#999f01","l1":"23B, ","c1":"#f661b9","l2":"23K","c2":"#126804"},"geometry":{"type":"Point","coordinates":[21.937785,43.258704]}},{"type":"Feature","properties":{"lines":"23, 23B, 23K","arr":["23","23B","23K"],"mode":"bus","angle":13.3,"extra":1,"ei":6,"l0":"23, ","c0":"#999f01","l1":"23B, ","c1":"#f661b9","l2":"23K","c2":"#126804"},"geometry":{"type":"Point","coordinates":[21.940301,43.258389]}},{"type":"Feature","properties":{"lines":"23, 23B, 23K","arr":["23","23B","23K"],"mode":"bus","angle":39.2,"extra":1,"ei":7,"l0":"23, ","c0":"#999f01","l1":"23B, ","c1":"#f661b9","l2":"23K","c2":"#126804"},"geometry":{"type":"Point","coordinates":[21.94199,43.257187]}},{"type":"Feature","properties":{"lines":"23B, 23K","arr":["23B","23K"],"mode":"bus","angle":-35.7,"mi":2,"l0":"23B, ","c0":"#f661b9","l1":"23K","c1":"#126804"},"geometry":{"type":"Point","coordinates":[21.95737,43.264025]}},{"type":"Feature","properties":{"lines":"23B, 23K","arr":["23B","23K"],"mode":"bus","angle":-52,"extra":1,"ei":0,"l0":"23B, ","c0":"#f661b9","l1":"23K","c1":"#126804"},"geometry":{"type":"Point","coordinates":[21.955807,43.262732]}},{"type":"Feature","properties":{"lines":"23B, 23K","arr":["23B","23K"],"mode":"bus","angle":85.9,"extra":1,"ei":1,"l0":"23B, ","c0":"#f661b9","l1":"23K","c1":"#126804"},"geometry":{"type":"Point","coordinates":[21.958876,43.265662]}},{"type":"Feature","properties":{"lines":"23B, 23K","arr":["23B","23K"],"mode":"bus","angle":-57.9,"l0":"23B, ","c0":"#f661b9","l1":"23K","c1":"#126804"},"geometry":{"type":"Point","coordinates":[21.948497,43.261083]}},{"type":"Feature","properties":{"lines":"23B, 23K","arr":["23B","23K"],"mode":"bus","angle":15.4,"extra":1,"ei":0,"l0":"23B, ","c0":"#f661b9","l1":"23K","c1":"#126804"},"geometry":{"type":"Point","coordinates":[21.943498,43.260124]}},{"type":"Feature","properties":{"lines":"23B, 23K","arr":["23B","23K"],"mode":"bus","angle":-26.1,"extra":1,"ei":1,"l0":"23B, ","c0":"#f661b9","l1":"23K","c1":"#126804"},"geometry":{"type":"Point","coordinates":[21.945886,43.259616]}},{"type":"Feature","properties":{"lines":"23B, 23K","arr":["23B","23K"],"mode":"bus","angle":-40.3,"extra":1,"ei":2,"l0":"23B, ","c0":"#f661b9","l1":"23K","c1":"#126804"},"geometry":{"type":"Point","coordinates":[21.949638,43.262113]}},{"type":"Feature","properties":{"lines":"23B, 23K","arr":["23B","23K"],"mode":"bus","angle":-30.9,"extra":1,"ei":3,"l0":"23B, ","c0":"#f661b9","l1":"23K","c1":"#126804"},"geometry":{"type":"Point","coordinates":[21.952061,43.262473]}},{"type":"Feature","properties":{"lines":"23B, 23K","arr":["23B","23K"],"mode":"bus","angle":10,"extra":1,"ei":4,"l0":"23B, ","c0":"#f661b9","l1":"23K","c1":"#126804"},"geometry":{"type":"Point","coordinates":[21.954545,43.262437]}},{"type":"Feature","properties":{"lines":"23B, 23K","arr":["23B","23K"],"mode":"bus","angle":-68.1,"mi":1,"l0":"23B, ","c0":"#f661b9","l1":"23K","c1":"#126804"},"geometry":{"type":"Point","coordinates":[21.943138,43.258752]}},{"type":"Feature","properties":{"lines":"24","arr":["24"],"mode":"bus","angle":41.9,"l0":"24","c0":"#a72d06"},"geometry":{"type":"Point","coordinates":[21.871013,43.302906]}},{"type":"Feature","properties":{"lines":"24","arr":["24"],"mode":"bus","angle":42.1,"extra":1,"ei":0,"l0":"24","c0":"#a72d06"},"geometry":{"type":"Point","coordinates":[21.868334,43.304675]}},{"type":"Feature","properties":{"lines":"24","arr":["24"],"mode":"bus","angle":41.9,"extra":1,"ei":1,"l0":"24","c0":"#a72d06"},"geometry":{"type":"Point","coordinates":[21.874115,43.30088]}},{"type":"Feature","properties":{"lines":"24","arr":["24"],"mode":"bus","angle":-3.1,"l0":"24","c0":"#a72d06"},"geometry":{"type":"Point","coordinates":[21.888229,43.295777]}},{"type":"Feature","properties":{"lines":"24","arr":["24"],"mode":"bus","angle":-36.2,"extra":1,"ei":0,"l0":"24","c0":"#a72d06"},"geometry":{"type":"Point","coordinates":[21.88057,43.296153]}},{"type":"Feature","properties":{"lines":"24","arr":["24"],"mode":"bus","angle":13.9,"extra":1,"ei":1,"l0":"24","c0":"#a72d06"},"geometry":{"type":"Point","coordinates":[21.882797,43.29684]}},{"type":"Feature","properties":{"lines":"24","arr":["24"],"mode":"bus","angle":16.4,"extra":1,"ei":2,"l0":"24","c0":"#a72d06"},"geometry":{"type":"Point","coordinates":[21.885292,43.296322]}},{"type":"Feature","properties":{"lines":"24","arr":["24"],"mode":"bus","angle":10.5,"extra":1,"ei":3,"l0":"24","c0":"#a72d06"},"geometry":{"type":"Point","coordinates":[21.890317,43.295528]}},{"type":"Feature","properties":{"lines":"24","arr":["24"],"mode":"bus","angle":-6.1,"extra":1,"ei":4,"l0":"24","c0":"#a72d06"},"geometry":{"type":"Point","coordinates":[21.892797,43.295957]}},{"type":"Feature","properties":{"lines":"24","arr":["24"],"mode":"bus","angle":-9.9,"extra":1,"ei":5,"l0":"24","c0":"#a72d06"},"geometry":{"type":"Point","coordinates":[21.895318,43.296279]}},{"type":"Feature","properties":{"lines":"24","arr":["24"],"mode":"bus","angle":67.5,"l0":"24","c0":"#a72d06"},"geometry":{"type":"Point","coordinates":[21.903529,43.276094]}},{"type":"Feature","properties":{"lines":"24","arr":["24"],"mode":"bus","angle":62,"extra":1,"ei":0,"l0":"24","c0":"#a72d06"},"geometry":{"type":"Point","coordinates":[21.89801,43.29583]}},{"type":"Feature","properties":{"lines":"24","arr":["24"],"mode":"bus","angle":58.2,"extra":1,"ei":1,"l0":"24","c0":"#a72d06"},"geometry":{"type":"Point","coordinates":[21.899373,43.294225]}},{"type":"Feature","properties":{"lines":"24","arr":["24"],"mode":"bus","angle":67.7,"extra":1,"ei":2,"l0":"24","c0":"#a72d06"},"geometry":{"type":"Point","coordinates":[21.900212,43.292467]}},{"type":"Feature","properties":{"lines":"24","arr":["24"],"mode":"bus","angle":69.6,"extra":1,"ei":3,"l0":"24","c0":"#a72d06"},"geometry":{"type":"Point","coordinates":[21.901294,43.290752]}},{"type":"Feature","properties":{"lines":"24","arr":["24"],"mode":"bus","angle":46.9,"extra":1,"ei":4,"l0":"24","c0":"#a72d06"},"geometry":{"type":"Point","coordinates":[21.902795,43.289335]}},{"type":"Feature","properties":{"lines":"24","arr":["24"],"mode":"bus","angle":-88.9,"extra":1,"ei":5,"l0":"24","c0":"#a72d06"},"geometry":{"type":"Point","coordinates":[21.904242,43.287878]}},{"type":"Feature","properties":{"lines":"24","arr":["24"],"mode":"bus","angle":64.3,"extra":1,"ei":6,"l0":"24","c0":"#a72d06"},"geometry":{"type":"Point","coordinates":[21.904567,43.286032]}},{"type":"Feature","properties":{"lines":"24","arr":["24"],"mode":"bus","angle":-89.6,"extra":1,"ei":7,"l0":"24","c0":"#a72d06"},"geometry":{"type":"Point","coordinates":[21.905249,43.284282]}},{"type":"Feature","properties":{"lines":"24","arr":["24"],"mode":"bus","angle":65.8,"extra":1,"ei":8,"l0":"24","c0":"#a72d06"},"geometry":{"type":"Point","coordinates":[21.906594,43.282713]}},{"type":"Feature","properties":{"lines":"24","arr":["24"],"mode":"bus","angle":84.5,"extra":1,"ei":9,"l0":"24","c0":"#a72d06"},"geometry":{"type":"Point","coordinates":[21.907756,43.281049]}},{"type":"Feature","properties":{"lines":"24","arr":["24"],"mode":"bus","angle":-36.3,"extra":1,"ei":10,"l0":"24","c0":"#a72d06"},"geometry":{"type":"Point","coordinates":[21.906804,43.27941]}},{"type":"Feature","properties":{"lines":"24","arr":["24"],"mode":"bus","angle":-33.7,"extra":1,"ei":11,"l0":"24","c0":"#a72d06"},"geometry":{"type":"Point","coordinates":[21.904562,43.278499]}},{"type":"Feature","properties":{"lines":"24","arr":["24"],"mode":"bus","angle":82.7,"extra":1,"ei":12,"l0":"24","c0":"#a72d06"},"geometry":{"type":"Point","coordinates":[21.904505,43.273368]}},{"type":"Feature","properties":{"lines":"24","arr":["24"],"mode":"bus","angle":-46.2,"extra":1,"ei":13,"l0":"24","c0":"#a72d06"},"geometry":{"type":"Point","coordinates":[21.903455,43.271749]}},{"type":"Feature","properties":{"lines":"24","arr":["24"],"mode":"bus","angle":-86.4,"extra":1,"ei":14,"l0":"24","c0":"#a72d06"},"geometry":{"type":"Point","coordinates":[21.902582,43.270014]}},{"type":"Feature","properties":{"lines":"24","arr":["24"],"mode":"bus","angle":-77.6,"extra":1,"ei":15,"l0":"24","c0":"#a72d06"},"geometry":{"type":"Point","coordinates":[21.902155,43.268158]}},{"type":"Feature","properties":{"lines":"24","arr":["24"],"mode":"bus","angle":69.7,"extra":1,"ei":16,"l0":"24","c0":"#a72d06"},"geometry":{"type":"Point","coordinates":[21.902478,43.26631]}},{"type":"Feature","properties":{"lines":"24","arr":["24"],"mode":"bus","angle":-4,"extra":1,"ei":17,"l0":"24","c0":"#a72d06"},"geometry":{"type":"Point","coordinates":[21.904016,43.264956]}},{"type":"Feature","properties":{"lines":"24","arr":["24"],"mode":"bus","angle":-83.6,"extra":1,"ei":18,"l0":"24","c0":"#a72d06"},"geometry":{"type":"Point","coordinates":[21.904945,43.263769]}},{"type":"Feature","properties":{"lines":"24","arr":["24"],"mode":"bus","angle":1,"extra":1,"ei":19,"l0":"24","c0":"#a72d06"},"geometry":{"type":"Point","coordinates":[21.906536,43.262875]}},{"type":"Feature","properties":{"lines":"24","arr":["24"],"mode":"bus","angle":49.8,"extra":1,"ei":20,"l0":"24","c0":"#a72d06"},"geometry":{"type":"Point","coordinates":[21.90876,43.262189]}},{"type":"Feature","properties":{"lines":"24","arr":["24"],"mode":"bus","angle":60.8,"extra":1,"ei":21,"l0":"24","c0":"#a72d06"},"geometry":{"type":"Point","coordinates":[21.910505,43.260814]}},{"type":"Feature","properties":{"lines":"24","arr":["24"],"mode":"bus","angle":53.3,"extra":1,"ei":22,"l0":"24","c0":"#a72d06"},"geometry":{"type":"Point","coordinates":[21.911643,43.259171]}},{"type":"Feature","properties":{"lines":"24","arr":["24"],"mode":"bus","angle":-88,"extra":1,"ei":23,"l0":"24","c0":"#a72d06"},"geometry":{"type":"Point","coordinates":[21.912151,43.257563]}},{"type":"Feature","properties":{"lines":"25, 35","arr":["25","35"],"mode":"bus","angle":-34.3,"mi":2,"l0":"25, ","c0":"#148978","l1":"35","c1":"#79a620"},"geometry":{"type":"Point","coordinates":[21.846984,43.304696]}},{"type":"Feature","properties":{"lines":"25, 35","arr":["25","35"],"mode":"bus","angle":-42.6,"extra":1,"ei":0,"l0":"25, ","c0":"#148978","l1":"35","c1":"#79a620"},"geometry":{"type":"Point","coordinates":[21.851144,43.307429]}},{"type":"Feature","properties":{"lines":"25, 35","arr":["25","35"],"mode":"bus","angle":-41,"extra":1,"ei":1,"l0":"25, ","c0":"#148978","l1":"35","c1":"#79a620"},"geometry":{"type":"Point","coordinates":[21.84935,43.306069]}},{"type":"Feature","properties":{"lines":"25, 35","arr":["25","35"],"mode":"bus","angle":-24.4,"extra":1,"ei":2,"l0":"25, ","c0":"#148978","l1":"35","c1":"#79a620"},"geometry":{"type":"Point","coordinates":[21.845113,43.303936]}},{"type":"Feature","properties":{"lines":"25, 35","arr":["25","35"],"mode":"bus","angle":-33.2,"extra":1,"ei":3,"l0":"25, ","c0":"#148978","l1":"35","c1":"#79a620"},"geometry":{"type":"Point","coordinates":[21.842899,43.302956]}},{"type":"Feature","properties":{"lines":"25, 35","arr":["25","35"],"mode":"bus","angle":-37.9,"l0":"25, ","c0":"#148978","l1":"35","c1":"#79a620"},"geometry":{"type":"Point","coordinates":[21.854953,43.309662]}},{"type":"Feature","properties":{"lines":"25, 35","arr":["25","35"],"mode":"bus","angle":-33.1,"mi":1,"l0":"25, ","c0":"#148978","l1":"35","c1":"#79a620"},"geometry":{"type":"Point","coordinates":[21.862351,43.313749]}},{"type":"Feature","properties":{"lines":"25, 35","arr":["25","35"],"mode":"bus","angle":-36.2,"extra":1,"ei":0,"l0":"25, ","c0":"#148978","l1":"35","c1":"#79a620"},"geometry":{"type":"Point","coordinates":[21.856763,43.310692]}},{"type":"Feature","properties":{"lines":"25, 35","arr":["25","35"],"mode":"bus","angle":-38.6,"extra":1,"ei":1,"l0":"25, ","c0":"#148978","l1":"35","c1":"#79a620"},"geometry":{"type":"Point","coordinates":[21.852669,43.308371]}},{"type":"Feature","properties":{"lines":"25","arr":["25"],"mode":"bus","angle":32.7,"l0":"25","c0":"#148978"},"geometry":{"type":"Point","coordinates":[21.822972,43.29825]}},{"type":"Feature","properties":{"lines":"25","arr":["25"],"mode":"bus","angle":-27.2,"extra":1,"ei":0,"l0":"25","c0":"#148978"},"geometry":{"type":"Point","coordinates":[21.839915,43.301653]}},{"type":"Feature","properties":{"lines":"25","arr":["25"],"mode":"bus","angle":-19.2,"extra":1,"ei":1,"l0":"25","c0":"#148978"},"geometry":{"type":"Point","coordinates":[21.837544,43.3009]}},{"type":"Feature","properties":{"lines":"25","arr":["25"],"mode":"bus","angle":-19.8,"extra":1,"ei":2,"l0":"25","c0":"#148978"},"geometry":{"type":"Point","coordinates":[21.835149,43.300183]}},{"type":"Feature","properties":{"lines":"25","arr":["25"],"mode":"bus","angle":-36.4,"extra":1,"ei":3,"l0":"25","c0":"#148978"},"geometry":{"type":"Point","coordinates":[21.832885,43.29929]}},{"type":"Feature","properties":{"lines":"25","arr":["25"],"mode":"bus","angle":-21.2,"extra":1,"ei":4,"l0":"25","c0":"#148978"},"geometry":{"type":"Point","coordinates":[21.830572,43.298485]}},{"type":"Feature","properties":{"lines":"25","arr":["25"],"mode":"bus","angle":-24.6,"extra":1,"ei":5,"l0":"25","c0":"#148978"},"geometry":{"type":"Point","coordinates":[21.828203,43.297718]}},{"type":"Feature","properties":{"lines":"25","arr":["25"],"mode":"bus","angle":8,"extra":1,"ei":6,"l0":"25","c0":"#148978"},"geometry":{"type":"Point","coordinates":[21.825899,43.296991]}},{"type":"Feature","properties":{"lines":"25","arr":["25"],"mode":"bus","angle":1,"extra":1,"ei":7,"l0":"25","c0":"#148978"},"geometry":{"type":"Point","coordinates":[21.820107,43.300021]}},{"type":"Feature","properties":{"lines":"25","arr":["25"],"mode":"bus","angle":60,"extra":1,"ei":8,"l0":"25","c0":"#148978"},"geometry":{"type":"Point","coordinates":[21.81882,43.301467]}},{"type":"Feature","properties":{"lines":"25","arr":["25"],"mode":"bus","angle":50.5,"extra":1,"ei":9,"l0":"25","c0":"#148978"},"geometry":{"type":"Point","coordinates":[21.817223,43.302953]}},{"type":"Feature","properties":{"lines":"25","arr":["25"],"mode":"bus","angle":59.1,"extra":1,"ei":10,"l0":"25","c0":"#148978"},"geometry":{"type":"Point","coordinates":[21.815304,43.304218]}},{"type":"Feature","properties":{"lines":"25","arr":["25"],"mode":"bus","angle":-18.4,"extra":1,"ei":11,"l0":"25","c0":"#148978"},"geometry":{"type":"Point","coordinates":[21.816792,43.305461]}},{"type":"Feature","properties":{"lines":"25","arr":["25"],"mode":"bus","angle":65.2,"extra":1,"ei":12,"l0":"25","c0":"#148978"},"geometry":{"type":"Point","coordinates":[21.816739,43.306974]}},{"type":"Feature","properties":{"lines":"25","arr":["25"],"mode":"bus","angle":-56.7,"extra":1,"ei":13,"l0":"25","c0":"#148978"},"geometry":{"type":"Point","coordinates":[21.816615,43.30874]}},{"type":"Feature","properties":{"lines":"25","arr":["25"],"mode":"bus","angle":89.7,"l0":"25","c0":"#148978"},"geometry":{"type":"Point","coordinates":[21.817228,43.312815]}},{"type":"Feature","properties":{"lines":"25","arr":["25"],"mode":"bus","angle":75.8,"extra":1,"ei":0,"l0":"25","c0":"#148978"},"geometry":{"type":"Point","coordinates":[21.81703,43.31013]}},{"type":"Feature","properties":{"lines":"25","arr":["25"],"mode":"bus","angle":-70.4,"extra":1,"ei":1,"l0":"25","c0":"#148978"},"geometry":{"type":"Point","coordinates":[21.817686,43.315656]}},{"type":"Feature","properties":{"lines":"26","arr":["26"],"mode":"bus","angle":26,"mi":2,"l0":"26","c0":"#ff627e"},"geometry":{"type":"Point","coordinates":[21.813335,43.318493]}},{"type":"Feature","properties":{"lines":"26","arr":["26"],"mode":"bus","angle":61.9,"mi":1,"l0":"26","c0":"#ff627e"},"geometry":{"type":"Point","coordinates":[21.80304,43.326489]}},{"type":"Feature","properties":{"lines":"26","arr":["26"],"mode":"bus","angle":47.4,"extra":1,"ei":0,"l0":"26","c0":"#ff627e"},"geometry":{"type":"Point","coordinates":[21.8192,43.317337]}},{"type":"Feature","properties":{"lines":"26","arr":["26"],"mode":"bus","angle":13.5,"extra":1,"ei":1,"l0":"26","c0":"#ff627e"},"geometry":{"type":"Point","coordinates":[21.816942,43.318156]}},{"type":"Feature","properties":{"lines":"26","arr":["26"],"mode":"bus","angle":20.6,"extra":1,"ei":2,"l0":"26","c0":"#ff627e"},"geometry":{"type":"Point","coordinates":[21.810175,43.320321]}},{"type":"Feature","properties":{"lines":"26","arr":["26"],"mode":"bus","angle":34.6,"extra":1,"ei":3,"l0":"26","c0":"#ff627e"},"geometry":{"type":"Point","coordinates":[21.807992,43.321297]}},{"type":"Feature","properties":{"lines":"26","arr":["26"],"mode":"bus","angle":61.5,"extra":1,"ei":0,"l0":"26","c0":"#ff627e"},"geometry":{"type":"Point","coordinates":[21.805489,43.322469]}},{"type":"Feature","properties":{"lines":"26","arr":["26"],"mode":"bus","angle":80,"extra":1,"ei":1,"l0":"26","c0":"#ff627e"},"geometry":{"type":"Point","coordinates":[21.804954,43.324313]}},{"type":"Feature","properties":{"lines":"26","arr":["26"],"mode":"bus","angle":53.9,"extra":1,"ei":2,"l0":"26","c0":"#ff627e"},"geometry":{"type":"Point","coordinates":[21.802063,43.329381]}},{"type":"Feature","properties":{"lines":"26","arr":["26"],"mode":"bus","angle":85.8,"extra":1,"ei":3,"l0":"26","c0":"#ff627e"},"geometry":{"type":"Point","coordinates":[21.800211,43.330495]}},{"type":"Feature","properties":{"lines":"26","arr":["26"],"mode":"bus","angle":27.1,"l0":"26","c0":"#ff627e"},"geometry":{"type":"Point","coordinates":[21.80684,43.321759]}},{"type":"Feature","properties":{"lines":"26","arr":["26"],"mode":"bus","angle":66.9,"l0":"26","c0":"#ff627e"},"geometry":{"type":"Point","coordinates":[21.794881,43.337771]}},{"type":"Feature","properties":{"lines":"26","arr":["26"],"mode":"bus","angle":52.3,"extra":1,"ei":0,"l0":"26","c0":"#ff627e"},"geometry":{"type":"Point","coordinates":[21.799536,43.331773]}},{"type":"Feature","properties":{"lines":"26","arr":["26"],"mode":"bus","angle":66.8,"extra":1,"ei":1,"l0":"26","c0":"#ff627e"},"geometry":{"type":"Point","coordinates":[21.79826,43.333411]}},{"type":"Feature","properties":{"lines":"26","arr":["26"],"mode":"bus","angle":56.4,"extra":1,"ei":2,"l0":"26","c0":"#ff627e"},"geometry":{"type":"Point","coordinates":[21.797301,43.335161]}},{"type":"Feature","properties":{"lines":"26","arr":["26"],"mode":"bus","angle":72.9,"extra":1,"ei":3,"l0":"26","c0":"#ff627e"},"geometry":{"type":"Point","coordinates":[21.795635,43.336502]}},{"type":"Feature","properties":{"lines":"26","arr":["26"],"mode":"bus","angle":-7.8,"extra":1,"ei":4,"l0":"26","c0":"#ff627e"},"geometry":{"type":"Point","coordinates":[21.791945,43.338389]}},{"type":"Feature","properties":{"lines":"26","arr":["26"],"mode":"bus","angle":54.8,"extra":1,"ei":5,"l0":"26","c0":"#ff627e"},"geometry":{"type":"Point","coordinates":[21.789849,43.338884]}},{"type":"Feature","properties":{"lines":"26","arr":["26"],"mode":"bus","angle":33.7,"extra":1,"ei":6,"l0":"26","c0":"#ff627e"},"geometry":{"type":"Point","coordinates":[21.788044,43.340035]}},{"type":"Feature","properties":{"lines":"26","arr":["26"],"mode":"bus","angle":-82.5,"mi":1,"l0":"26","c0":"#ff627e"},"geometry":{"type":"Point","coordinates":[21.786044,43.341866]}},{"type":"Feature","properties":{"lines":"27A, 27B, 28, 28A, 29A","arr":["27A","27B","28","28A","29A"],"mode":"bus","angle":37.2,"l0":"27A, ","c0":"#ff627e","l1":"27B, ","c1":"#cf8a11","l2":"28, ","c2":"#19a9a8","l3":"28A, ","c3":"#126804","l4":"29A","c4":"#a72d06"},"geometry":{"type":"Point","coordinates":[21.811331,43.350637]}},{"type":"Feature","properties":{"lines":"27A, 27B, 28, 28A, 29A","arr":["27A","27B","28","28A","29A"],"mode":"bus","angle":32.1,"extra":1,"ei":0,"l0":"27A, ","c0":"#ff627e","l1":"27B, ","c1":"#cf8a11","l2":"28, ","c2":"#19a9a8","l3":"28A, ","c3":"#126804","l4":"29A","c4":"#a72d06"},"geometry":{"type":"Point","coordinates":[21.798061,43.358891]}},{"type":"Feature","properties":{"lines":"27A, 27B, 28, 28A, 29A","arr":["27A","27B","28","28A","29A"],"mode":"bus","angle":49.1,"extra":1,"ei":1,"l0":"27A, ","c0":"#ff627e","l1":"27B, ","c1":"#cf8a11","l2":"28, ","c2":"#19a9a8","l3":"28A, ","c3":"#126804","l4":"29A","c4":"#a72d06"},"geometry":{"type":"Point","coordinates":[21.799997,43.357646]}},{"type":"Feature","properties":{"lines":"27A, 27B, 28, 28A, 29A","arr":["27A","27B","28","28A","29A"],"mode":"bus","angle":38.5,"extra":1,"ei":2,"l0":"27A, ","c0":"#ff627e","l1":"27B, ","c1":"#cf8a11","l2":"28, ","c2":"#19a9a8","l3":"28A, ","c3":"#126804","l4":"29A","c4":"#a72d06"},"geometry":{"type":"Point","coordinates":[21.801698,43.356227]}},{"type":"Feature","properties":{"lines":"27A, 27B, 28, 28A, 29A","arr":["27A","27B","28","28A","29A"],"mode":"bus","angle":16.7,"extra":1,"ei":3,"l0":"27A, ","c0":"#ff627e","l1":"27B, ","c1":"#cf8a11","l2":"28, ","c2":"#19a9a8","l3":"28A, ","c3":"#126804","l4":"29A","c4":"#a72d06"},"geometry":{"type":"Point","coordinates":[21.804104,43.356332]}},{"type":"Feature","properties":{"lines":"27A, 27B, 28, 28A, 29A","arr":["27A","27B","28","28A","29A"],"mode":"bus","angle":53,"extra":1,"ei":4,"l0":"27A, ","c0":"#ff627e","l1":"27B, ","c1":"#cf8a11","l2":"28, ","c2":"#19a9a8","l3":"28A, ","c3":"#126804","l4":"29A","c4":"#a72d06"},"geometry":{"type":"Point","coordinates":[21.805944,43.355027]}},{"type":"Feature","properties":{"lines":"27A, 27B, 28, 28A, 29A","arr":["27A","27B","28","28A","29A"],"mode":"bus","angle":47.5,"extra":1,"ei":5,"l0":"27A, ","c0":"#ff627e","l1":"27B, ","c1":"#cf8a11","l2":"28, ","c2":"#19a9a8","l3":"28A, ","c3":"#126804","l4":"29A","c4":"#a72d06"},"geometry":{"type":"Point","coordinates":[21.807643,43.353647]}},{"type":"Feature","properties":{"lines":"27A, 27B, 28, 28A, 29A","arr":["27A","27B","28","28A","29A"],"mode":"bus","angle":53.8,"extra":1,"ei":6,"l0":"27A, ","c0":"#ff627e","l1":"27B, ","c1":"#cf8a11","l2":"28, ","c2":"#19a9a8","l3":"28A, ","c3":"#126804","l4":"29A","c4":"#a72d06"},"geometry":{"type":"Point","coordinates":[21.808932,43.352013]}},{"type":"Feature","properties":{"lines":"27A, 27B, 28, 28A, 29A","arr":["27A","27B","28","28A","29A"],"mode":"bus","angle":35.9,"extra":1,"ei":7,"l0":"27A, ","c0":"#ff627e","l1":"27B, ","c1":"#cf8a11","l2":"28, ","c2":"#19a9a8","l3":"28A, ","c3":"#126804","l4":"29A","c4":"#a72d06"},"geometry":{"type":"Point","coordinates":[21.813067,43.34978]}},{"type":"Feature","properties":{"lines":"27A, 27B, 28, 28A, 29A","arr":["27A","27B","28","28A","29A"],"mode":"bus","angle":74.4,"extra":1,"ei":8,"l0":"27A, ","c0":"#ff627e","l1":"27B, ","c1":"#cf8a11","l2":"28, ","c2":"#19a9a8","l3":"28A, ","c3":"#126804","l4":"29A","c4":"#a72d06"},"geometry":{"type":"Point","coordinates":[21.814799,43.348444]}},{"type":"Feature","properties":{"lines":"27A, 27B, 28, 28A, 29A","arr":["27A","27B","28","28A","29A"],"mode":"bus","angle":74,"extra":1,"ei":9,"l0":"27A, ","c0":"#ff627e","l1":"27B, ","c1":"#cf8a11","l2":"28, ","c2":"#19a9a8","l3":"28A, ","c3":"#126804","l4":"29A","c4":"#a72d06"},"geometry":{"type":"Point","coordinates":[21.815331,43.346599]}},{"type":"Feature","properties":{"lines":"27A, 27B, 28, 28A, 29A","arr":["27A","27B","28","28A","29A"],"mode":"bus","angle":80.2,"extra":1,"ei":10,"l0":"27A, ","c0":"#ff627e","l1":"27B, ","c1":"#cf8a11","l2":"28, ","c2":"#19a9a8","l3":"28A, ","c3":"#126804","l4":"29A","c4":"#a72d06"},"geometry":{"type":"Point","coordinates":[21.816043,43.344783]}},{"type":"Feature","properties":{"lines":"27A, 27B, 28, 28A, 29A","arr":["27A","27B","28","28A","29A"],"mode":"bus","angle":-73.9,"extra":1,"ei":11,"l0":"27A, ","c0":"#ff627e","l1":"27B, ","c1":"#cf8a11","l2":"28, ","c2":"#19a9a8","l3":"28A, ","c3":"#126804","l4":"29A","c4":"#a72d06"},"geometry":{"type":"Point","coordinates":[21.815574,43.342943]}},{"type":"Feature","properties":{"lines":"27A, 27B, 28, 28A, 29A","arr":["27A","27B","28","28A","29A"],"mode":"bus","angle":84.4,"extra":1,"ei":12,"l0":"27A, ","c0":"#ff627e","l1":"27B, ","c1":"#cf8a11","l2":"28, ","c2":"#19a9a8","l3":"28A, ","c3":"#126804","l4":"29A","c4":"#a72d06"},"geometry":{"type":"Point","coordinates":[21.814904,43.341127]}},{"type":"Feature","properties":{"lines":"27A, 27B, 28, 28A, 29A","arr":["27A","27B","28","28A","29A"],"mode":"bus","angle":19.8,"extra":1,"ei":13,"l0":"27A, ","c0":"#ff627e","l1":"27B, ","c1":"#cf8a11","l2":"28, ","c2":"#19a9a8","l3":"28A, ","c3":"#126804","l4":"29A","c4":"#a72d06"},"geometry":{"type":"Point","coordinates":[21.816975,43.34029]}},{"type":"Feature","properties":{"lines":"27A, 27B, 28","arr":["27A","27B","28"],"mode":"bus","angle":-22.1,"l0":"27A, ","c0":"#ff627e","l1":"27B, ","c1":"#cf8a11","l2":"28","c2":"#19a9a8"},"geometry":{"type":"Point","coordinates":[21.813633,43.35497]}},{"type":"Feature","properties":{"lines":"27A, 27B, 28","arr":["27A","27B","28"],"mode":"bus","angle":-7.3,"extra":1,"ei":0,"l0":"27A, ","c0":"#ff627e","l1":"27B, ","c1":"#cf8a11","l2":"28","c2":"#19a9a8"},"geometry":{"type":"Point","coordinates":[21.818577,43.355673]}},{"type":"Feature","properties":{"lines":"27A, 27B, 28","arr":["27A","27B","28"],"mode":"bus","angle":-10.1,"extra":1,"ei":1,"l0":"27A, ","c0":"#ff627e","l1":"27B, ","c1":"#cf8a11","l2":"28","c2":"#19a9a8"},"geometry":{"type":"Point","coordinates":[21.816007,43.355419]}},{"type":"Feature","properties":{"lines":"27A, 27B, 28","arr":["27A","27B","28"],"mode":"bus","angle":-12.6,"extra":1,"ei":2,"l0":"27A, ","c0":"#ff627e","l1":"27B, ","c1":"#cf8a11","l2":"28","c2":"#19a9a8"},"geometry":{"type":"Point","coordinates":[21.811032,43.354386]}},{"type":"Feature","properties":{"lines":"27A, 27B, 28","arr":["27A","27B","28"],"mode":"bus","angle":-18,"extra":1,"ei":3,"l0":"27A, ","c0":"#ff627e","l1":"27B, ","c1":"#cf8a11","l2":"28","c2":"#19a9a8"},"geometry":{"type":"Point","coordinates":[21.808567,43.353803]}},{"type":"Feature","properties":{"lines":"27A, 27B, 28, 28A, 29A","arr":["27A","27B","28","28A","29A"],"mode":"bus","angle":73.6,"l0":"27A, ","c0":"#ff627e","l1":"27B, ","c1":"#cf8a11","l2":"28, ","c2":"#19a9a8","l3":"28A, ","c3":"#126804","l4":"29A","c4":"#a72d06"},"geometry":{"type":"Point","coordinates":[21.824456,43.331427]}},{"type":"Feature","properties":{"lines":"27A, 27B, 28, 28A, 29A","arr":["27A","27B","28","28A","29A"],"mode":"bus","angle":75.3,"extra":1,"ei":0,"l0":"27A, ","c0":"#ff627e","l1":"27B, ","c1":"#cf8a11","l2":"28, ","c2":"#19a9a8","l3":"28A, ","c3":"#126804","l4":"29A","c4":"#a72d06"},"geometry":{"type":"Point","coordinates":[21.818682,43.338116]}},{"type":"Feature","properties":{"lines":"27A, 27B, 28, 28A, 29A","arr":["27A","27B","28","28A","29A"],"mode":"bus","angle":54.8,"extra":1,"ei":1,"l0":"27A, ","c0":"#ff627e","l1":"27B, ","c1":"#cf8a11","l2":"28, ","c2":"#19a9a8","l3":"28A, ","c3":"#126804","l4":"29A","c4":"#a72d06"},"geometry":{"type":"Point","coordinates":[21.819448,43.33634]}},{"type":"Feature","properties":{"lines":"27A, 27B, 28, 28A, 29A","arr":["27A","27B","28","28A","29A"],"mode":"bus","angle":42.7,"extra":1,"ei":2,"l0":"27A, ","c0":"#ff627e","l1":"27B, ","c1":"#cf8a11","l2":"28, ","c2":"#19a9a8","l3":"28A, ","c3":"#126804","l4":"29A","c4":"#a72d06"},"geometry":{"type":"Point","coordinates":[21.821142,43.334952]}},{"type":"Feature","properties":{"lines":"27A, 27B, 28, 28A, 29A","arr":["27A","27B","28","28A","29A"],"mode":"bus","angle":43.7,"extra":1,"ei":3,"l0":"27A, ","c0":"#ff627e","l1":"27B, ","c1":"#cf8a11","l2":"28, ","c2":"#19a9a8","l3":"28A, ","c3":"#126804","l4":"29A","c4":"#a72d06"},"geometry":{"type":"Point","coordinates":[21.822869,43.333567]}},{"type":"Feature","properties":{"lines":"27A, 27B, 28, 28A, 29A","arr":["27A","27B","28","28A","29A"],"mode":"bus","angle":14.5,"extra":1,"ei":4,"l0":"27A, ","c0":"#ff627e","l1":"27B, ","c1":"#cf8a11","l2":"28, ","c2":"#19a9a8","l3":"28A, ","c3":"#126804","l4":"29A","c4":"#a72d06"},"geometry":{"type":"Point","coordinates":[21.828208,43.330219]}},{"type":"Feature","properties":{"lines":"27A, 27B, 28, 28A, 29A","arr":["27A","27B","28","28A","29A"],"mode":"bus","angle":13.1,"extra":1,"ei":5,"l0":"27A, ","c0":"#ff627e","l1":"27B, ","c1":"#cf8a11","l2":"28, ","c2":"#19a9a8","l3":"28A, ","c3":"#126804","l4":"29A","c4":"#a72d06"},"geometry":{"type":"Point","coordinates":[21.830772,43.329935]}},{"type":"Feature","properties":{"lines":"27A, 27B, 28, 28A, 29A","arr":["27A","27B","28","28A","29A"],"mode":"bus","angle":64.5,"extra":1,"ei":6,"l0":"27A, ","c0":"#ff627e","l1":"27B, ","c1":"#cf8a11","l2":"28, ","c2":"#19a9a8","l3":"28A, ","c3":"#126804","l4":"29A","c4":"#a72d06"},"geometry":{"type":"Point","coordinates":[21.833203,43.32951]}},{"type":"Feature","properties":{"lines":"27A, 27B, 28, 28A, 29A","arr":["27A","27B","28","28A","29A"],"mode":"bus","angle":23.2,"extra":1,"ei":7,"l0":"27A, ","c0":"#ff627e","l1":"27B, ","c1":"#cf8a11","l2":"28, ","c2":"#19a9a8","l3":"28A, ","c3":"#126804","l4":"29A","c4":"#a72d06"},"geometry":{"type":"Point","coordinates":[21.833893,43.3278]}},{"type":"Feature","properties":{"lines":"27A, 27B, 28, 28A, 29A","arr":["27A","27B","28","28A","29A"],"mode":"bus","angle":-9.5,"l0":"27A, ","c0":"#ff627e","l1":"27B, ","c1":"#cf8a11","l2":"28, ","c2":"#19a9a8","l3":"28A, ","c3":"#126804","l4":"29A","c4":"#a72d06"},"geometry":{"type":"Point","coordinates":[21.838904,43.328281]}},{"type":"Feature","properties":{"lines":"27A, 27B, 28, 28A, 29A","arr":["27A","27B","28","28A","29A"],"mode":"bus","angle":-9.5,"extra":1,"ei":0,"l0":"27A, ","c0":"#ff627e","l1":"27B, ","c1":"#cf8a11","l2":"28, ","c2":"#19a9a8","l3":"28A, ","c3":"#126804","l4":"29A","c4":"#a72d06"},"geometry":{"type":"Point","coordinates":[21.83553,43.327834]}},{"type":"Feature","properties":{"lines":"27A, 27B, 28, 28A, 29A","arr":["27A","27B","28","28A","29A"],"mode":"bus","angle":-1.4,"extra":1,"ei":1,"l0":"27A, ","c0":"#ff627e","l1":"27B, ","c1":"#cf8a11","l2":"28, ","c2":"#19a9a8","l3":"28A, ","c3":"#126804","l4":"29A","c4":"#a72d06"},"geometry":{"type":"Point","coordinates":[21.840644,43.328463]}},{"type":"Feature","properties":{"lines":"27A, 27B, 28, 28A, 29A","arr":["27A","27B","28","28A","29A"],"mode":"bus","angle":48.8,"extra":1,"ei":2,"l0":"27A, ","c0":"#ff627e","l1":"27B, ","c1":"#cf8a11","l2":"28, ","c2":"#19a9a8","l3":"28A, ","c3":"#126804","l4":"29A","c4":"#a72d06"},"geometry":{"type":"Point","coordinates":[21.843126,43.328163]}},{"type":"Feature","properties":{"lines":"27A, 27B, 28, 28A, 29A","arr":["27A","27B","28","28A","29A"],"mode":"bus","angle":11.5,"l0":"27A, ","c0":"#ff627e","l1":"27B, ","c1":"#cf8a11","l2":"28, ","c2":"#19a9a8","l3":"28A, ","c3":"#126804","l4":"29A","c4":"#a72d06"},"geometry":{"type":"Point","coordinates":[21.853178,43.326032]}},{"type":"Feature","properties":{"lines":"27A, 27B, 28, 28A, 29A","arr":["27A","27B","28","28A","29A"],"mode":"bus","angle":6.8,"extra":1,"ei":0,"l0":"27A, ","c0":"#ff627e","l1":"27B, ","c1":"#cf8a11","l2":"28, ","c2":"#19a9a8","l3":"28A, ","c3":"#126804","l4":"29A","c4":"#a72d06"},"geometry":{"type":"Point","coordinates":[21.844577,43.327745]}},{"type":"Feature","properties":{"lines":"27A, 27B, 28, 28A, 29A","arr":["27A","27B","28","28A","29A"],"mode":"bus","angle":17.7,"extra":1,"ei":1,"l0":"27A, ","c0":"#ff627e","l1":"27B, ","c1":"#cf8a11","l2":"28, ","c2":"#19a9a8","l3":"28A, ","c3":"#126804","l4":"29A","c4":"#a72d06"},"geometry":{"type":"Point","coordinates":[21.846953,43.327083]}},{"type":"Feature","properties":{"lines":"27A, 27B, 28, 28A, 29A","arr":["27A","27B","28","28A","29A"],"mode":"bus","angle":15.8,"extra":1,"ei":2,"l0":"27A, ","c0":"#ff627e","l1":"27B, ","c1":"#cf8a11","l2":"28, ","c2":"#19a9a8","l3":"28A, ","c3":"#126804","l4":"29A","c4":"#a72d06"},"geometry":{"type":"Point","coordinates":[21.849425,43.326508]}},{"type":"Feature","properties":{"lines":"27A, 27B, 28, 28A, 29A","arr":["27A","27B","28","28A","29A"],"mode":"bus","angle":14.4,"extra":1,"ei":3,"l0":"27A, ","c0":"#ff627e","l1":"27B, ","c1":"#cf8a11","l2":"28, ","c2":"#19a9a8","l3":"28A, ","c3":"#126804","l4":"29A","c4":"#a72d06"},"geometry":{"type":"Point","coordinates":[21.857027,43.325403]}},{"type":"Feature","properties":{"lines":"27A, 27B, 28, 28A, 29A","arr":["27A","27B","28","28A","29A"],"mode":"bus","angle":-2.3,"extra":1,"ei":4,"l0":"27A, ","c0":"#ff627e","l1":"27B, ","c1":"#cf8a11","l2":"28, ","c2":"#19a9a8","l3":"28A, ","c3":"#126804","l4":"29A","c4":"#a72d06"},"geometry":{"type":"Point","coordinates":[21.859606,43.325259]}},{"type":"Feature","properties":{"lines":"27A, 27B, 28, 28A, 29A","arr":["27A","27B","28","28A","29A"],"mode":"bus","angle":39.4,"extra":1,"ei":5,"l0":"27A, ","c0":"#ff627e","l1":"27B, ","c1":"#cf8a11","l2":"28, ","c2":"#19a9a8","l3":"28A, ","c3":"#126804","l4":"29A","c4":"#a72d06"},"geometry":{"type":"Point","coordinates":[21.862151,43.32516]}},{"type":"Feature","properties":{"lines":"27A, 27B, 28, 28A, 29A","arr":["27A","27B","28","28A","29A"],"mode":"bus","angle":-33.1,"mi":1,"l0":"27A, ","c0":"#ff627e","l1":"27B, ","c1":"#cf8a11","l2":"28, ","c2":"#19a9a8","l3":"28A, ","c3":"#126804","l4":"29A","c4":"#a72d06"},"geometry":{"type":"Point","coordinates":[21.863263,43.324607]}},{"type":"Feature","properties":{"lines":"27B","arr":["27B"],"mode":"bus","angle":-25.5,"l0":"27B","c0":"#cf8a11"},"geometry":{"type":"Point","coordinates":[21.826913,43.334428]}},{"type":"Feature","properties":{"lines":"27B","arr":["27B"],"mode":"bus","angle":-39.3,"extra":1,"ei":0,"l0":"27B","c0":"#cf8a11"},"geometry":{"type":"Point","coordinates":[21.82915,43.335521]}},{"type":"Feature","properties":{"lines":"27B","arr":["27B"],"mode":"bus","angle":-20.9,"extra":1,"ei":1,"l0":"27B","c0":"#cf8a11"},"geometry":{"type":"Point","coordinates":[21.824652,43.333686]}},{"type":"Feature","properties":{"lines":"28, 28A, 29A","arr":["28","28A","29A"],"mode":"bus","angle":-21.9,"mi":1,"l0":"28, ","c0":"#19a9a8","l1":"28A, ","c1":"#126804","l2":"29A","c2":"#a72d06"},"geometry":{"type":"Point","coordinates":[21.80561,43.373542]}},{"type":"Feature","properties":{"lines":"28, 28A, 29A","arr":["28","28A","29A"],"mode":"bus","angle":-33.5,"extra":1,"ei":0,"l0":"28, ","c0":"#19a9a8","l1":"28A, ","c1":"#126804","l2":"29A","c2":"#a72d06"},"geometry":{"type":"Point","coordinates":[21.804305,43.372715]}},{"type":"Feature","properties":{"lines":"28, 28A, 29A","arr":["28","28A","29A"],"mode":"bus","angle":-72.7,"l0":"28, ","c0":"#19a9a8","l1":"28A, ","c1":"#126804","l2":"29A","c2":"#a72d06"},"geometry":{"type":"Point","coordinates":[21.807263,43.371269]}},{"type":"Feature","properties":{"lines":"28, 28A, 29A","arr":["28","28A","29A"],"mode":"bus","angle":-75.3,"extra":1,"ei":0,"l0":"28, ","c0":"#19a9a8","l1":"28A, ","c1":"#126804","l2":"29A","c2":"#a72d06"},"geometry":{"type":"Point","coordinates":[21.808209,43.373793]}},{"type":"Feature","properties":{"lines":"28, 28A, 29A","arr":["28","28A","29A"],"mode":"bus","angle":-86.8,"extra":1,"ei":1,"l0":"28, ","c0":"#19a9a8","l1":"28A, ","c1":"#126804","l2":"29A","c2":"#a72d06"},"geometry":{"type":"Point","coordinates":[21.806946,43.368309]}},{"type":"Feature","properties":{"lines":"28, 28A, 29A","arr":["28","28A","29A"],"mode":"bus","angle":-33.4,"mi":2,"l0":"28, ","c0":"#19a9a8","l1":"28A, ","c1":"#126804","l2":"29A","c2":"#a72d06"},"geometry":{"type":"Point","coordinates":[21.804109,43.362869]}},{"type":"Feature","properties":{"lines":"28, 28A, 29A","arr":["28","28A","29A"],"mode":"bus","angle":-34.8,"extra":1,"ei":0,"l0":"28, ","c0":"#19a9a8","l1":"28A, ","c1":"#126804","l2":"29A","c2":"#a72d06"},"geometry":{"type":"Point","coordinates":[21.797801,43.35991]}},{"type":"Feature","properties":{"lines":"28, 28A, 29A","arr":["28","28A","29A"],"mode":"bus","angle":-34.6,"extra":1,"ei":1,"l0":"28, ","c0":"#19a9a8","l1":"28A, ","c1":"#126804","l2":"29A","c2":"#a72d06"},"geometry":{"type":"Point","coordinates":[21.799917,43.361002]}},{"type":"Feature","properties":{"lines":"28, 28A, 29A","arr":["28","28A","29A"],"mode":"bus","angle":-25,"extra":1,"ei":2,"l0":"28, ","c0":"#19a9a8","l1":"28A, ","c1":"#126804","l2":"29A","c2":"#a72d06"},"geometry":{"type":"Point","coordinates":[21.802154,43.361951]}},{"type":"Feature","properties":{"lines":"28, 28A, 29A","arr":["28","28A","29A"],"mode":"bus","angle":-35,"extra":1,"ei":3,"l0":"28, ","c0":"#19a9a8","l1":"28A, ","c1":"#126804","l2":"29A","c2":"#a72d06"},"geometry":{"type":"Point","coordinates":[21.806567,43.363916]}},{"type":"Feature","properties":{"lines":"28, 28A, 29A","arr":["28","28A","29A"],"mode":"bus","angle":72.8,"extra":1,"ei":4,"l0":"28, ","c0":"#19a9a8","l1":"28A, ","c1":"#126804","l2":"29A","c2":"#a72d06"},"geometry":{"type":"Point","coordinates":[21.807002,43.365559]}},{"type":"Feature","properties":{"lines":"28, 28A, 29A","arr":["28","28A","29A"],"mode":"bus","angle":80.3,"extra":1,"ei":5,"l0":"28, ","c0":"#19a9a8","l1":"28A, ","c1":"#126804","l2":"29A","c2":"#a72d06"},"geometry":{"type":"Point","coordinates":[21.806526,43.367411]}},{"type":"Feature","properties":{"lines":"28A, 29A","arr":["28A","29A"],"mode":"bus","angle":-83.9,"l0":"28A, ","c0":"#126804","l1":"29A","c1":"#a72d06"},"geometry":{"type":"Point","coordinates":[21.78203,43.389774]}},{"type":"Feature","properties":{"lines":"28A, 29A","arr":["28A","29A"],"mode":"bus","angle":86.2,"extra":1,"ei":0,"l0":"28A, ","c0":"#126804","l1":"29A","c1":"#a72d06"},"geometry":{"type":"Point","coordinates":[21.779816,43.384238]}},{"type":"Feature","properties":{"lines":"28A, 29A","arr":["28A","29A"],"mode":"bus","angle":-68.1,"extra":1,"ei":1,"l0":"28A, ","c0":"#126804","l1":"29A","c1":"#a72d06"},"geometry":{"type":"Point","coordinates":[21.780189,43.386073]}},{"type":"Feature","properties":{"lines":"28A, 29A","arr":["28A","29A"],"mode":"bus","angle":-53.5,"extra":1,"ei":2,"l0":"28A, ","c0":"#126804","l1":"29A","c1":"#a72d06"},"geometry":{"type":"Point","coordinates":[21.781266,43.387772]}},{"type":"Feature","properties":{"lines":"28A, 29A","arr":["28A","29A"],"mode":"bus","angle":-69.4,"extra":1,"ei":3,"l0":"28A, ","c0":"#126804","l1":"29A","c1":"#a72d06"},"geometry":{"type":"Point","coordinates":[21.782763,43.39124]}},{"type":"Feature","properties":{"lines":"28A, 29A","arr":["28A","29A"],"mode":"bus","angle":-75.9,"extra":1,"ei":4,"l0":"28A, ","c0":"#126804","l1":"29A","c1":"#a72d06"},"geometry":{"type":"Point","coordinates":[21.783579,43.39303]}},{"type":"Feature","properties":{"lines":"28A, 29A","arr":["28A","29A"],"mode":"bus","angle":-75.9,"extra":1,"ei":5,"l0":"28A, ","c0":"#126804","l1":"29A","c1":"#a72d06"},"geometry":{"type":"Point","coordinates":[21.784212,43.394862]}},{"type":"Feature","properties":{"lines":"28A, 29A","arr":["28A","29A"],"mode":"bus","angle":74.3,"l0":"28A, ","c0":"#126804","l1":"29A","c1":"#a72d06"},"geometry":{"type":"Point","coordinates":[21.790984,43.376219]}},{"type":"Feature","properties":{"lines":"28A, 29A","arr":["28A","29A"],"mode":"bus","angle":45.7,"extra":1,"ei":0,"l0":"28A, ","c0":"#126804","l1":"29A","c1":"#a72d06"},"geometry":{"type":"Point","coordinates":[21.802001,43.37253]}},{"type":"Feature","properties":{"lines":"28A, 29A","arr":["28A","29A"],"mode":"bus","angle":-56.9,"extra":1,"ei":1,"l0":"28A, ","c0":"#126804","l1":"29A","c1":"#a72d06"},"geometry":{"type":"Point","coordinates":[21.800178,43.371941]}},{"type":"Feature","properties":{"lines":"28A, 29A","arr":["28A","29A"],"mode":"bus","angle":12.1,"extra":1,"ei":2,"l0":"28A, ","c0":"#126804","l1":"29A","c1":"#a72d06"},"geometry":{"type":"Point","coordinates":[21.797757,43.3717]}},{"type":"Feature","properties":{"lines":"28A, 29A","arr":["28A","29A"],"mode":"bus","angle":40.6,"extra":1,"ei":3,"l0":"28A, ","c0":"#126804","l1":"29A","c1":"#a72d06"},"geometry":{"type":"Point","coordinates":[21.795729,43.37281]}},{"type":"Feature","properties":{"lines":"28A, 29A","arr":["28A","29A"],"mode":"bus","angle":22.2,"extra":1,"ei":4,"l0":"28A, ","c0":"#126804","l1":"29A","c1":"#a72d06"},"geometry":{"type":"Point","coordinates":[21.793811,43.374034]}},{"type":"Feature","properties":{"lines":"28A, 29A","arr":["28A","29A"],"mode":"bus","angle":47.8,"extra":1,"ei":5,"l0":"28A, ","c0":"#126804","l1":"29A","c1":"#a72d06"},"geometry":{"type":"Point","coordinates":[21.791659,43.374932]}},{"type":"Feature","properties":{"lines":"28A, 29A","arr":["28A","29A"],"mode":"bus","angle":57.9,"extra":1,"ei":6,"l0":"28A, ","c0":"#126804","l1":"29A","c1":"#a72d06"},"geometry":{"type":"Point","coordinates":[21.789628,43.378364]}},{"type":"Feature","properties":{"lines":"28A, 29A","arr":["28A","29A"],"mode":"bus","angle":19.5,"extra":1,"ei":7,"l0":"28A, ","c0":"#126804","l1":"29A","c1":"#a72d06"},"geometry":{"type":"Point","coordinates":[21.787548,43.379408]}},{"type":"Feature","properties":{"lines":"28A, 29A","arr":["28A","29A"],"mode":"bus","angle":60.3,"extra":1,"ei":8,"l0":"28A, ","c0":"#126804","l1":"29A","c1":"#a72d06"},"geometry":{"type":"Point","coordinates":[21.78522,43.379823]}},{"type":"Feature","properties":{"lines":"28A, 29A","arr":["28A","29A"],"mode":"bus","angle":35.5,"extra":1,"ei":9,"l0":"28A, ","c0":"#126804","l1":"29A","c1":"#a72d06"},"geometry":{"type":"Point","coordinates":[21.783612,43.38128]}},{"type":"Feature","properties":{"lines":"28A, 29A","arr":["28A","29A"],"mode":"bus","angle":61.6,"extra":1,"ei":10,"l0":"28A, ","c0":"#126804","l1":"29A","c1":"#a72d06"},"geometry":{"type":"Point","coordinates":[21.781259,43.381704]}},{"type":"Feature","properties":{"lines":"28B, 29, 32, 32A, 39","arr":["28B","29","32","32A","39"],"mode":"bus","angle":46.6,"l0":"28B, ","c0":"#10a5d2","l1":"29, ","c1":"#0357b2","l2":"32, ","c2":"#446303","l3":"32A, ","c3":"#a72d06","l4":"39","c4":"#ab0377"},"geometry":{"type":"Point","coordinates":[21.865792,43.346131]}},{"type":"Feature","properties":{"lines":"28B, 29, 32, 32A, 39","arr":["28B","29","32","32A","39"],"mode":"bus","angle":32.5,"mi":1,"l0":"28B, ","c0":"#10a5d2","l1":"29, ","c1":"#0357b2","l2":"32, ","c2":"#446303","l3":"32A, ","c3":"#a72d06","l4":"39","c4":"#ab0377"},"geometry":{"type":"Point","coordinates":[21.862038,43.34857]}},{"type":"Feature","properties":{"lines":"28B, 29, 32, 32A, 39","arr":["28B","29","32","32A","39"],"mode":"bus","angle":26.6,"l0":"28B, ","c0":"#10a5d2","l1":"29, ","c1":"#0357b2","l2":"32, ","c2":"#446303","l3":"32A, ","c3":"#a72d06","l4":"39","c4":"#ab0377"},"geometry":{"type":"Point","coordinates":[21.828432,43.374448]}},{"type":"Feature","properties":{"lines":"28B, 29, 32, 32A, 39","arr":["28B","29","32","32A","39"],"mode":"bus","angle":47.8,"extra":1,"ei":0,"l0":"28B, ","c0":"#10a5d2","l1":"29, ","c1":"#0357b2","l2":"32, ","c2":"#446303","l3":"32A, ","c3":"#a72d06","l4":"39","c4":"#ab0377"},"geometry":{"type":"Point","coordinates":[21.859779,43.350618]}},{"type":"Feature","properties":{"lines":"28B, 29, 32, 32A, 39","arr":["28B","29","32","32A","39"],"mode":"bus","angle":46.6,"extra":1,"ei":1,"l0":"28B, ","c0":"#10a5d2","l1":"29, ","c1":"#0357b2","l2":"32, ","c2":"#446303","l3":"32A, ","c3":"#a72d06","l4":"39","c4":"#ab0377"},"geometry":{"type":"Point","coordinates":[21.857995,43.35199]}},{"type":"Feature","properties":{"lines":"28B, 29, 32, 32A, 39","arr":["28B","29","32","32A","39"],"mode":"bus","angle":46.6,"extra":1,"ei":2,"l0":"28B, ","c0":"#10a5d2","l1":"29, ","c1":"#0357b2","l2":"32, ","c2":"#446303","l3":"32A, ","c3":"#a72d06","l4":"39","c4":"#ab0377"},"geometry":{"type":"Point","coordinates":[21.856211,43.353362]}},{"type":"Feature","properties":{"lines":"28B, 29, 32, 32A, 39","arr":["28B","29","32","32A","39"],"mode":"bus","angle":46.5,"extra":1,"ei":3,"l0":"28B, ","c0":"#10a5d2","l1":"29, ","c1":"#0357b2","l2":"32, ","c2":"#446303","l3":"32A, ","c3":"#a72d06","l4":"39","c4":"#ab0377"},"geometry":{"type":"Point","coordinates":[21.854426,43.354733]}},{"type":"Feature","properties":{"lines":"28B, 29, 32, 32A, 39","arr":["28B","29","32","32A","39"],"mode":"bus","angle":46.5,"extra":1,"ei":4,"l0":"28B, ","c0":"#10a5d2","l1":"29, ","c1":"#0357b2","l2":"32, ","c2":"#446303","l3":"32A, ","c3":"#a72d06","l4":"39","c4":"#ab0377"},"geometry":{"type":"Point","coordinates":[21.852642,43.356104]}},{"type":"Feature","properties":{"lines":"28B, 29, 32, 32A, 39","arr":["28B","29","32","32A","39"],"mode":"bus","angle":46.8,"extra":1,"ei":5,"l0":"28B, ","c0":"#10a5d2","l1":"29, ","c1":"#0357b2","l2":"32, ","c2":"#446303","l3":"32A, ","c3":"#a72d06","l4":"39","c4":"#ab0377"},"geometry":{"type":"Point","coordinates":[21.850858,43.357475]}},{"type":"Feature","properties":{"lines":"28B, 29, 32, 32A, 39","arr":["28B","29","32","32A","39"],"mode":"bus","angle":46.3,"extra":1,"ei":6,"l0":"28B, ","c0":"#10a5d2","l1":"29, ","c1":"#0357b2","l2":"32, ","c2":"#446303","l3":"32A, ","c3":"#a72d06","l4":"39","c4":"#ab0377"},"geometry":{"type":"Point","coordinates":[21.849078,43.35885]}},{"type":"Feature","properties":{"lines":"28B, 29, 32, 32A, 39","arr":["28B","29","32","32A","39"],"mode":"bus","angle":46.7,"extra":1,"ei":7,"l0":"28B, ","c0":"#10a5d2","l1":"29, ","c1":"#0357b2","l2":"32, ","c2":"#446303","l3":"32A, ","c3":"#a72d06","l4":"39","c4":"#ab0377"},"geometry":{"type":"Point","coordinates":[21.84729,43.360218]}},{"type":"Feature","properties":{"lines":"28B, 29, 32, 32A, 39","arr":["28B","29","32","32A","39"],"mode":"bus","angle":47.1,"extra":1,"ei":8,"l0":"28B, ","c0":"#10a5d2","l1":"29, ","c1":"#0357b2","l2":"32, ","c2":"#446303","l3":"32A, ","c3":"#a72d06","l4":"39","c4":"#ab0377"},"geometry":{"type":"Point","coordinates":[21.845482,43.361571]}},{"type":"Feature","properties":{"lines":"28B, 29, 32, 32A, 39","arr":["28B","29","32","32A","39"],"mode":"bus","angle":47,"extra":1,"ei":9,"l0":"28B, ","c0":"#10a5d2","l1":"29, ","c1":"#0357b2","l2":"32, ","c2":"#446303","l3":"32A, ","c3":"#a72d06","l4":"39","c4":"#ab0377"},"geometry":{"type":"Point","coordinates":[21.843714,43.362954]}},{"type":"Feature","properties":{"lines":"28B, 29, 32, 32A, 39","arr":["28B","29","32","32A","39"],"mode":"bus","angle":47,"extra":1,"ei":10,"l0":"28B, ","c0":"#10a5d2","l1":"29, ","c1":"#0357b2","l2":"32, ","c2":"#446303","l3":"32A, ","c3":"#a72d06","l4":"39","c4":"#ab0377"},"geometry":{"type":"Point","coordinates":[21.841945,43.364336]}},{"type":"Feature","properties":{"lines":"28B, 29, 32, 32A, 39","arr":["28B","29","32","32A","39"],"mode":"bus","angle":46.5,"extra":1,"ei":11,"l0":"28B, ","c0":"#10a5d2","l1":"29, ","c1":"#0357b2","l2":"32, ","c2":"#446303","l3":"32A, ","c3":"#a72d06","l4":"39","c4":"#ab0377"},"geometry":{"type":"Point","coordinates":[21.840176,43.365717]}},{"type":"Feature","properties":{"lines":"28B, 29, 32, 32A, 39","arr":["28B","29","32","32A","39"],"mode":"bus","angle":47.1,"extra":1,"ei":12,"l0":"28B, ","c0":"#10a5d2","l1":"29, ","c1":"#0357b2","l2":"32, ","c2":"#446303","l3":"32A, ","c3":"#a72d06","l4":"39","c4":"#ab0377"},"geometry":{"type":"Point","coordinates":[21.838385,43.367084]}},{"type":"Feature","properties":{"lines":"28B, 29, 32, 32A, 39","arr":["28B","29","32","32A","39"],"mode":"bus","angle":47.3,"extra":1,"ei":13,"l0":"28B, ","c0":"#10a5d2","l1":"29, ","c1":"#0357b2","l2":"32, ","c2":"#446303","l3":"32A, ","c3":"#a72d06","l4":"39","c4":"#ab0377"},"geometry":{"type":"Point","coordinates":[21.836617,43.368466]}},{"type":"Feature","properties":{"lines":"28B, 29, 32, 32A, 39","arr":["28B","29","32","32A","39"],"mode":"bus","angle":45.5,"extra":1,"ei":14,"l0":"28B, ","c0":"#10a5d2","l1":"29, ","c1":"#0357b2","l2":"32, ","c2":"#446303","l3":"32A, ","c3":"#a72d06","l4":"39","c4":"#ab0377"},"geometry":{"type":"Point","coordinates":[21.834825,43.369832]}},{"type":"Feature","properties":{"lines":"28B, 29, 32, 32A, 39","arr":["28B","29","32","32A","39"],"mode":"bus","angle":46.9,"extra":1,"ei":15,"l0":"28B, ","c0":"#10a5d2","l1":"29, ","c1":"#0357b2","l2":"32, ","c2":"#446303","l3":"32A, ","c3":"#a72d06","l4":"39","c4":"#ab0377"},"geometry":{"type":"Point","coordinates":[21.833027,43.371193]}},{"type":"Feature","properties":{"lines":"28B, 29, 32, 32A, 39","arr":["28B","29","32","32A","39"],"mode":"bus","angle":46.5,"extra":1,"ei":16,"l0":"28B, ","c0":"#10a5d2","l1":"29, ","c1":"#0357b2","l2":"32, ","c2":"#446303","l3":"32A, ","c3":"#a72d06","l4":"39","c4":"#ab0377"},"geometry":{"type":"Point","coordinates":[21.83124,43.372562]}},{"type":"Feature","properties":{"lines":"28B, 29, 32, 32A, 39","arr":["28B","29","32","32A","39"],"mode":"bus","angle":61.9,"extra":1,"ei":17,"l0":"28B, ","c0":"#10a5d2","l1":"29, ","c1":"#0357b2","l2":"32, ","c2":"#446303","l3":"32A, ","c3":"#a72d06","l4":"39","c4":"#ab0377"},"geometry":{"type":"Point","coordinates":[21.825627,43.376175]}},{"type":"Feature","properties":{"lines":"28B, 29, 32, 32A, 39","arr":["28B","29","32","32A","39"],"mode":"bus","angle":61.2,"extra":1,"ei":18,"l0":"28B, ","c0":"#10a5d2","l1":"29, ","c1":"#0357b2","l2":"32, ","c2":"#446303","l3":"32A, ","c3":"#a72d06","l4":"39","c4":"#ab0377"},"geometry":{"type":"Point","coordinates":[21.824383,43.377833]}},{"type":"Feature","properties":{"lines":"28B, 29, 32, 32A, 39","arr":["28B","29","32","32A","39"],"mode":"bus","angle":61.6,"extra":1,"ei":19,"l0":"28B, ","c0":"#10a5d2","l1":"29, ","c1":"#0357b2","l2":"32, ","c2":"#446303","l3":"32A, ","c3":"#a72d06","l4":"39","c4":"#ab0377"},"geometry":{"type":"Point","coordinates":[21.823151,43.379495]}},{"type":"Feature","properties":{"lines":"28B, 29, 32, 32A, 39","arr":["28B","29","32","32A","39"],"mode":"bus","angle":60.6,"extra":1,"ei":20,"l0":"28B, ","c0":"#10a5d2","l1":"29, ","c1":"#0357b2","l2":"32, ","c2":"#446303","l3":"32A, ","c3":"#a72d06","l4":"39","c4":"#ab0377"},"geometry":{"type":"Point","coordinates":[21.821892,43.381146]}},{"type":"Feature","properties":{"lines":"28B, 29, 32, 32A, 39","arr":["28B","29","32","32A","39"],"mode":"bus","angle":62.6,"extra":1,"ei":21,"l0":"28B, ","c0":"#10a5d2","l1":"29, ","c1":"#0357b2","l2":"32, ","c2":"#446303","l3":"32A, ","c3":"#a72d06","l4":"39","c4":"#ab0377"},"geometry":{"type":"Point","coordinates":[21.820653,43.382805]}},{"type":"Feature","properties":{"lines":"28B, 29, 32, 32A, 39","arr":["28B","29","32","32A","39"],"mode":"bus","angle":60.8,"extra":1,"ei":22,"l0":"28B, ","c0":"#10a5d2","l1":"29, ","c1":"#0357b2","l2":"32, ","c2":"#446303","l3":"32A, ","c3":"#a72d06","l4":"39","c4":"#ab0377"},"geometry":{"type":"Point","coordinates":[21.819413,43.384464]}},{"type":"Feature","properties":{"lines":"28B, 29, 32, 32A, 39","arr":["28B","29","32","32A","39"],"mode":"bus","angle":61.8,"extra":1,"ei":23,"l0":"28B, ","c0":"#10a5d2","l1":"29, ","c1":"#0357b2","l2":"32, ","c2":"#446303","l3":"32A, ","c3":"#a72d06","l4":"39","c4":"#ab0377"},"geometry":{"type":"Point","coordinates":[21.818156,43.386116]}},{"type":"Feature","properties":{"lines":"28B, 29, 32, 32A, 39","arr":["28B","29","32","32A","39"],"mode":"bus","angle":61.1,"extra":1,"ei":24,"l0":"28B, ","c0":"#10a5d2","l1":"29, ","c1":"#0357b2","l2":"32, ","c2":"#446303","l3":"32A, ","c3":"#a72d06","l4":"39","c4":"#ab0377"},"geometry":{"type":"Point","coordinates":[21.816906,43.387771]}},{"type":"Feature","properties":{"lines":"28B, 29, 32, 32A, 39","arr":["28B","29","32","32A","39"],"mode":"bus","angle":61.3,"extra":1,"ei":25,"l0":"28B, ","c0":"#10a5d2","l1":"29, ","c1":"#0357b2","l2":"32, ","c2":"#446303","l3":"32A, ","c3":"#a72d06","l4":"39","c4":"#ab0377"},"geometry":{"type":"Point","coordinates":[21.815658,43.389427]}},{"type":"Feature","properties":{"lines":"28B, 29, 32, 32A, 39","arr":["28B","29","32","32A","39"],"mode":"bus","angle":61.2,"extra":1,"ei":26,"l0":"28B, ","c0":"#10a5d2","l1":"29, ","c1":"#0357b2","l2":"32, ","c2":"#446303","l3":"32A, ","c3":"#a72d06","l4":"39","c4":"#ab0377"},"geometry":{"type":"Point","coordinates":[21.81441,43.391083]}},{"type":"Feature","properties":{"lines":"28B, 29, 32, 32A, 39","arr":["28B","29","32","32A","39"],"mode":"bus","angle":61.3,"extra":1,"ei":27,"l0":"28B, ","c0":"#10a5d2","l1":"29, ","c1":"#0357b2","l2":"32, ","c2":"#446303","l3":"32A, ","c3":"#a72d06","l4":"39","c4":"#ab0377"},"geometry":{"type":"Point","coordinates":[21.813164,43.392739]}},{"type":"Feature","properties":{"lines":"28B, 29, 32, 32A, 39","arr":["28B","29","32","32A","39"],"mode":"bus","angle":61.2,"extra":1,"ei":28,"l0":"28B, ","c0":"#10a5d2","l1":"29, ","c1":"#0357b2","l2":"32, ","c2":"#446303","l3":"32A, ","c3":"#a72d06","l4":"39","c4":"#ab0377"},"geometry":{"type":"Point","coordinates":[21.811917,43.394396]}},{"type":"Feature","properties":{"lines":"28B, 29, 32, 32A, 39","arr":["28B","29","32","32A","39"],"mode":"bus","angle":61.2,"extra":1,"ei":29,"l0":"28B, ","c0":"#10a5d2","l1":"29, ","c1":"#0357b2","l2":"32, ","c2":"#446303","l3":"32A, ","c3":"#a72d06","l4":"39","c4":"#ab0377"},"geometry":{"type":"Point","coordinates":[21.810666,43.39605]}},{"type":"Feature","properties":{"lines":"28B, 29, 32, 32A, 39","arr":["28B","29","32","32A","39"],"mode":"bus","angle":61.3,"extra":1,"ei":30,"l0":"28B, ","c0":"#10a5d2","l1":"29, ","c1":"#0357b2","l2":"32, ","c2":"#446303","l3":"32A, ","c3":"#a72d06","l4":"39","c4":"#ab0377"},"geometry":{"type":"Point","coordinates":[21.809417,43.397705]}},{"type":"Feature","properties":{"lines":"28B, 29, 32, 32A, 39","arr":["28B","29","32","32A","39"],"mode":"bus","angle":19.7,"extra":1,"ei":31,"l0":"28B, ","c0":"#10a5d2","l1":"29, ","c1":"#0357b2","l2":"32, ","c2":"#446303","l3":"32A, ","c3":"#a72d06","l4":"39","c4":"#ab0377"},"geometry":{"type":"Point","coordinates":[21.807873,43.399148]}},{"type":"Feature","properties":{"lines":"28B, 29, 32, 32A, 39","arr":["28B","29","32","32A","39"],"mode":"bus","angle":77.1,"extra":1,"ei":32,"l0":"28B, ","c0":"#10a5d2","l1":"29, ","c1":"#0357b2","l2":"32, ","c2":"#446303","l3":"32A, ","c3":"#a72d06","l4":"39","c4":"#ab0377"},"geometry":{"type":"Point","coordinates":[21.805785,43.400083]}},{"type":"Feature","properties":{"lines":"28B, 29, 32, 32A, 39","arr":["28B","29","32","32A","39"],"mode":"bus","angle":-84.9,"extra":1,"ei":33,"l0":"28B, ","c0":"#10a5d2","l1":"29, ","c1":"#0357b2","l2":"32, ","c2":"#446303","l3":"32A, ","c3":"#a72d06","l4":"39","c4":"#ab0377"},"geometry":{"type":"Point","coordinates":[21.806591,43.401824]}},{"type":"Feature","properties":{"lines":"28B, 29, 39","arr":["28B","29","39"],"mode":"bus","angle":-33.5,"mi":2,"l0":"28B, ","c0":"#10a5d2","l1":"29, ","c1":"#0357b2","l2":"39","c2":"#ab0377"},"geometry":{"type":"Point","coordinates":[21.802229,43.400653]}},{"type":"Feature","properties":{"lines":"28B, 29, 39","arr":["28B","29","39"],"mode":"bus","angle":-58.8,"extra":1,"ei":0,"l0":"28B, ","c0":"#10a5d2","l1":"29, ","c1":"#0357b2","l2":"39","c2":"#ab0377"},"geometry":{"type":"Point","coordinates":[21.799289,43.398707]}},{"type":"Feature","properties":{"lines":"28B, 29, 39","arr":["28B","29","39"],"mode":"bus","angle":-18.9,"extra":1,"ei":1,"l0":"28B, ","c0":"#10a5d2","l1":"29, ","c1":"#0357b2","l2":"39","c2":"#ab0377"},"geometry":{"type":"Point","coordinates":[21.805053,43.402378]}},{"type":"Feature","properties":{"lines":"28B, 29, 39","arr":["28B","29","39"],"mode":"bus","angle":-15.1,"l0":"28B, ","c0":"#10a5d2","l1":"29, ","c1":"#0357b2","l2":"39","c2":"#ab0377"},"geometry":{"type":"Point","coordinates":[21.793027,43.396352]}},{"type":"Feature","properties":{"lines":"28B, 29, 39","arr":["28B","29","39"],"mode":"bus","angle":11,"extra":1,"ei":0,"l0":"28B, ","c0":"#10a5d2","l1":"29, ","c1":"#0357b2","l2":"39","c2":"#ab0377"},"geometry":{"type":"Point","coordinates":[21.788229,43.39639]}},{"type":"Feature","properties":{"lines":"28B, 29, 39","arr":["28B","29","39"],"mode":"bus","angle":-4.7,"extra":1,"ei":1,"l0":"28B, ","c0":"#10a5d2","l1":"29, ","c1":"#0357b2","l2":"39","c2":"#ab0377"},"geometry":{"type":"Point","coordinates":[21.790789,43.396123]}},{"type":"Feature","properties":{"lines":"28B, 29, 39","arr":["28B","29","39"],"mode":"bus","angle":-6.5,"extra":1,"ei":2,"l0":"28B, ","c0":"#10a5d2","l1":"29, ","c1":"#0357b2","l2":"39","c2":"#ab0377"},"geometry":{"type":"Point","coordinates":[21.795856,43.396885]}},{"type":"Feature","properties":{"lines":"28B, 29, 39","arr":["28B","29","39"],"mode":"bus","angle":-44.9,"extra":1,"ei":3,"l0":"28B, ","c0":"#10a5d2","l1":"29, ","c1":"#0357b2","l2":"39","c2":"#ab0377"},"geometry":{"type":"Point","coordinates":[21.798246,43.397527]}},{"type":"Feature","properties":{"lines":"28B, 29, 39","arr":["28B","29","39"],"mode":"bus","angle":9.6,"mi":1,"l0":"28B, ","c0":"#10a5d2","l1":"29, ","c1":"#0357b2","l2":"39","c2":"#ab0377"},"geometry":{"type":"Point","coordinates":[21.785871,43.396069]}},{"type":"Feature","properties":{"lines":"29, 29A","arr":["29","29A"],"mode":"bus","angle":54,"l0":"29, ","c0":"#0357b2","l1":"29A","c1":"#a72d06"},"geometry":{"type":"Point","coordinates":[21.78618,43.413742]}},{"type":"Feature","properties":{"lines":"29, 29A","arr":["29","29A"],"mode":"bus","angle":-73.2,"mi":2,"l0":"29, ","c0":"#0357b2","l1":"29A","c1":"#a72d06"},"geometry":{"type":"Point","coordinates":[21.785276,43.399643]}},{"type":"Feature","properties":{"lines":"29, 29A","arr":["29","29A"],"mode":"bus","angle":89.9,"extra":1,"ei":0,"l0":"29, ","c0":"#0357b2","l1":"29A","c1":"#a72d06"},"geometry":{"type":"Point","coordinates":[21.784898,43.397829]}},{"type":"Feature","properties":{"lines":"29, 29A","arr":["29","29A"],"mode":"bus","angle":-87.3,"extra":1,"ei":1,"l0":"29, ","c0":"#0357b2","l1":"29A","c1":"#a72d06"},"geometry":{"type":"Point","coordinates":[21.785686,43.401544]}},{"type":"Feature","properties":{"lines":"29, 29A","arr":["29","29A"],"mode":"bus","angle":-80.8,"mi":1,"l0":"29, ","c0":"#0357b2","l1":"29A","c1":"#a72d06"},"geometry":{"type":"Point","coordinates":[21.786762,43.407236]}},{"type":"Feature","properties":{"lines":"29, 29A","arr":["29","29A"],"mode":"bus","angle":-78.8,"extra":1,"ei":0,"l0":"29, ","c0":"#0357b2","l1":"29A","c1":"#a72d06"},"geometry":{"type":"Point","coordinates":[21.785722,43.403325]}},{"type":"Feature","properties":{"lines":"29, 29A","arr":["29","29A"],"mode":"bus","angle":-79,"extra":1,"ei":1,"l0":"29, ","c0":"#0357b2","l1":"29A","c1":"#a72d06"},"geometry":{"type":"Point","coordinates":[21.78622,43.405178]}},{"type":"Feature","properties":{"lines":"29, 29A","arr":["29","29A"],"mode":"bus","angle":88.3,"extra":1,"ei":2,"l0":"29, ","c0":"#0357b2","l1":"29A","c1":"#a72d06"},"geometry":{"type":"Point","coordinates":[21.786829,43.408913]}},{"type":"Feature","properties":{"lines":"29, 29A","arr":["29","29A"],"mode":"bus","angle":-71.5,"extra":1,"ei":3,"l0":"29, ","c0":"#0357b2","l1":"29A","c1":"#a72d06"},"geometry":{"type":"Point","coordinates":[21.787369,43.410707]}},{"type":"Feature","properties":{"lines":"29, 29A","arr":["29","29A"],"mode":"bus","angle":3.5,"mi":3,"l0":"29, ","c0":"#0357b2","l1":"29A","c1":"#a72d06"},"geometry":{"type":"Point","coordinates":[21.782628,43.422288]}},{"type":"Feature","properties":{"lines":"29, 29A","arr":["29","29A"],"mode":"bus","angle":54.7,"extra":1,"ei":0,"l0":"29, ","c0":"#0357b2","l1":"29A","c1":"#a72d06"},"geometry":{"type":"Point","coordinates":[21.783536,43.41608]}},{"type":"Feature","properties":{"lines":"29, 29A","arr":["29","29A"],"mode":"bus","angle":59.1,"extra":1,"ei":1,"l0":"29, ","c0":"#0357b2","l1":"29A","c1":"#a72d06"},"geometry":{"type":"Point","coordinates":[21.782241,43.417715]}},{"type":"Feature","properties":{"lines":"29, 29A","arr":["29","29A"],"mode":"bus","angle":62.3,"extra":1,"ei":2,"l0":"29, ","c0":"#0357b2","l1":"29A","c1":"#a72d06"},"geometry":{"type":"Point","coordinates":[21.780622,43.419176]}},{"type":"Feature","properties":{"lines":"29, 29A","arr":["29","29A"],"mode":"bus","angle":-55.8,"extra":1,"ei":3,"l0":"29, ","c0":"#0357b2","l1":"29A","c1":"#a72d06"},"geometry":{"type":"Point","coordinates":[21.779351,43.420711]}},{"type":"Feature","properties":{"lines":"29, 29A","arr":["29","29A"],"mode":"bus","angle":-11.9,"extra":1,"ei":4,"l0":"29, ","c0":"#0357b2","l1":"29A","c1":"#a72d06"},"geometry":{"type":"Point","coordinates":[21.786148,43.421623]}},{"type":"Feature","properties":{"lines":"29, 29A","arr":["29","29A"],"mode":"bus","angle":-18.1,"extra":1,"ei":5,"l0":"29, ","c0":"#0357b2","l1":"29A","c1":"#a72d06"},"geometry":{"type":"Point","coordinates":[21.788617,43.422205]}},{"type":"Feature","properties":{"lines":"29, 29A","arr":["29","29A"],"mode":"bus","angle":-18.1,"extra":1,"ei":6,"l0":"29, ","c0":"#0357b2","l1":"29A","c1":"#a72d06"},"geometry":{"type":"Point","coordinates":[21.791084,43.422791]}},{"type":"Feature","properties":{"lines":"29, 29A","arr":["29","29A"],"mode":"bus","angle":-18.1,"extra":1,"ei":7,"l0":"29, ","c0":"#0357b2","l1":"29A","c1":"#a72d06"},"geometry":{"type":"Point","coordinates":[21.793551,43.423377]}},{"type":"Feature","properties":{"lines":"29, 29A","arr":["29","29A"],"mode":"bus","angle":27.6,"mi":3,"l0":"29, ","c0":"#0357b2","l1":"29A","c1":"#a72d06"},"geometry":{"type":"Point","coordinates":[21.795769,43.423276]}},{"type":"Feature","properties":{"lines":"29, 29A","arr":["29","29A"],"mode":"bus","angle":20.2,"mi":2,"l0":"29, ","c0":"#0357b2","l1":"29A","c1":"#a72d06"},"geometry":{"type":"Point","coordinates":[21.797025,43.423029]}},{"type":"Feature","properties":{"lines":"29, 29A","arr":["29","29A"],"mode":"bus","angle":-13.5,"l0":"29, ","c0":"#0357b2","l1":"29A","c1":"#a72d06"},"geometry":{"type":"Point","coordinates":[21.803665,43.427023]}},{"type":"Feature","properties":{"lines":"29, 29A","arr":["29","29A"],"mode":"bus","angle":63.9,"mi":1,"l0":"29, ","c0":"#0357b2","l1":"29A","c1":"#a72d06"},"geometry":{"type":"Point","coordinates":[21.797185,43.423731]}},{"type":"Feature","properties":{"lines":"29, 29A","arr":["29","29A"],"mode":"bus","angle":-42.5,"extra":1,"ei":0,"l0":"29, ","c0":"#0357b2","l1":"29A","c1":"#a72d06"},"geometry":{"type":"Point","coordinates":[21.79833,43.4251]}},{"type":"Feature","properties":{"lines":"29, 29A","arr":["29","29A"],"mode":"bus","angle":-22,"extra":1,"ei":1,"l0":"29, ","c0":"#0357b2","l1":"29A","c1":"#a72d06"},"geometry":{"type":"Point","coordinates":[21.800365,43.426232]}},{"type":"Feature","properties":{"lines":"29, 29A","arr":["29","29A"],"mode":"bus","angle":-29.2,"extra":1,"ei":2,"l0":"29, ","c0":"#0357b2","l1":"29A","c1":"#a72d06"},"geometry":{"type":"Point","coordinates":[21.805156,43.42759]}},{"type":"Feature","properties":{"lines":"29, 29A","arr":["29","29A"],"mode":"bus","angle":-18.6,"extra":1,"ei":3,"l0":"29, ","c0":"#0357b2","l1":"29A","c1":"#a72d06"},"geometry":{"type":"Point","coordinates":[21.807582,43.428245]}},{"type":"Feature","properties":{"lines":"29, 29A","arr":["29","29A"],"mode":"bus","angle":-35.7,"extra":1,"ei":4,"l0":"29, ","c0":"#0357b2","l1":"29A","c1":"#a72d06"},"geometry":{"type":"Point","coordinates":[21.809667,43.429342]}},{"type":"Feature","properties":{"lines":"29, 29A","arr":["29","29A"],"mode":"bus","angle":-16.1,"mi":5,"l0":"29, ","c0":"#0357b2","l1":"29A","c1":"#a72d06"},"geometry":{"type":"Point","coordinates":[21.816959,43.428575]}},{"type":"Feature","properties":{"lines":"29, 29A","arr":["29","29A"],"mode":"bus","angle":0.2,"mi":4,"l0":"29, ","c0":"#0357b2","l1":"29A","c1":"#a72d06"},"geometry":{"type":"Point","coordinates":[21.811187,43.429435]}},{"type":"Feature","properties":{"lines":"29, 29A","arr":["29","29A"],"mode":"bus","angle":28.4,"extra":1,"ei":0,"l0":"29, ","c0":"#0357b2","l1":"29A","c1":"#a72d06"},"geometry":{"type":"Point","coordinates":[21.81344,43.428517]}},{"type":"Feature","properties":{"lines":"29, 29A","arr":["29","29A"],"mode":"bus","angle":-0.8,"extra":1,"ei":1,"l0":"29, ","c0":"#0357b2","l1":"29A","c1":"#a72d06"},"geometry":{"type":"Point","coordinates":[21.820659,43.429796]}},{"type":"Feature","properties":{"lines":"29, 32, 32A, 39","arr":["29","32","32A","39"],"mode":"bus","angle":-61.1,"mi":1,"l0":"29, ","c0":"#0357b2","l1":"32, ","c1":"#446303","l2":"32A, ","c2":"#a72d06","l3":"39","c3":"#ab0377"},"geometry":{"type":"Point","coordinates":[21.859934,43.349597]}},{"type":"Feature","properties":{"lines":"29, 32, 32A, 39","arr":["29","32","32A","39"],"mode":"bus","angle":33.4,"side":-1,"l0":"29, ","c0":"#0357b2","l1":"32, ","c1":"#446303","l2":"32A, ","c2":"#a72d06","l3":"39","c3":"#ab0377"},"geometry":{"type":"Point","coordinates":[21.861989,43.348483]}},{"type":"Feature","properties":{"lines":"29, 32, 32A, 39","arr":["29","32","32A","39"],"mode":"bus","angle":46.8,"side":-1,"mi":2,"l0":"29, ","c0":"#0357b2","l1":"32, ","c1":"#446303","l2":"32A, ","c2":"#a72d06","l3":"39","c3":"#ab0377"},"geometry":{"type":"Point","coordinates":[21.865646,43.346026]}},{"type":"Feature","properties":{"lines":"29, 32A, 34A, 34B, 39","arr":["29","32A","34A","34B","39"],"mode":"bus","angle":45.1,"side":-1,"l0":"29, ","c0":"#0357b2","l1":"32A, ","c1":"#a72d06","l2":"34A, ","c2":"#07ad80","l3":"34B, ","c3":"#e47e2b","l4":"39","c4":"#ab0377"},"geometry":{"type":"Point","coordinates":[21.86783,43.344385]}},{"type":"Feature","properties":{"lines":"30, 31","arr":["30","31"],"mode":"bus","angle":-31.2,"mi":3,"l0":"30, ","c0":"#c17aef","l1":"31","c1":"#03636c"},"geometry":{"type":"Point","coordinates":[21.888672,43.351415]}},{"type":"Feature","properties":{"lines":"30, 31","arr":["30","31"],"mode":"bus","angle":-56.3,"extra":1,"ei":0,"l0":"30, ","c0":"#c17aef","l1":"31","c1":"#03636c"},"geometry":{"type":"Point","coordinates":[21.88727,43.350013]}},{"type":"Feature","properties":{"lines":"30, 31","arr":["30","31"],"mode":"bus","angle":-26.3,"extra":1,"ei":1,"l0":"30, ","c0":"#c17aef","l1":"31","c1":"#03636c"},"geometry":{"type":"Point","coordinates":[21.891169,43.352296]}},{"type":"Feature","properties":{"lines":"30, 31","arr":["30","31"],"mode":"bus","angle":-61.4,"mi":2,"l0":"30, ","c0":"#c17aef","l1":"31","c1":"#03636c"},"geometry":{"type":"Point","coordinates":[21.892496,43.353782]}},{"type":"Feature","properties":{"lines":"30, 31","arr":["30","31"],"mode":"bus","angle":-15.4,"l0":"30, ","c0":"#c17aef","l1":"31","c1":"#03636c"},"geometry":{"type":"Point","coordinates":[21.895088,43.355306]}},{"type":"Feature","properties":{"lines":"30, 31","arr":["30","31"],"mode":"bus","angle":-82.9,"mi":1,"l0":"30, ","c0":"#c17aef","l1":"31","c1":"#03636c"},"geometry":{"type":"Point","coordinates":[21.897612,43.363857]}},{"type":"Feature","properties":{"lines":"30, 31","arr":["30","31"],"mode":"bus","angle":-76,"extra":1,"ei":0,"l0":"30, ","c0":"#c17aef","l1":"31","c1":"#03636c"},"geometry":{"type":"Point","coordinates":[21.897289,43.357038]}},{"type":"Feature","properties":{"lines":"30, 31","arr":["30","31"],"mode":"bus","angle":86.3,"extra":1,"ei":1,"l0":"30, ","c0":"#c17aef","l1":"31","c1":"#03636c"},"geometry":{"type":"Point","coordinates":[21.897683,43.35888]}},{"type":"Feature","properties":{"lines":"30, 31","arr":["30","31"],"mode":"bus","angle":-86.8,"extra":1,"ei":2,"l0":"30, ","c0":"#c17aef","l1":"31","c1":"#03636c"},"geometry":{"type":"Point","coordinates":[21.89767,43.360764]}},{"type":"Feature","properties":{"lines":"30, 31","arr":["30","31"],"mode":"bus","angle":88.5,"extra":1,"ei":3,"l0":"30, ","c0":"#c17aef","l1":"31","c1":"#03636c"},"geometry":{"type":"Point","coordinates":[21.897524,43.362648]}},{"type":"Feature","properties":{"lines":"30, 31","arr":["30","31"],"mode":"bus","angle":-81.4,"extra":1,"ei":4,"l0":"30, ","c0":"#c17aef","l1":"31","c1":"#03636c"},"geometry":{"type":"Point","coordinates":[21.897955,43.366404]}},{"type":"Feature","properties":{"lines":"30, 31","arr":["30","31"],"mode":"bus","angle":-76.4,"extra":1,"ei":5,"l0":"30, ","c0":"#c17aef","l1":"31","c1":"#03636c"},"geometry":{"type":"Point","coordinates":[21.89836,43.368268]}},{"type":"Feature","properties":{"lines":"30, 31","arr":["30","31"],"mode":"bus","angle":-75.1,"extra":1,"ei":6,"l0":"30, ","c0":"#c17aef","l1":"31","c1":"#03636c"},"geometry":{"type":"Point","coordinates":[21.899029,43.370093]}},{"type":"Feature","properties":{"lines":"30, 31","arr":["30","31"],"mode":"bus","angle":60.6,"mi":4,"l0":"30, ","c0":"#c17aef","l1":"31","c1":"#03636c"},"geometry":{"type":"Point","coordinates":[21.898977,43.371895]}},{"type":"Feature","properties":{"lines":"30","arr":["30"],"mode":"bus","angle":-11.5,"l0":"30","c0":"#c17aef"},"geometry":{"type":"Point","coordinates":[21.895932,43.375808]}},{"type":"Feature","properties":{"lines":"30","arr":["30"],"mode":"bus","angle":65.8,"extra":1,"ei":0,"l0":"30","c0":"#c17aef"},"geometry":{"type":"Point","coordinates":[21.897997,43.373138]}},{"type":"Feature","properties":{"lines":"30","arr":["30"],"mode":"bus","angle":72,"extra":1,"ei":1,"l0":"30","c0":"#c17aef"},"geometry":{"type":"Point","coordinates":[21.897095,43.374908]}},{"type":"Feature","properties":{"lines":"30","arr":["30"],"mode":"bus","angle":-11.8,"extra":1,"ei":2,"l0":"30","c0":"#c17aef"},"geometry":{"type":"Point","coordinates":[21.893076,43.375506]}},{"type":"Feature","properties":{"lines":"30","arr":["30"],"mode":"bus","angle":-12.3,"extra":1,"ei":3,"l0":"30","c0":"#c17aef"},"geometry":{"type":"Point","coordinates":[21.890516,43.375239]}},{"type":"Feature","properties":{"lines":"30","arr":["30"],"mode":"bus","angle":42.6,"mi":1,"l0":"30","c0":"#c17aef"},"geometry":{"type":"Point","coordinates":[21.885939,43.37862]}},{"type":"Feature","properties":{"lines":"30","arr":["30"],"mode":"bus","angle":51,"extra":1,"ei":0,"l0":"30","c0":"#c17aef"},"geometry":{"type":"Point","coordinates":[21.889052,43.376006]}},{"type":"Feature","properties":{"lines":"30","arr":["30"],"mode":"bus","angle":50,"extra":1,"ei":1,"l0":"30","c0":"#c17aef"},"geometry":{"type":"Point","coordinates":[21.887574,43.37755]}},{"type":"Feature","properties":{"lines":"30","arr":["30"],"mode":"bus","angle":47.7,"extra":1,"ei":2,"l0":"30","c0":"#c17aef"},"geometry":{"type":"Point","coordinates":[21.883864,43.380179]}},{"type":"Feature","properties":{"lines":"30","arr":["30"],"mode":"bus","angle":42.1,"extra":1,"ei":3,"l0":"30","c0":"#c17aef"},"geometry":{"type":"Point","coordinates":[21.881735,43.381236]}},{"type":"Feature","properties":{"lines":"30","arr":["30"],"mode":"bus","angle":-43.7,"mi":1,"l0":"30","c0":"#c17aef"},"geometry":{"type":"Point","coordinates":[21.88997,43.400953]}},{"type":"Feature","properties":{"lines":"30","arr":["30"],"mode":"bus","angle":-42.6,"extra":1,"ei":0,"l0":"30","c0":"#c17aef"},"geometry":{"type":"Point","coordinates":[21.887253,43.398981]}},{"type":"Feature","properties":{"lines":"30","arr":["30"],"mode":"bus","angle":-85.9,"extra":1,"ei":1,"l0":"30","c0":"#c17aef"},"geometry":{"type":"Point","coordinates":[21.888324,43.400364]}},{"type":"Feature","properties":{"lines":"30","arr":["30"],"mode":"bus","angle":-13.4,"extra":1,"ei":2,"l0":"30","c0":"#c17aef"},"geometry":{"type":"Point","coordinates":[21.89262,43.401368]}},{"type":"Feature","properties":{"lines":"30","arr":["30"],"mode":"bus","angle":-43.1,"extra":1,"ei":3,"l0":"30","c0":"#c17aef"},"geometry":{"type":"Point","coordinates":[21.894642,43.402491]}},{"type":"Feature","properties":{"lines":"30","arr":["30"],"mode":"bus","angle":-84.8,"mi":3,"l0":"30","c0":"#c17aef"},"geometry":{"type":"Point","coordinates":[21.882326,43.387736]}},{"type":"Feature","properties":{"lines":"30","arr":["30"],"mode":"bus","angle":87.6,"extra":1,"ei":0,"l0":"30","c0":"#c17aef"},"geometry":{"type":"Point","coordinates":[21.881031,43.382425]}},{"type":"Feature","properties":{"lines":"30","arr":["30"],"mode":"bus","angle":-77.4,"extra":1,"ei":1,"l0":"30","c0":"#c17aef"},"geometry":{"type":"Point","coordinates":[21.881603,43.384258]}},{"type":"Feature","properties":{"lines":"30","arr":["30"],"mode":"bus","angle":-81.5,"extra":1,"ei":2,"l0":"30","c0":"#c17aef"},"geometry":{"type":"Point","coordinates":[21.881868,43.386098]}},{"type":"Feature","properties":{"lines":"30","arr":["30"],"mode":"bus","angle":-74.5,"extra":1,"ei":3,"l0":"30","c0":"#c17aef"},"geometry":{"type":"Point","coordinates":[21.882328,43.389786]}},{"type":"Feature","properties":{"lines":"30","arr":["30"],"mode":"bus","angle":-4.8,"extra":1,"ei":4,"l0":"30","c0":"#c17aef"},"geometry":{"type":"Point","coordinates":[21.882412,43.391302]}},{"type":"Feature","properties":{"lines":"30","arr":["30"],"mode":"bus","angle":-24.2,"extra":1,"ei":5,"l0":"30","c0":"#c17aef"},"geometry":{"type":"Point","coordinates":[21.880119,43.39053]}},{"type":"Feature","properties":{"lines":"30","arr":["30"],"mode":"bus","angle":-24.3,"l0":"30","c0":"#c17aef"},"geometry":{"type":"Point","coordinates":[21.883627,43.393725]}},{"type":"Feature","properties":{"lines":"30","arr":["30"],"mode":"bus","angle":87.4,"extra":1,"ei":0,"l0":"30","c0":"#c17aef"},"geometry":{"type":"Point","coordinates":[21.879297,43.391412]}},{"type":"Feature","properties":{"lines":"30","arr":["30"],"mode":"bus","angle":-13.6,"extra":1,"ei":1,"l0":"30","c0":"#c17aef"},"geometry":{"type":"Point","coordinates":[21.880553,43.392808]}},{"type":"Feature","properties":{"lines":"30","arr":["30"],"mode":"bus","angle":-55.7,"extra":1,"ei":2,"l0":"30","c0":"#c17aef"},"geometry":{"type":"Point","coordinates":[21.884479,43.394766]}},{"type":"Feature","properties":{"lines":"30","arr":["30"],"mode":"bus","angle":-50.6,"extra":1,"ei":3,"l0":"30","c0":"#c17aef"},"geometry":{"type":"Point","coordinates":[21.884695,43.396571]}},{"type":"Feature","properties":{"lines":"30","arr":["30"],"mode":"bus","angle":-47.6,"extra":1,"ei":4,"l0":"30","c0":"#c17aef"},"geometry":{"type":"Point","coordinates":[21.886423,43.397964]}},{"type":"Feature","properties":{"lines":"30","arr":["30"],"mode":"bus","angle":-36.7,"mi":2,"l0":"30","c0":"#c17aef"},"geometry":{"type":"Point","coordinates":[21.896953,43.403154]}},{"type":"Feature","properties":{"lines":"31","arr":["31"],"mode":"bus","angle":-80.9,"l0":"31","c0":"#03636c"},"geometry":{"type":"Point","coordinates":[21.900139,43.372419]}},{"type":"Feature","properties":{"lines":"32, 32A","arr":["32","32A"],"mode":"bus","angle":58,"l0":"32, ","c0":"#446303","l1":"32A","c1":"#a72d06"},"geometry":{"type":"Point","coordinates":[21.806334,43.404242]}},{"type":"Feature","properties":{"lines":"32, 32A","arr":["32","32A"],"mode":"bus","angle":57.9,"extra":1,"ei":0,"l0":"32, ","c0":"#446303","l1":"32A","c1":"#a72d06"},"geometry":{"type":"Point","coordinates":[21.805461,43.405271]}},{"type":"Feature","properties":{"lines":"32, 32A","arr":["32","32A"],"mode":"bus","angle":-21.2,"l0":"32, ","c0":"#446303","l1":"32A","c1":"#a72d06"},"geometry":{"type":"Point","coordinates":[21.828701,43.412427]}},{"type":"Feature","properties":{"lines":"32, 32A","arr":["32","32A"],"mode":"bus","angle":-21.7,"extra":1,"ei":0,"l0":"32, ","c0":"#446303","l1":"32A","c1":"#a72d06"},"geometry":{"type":"Point","coordinates":[21.806301,43.40605]}},{"type":"Feature","properties":{"lines":"32, 32A","arr":["32","32A"],"mode":"bus","angle":-45.4,"extra":1,"ei":1,"l0":"32, ","c0":"#446303","l1":"32A","c1":"#a72d06"},"geometry":{"type":"Point","coordinates":[21.808522,43.40699]}},{"type":"Feature","properties":{"lines":"32, 32A","arr":["32","32A"],"mode":"bus","angle":-56.2,"extra":1,"ei":2,"l0":"32, ","c0":"#446303","l1":"32A","c1":"#a72d06"},"geometry":{"type":"Point","coordinates":[21.810263,43.408361]}},{"type":"Feature","properties":{"lines":"32, 32A","arr":["32","32A"],"mode":"bus","angle":0.8,"extra":1,"ei":3,"l0":"32, ","c0":"#446303","l1":"32A","c1":"#a72d06"},"geometry":{"type":"Point","coordinates":[21.812351,43.409321]}},{"type":"Feature","properties":{"lines":"32, 32A","arr":["32","32A"],"mode":"bus","angle":-32.3,"extra":1,"ei":4,"l0":"32, ","c0":"#446303","l1":"32A","c1":"#a72d06"},"geometry":{"type":"Point","coordinates":[21.814862,43.409503]}},{"type":"Feature","properties":{"lines":"32, 32A","arr":["32","32A"],"mode":"bus","angle":-14.8,"extra":1,"ei":5,"l0":"32, ","c0":"#446303","l1":"32A","c1":"#a72d06"},"geometry":{"type":"Point","coordinates":[21.816897,43.410645]}},{"type":"Feature","properties":{"lines":"32, 32A","arr":["32","32A"],"mode":"bus","angle":62.2,"extra":1,"ei":6,"l0":"32, ","c0":"#446303","l1":"32A","c1":"#a72d06"},"geometry":{"type":"Point","coordinates":[21.819061,43.409843]}},{"type":"Feature","properties":{"lines":"32, 32A","arr":["32","32A"],"mode":"bus","angle":36.2,"extra":1,"ei":7,"l0":"32, ","c0":"#446303","l1":"32A","c1":"#a72d06"},"geometry":{"type":"Point","coordinates":[21.820659,43.408389]}},{"type":"Feature","properties":{"lines":"32, 32A","arr":["32","32A"],"mode":"bus","angle":-15.6,"extra":1,"ei":8,"l0":"32, ","c0":"#446303","l1":"32A","c1":"#a72d06"},"geometry":{"type":"Point","coordinates":[21.823083,43.407969]}},{"type":"Feature","properties":{"lines":"32, 32A","arr":["32","32A"],"mode":"bus","angle":90,"extra":1,"ei":9,"l0":"32, ","c0":"#446303","l1":"32A","c1":"#a72d06"},"geometry":{"type":"Point","coordinates":[21.823942,43.409488]}},{"type":"Feature","properties":{"lines":"32, 32A","arr":["32","32A"],"mode":"bus","angle":-37,"extra":1,"ei":10,"l0":"32, ","c0":"#446303","l1":"32A","c1":"#a72d06"},"geometry":{"type":"Point","coordinates":[21.825358,43.41098]}},{"type":"Feature","properties":{"lines":"32, 32A","arr":["32","32A"],"mode":"bus","angle":-48.2,"extra":1,"ei":11,"l0":"32, ","c0":"#446303","l1":"32A","c1":"#a72d06"},"geometry":{"type":"Point","coordinates":[21.831334,43.41433]}},{"type":"Feature","properties":{"lines":"32, 32A","arr":["32","32A"],"mode":"bus","angle":-15.4,"extra":1,"ei":12,"l0":"32, ","c0":"#446303","l1":"32A","c1":"#a72d06"},"geometry":{"type":"Point","coordinates":[21.833648,43.415103]}},{"type":"Feature","properties":{"lines":"32, 32A","arr":["32","32A"],"mode":"bus","angle":-10.5,"extra":1,"ei":13,"l0":"32, ","c0":"#446303","l1":"32A","c1":"#a72d06"},"geometry":{"type":"Point","coordinates":[21.836154,43.41554]}},{"type":"Feature","properties":{"lines":"32, 32A","arr":["32","32A"],"mode":"bus","angle":-39,"extra":1,"ei":14,"l0":"32, ","c0":"#446303","l1":"32A","c1":"#a72d06"},"geometry":{"type":"Point","coordinates":[21.838417,43.416403]}},{"type":"Feature","properties":{"lines":"32, 32A","arr":["32","32A"],"mode":"bus","angle":-30.3,"extra":1,"ei":15,"l0":"32, ","c0":"#446303","l1":"32A","c1":"#a72d06"},"geometry":{"type":"Point","coordinates":[21.840538,43.417476]}},{"type":"Feature","properties":{"lines":"32, 32A","arr":["32","32A"],"mode":"bus","angle":-9,"extra":1,"ei":16,"l0":"32, ","c0":"#446303","l1":"32A","c1":"#a72d06"},"geometry":{"type":"Point","coordinates":[21.842935,43.418134]}},{"type":"Feature","properties":{"lines":"32, 32A","arr":["32","32A"],"mode":"bus","angle":7.2,"extra":1,"ei":17,"l0":"32, ","c0":"#446303","l1":"32A","c1":"#a72d06"},"geometry":{"type":"Point","coordinates":[21.845467,43.418395]}},{"type":"Feature","properties":{"lines":"32, 32A","arr":["32","32A"],"mode":"bus","angle":-31.4,"extra":1,"ei":18,"l0":"32, ","c0":"#446303","l1":"32A","c1":"#a72d06"},"geometry":{"type":"Point","coordinates":[21.847914,43.418901]}},{"type":"Feature","properties":{"lines":"32, 32A","arr":["32","32A"],"mode":"bus","angle":81.5,"extra":1,"ei":19,"l0":"32, ","c0":"#446303","l1":"32A","c1":"#a72d06"},"geometry":{"type":"Point","coordinates":[21.849116,43.420461]}},{"type":"Feature","properties":{"lines":"32, 32A","arr":["32","32A"],"mode":"bus","angle":87.8,"extra":1,"ei":20,"l0":"32, ","c0":"#446303","l1":"32A","c1":"#a72d06"},"geometry":{"type":"Point","coordinates":[21.84893,43.422341]}},{"type":"Feature","properties":{"lines":"32, 32A","arr":["32","32A"],"mode":"bus","angle":-73.4,"extra":1,"ei":21,"l0":"32, ","c0":"#446303","l1":"32A","c1":"#a72d06"},"geometry":{"type":"Point","coordinates":[21.848763,43.424186]}},{"type":"Feature","properties":{"lines":"32, 32A","arr":["32","32A"],"mode":"bus","angle":-52.5,"l0":"32, ","c0":"#446303","l1":"32A","c1":"#a72d06"},"geometry":{"type":"Point","coordinates":[21.856129,43.427967]}},{"type":"Feature","properties":{"lines":"32, 32A","arr":["32","32A"],"mode":"bus","angle":-31.4,"mi":1,"l0":"32, ","c0":"#446303","l1":"32A","c1":"#a72d06"},"geometry":{"type":"Point","coordinates":[21.850844,43.426121]}},{"type":"Feature","properties":{"lines":"32, 32A","arr":["32","32A"],"mode":"bus","angle":-26,"extra":1,"ei":0,"l0":"32, ","c0":"#446303","l1":"32A","c1":"#a72d06"},"geometry":{"type":"Point","coordinates":[21.852225,43.42688]}},{"type":"Feature","properties":{"lines":"32, 32A","arr":["32","32A"],"mode":"bus","angle":-56.1,"extra":1,"ei":0,"l0":"32, ","c0":"#446303","l1":"32A","c1":"#a72d06"},"geometry":{"type":"Point","coordinates":[21.857953,43.429182]}},{"type":"Feature","properties":{"lines":"32, 32A","arr":["32","32A"],"mode":"bus","angle":-13,"extra":1,"ei":1,"l0":"32, ","c0":"#446303","l1":"32A","c1":"#a72d06"},"geometry":{"type":"Point","coordinates":[21.85401,43.426831]}},{"type":"Feature","properties":{"lines":"32, 32A","arr":["32","32A"],"mode":"bus","angle":-89.5,"l0":"32, ","c0":"#446303","l1":"32A","c1":"#a72d06"},"geometry":{"type":"Point","coordinates":[21.847095,43.442173]}},{"type":"Feature","properties":{"lines":"32, 32A","arr":["32","32A"],"mode":"bus","angle":-77.6,"extra":1,"ei":0,"l0":"32, ","c0":"#446303","l1":"32A","c1":"#a72d06"},"geometry":{"type":"Point","coordinates":[21.84943,43.426057]}},{"type":"Feature","properties":{"lines":"32, 32A","arr":["32","32A"],"mode":"bus","angle":-60.6,"extra":1,"ei":1,"l0":"32, ","c0":"#446303","l1":"32A","c1":"#a72d06"},"geometry":{"type":"Point","coordinates":[21.850482,43.427773]}},{"type":"Feature","properties":{"lines":"32, 32A","arr":["32","32A"],"mode":"bus","angle":-8.4,"extra":1,"ei":2,"l0":"32, ","c0":"#446303","l1":"32A","c1":"#a72d06"},"geometry":{"type":"Point","coordinates":[21.85063,43.429105]}},{"type":"Feature","properties":{"lines":"32, 32A","arr":["32","32A"],"mode":"bus","angle":-88.9,"extra":1,"ei":3,"l0":"32, ","c0":"#446303","l1":"32A","c1":"#a72d06"},"geometry":{"type":"Point","coordinates":[21.848445,43.429492]}},{"type":"Feature","properties":{"lines":"32, 32A","arr":["32","32A"],"mode":"bus","angle":66.5,"extra":1,"ei":4,"l0":"32, ","c0":"#446303","l1":"32A","c1":"#a72d06"},"geometry":{"type":"Point","coordinates":[21.848423,43.431306]}},{"type":"Feature","properties":{"lines":"32, 32A","arr":["32","32A"],"mode":"bus","angle":66.9,"extra":1,"ei":5,"l0":"32, ","c0":"#446303","l1":"32A","c1":"#a72d06"},"geometry":{"type":"Point","coordinates":[21.847404,43.433043]}},{"type":"Feature","properties":{"lines":"32, 32A","arr":["32","32A"],"mode":"bus","angle":88.2,"extra":1,"ei":6,"l0":"32, ","c0":"#446303","l1":"32A","c1":"#a72d06"},"geometry":{"type":"Point","coordinates":[21.84672,43.434842]}},{"type":"Feature","properties":{"lines":"32, 32A","arr":["32","32A"],"mode":"bus","angle":85,"extra":1,"ei":7,"l0":"32, ","c0":"#446303","l1":"32A","c1":"#a72d06"},"geometry":{"type":"Point","coordinates":[21.84663,43.436727]}},{"type":"Feature","properties":{"lines":"32, 32A","arr":["32","32A"],"mode":"bus","angle":-84.1,"extra":1,"ei":8,"l0":"32, ","c0":"#446303","l1":"32A","c1":"#a72d06"},"geometry":{"type":"Point","coordinates":[21.84688,43.4386]}},{"type":"Feature","properties":{"lines":"32, 32A","arr":["32","32A"],"mode":"bus","angle":-84.6,"extra":1,"ei":9,"l0":"32, ","c0":"#446303","l1":"32A","c1":"#a72d06"},"geometry":{"type":"Point","coordinates":[21.847127,43.44048]}},{"type":"Feature","properties":{"lines":"32, 32A","arr":["32","32A"],"mode":"bus","angle":-89.5,"extra":1,"ei":10,"l0":"32, ","c0":"#446303","l1":"32A","c1":"#a72d06"},"geometry":{"type":"Point","coordinates":[21.847121,43.444252]}},{"type":"Feature","properties":{"lines":"32, 32A","arr":["32","32A"],"mode":"bus","angle":-86,"extra":1,"ei":11,"l0":"32, ","c0":"#446303","l1":"32A","c1":"#a72d06"},"geometry":{"type":"Point","coordinates":[21.847182,43.446139]}},{"type":"Feature","properties":{"lines":"32, 32A","arr":["32","32A"],"mode":"bus","angle":-66.5,"extra":1,"ei":12,"l0":"32, ","c0":"#446303","l1":"32A","c1":"#a72d06"},"geometry":{"type":"Point","coordinates":[21.847588,43.447991]}},{"type":"Feature","properties":{"lines":"32, 32A","arr":["32","32A"],"mode":"bus","angle":-78,"extra":1,"ei":13,"l0":"32, ","c0":"#446303","l1":"32A","c1":"#a72d06"},"geometry":{"type":"Point","coordinates":[21.848458,43.449761]}},{"type":"Feature","properties":{"lines":"32, 32A","arr":["32","32A"],"mode":"bus","angle":-63.2,"extra":1,"ei":14,"l0":"32, ","c0":"#446303","l1":"32A","c1":"#a72d06"},"geometry":{"type":"Point","coordinates":[21.849488,43.451484]}},{"type":"Feature","properties":{"lines":"32, 32A","arr":["32","32A"],"mode":"bus","angle":-57.9,"extra":1,"ei":15,"l0":"32, ","c0":"#446303","l1":"32A","c1":"#a72d06"},"geometry":{"type":"Point","coordinates":[21.850449,43.45322]}},{"type":"Feature","properties":{"lines":"32, 32A","arr":["32","32A"],"mode":"bus","angle":-63.6,"extra":1,"ei":16,"l0":"32, ","c0":"#446303","l1":"32A","c1":"#a72d06"},"geometry":{"type":"Point","coordinates":[21.851746,43.454854]}},{"type":"Feature","properties":{"lines":"32, 32A","arr":["32","32A"],"mode":"bus","angle":-56.6,"extra":1,"ei":17,"l0":"32, ","c0":"#446303","l1":"32A","c1":"#a72d06"},"geometry":{"type":"Point","coordinates":[21.853002,43.456504]}},{"type":"Feature","properties":{"lines":"32, 32A","arr":["32","32A"],"mode":"bus","angle":-54.6,"extra":1,"ei":18,"l0":"32, ","c0":"#446303","l1":"32A","c1":"#a72d06"},"geometry":{"type":"Point","coordinates":[21.854489,43.458052]}},{"type":"Feature","properties":{"lines":"32, 32A","arr":["32","32A"],"mode":"bus","angle":-40.1,"extra":1,"ei":19,"l0":"32, ","c0":"#446303","l1":"32A","c1":"#a72d06"},"geometry":{"type":"Point","coordinates":[21.856362,43.459341]}},{"type":"Feature","properties":{"lines":"32, 32A","arr":["32","32A"],"mode":"bus","angle":-35.6,"l0":"32, ","c0":"#446303","l1":"32A","c1":"#a72d06"},"geometry":{"type":"Point","coordinates":[21.8601,43.461588]}},{"type":"Feature","properties":{"lines":"32, 32A","arr":["32","32A"],"mode":"bus","angle":-42.4,"extra":1,"ei":0,"l0":"32, ","c0":"#446303","l1":"32A","c1":"#a72d06"},"geometry":{"type":"Point","coordinates":[21.857964,43.460297]}},{"type":"Feature","properties":{"lines":"32, 32A","arr":["32","32A"],"mode":"bus","angle":-67,"extra":1,"ei":1,"l0":"32, ","c0":"#446303","l1":"32A","c1":"#a72d06"},"geometry":{"type":"Point","coordinates":[21.861392,43.463007]}},{"type":"Feature","properties":{"lines":"32","arr":["32"],"mode":"bus","angle":85.6,"l0":"32","c0":"#446303"},"geometry":{"type":"Point","coordinates":[21.861848,43.464434]}},{"type":"Feature","properties":{"lines":"32","arr":["32"],"mode":"bus","angle":-30.5,"l0":"32","c0":"#446303"},"geometry":{"type":"Point","coordinates":[21.859431,43.452296]}},{"type":"Feature","properties":{"lines":"32","arr":["32"],"mode":"bus","angle":-1.6,"extra":1,"ei":0,"l0":"32","c0":"#446303"},"geometry":{"type":"Point","coordinates":[21.852213,43.453609]}},{"type":"Feature","properties":{"lines":"32","arr":["32"],"mode":"bus","angle":-27.8,"extra":1,"ei":1,"l0":"32","c0":"#446303"},"geometry":{"type":"Point","coordinates":[21.854606,43.453917]}},{"type":"Feature","properties":{"lines":"32","arr":["32"],"mode":"bus","angle":-4.7,"extra":1,"ei":2,"l0":"32","c0":"#446303"},"geometry":{"type":"Point","coordinates":[21.855668,43.452763]}},{"type":"Feature","properties":{"lines":"32","arr":["32"],"mode":"bus","angle":56.1,"extra":1,"ei":3,"l0":"32","c0":"#446303"},"geometry":{"type":"Point","coordinates":[21.857546,43.452222]}},{"type":"Feature","properties":{"lines":"32","arr":["32"],"mode":"bus","angle":28.7,"extra":1,"ei":4,"l0":"32","c0":"#446303"},"geometry":{"type":"Point","coordinates":[21.861217,43.452652]}},{"type":"Feature","properties":{"lines":"32","arr":["32"],"mode":"bus","angle":7.7,"extra":1,"ei":5,"l0":"32","c0":"#446303"},"geometry":{"type":"Point","coordinates":[21.863618,43.452661]}},{"type":"Feature","properties":{"lines":"32","arr":["32"],"mode":"bus","angle":-9.7,"extra":1,"ei":6,"l0":"32","c0":"#446303"},"geometry":{"type":"Point","coordinates":[21.866142,43.452681]}},{"type":"Feature","properties":{"lines":"32","arr":["32"],"mode":"bus","angle":-12.1,"extra":1,"ei":7,"l0":"32","c0":"#446303"},"geometry":{"type":"Point","coordinates":[21.868591,43.453267]}},{"type":"Feature","properties":{"lines":"32","arr":["32"],"mode":"bus","angle":33.5,"l0":"32","c0":"#446303"},"geometry":{"type":"Point","coordinates":[21.887931,43.464424]}},{"type":"Feature","properties":{"lines":"32","arr":["32"],"mode":"bus","angle":-44.5,"extra":1,"ei":0,"l0":"32","c0":"#446303"},"geometry":{"type":"Point","coordinates":[21.871553,43.454009]}},{"type":"Feature","properties":{"lines":"32","arr":["32"],"mode":"bus","angle":-42.5,"extra":1,"ei":1,"l0":"32","c0":"#446303"},"geometry":{"type":"Point","coordinates":[21.873454,43.455281]}},{"type":"Feature","properties":{"lines":"32","arr":["32"],"mode":"bus","angle":-57.3,"extra":1,"ei":2,"l0":"32","c0":"#446303"},"geometry":{"type":"Point","coordinates":[21.874339,43.456987]}},{"type":"Feature","properties":{"lines":"32","arr":["32"],"mode":"bus","angle":16.9,"extra":1,"ei":3,"l0":"32","c0":"#446303"},"geometry":{"type":"Point","coordinates":[21.876602,43.457495]}},{"type":"Feature","properties":{"lines":"32","arr":["32"],"mode":"bus","angle":-34.7,"extra":1,"ei":4,"l0":"32","c0":"#446303"},"geometry":{"type":"Point","coordinates":[21.878951,43.458096]}},{"type":"Feature","properties":{"lines":"32","arr":["32"],"mode":"bus","angle":36.4,"extra":1,"ei":5,"l0":"32","c0":"#446303"},"geometry":{"type":"Point","coordinates":[21.880957,43.458868]}},{"type":"Feature","properties":{"lines":"32","arr":["32"],"mode":"bus","angle":-6,"extra":1,"ei":6,"l0":"32","c0":"#446303"},"geometry":{"type":"Point","coordinates":[21.883252,43.458098]}},{"type":"Feature","properties":{"lines":"32","arr":["32"],"mode":"bus","angle":84.6,"extra":1,"ei":7,"l0":"32","c0":"#446303"},"geometry":{"type":"Point","coordinates":[21.884291,43.459658]}},{"type":"Feature","properties":{"lines":"32","arr":["32"],"mode":"bus","angle":-88.4,"extra":1,"ei":8,"l0":"32","c0":"#446303"},"geometry":{"type":"Point","coordinates":[21.884271,43.461543]}},{"type":"Feature","properties":{"lines":"32","arr":["32"],"mode":"bus","angle":-76.2,"extra":1,"ei":9,"l0":"32","c0":"#446303"},"geometry":{"type":"Point","coordinates":[21.884503,43.463419]}},{"type":"Feature","properties":{"lines":"32","arr":["32"],"mode":"bus","angle":-6.7,"extra":1,"ei":10,"l0":"32","c0":"#446303"},"geometry":{"type":"Point","coordinates":[21.885949,43.464878]}},{"type":"Feature","properties":{"lines":"32","arr":["32"],"mode":"bus","angle":60.7,"extra":1,"ei":11,"l0":"32","c0":"#446303"},"geometry":{"type":"Point","coordinates":[21.889708,43.462761]}},{"type":"Feature","properties":{"lines":"32","arr":["32"],"mode":"bus","angle":59.8,"extra":1,"ei":12,"l0":"32","c0":"#446303"},"geometry":{"type":"Point","coordinates":[21.891092,43.461164]}},{"type":"Feature","properties":{"lines":"32","arr":["32"],"mode":"bus","angle":5.7,"extra":1,"ei":13,"l0":"32","c0":"#446303"},"geometry":{"type":"Point","coordinates":[21.892621,43.459751]}},{"type":"Feature","properties":{"lines":"32","arr":["32"],"mode":"bus","angle":37.6,"extra":1,"ei":14,"l0":"32","c0":"#446303"},"geometry":{"type":"Point","coordinates":[21.895023,43.459515]}},{"type":"Feature","properties":{"lines":"32","arr":["32"],"mode":"bus","angle":-60.6,"extra":1,"ei":15,"l0":"32","c0":"#446303"},"geometry":{"type":"Point","coordinates":[21.896943,43.459781]}},{"type":"Feature","properties":{"lines":"32","arr":["32"],"mode":"bus","angle":-19.8,"extra":1,"ei":16,"l0":"32","c0":"#446303"},"geometry":{"type":"Point","coordinates":[21.898178,43.461433]}},{"type":"Feature","properties":{"lines":"32","arr":["32"],"mode":"bus","angle":66.1,"extra":1,"ei":17,"l0":"32","c0":"#446303"},"geometry":{"type":"Point","coordinates":[21.901121,43.459573]}},{"type":"Feature","properties":{"lines":"32","arr":["32"],"mode":"bus","angle":34.4,"extra":1,"ei":18,"l0":"32","c0":"#446303"},"geometry":{"type":"Point","coordinates":[21.902482,43.458033]}},{"type":"Feature","properties":{"lines":"32","arr":["32"],"mode":"bus","angle":-1.3,"extra":1,"ei":19,"l0":"32","c0":"#446303"},"geometry":{"type":"Point","coordinates":[21.905001,43.457888]}},{"type":"Feature","properties":{"lines":"32","arr":["32"],"mode":"bus","angle":18.9,"extra":1,"ei":20,"l0":"32","c0":"#446303"},"geometry":{"type":"Point","coordinates":[21.907488,43.457832]}},{"type":"Feature","properties":{"lines":"32A","arr":["32A"],"mode":"bus","angle":-64.3,"side":-1,"l0":"32A","c0":"#a72d06"},"geometry":{"type":"Point","coordinates":[21.850778,43.428024]}},{"type":"Feature","properties":{"lines":"33","arr":["33"],"mode":"bus","angle":-7.6,"mi":1,"l0":"33","c0":"#b11526"},"geometry":{"type":"Point","coordinates":[21.746656,43.372714]}},{"type":"Feature","properties":{"lines":"33, 33P","arr":["33","33P"],"mode":"bus","angle":-47.2,"l0":"33, ","c0":"#b11526","l1":"33P","c1":"#5a5d02"},"geometry":{"type":"Point","coordinates":[21.755819,43.375791]}},{"type":"Feature","properties":{"lines":"33, 33P","arr":["33","33P"],"mode":"bus","angle":-32.7,"extra":1,"ei":0,"l0":"33, ","c0":"#b11526","l1":"33P","c1":"#5a5d02"},"geometry":{"type":"Point","coordinates":[21.750141,43.372868]}},{"type":"Feature","properties":{"lines":"33, 33P","arr":["33","33P"],"mode":"bus","angle":-26.6,"extra":1,"ei":1,"l0":"33, ","c0":"#b11526","l1":"33P","c1":"#5a5d02"},"geometry":{"type":"Point","coordinates":[21.751806,43.374255]}},{"type":"Feature","properties":{"lines":"33, 33P","arr":["33","33P"],"mode":"bus","angle":-27.6,"extra":1,"ei":2,"l0":"33, ","c0":"#b11526","l1":"33P","c1":"#5a5d02"},"geometry":{"type":"Point","coordinates":[21.754046,43.375181]}},{"type":"Feature","properties":{"lines":"33, 33P","arr":["33","33P"],"mode":"bus","angle":-35.6,"extra":1,"ei":3,"l0":"33, ","c0":"#b11526","l1":"33P","c1":"#5a5d02"},"geometry":{"type":"Point","coordinates":[21.758434,43.377077]}},{"type":"Feature","properties":{"lines":"33, 33P","arr":["33","33P"],"mode":"bus","angle":8,"extra":1,"ei":4,"l0":"33, ","c0":"#b11526","l1":"33P","c1":"#5a5d02"},"geometry":{"type":"Point","coordinates":[21.760835,43.377689]}},{"type":"Feature","properties":{"lines":"33, 33P","arr":["33","33P"],"mode":"bus","angle":-20.6,"extra":1,"ei":5,"l0":"33, ","c0":"#b11526","l1":"33P","c1":"#5a5d02"},"geometry":{"type":"Point","coordinates":[21.763291,43.377534]}},{"type":"Feature","properties":{"lines":"33P","arr":["33P"],"mode":"bus","angle":10.4,"l0":"33P","c0":"#5a5d02"},"geometry":{"type":"Point","coordinates":[21.748588,43.372657]}},{"type":"Feature","properties":{"lines":"33","arr":["33"],"mode":"bus","angle":-66,"l0":"33","c0":"#b11526"},"geometry":{"type":"Point","coordinates":[21.746088,43.369249]}},{"type":"Feature","properties":{"lines":"33","arr":["33"],"mode":"bus","angle":-36.6,"extra":1,"ei":0,"l0":"33","c0":"#b11526"},"geometry":{"type":"Point","coordinates":[21.743766,43.367346]}},{"type":"Feature","properties":{"lines":"33","arr":["33"],"mode":"bus","angle":81.4,"extra":1,"ei":1,"l0":"33","c0":"#b11526"},"geometry":{"type":"Point","coordinates":[21.746512,43.370395]}},{"type":"Feature","properties":{"lines":"33","arr":["33"],"mode":"bus","angle":40.4,"extra":1,"ei":2,"l0":"33","c0":"#b11526"},"geometry":{"type":"Point","coordinates":[21.745716,43.372124]}},{"type":"Feature","properties":{"lines":"33","arr":["33"],"mode":"bus","angle":25.7,"l0":"33","c0":"#b11526"},"geometry":{"type":"Point","coordinates":[21.747749,43.357911]}},{"type":"Feature","properties":{"lines":"33","arr":["33"],"mode":"bus","angle":-60.6,"extra":1,"ei":0,"l0":"33","c0":"#b11526"},"geometry":{"type":"Point","coordinates":[21.742011,43.365991]}},{"type":"Feature","properties":{"lines":"33","arr":["33"],"mode":"bus","angle":-81.2,"extra":1,"ei":1,"l0":"33","c0":"#b11526"},"geometry":{"type":"Point","coordinates":[21.741281,43.364188]}},{"type":"Feature","properties":{"lines":"33","arr":["33"],"mode":"bus","angle":85.4,"extra":1,"ei":2,"l0":"33","c0":"#b11526"},"geometry":{"type":"Point","coordinates":[21.741011,43.362318]}},{"type":"Feature","properties":{"lines":"33","arr":["33"],"mode":"bus","angle":50.6,"extra":1,"ei":3,"l0":"33","c0":"#b11526"},"geometry":{"type":"Point","coordinates":[21.740805,43.360539]}},{"type":"Feature","properties":{"lines":"33","arr":["33"],"mode":"bus","angle":13.6,"extra":1,"ei":4,"l0":"33","c0":"#b11526"},"geometry":{"type":"Point","coordinates":[21.742921,43.359502]}},{"type":"Feature","properties":{"lines":"33","arr":["33"],"mode":"bus","angle":25.8,"extra":1,"ei":5,"l0":"33","c0":"#b11526"},"geometry":{"type":"Point","coordinates":[21.745359,43.358871]}},{"type":"Feature","properties":{"lines":"33","arr":["33"],"mode":"bus","angle":21,"extra":1,"ei":6,"l0":"33","c0":"#b11526"},"geometry":{"type":"Point","coordinates":[21.749992,43.357182]}},{"type":"Feature","properties":{"lines":"33","arr":["33"],"mode":"bus","angle":17.1,"extra":1,"ei":7,"l0":"33","c0":"#b11526"},"geometry":{"type":"Point","coordinates":[21.752471,43.356633]}},{"type":"Feature","properties":{"lines":"33","arr":["33"],"mode":"bus","angle":40.5,"extra":1,"ei":8,"l0":"33","c0":"#b11526"},"geometry":{"type":"Point","coordinates":[21.754893,43.356033]}},{"type":"Feature","properties":{"lines":"33","arr":["33"],"mode":"bus","angle":43.5,"extra":1,"ei":9,"l0":"33","c0":"#b11526"},"geometry":{"type":"Point","coordinates":[21.756768,43.354728]}},{"type":"Feature","properties":{"lines":"33","arr":["33"],"mode":"bus","angle":31,"extra":1,"ei":10,"l0":"33","c0":"#b11526"},"geometry":{"type":"Point","coordinates":[21.758835,43.353613]}},{"type":"Feature","properties":{"lines":"33","arr":["33"],"mode":"bus","angle":64,"extra":1,"ei":11,"l0":"33","c0":"#b11526"},"geometry":{"type":"Point","coordinates":[21.760396,43.352153]}},{"type":"Feature","properties":{"lines":"33, 33P","arr":["33","33P"],"mode":"bus","angle":82.6,"l0":"33, ","c0":"#b11526","l1":"33P","c1":"#5a5d02"},"geometry":{"type":"Point","coordinates":[21.762584,43.36185]}},{"type":"Feature","properties":{"lines":"33, 33P","arr":["33","33P"],"mode":"bus","angle":67,"extra":1,"ei":0,"l0":"33, ","c0":"#b11526","l1":"33P","c1":"#5a5d02"},"geometry":{"type":"Point","coordinates":[21.763993,43.347496]}},{"type":"Feature","properties":{"lines":"33, 33P","arr":["33","33P"],"mode":"bus","angle":67,"extra":1,"ei":1,"l0":"33, ","c0":"#b11526","l1":"33P","c1":"#5a5d02"},"geometry":{"type":"Point","coordinates":[21.762977,43.349234]}},{"type":"Feature","properties":{"lines":"33, 33P","arr":["33","33P"],"mode":"bus","angle":61.4,"extra":1,"ei":2,"l0":"33, ","c0":"#b11526","l1":"33P","c1":"#5a5d02"},"geometry":{"type":"Point","coordinates":[21.761893,43.350947]}},{"type":"Feature","properties":{"lines":"33, 33P","arr":["33","33P"],"mode":"bus","angle":-65,"extra":1,"ei":3,"l0":"33, ","c0":"#b11526","l1":"33P","c1":"#5a5d02"},"geometry":{"type":"Point","coordinates":[21.762174,43.352698]}},{"type":"Feature","properties":{"lines":"33, 33P","arr":["33","33P"],"mode":"bus","angle":-65,"extra":1,"ei":4,"l0":"33, ","c0":"#b11526","l1":"33P","c1":"#5a5d02"},"geometry":{"type":"Point","coordinates":[21.763272,43.354409]}},{"type":"Feature","properties":{"lines":"33, 33P","arr":["33","33P"],"mode":"bus","angle":-81.6,"extra":1,"ei":5,"l0":"33, ","c0":"#b11526","l1":"33P","c1":"#5a5d02"},"geometry":{"type":"Point","coordinates":[21.76407,43.356199]}},{"type":"Feature","properties":{"lines":"33, 33P","arr":["33","33P"],"mode":"bus","angle":74.1,"extra":1,"ei":6,"l0":"33, ","c0":"#b11526","l1":"33P","c1":"#5a5d02"},"geometry":{"type":"Point","coordinates":[21.763923,43.358047]}},{"type":"Feature","properties":{"lines":"33, 33P","arr":["33","33P"],"mode":"bus","angle":74.1,"extra":1,"ei":7,"l0":"33, ","c0":"#b11526","l1":"33P","c1":"#5a5d02"},"geometry":{"type":"Point","coordinates":[21.763213,43.359864]}},{"type":"Feature","properties":{"lines":"33, 33P","arr":["33","33P"],"mode":"bus","angle":87.5,"extra":1,"ei":8,"l0":"33, ","c0":"#b11526","l1":"33P","c1":"#5a5d02"},"geometry":{"type":"Point","coordinates":[21.762418,43.363582]}},{"type":"Feature","properties":{"lines":"33, 33P","arr":["33","33P"],"mode":"bus","angle":-89.1,"extra":1,"ei":9,"l0":"33, ","c0":"#b11526","l1":"33P","c1":"#5a5d02"},"geometry":{"type":"Point","coordinates":[21.762411,43.36547]}},{"type":"Feature","properties":{"lines":"33, 33P","arr":["33","33P"],"mode":"bus","angle":-81.6,"extra":1,"ei":10,"l0":"33, ","c0":"#b11526","l1":"33P","c1":"#5a5d02"},"geometry":{"type":"Point","coordinates":[21.762525,43.367355]}},{"type":"Feature","properties":{"lines":"33, 33P","arr":["33","33P"],"mode":"bus","angle":-68.2,"extra":1,"ei":11,"l0":"33, ","c0":"#b11526","l1":"33P","c1":"#5a5d02"},"geometry":{"type":"Point","coordinates":[21.763089,43.369193]}},{"type":"Feature","properties":{"lines":"33, 33P","arr":["33","33P"],"mode":"bus","angle":-68.5,"extra":1,"ei":12,"l0":"33, ","c0":"#b11526","l1":"33P","c1":"#5a5d02"},"geometry":{"type":"Point","coordinates":[21.764266,43.370869]}},{"type":"Feature","properties":{"lines":"33, 33P","arr":["33","33P"],"mode":"bus","angle":84.2,"extra":1,"ei":13,"l0":"33, ","c0":"#b11526","l1":"33P","c1":"#5a5d02"},"geometry":{"type":"Point","coordinates":[21.764506,43.372734]}},{"type":"Feature","properties":{"lines":"33, 33P","arr":["33","33P"],"mode":"bus","angle":-83.1,"extra":1,"ei":14,"l0":"33, ","c0":"#b11526","l1":"33P","c1":"#5a5d02"},"geometry":{"type":"Point","coordinates":[21.763798,43.374454]}},{"type":"Feature","properties":{"lines":"33, 33P","arr":["33","33P"],"mode":"bus","angle":87.1,"extra":1,"ei":15,"l0":"33, ","c0":"#b11526","l1":"33P","c1":"#5a5d02"},"geometry":{"type":"Point","coordinates":[21.763644,43.376337]}},{"type":"Feature","properties":{"lines":"33, 33P","arr":["33","33P"],"mode":"bus","angle":63.3,"l0":"33, ","c0":"#b11526","l1":"33P","c1":"#5a5d02"},"geometry":{"type":"Point","coordinates":[21.768699,43.335687]}},{"type":"Feature","properties":{"lines":"33, 33P","arr":["33","33P"],"mode":"bus","angle":66.5,"l0":"33, ","c0":"#b11526","l1":"33P","c1":"#5a5d02"},"geometry":{"type":"Point","coordinates":[21.765241,43.345388]}},{"type":"Feature","properties":{"lines":"33, 33P","arr":["33","33P"],"mode":"bus","angle":70.4,"extra":1,"ei":0,"l0":"33, ","c0":"#b11526","l1":"33P","c1":"#5a5d02"},"geometry":{"type":"Point","coordinates":[21.775593,43.330408]}},{"type":"Feature","properties":{"lines":"33, 33P","arr":["33","33P"],"mode":"bus","angle":51.9,"extra":1,"ei":1,"l0":"33, ","c0":"#b11526","l1":"33P","c1":"#5a5d02"},"geometry":{"type":"Point","coordinates":[21.774431,43.332091]}},{"type":"Feature","properties":{"lines":"33, 33P","arr":["33","33P"],"mode":"bus","angle":22.8,"extra":1,"ei":2,"l0":"33, ","c0":"#b11526","l1":"33P","c1":"#5a5d02"},"geometry":{"type":"Point","coordinates":[21.772784,43.333501]}},{"type":"Feature","properties":{"lines":"33, 33P","arr":["33","33P"],"mode":"bus","angle":20,"extra":1,"ei":3,"l0":"33, ","c0":"#b11526","l1":"33P","c1":"#5a5d02"},"geometry":{"type":"Point","coordinates":[21.770345,43.334147]}},{"type":"Feature","properties":{"lines":"33, 33P","arr":["33","33P"],"mode":"bus","angle":73.7,"extra":1,"ei":4,"l0":"33, ","c0":"#b11526","l1":"33P","c1":"#5a5d02"},"geometry":{"type":"Point","coordinates":[21.767828,43.337226]}},{"type":"Feature","properties":{"lines":"33, 33P","arr":["33","33P"],"mode":"bus","angle":80.7,"extra":1,"ei":5,"l0":"33, ","c0":"#b11526","l1":"33P","c1":"#5a5d02"},"geometry":{"type":"Point","coordinates":[21.767323,43.33906]}},{"type":"Feature","properties":{"lines":"33, 33P","arr":["33","33P"],"mode":"bus","angle":88.1,"extra":1,"ei":6,"l0":"33, ","c0":"#b11526","l1":"33P","c1":"#5a5d02"},"geometry":{"type":"Point","coordinates":[21.766691,43.340866]}},{"type":"Feature","properties":{"lines":"33, 33P","arr":["33","33P"],"mode":"bus","angle":72.2,"extra":1,"ei":7,"l0":"33, ","c0":"#b11526","l1":"33P","c1":"#5a5d02"},"geometry":{"type":"Point","coordinates":[21.766004,43.342666]}},{"type":"Feature","properties":{"lines":"33, 33P, 36","arr":["33","33P","36"],"mode":"bus","angle":-84.6,"mi":1,"l0":"33, ","c0":"#b11526","l1":"33P, ","c1":"#5a5d02","l2":"36","c2":"#095d97"},"geometry":{"type":"Point","coordinates":[21.776253,43.328568]}},{"type":"Feature","properties":{"lines":"33, 33P, 36","arr":["33","33P","36"],"mode":"bus","angle":57,"l0":"33, ","c0":"#b11526","l1":"33P, ","c1":"#5a5d02","l2":"36","c2":"#095d97"},"geometry":{"type":"Point","coordinates":[21.779222,43.322599]}},{"type":"Feature","properties":{"lines":"33, 33P, 36","arr":["33","33P","36"],"mode":"bus","angle":43.4,"extra":1,"ei":0,"l0":"33, ","c0":"#b11526","l1":"33P, ","c1":"#5a5d02","l2":"36","c2":"#095d97"},"geometry":{"type":"Point","coordinates":[21.78147,43.318376]}},{"type":"Feature","properties":{"lines":"33, 33P, 36","arr":["33","33P","36"],"mode":"bus","angle":86.2,"extra":1,"ei":1,"l0":"33, ","c0":"#b11526","l1":"33P, ","c1":"#5a5d02","l2":"36","c2":"#095d97"},"geometry":{"type":"Point","coordinates":[21.78041,43.320001]}},{"type":"Feature","properties":{"lines":"33, 33P, 36","arr":["33","33P","36"],"mode":"bus","angle":55.1,"extra":1,"ei":2,"l0":"33, ","c0":"#b11526","l1":"33P, ","c1":"#5a5d02","l2":"36","c2":"#095d97"},"geometry":{"type":"Point","coordinates":[21.777418,43.325168]}},{"type":"Feature","properties":{"lines":"33, 33P, 36","arr":["33","33P","36"],"mode":"bus","angle":67.8,"extra":1,"ei":3,"l0":"33, ","c0":"#b11526","l1":"33P, ","c1":"#5a5d02","l2":"36","c2":"#095d97"},"geometry":{"type":"Point","coordinates":[21.77637,43.326883]}},{"type":"Feature","properties":{"lines":"33, 33P, 36","arr":["33","33P","36"],"mode":"bus","angle":75.6,"mi":2,"l0":"33, ","c0":"#b11526","l1":"33P, ","c1":"#5a5d02","l2":"36","c2":"#095d97"},"geometry":{"type":"Point","coordinates":[21.783465,43.315065]}},{"type":"Feature","properties":{"lines":"33, 33P, 36","arr":["33","33P","36"],"mode":"bus","angle":72.7,"extra":1,"ei":0,"l0":"33, ","c0":"#b11526","l1":"33P, ","c1":"#5a5d02","l2":"36","c2":"#095d97"},"geometry":{"type":"Point","coordinates":[21.782911,43.316846]}},{"type":"Feature","properties":{"lines":"33, 33P, 36","arr":["33","33P","36"],"mode":"bus","angle":75.1,"extra":1,"ei":1,"l0":"33, ","c0":"#b11526","l1":"33P, ","c1":"#5a5d02","l2":"36","c2":"#095d97"},"geometry":{"type":"Point","coordinates":[21.784132,43.313177]}},{"type":"Feature","properties":{"lines":"33, 33P, 36, 36A","arr":["33","33P","36","36A"],"mode":"bus","angle":-6.7,"l0":"33, ","c0":"#b11526","l1":"33P, ","c1":"#5a5d02","l2":"36, ","c2":"#095d97","l3":"36A","c3":"#be4bb5"},"geometry":{"type":"Point","coordinates":[21.78481,43.312419]}},{"type":"Feature","properties":{"lines":"33, 33P, 36, 36A","arr":["33","33P","36","36A"],"mode":"bus","angle":-5,"mi":1,"l0":"33, ","c0":"#b11526","l1":"33P, ","c1":"#5a5d02","l2":"36, ","c2":"#095d97","l3":"36A","c3":"#be4bb5"},"geometry":{"type":"Point","coordinates":[21.786158,43.312512]}},{"type":"Feature","properties":{"lines":"33P","arr":["33P"],"mode":"bus","angle":76.7,"mi":1,"l0":"33P","c0":"#5a5d02"},"geometry":{"type":"Point","coordinates":[21.763351,43.379624]}},{"type":"Feature","properties":{"lines":"33P","arr":["33P"],"mode":"bus","angle":-65.7,"l0":"33P","c0":"#5a5d02"},"geometry":{"type":"Point","coordinates":[21.763968,43.384729]}},{"type":"Feature","properties":{"lines":"33P","arr":["33P"],"mode":"bus","angle":-83.9,"extra":1,"ei":0,"l0":"33P","c0":"#5a5d02"},"geometry":{"type":"Point","coordinates":[21.762847,43.382612]}},{"type":"Feature","properties":{"lines":"33P","arr":["33P"],"mode":"bus","angle":-78.6,"extra":1,"ei":1,"l0":"33P","c0":"#5a5d02"},"geometry":{"type":"Point","coordinates":[21.764742,43.386112]}},{"type":"Feature","properties":{"lines":"39","arr":["39"],"mode":"bus","angle":-79.9,"mi":2,"l0":"39","c0":"#ab0377"},"geometry":{"type":"Point","coordinates":[21.764858,43.39188]}},{"type":"Feature","properties":{"lines":"39","arr":["39"],"mode":"bus","angle":76.3,"extra":1,"ei":0,"l0":"39","c0":"#ab0377"},"geometry":{"type":"Point","coordinates":[21.765619,43.388626]}},{"type":"Feature","properties":{"lines":"39","arr":["39"],"mode":"bus","angle":85.8,"extra":1,"ei":1,"l0":"39","c0":"#ab0377"},"geometry":{"type":"Point","coordinates":[21.764881,43.390426]}},{"type":"Feature","properties":{"lines":"39","arr":["39"],"mode":"bus","angle":71.6,"extra":1,"ei":2,"l0":"39","c0":"#ab0377"},"geometry":{"type":"Point","coordinates":[21.764566,43.394093]}},{"type":"Feature","properties":{"lines":"39","arr":["39"],"mode":"bus","angle":72.6,"extra":1,"ei":3,"l0":"39","c0":"#ab0377"},"geometry":{"type":"Point","coordinates":[21.763677,43.395865]}},{"type":"Feature","properties":{"lines":"33P, 39","arr":["33P","39"],"mode":"bus","angle":33.9,"l0":"33P, ","c0":"#5a5d02","l1":"39","c1":"#ab0377"},"geometry":{"type":"Point","coordinates":[21.762717,43.389134]}},{"type":"Feature","properties":{"lines":"33P, 39","arr":["33P","39"],"mode":"bus","angle":6.9,"extra":1,"ei":0,"l0":"33P, ","c0":"#5a5d02","l1":"39","c1":"#ab0377"},"geometry":{"type":"Point","coordinates":[21.764115,43.387969]}},{"type":"Feature","properties":{"lines":"33P, 39","arr":["33P","39"],"mode":"bus","angle":89.1,"extra":1,"ei":1,"l0":"33P, ","c0":"#5a5d02","l1":"39","c1":"#ab0377"},"geometry":{"type":"Point","coordinates":[21.76148,43.390123]}},{"type":"Feature","properties":{"lines":"34A, 34B","arr":["34A","34B"],"mode":"bus","angle":30.4,"mi":3,"l0":"34A, ","c0":"#07ad80","l1":"34B","c1":"#e47e2b"},"geometry":{"type":"Point","coordinates":[21.865233,43.338344]}},{"type":"Feature","properties":{"lines":"34A, 34B","arr":["34A","34B"],"mode":"bus","angle":59.9,"l0":"34A, ","c0":"#07ad80","l1":"34B","c1":"#e47e2b"},"geometry":{"type":"Point","coordinates":[21.863783,43.339537]}},{"type":"Feature","properties":{"lines":"34A, 34B","arr":["34A","34B"],"mode":"bus","angle":-67.4,"mi":4,"l0":"34A, ","c0":"#07ad80","l1":"34B","c1":"#e47e2b"},"geometry":{"type":"Point","coordinates":[21.860234,43.340391]}},{"type":"Feature","properties":{"lines":"34A, 34B","arr":["34A","34B"],"mode":"bus","angle":30.6,"extra":1,"ei":0,"l0":"34A, ","c0":"#07ad80","l1":"34B","c1":"#e47e2b"},"geometry":{"type":"Point","coordinates":[21.862116,43.3401]}},{"type":"Feature","properties":{"lines":"34A, 34B","arr":["34A","34B"],"mode":"bus","angle":67.4,"l0":"34A, ","c0":"#07ad80","l1":"34B","c1":"#e47e2b"},"geometry":{"type":"Point","coordinates":[21.877042,43.313916]}},{"type":"Feature","properties":{"lines":"34A, 34B","arr":["34A","34B"],"mode":"bus","angle":42,"mi":1,"l0":"34A, ","c0":"#07ad80","l1":"34B","c1":"#e47e2b"},"geometry":{"type":"Point","coordinates":[21.886164,43.31421]}},{"type":"Feature","properties":{"lines":"34A, 34B","arr":["34A","34B"],"mode":"bus","angle":40.4,"extra":1,"ei":0,"l0":"34A, ","c0":"#07ad80","l1":"34B","c1":"#e47e2b"},"geometry":{"type":"Point","coordinates":[21.887446,43.313399]}},{"type":"Feature","properties":{"lines":"34A","arr":["34A"],"mode":"bus","angle":64.9,"l0":"34A","c0":"#07ad80"},"geometry":{"type":"Point","coordinates":[21.926266,43.323844]}},{"type":"Feature","properties":{"lines":"34A, 34B","arr":["34A","34B"],"mode":"bus","angle":88,"l0":"34A, ","c0":"#07ad80","l1":"34B","c1":"#e47e2b"},"geometry":{"type":"Point","coordinates":[21.925277,43.32707]}},{"type":"Feature","properties":{"lines":"34A, 34B","arr":["34A","34B"],"mode":"bus","angle":80.1,"extra":1,"ei":0,"l0":"34A, ","c0":"#07ad80","l1":"34B","c1":"#e47e2b"},"geometry":{"type":"Point","coordinates":[21.925453,43.325603]}},{"type":"Feature","properties":{"lines":"34A, 34B","arr":["34A","34B"],"mode":"bus","angle":88.3,"extra":1,"ei":1,"l0":"34A, ","c0":"#07ad80","l1":"34B","c1":"#e47e2b"},"geometry":{"type":"Point","coordinates":[21.925165,43.329372]}},{"type":"Feature","properties":{"lines":"34A","arr":["34A"],"mode":"bus","angle":33.4,"l0":"34A","c0":"#07ad80"},"geometry":{"type":"Point","coordinates":[21.89959,43.328398]}},{"type":"Feature","properties":{"lines":"34A","arr":["34A"],"mode":"bus","angle":17.2,"extra":1,"ei":0,"l0":"34A","c0":"#07ad80"},"geometry":{"type":"Point","coordinates":[21.901581,43.327851]}},{"type":"Feature","properties":{"lines":"34A","arr":["34A"],"mode":"bus","angle":50.7,"extra":1,"ei":1,"l0":"34A","c0":"#07ad80"},"geometry":{"type":"Point","coordinates":[21.897543,43.330035]}},{"type":"Feature","properties":{"lines":"35","arr":["35"],"mode":"bus","angle":63.5,"l0":"35","c0":"#79a620"},"geometry":{"type":"Point","coordinates":[21.837851,43.294635]}},{"type":"Feature","properties":{"lines":"35","arr":["35"],"mode":"bus","angle":-66.5,"extra":1,"ei":0,"l0":"35","c0":"#79a620"},"geometry":{"type":"Point","coordinates":[21.840457,43.301284]}},{"type":"Feature","properties":{"lines":"35","arr":["35"],"mode":"bus","angle":-66.2,"extra":1,"ei":1,"l0":"35","c0":"#79a620"},"geometry":{"type":"Point","coordinates":[21.839375,43.299568]}},{"type":"Feature","properties":{"lines":"35","arr":["35"],"mode":"bus","angle":-70.8,"extra":1,"ei":2,"l0":"35","c0":"#79a620"},"geometry":{"type":"Point","coordinates":[21.838326,43.29784]}},{"type":"Feature","properties":{"lines":"35","arr":["35"],"mode":"bus","angle":-84.1,"extra":1,"ei":3,"l0":"35","c0":"#79a620"},"geometry":{"type":"Point","coordinates":[21.838316,43.295995]}},{"type":"Feature","properties":{"lines":"35","arr":["35"],"mode":"bus","angle":57.1,"extra":1,"ei":4,"l0":"35","c0":"#79a620"},"geometry":{"type":"Point","coordinates":[21.839111,43.293098]}},{"type":"Feature","properties":{"lines":"35","arr":["35"],"mode":"bus","angle":63,"extra":1,"ei":5,"l0":"35","c0":"#79a620"},"geometry":{"type":"Point","coordinates":[21.840611,43.291569]}},{"type":"Feature","properties":{"lines":"35","arr":["35"],"mode":"bus","angle":65.1,"extra":1,"ei":6,"l0":"35","c0":"#79a620"},"geometry":{"type":"Point","coordinates":[21.841732,43.289889]}},{"type":"Feature","properties":{"lines":"35","arr":["35"],"mode":"bus","angle":48.5,"extra":1,"ei":7,"l0":"35","c0":"#79a620"},"geometry":{"type":"Point","coordinates":[21.842858,43.288239]}},{"type":"Feature","properties":{"lines":"35","arr":["35"],"mode":"bus","angle":86.2,"mi":2,"l0":"35","c0":"#79a620"},"geometry":{"type":"Point","coordinates":[21.844866,43.286523]}},{"type":"Feature","properties":{"lines":"35","arr":["35"],"mode":"bus","angle":-12.5,"mi":3,"l0":"35","c0":"#79a620"},"geometry":{"type":"Point","coordinates":[21.842719,43.276482]}},{"type":"Feature","properties":{"lines":"35","arr":["35"],"mode":"bus","angle":-72.5,"mi":1,"l0":"35","c0":"#79a620"},"geometry":{"type":"Point","coordinates":[21.841675,43.281329]}},{"type":"Feature","properties":{"lines":"35","arr":["35"],"mode":"bus","angle":-75.2,"extra":1,"ei":0,"l0":"35","c0":"#79a620"},"geometry":{"type":"Point","coordinates":[21.843523,43.284707]}},{"type":"Feature","properties":{"lines":"35","arr":["35"],"mode":"bus","angle":-64.1,"extra":1,"ei":1,"l0":"35","c0":"#79a620"},"geometry":{"type":"Point","coordinates":[21.84254,43.28297]}},{"type":"Feature","properties":{"lines":"35","arr":["35"],"mode":"bus","angle":-63.4,"extra":1,"ei":2,"l0":"35","c0":"#79a620"},"geometry":{"type":"Point","coordinates":[21.841312,43.279383]}},{"type":"Feature","properties":{"lines":"35","arr":["35"],"mode":"bus","angle":-58.7,"extra":1,"ei":3,"l0":"35","c0":"#79a620"},"geometry":{"type":"Point","coordinates":[21.839952,43.277786]}},{"type":"Feature","properties":{"lines":"35","arr":["35"],"mode":"bus","angle":39.3,"mi":4,"l0":"35","c0":"#79a620"},"geometry":{"type":"Point","coordinates":[21.84113,43.276761]}},{"type":"Feature","properties":{"lines":"35","arr":["35"],"mode":"bus","angle":-50.2,"l0":"35","c0":"#79a620"},"geometry":{"type":"Point","coordinates":[21.845269,43.280135]}},{"type":"Feature","properties":{"lines":"35","arr":["35"],"mode":"bus","angle":-62.7,"extra":1,"ei":0,"l0":"35","c0":"#79a620"},"geometry":{"type":"Point","coordinates":[21.843453,43.2774]}},{"type":"Feature","properties":{"lines":"35","arr":["35"],"mode":"bus","angle":-63.9,"extra":1,"ei":1,"l0":"35","c0":"#79a620"},"geometry":{"type":"Point","coordinates":[21.844406,43.279121]}},{"type":"Feature","properties":{"lines":"35","arr":["35"],"mode":"bus","angle":-17.3,"extra":1,"ei":2,"l0":"35","c0":"#79a620"},"geometry":{"type":"Point","coordinates":[21.848349,43.281158]}},{"type":"Feature","properties":{"lines":"35","arr":["35"],"mode":"bus","angle":-58.2,"l0":"35","c0":"#79a620"},"geometry":{"type":"Point","coordinates":[21.860951,43.300296]}},{"type":"Feature","properties":{"lines":"35","arr":["35"],"mode":"bus","angle":-59.1,"mi":5,"l0":"35","c0":"#79a620"},"geometry":{"type":"Point","coordinates":[21.854347,43.287492]}},{"type":"Feature","properties":{"lines":"35","arr":["35"],"mode":"bus","angle":-55.5,"extra":1,"ei":0,"l0":"35","c0":"#79a620"},"geometry":{"type":"Point","coordinates":[21.850494,43.282903]}},{"type":"Feature","properties":{"lines":"35","arr":["35"],"mode":"bus","angle":-64.4,"extra":1,"ei":1,"l0":"35","c0":"#79a620"},"geometry":{"type":"Point","coordinates":[21.851876,43.284481]}},{"type":"Feature","properties":{"lines":"35","arr":["35"],"mode":"bus","angle":-57.6,"extra":1,"ei":2,"l0":"35","c0":"#79a620"},"geometry":{"type":"Point","coordinates":[21.853167,43.286117]}},{"type":"Feature","properties":{"lines":"35","arr":["35"],"mode":"bus","angle":-62.9,"extra":1,"ei":3,"l0":"35","c0":"#79a620"},"geometry":{"type":"Point","coordinates":[21.855923,43.289306]}},{"type":"Feature","properties":{"lines":"35","arr":["35"],"mode":"bus","angle":-59.2,"extra":1,"ei":4,"l0":"35","c0":"#79a620"},"geometry":{"type":"Point","coordinates":[21.85675,43.291065]}},{"type":"Feature","properties":{"lines":"35","arr":["35"],"mode":"bus","angle":84.8,"extra":1,"ei":5,"l0":"35","c0":"#79a620"},"geometry":{"type":"Point","coordinates":[21.857918,43.292633]}},{"type":"Feature","properties":{"lines":"35","arr":["35"],"mode":"bus","angle":78.9,"extra":1,"ei":0,"l0":"35","c0":"#79a620"},"geometry":{"type":"Point","coordinates":[21.858313,43.293916]}},{"type":"Feature","properties":{"lines":"35","arr":["35"],"mode":"bus","angle":-78.4,"extra":1,"ei":1,"l0":"35","c0":"#79a620"},"geometry":{"type":"Point","coordinates":[21.858371,43.29577]}},{"type":"Feature","properties":{"lines":"35","arr":["35"],"mode":"bus","angle":-72.4,"extra":1,"ei":2,"l0":"35","c0":"#79a620"},"geometry":{"type":"Point","coordinates":[21.858888,43.297614]}},{"type":"Feature","properties":{"lines":"35","arr":["35"],"mode":"bus","angle":-59,"extra":1,"ei":3,"l0":"35","c0":"#79a620"},"geometry":{"type":"Point","coordinates":[21.860088,43.299281]}},{"type":"Feature","properties":{"lines":"35","arr":["35"],"mode":"bus","angle":-53.4,"extra":1,"ei":4,"l0":"35","c0":"#79a620"},"geometry":{"type":"Point","coordinates":[21.862883,43.302462]}},{"type":"Feature","properties":{"lines":"35","arr":["35"],"mode":"bus","angle":-54,"extra":1,"ei":5,"l0":"35","c0":"#79a620"},"geometry":{"type":"Point","coordinates":[21.864429,43.303979]}},{"type":"Feature","properties":{"lines":"35","arr":["35"],"mode":"bus","angle":-44.6,"extra":1,"ei":6,"l0":"35","c0":"#79a620"},"geometry":{"type":"Point","coordinates":[21.865908,43.305527]}},{"type":"Feature","properties":{"lines":"36A","arr":["36A"],"mode":"bus","angle":-27.4,"l0":"36A","c0":"#be4bb5"},"geometry":{"type":"Point","coordinates":[21.771566,43.303887]}},{"type":"Feature","properties":{"lines":"36A","arr":["36A"],"mode":"bus","angle":-12.5,"extra":1,"ei":0,"l0":"36A","c0":"#be4bb5"},"geometry":{"type":"Point","coordinates":[21.783157,43.312274]}},{"type":"Feature","properties":{"lines":"36A","arr":["36A"],"mode":"bus","angle":-67.7,"extra":1,"ei":1,"l0":"36A","c0":"#be4bb5"},"geometry":{"type":"Point","coordinates":[21.781864,43.31075]}},{"type":"Feature","properties":{"lines":"36A","arr":["36A"],"mode":"bus","angle":-62,"extra":1,"ei":2,"l0":"36A","c0":"#be4bb5"},"geometry":{"type":"Point","coordinates":[21.780687,43.309068]}},{"type":"Feature","properties":{"lines":"36A","arr":["36A"],"mode":"bus","angle":-62.3,"extra":1,"ei":3,"l0":"36A","c0":"#be4bb5"},"geometry":{"type":"Point","coordinates":[21.779484,43.307395]}},{"type":"Feature","properties":{"lines":"36A","arr":["36A"],"mode":"bus","angle":-25.5,"extra":1,"ei":4,"l0":"36A","c0":"#be4bb5"},"geometry":{"type":"Point","coordinates":[21.777674,43.306126]}},{"type":"Feature","properties":{"lines":"36A","arr":["36A"],"mode":"bus","angle":-26.5,"extra":1,"ei":5,"l0":"36A","c0":"#be4bb5"},"geometry":{"type":"Point","coordinates":[21.77533,43.305317]}},{"type":"Feature","properties":{"lines":"36A","arr":["36A"],"mode":"bus","angle":-27.5,"extra":1,"ei":6,"l0":"36A","c0":"#be4bb5"},"geometry":{"type":"Point","coordinates":[21.773028,43.304445]}},{"type":"Feature","properties":{"lines":"36A","arr":["36A"],"mode":"bus","angle":-25.2,"extra":1,"ei":7,"l0":"36A","c0":"#be4bb5"},"geometry":{"type":"Point","coordinates":[21.76839,43.302751]}},{"type":"Feature","properties":{"lines":"36A","arr":["36A"],"mode":"bus","angle":-24.8,"extra":1,"ei":8,"l0":"36A","c0":"#be4bb5"},"geometry":{"type":"Point","coordinates":[21.766036,43.301957]}},{"type":"Feature","properties":{"lines":"36A","arr":["36A"],"mode":"bus","angle":-25.3,"extra":1,"ei":9,"l0":"36A","c0":"#be4bb5"},"geometry":{"type":"Point","coordinates":[21.763689,43.30115]}},{"type":"Feature","properties":{"lines":"36A","arr":["36A"],"mode":"bus","angle":-26.1,"extra":1,"ei":10,"l0":"36A","c0":"#be4bb5"},"geometry":{"type":"Point","coordinates":[21.76135,43.300332]}},{"type":"Feature","properties":{"lines":"36A","arr":["36A"],"mode":"bus","angle":-27.3,"extra":1,"ei":11,"l0":"36A","c0":"#be4bb5"},"geometry":{"type":"Point","coordinates":[21.759028,43.299489]}},{"type":"Feature","properties":{"lines":"36A","arr":["36A"],"mode":"bus","angle":-27.4,"extra":1,"ei":12,"l0":"36A","c0":"#be4bb5"},"geometry":{"type":"Point","coordinates":[21.75672,43.298627]}},{"type":"Feature","properties":{"lines":"36A","arr":["36A"],"mode":"bus","angle":55.1,"mi":4,"l0":"36A","c0":"#be4bb5"},"geometry":{"type":"Point","coordinates":[21.754765,43.298139]}},{"type":"Feature","properties":{"lines":"36A","arr":["36A"],"mode":"bus","angle":79.8,"mi":1,"l0":"36A","c0":"#be4bb5"},"geometry":{"type":"Point","coordinates":[21.753156,43.300108]}},{"type":"Feature","properties":{"lines":"36A","arr":["36A"],"mode":"bus","angle":59.8,"l0":"36A","c0":"#be4bb5"},"geometry":{"type":"Point","coordinates":[21.747752,43.30741]}},{"type":"Feature","properties":{"lines":"36A","arr":["36A"],"mode":"bus","angle":52,"extra":1,"ei":0,"l0":"36A","c0":"#be4bb5"},"geometry":{"type":"Point","coordinates":[21.751332,43.302775]}},{"type":"Feature","properties":{"lines":"36A","arr":["36A"],"mode":"bus","angle":60,"extra":1,"ei":1,"l0":"36A","c0":"#be4bb5"},"geometry":{"type":"Point","coordinates":[21.749915,43.304354]}},{"type":"Feature","properties":{"lines":"36A","arr":["36A"],"mode":"bus","angle":64.4,"extra":1,"ei":2,"l0":"36A","c0":"#be4bb5"},"geometry":{"type":"Point","coordinates":[21.748656,43.306005]}},{"type":"Feature","properties":{"lines":"36A","arr":["36A"],"mode":"bus","angle":52.1,"extra":1,"ei":3,"l0":"36A","c0":"#be4bb5"},"geometry":{"type":"Point","coordinates":[21.747274,43.309376]}},{"type":"Feature","properties":{"lines":"36A","arr":["36A"],"mode":"bus","angle":56.1,"extra":1,"ei":4,"l0":"36A","c0":"#be4bb5"},"geometry":{"type":"Point","coordinates":[21.745691,43.310872]}},{"type":"Feature","properties":{"lines":"36A","arr":["36A"],"mode":"bus","angle":57,"extra":1,"ei":5,"l0":"36A","c0":"#be4bb5"},"geometry":{"type":"Point","coordinates":[21.744252,43.312443]}},{"type":"Feature","properties":{"lines":"36A","arr":["36A"],"mode":"bus","angle":-5.9,"mi":2,"l0":"36A","c0":"#be4bb5"},"geometry":{"type":"Point","coordinates":[21.743626,43.312669]}},{"type":"Feature","properties":{"lines":"36A","arr":["36A"],"mode":"bus","angle":85.9,"mi":3,"l0":"36A","c0":"#be4bb5"},"geometry":{"type":"Point","coordinates":[21.743115,43.313016]}},{"type":"Feature","properties":{"lines":"37","arr":["37"],"mode":"bus","angle":57.9,"l0":"37","c0":"#126804"},"geometry":{"type":"Point","coordinates":[21.990278,43.276272]}},{"type":"Feature","properties":{"lines":"37","arr":["37"],"mode":"bus","angle":52.5,"l0":"37","c0":"#126804"},"geometry":{"type":"Point","coordinates":[21.994709,43.265146]}},{"type":"Feature","properties":{"lines":"37","arr":["37"],"mode":"bus","angle":41.9,"extra":1,"ei":0,"l0":"37","c0":"#126804"},"geometry":{"type":"Point","coordinates":[21.99274,43.266367]}},{"type":"Feature","properties":{"lines":"37","arr":["37"],"mode":"bus","angle":-63.8,"extra":1,"ei":1,"l0":"37","c0":"#126804"},"geometry":{"type":"Point","coordinates":[21.991676,43.267925]}},{"type":"Feature","properties":{"lines":"37","arr":["37"],"mode":"bus","angle":-60.1,"extra":1,"ei":2,"l0":"37","c0":"#126804"},"geometry":{"type":"Point","coordinates":[21.992532,43.269669]}},{"type":"Feature","properties":{"lines":"37","arr":["37"],"mode":"bus","angle":61,"extra":1,"ei":3,"l0":"37","c0":"#126804"},"geometry":{"type":"Point","coordinates":[21.992858,43.271381]}},{"type":"Feature","properties":{"lines":"37","arr":["37"],"mode":"bus","angle":73,"extra":1,"ei":4,"l0":"37","c0":"#126804"},"geometry":{"type":"Point","coordinates":[21.992307,43.273179]}},{"type":"Feature","properties":{"lines":"37","arr":["37"],"mode":"bus","angle":67.2,"extra":1,"ei":5,"l0":"37","c0":"#126804"},"geometry":{"type":"Point","coordinates":[21.991395,43.274947]}},{"type":"Feature","properties":{"lines":"37","arr":["37"],"mode":"bus","angle":87.5,"extra":1,"ei":6,"l0":"37","c0":"#126804"},"geometry":{"type":"Point","coordinates":[21.989481,43.278382]}},{"type":"Feature","properties":{"lines":"37","arr":["37"],"mode":"bus","angle":64.9,"extra":1,"ei":7,"l0":"37","c0":"#126804"},"geometry":{"type":"Point","coordinates":[21.989373,43.280242]}},{"type":"Feature","properties":{"lines":"37","arr":["37"],"mode":"bus","angle":78.9,"extra":1,"ei":8,"l0":"37","c0":"#126804"},"geometry":{"type":"Point","coordinates":[21.988577,43.282022]}},{"type":"Feature","properties":{"lines":"37","arr":["37"],"mode":"bus","angle":67.3,"extra":1,"ei":9,"l0":"37","c0":"#126804"},"geometry":{"type":"Point","coordinates":[21.987946,43.283849]}},{"type":"Feature","properties":{"lines":"37","arr":["37"],"mode":"bus","angle":44.5,"extra":1,"ei":10,"l0":"37","c0":"#126804"},"geometry":{"type":"Point","coordinates":[21.986396,43.285338]}},{"type":"Feature","properties":{"lines":"37","arr":["37"],"mode":"bus","angle":82.4,"extra":1,"ei":11,"l0":"37","c0":"#126804"},"geometry":{"type":"Point","coordinates":[21.985303,43.287017]}},{"type":"Feature","properties":{"lines":"37","arr":["37"],"mode":"bus","angle":76.3,"l0":"37","c0":"#126804"},"geometry":{"type":"Point","coordinates":[21.985517,43.294879]}},{"type":"Feature","properties":{"lines":"37","arr":["37"],"mode":"bus","angle":-85.8,"extra":1,"ei":0,"l0":"37","c0":"#126804"},"geometry":{"type":"Point","coordinates":[21.985285,43.288242]}},{"type":"Feature","properties":{"lines":"37","arr":["37"],"mode":"bus","angle":-60.8,"extra":1,"ei":1,"l0":"37","c0":"#126804"},"geometry":{"type":"Point","coordinates":[21.986086,43.290017]}},{"type":"Feature","properties":{"lines":"37","arr":["37"],"mode":"bus","angle":85.8,"extra":1,"ei":2,"l0":"37","c0":"#126804"},"geometry":{"type":"Point","coordinates":[21.986477,43.291853]}},{"type":"Feature","properties":{"lines":"37","arr":["37"],"mode":"bus","angle":76,"extra":1,"ei":3,"l0":"37","c0":"#126804"},"geometry":{"type":"Point","coordinates":[21.985926,43.293694]}},{"type":"Feature","properties":{"lines":"37","arr":["37"],"mode":"bus","angle":76,"extra":1,"ei":4,"l0":"37","c0":"#126804"},"geometry":{"type":"Point","coordinates":[21.984671,43.297359]}},{"type":"Feature","properties":{"lines":"37","arr":["37"],"mode":"bus","angle":75.8,"extra":1,"ei":5,"l0":"37","c0":"#126804"},"geometry":{"type":"Point","coordinates":[21.984033,43.29919]}},{"type":"Feature","properties":{"lines":"37","arr":["37"],"mode":"bus","angle":76.8,"extra":1,"ei":6,"l0":"37","c0":"#126804"},"geometry":{"type":"Point","coordinates":[21.983402,43.301022]}},{"type":"Feature","properties":{"lines":"39","arr":["39"],"mode":"bus","angle":-30.4,"mi":3,"l0":"39","c0":"#ab0377"},"geometry":{"type":"Point","coordinates":[21.778278,43.395683]}},{"type":"Feature","properties":{"lines":"39","arr":["39"],"mode":"bus","angle":16.6,"mi":1,"l0":"39","c0":"#ab0377"},"geometry":{"type":"Point","coordinates":[21.766713,43.396525]}},{"type":"Feature","properties":{"lines":"39","arr":["39"],"mode":"bus","angle":-9.8,"extra":1,"ei":0,"l0":"39","c0":"#ab0377"},"geometry":{"type":"Point","coordinates":[21.764858,43.396234]}},{"type":"Feature","properties":{"lines":"39","arr":["39"],"mode":"bus","angle":18.8,"extra":1,"ei":1,"l0":"39","c0":"#ab0377"},"geometry":{"type":"Point","coordinates":[21.769753,43.395772]}},{"type":"Feature","properties":{"lines":"39","arr":["39"],"mode":"bus","angle":-2.1,"extra":1,"ei":0,"l0":"39","c0":"#ab0377"},"geometry":{"type":"Point","coordinates":[21.772966,43.395191]}},{"type":"Feature","properties":{"lines":"39","arr":["39"],"mode":"bus","angle":-1.7,"extra":1,"ei":1,"l0":"39","c0":"#ab0377"},"geometry":{"type":"Point","coordinates":[21.775561,43.395242]}},{"type":"Feature","properties":{"lines":"39","arr":["39"],"mode":"bus","angle":-15.3,"extra":1,"ei":2,"l0":"39","c0":"#ab0377"},"geometry":{"type":"Point","coordinates":[21.780524,43.396134]}},{"type":"Feature","properties":{"lines":"39","arr":["39"],"mode":"bus","angle":-9.6,"extra":1,"ei":3,"l0":"39","c0":"#ab0377"},"geometry":{"type":"Point","coordinates":[21.783042,43.39656]}},{"type":"Feature","properties":{"lines":"39","arr":["39"],"mode":"bus","angle":18.4,"l0":"39","c0":"#ab0377"},"geometry":{"type":"Point","coordinates":[21.770755,43.39553]}},{"type":"Feature","properties":{"lines":"34A","arr":["34A"],"mode":"bus","angle":0.9,"l0":"34A","c0":"#07ad80"},"geometry":{"type":"Point","coordinates":[21.863523,43.339139]}},{"type":"Feature","properties":{"lines":"34B","arr":["34B"],"mode":"bus","angle":0.9,"l0":"34B","c0":"#e47e2b"},"geometry":{"type":"Point","coordinates":[21.863599,43.338716]}},{"type":"Feature","properties":{"lines":"1","arr":["1"],"mode":"bus","angle":46.6,"l0":"1","c0":"#119efc"},"geometry":{"type":"Point","coordinates":[22.005447,43.293078]}},{"type":"Feature","properties":{"lines":"1, 10, 25, 26, 33, 35, 36, 36A","arr":["1","10","25","26","33","35","36","36A"],"mode":"bus","angle":-5.4,"l0":"1, ","c0":"#119efc","l1":"10, ","c1":"#cf8a11","l2":"25, ","c2":"#148978","l3":"26, ","c3":"#ff627e","l4":"33, ","c4":"#b11526","l5":"35, ","c5":"#79a620","l6":"36, ","c6":"#095d97","l7":"36A","c7":"#be4bb5"},"geometry":{"type":"Point","coordinates":[21.871664,43.315437]}},{"type":"Feature","properties":{"lines":"29, 32, 32A, 39","arr":["29","32","32A","39"],"mode":"bus","angle":44.3,"l0":"29, ","c0":"#0357b2","l1":"32, ","c1":"#446303","l2":"32A, ","c2":"#a72d06","l3":"39","c3":"#ab0377"},"geometry":{"type":"Point","coordinates":[21.863688,43.3475]}}]}