{"type":"FeatureCollection","features":[{"type":"Feature","geometry":{"type":"Point","coordinates":[22.005555,43.292996]},"properties":{"name":"Niška Banja","lines":"1","arr":["1"],"terminus":1,"mode":"bus","color":"#0059a9","colorDark":"#00294f","angle":44.8,"snapDist":4,"label":1}},{"type":"Feature","geometry":{"type":"Point","coordinates":[21.997514,43.300392]},"properties":{"name":"Banjska rampa","lines":"1, 18, 19, 20, 20A, 21, 21A","arr":["1","18","19","20","20A","21","21A"],"terminus":0,"mode":"bus","color":"#0059a9","colorDark":"#00294f","angle":355,"snapDist":8,"label":1}},{"type":"Feature","geometry":{"type":"Point","coordinates":[21.991367,43.300965]},"properties":{"name":"6 borova","lines":"1","arr":["1"],"terminus":0,"mode":"bus","color":"#0059a9","colorDark":"#00294f","angle":13.8,"snapDist":4,"label":1}},{"type":"Feature","geometry":{"type":"Point","coordinates":[21.982118,43.30263]},"properties":{"name":"Naselje Nikola Tesla","lines":"1, 18, 19, 20, 20A, 21, 21A, 37","arr":["1","18","19","20","20A","21","21A","37"],"terminus":0,"mode":"bus","color":"#0059a9","colorDark":"#00294f","angle":14.1,"snapDist":2,"label":1}},{"type":"Feature","geometry":{"type":"Point","coordinates":[21.964115,43.305706]},"properties":{"name":"Brzi Brod 2","lines":"1, 3, 18, 19, 20, 20A, 21, 21A, 37","arr":["1","3","18","19","20","20A","21","21A","37"],"terminus":0,"mode":"bus","color":"#0059a9","colorDark":"#00294f","angle":13.1,"snapDist":0,"label":1}},{"type":"Feature","geometry":{"type":"Point","coordinates":[21.960967,43.306237]},"properties":{"name":"Brzi Brod 1","lines":"1, 3, 18, 19, 20, 20A, 21, 21A, 37","arr":["1","3","18","19","20","20A","21","21A","37"],"terminus":0,"mode":"bus","color":"#0059a9","colorDark":"#00294f","angle":13.1,"snapDist":1,"label":1}},{"type":"Feature","geometry":{"type":"Point","coordinates":[21.950724,43.307855]},"properties":{"name":"Elektronska industrija","lines":"1, 3, 18, 19, 20, 20A, 21, 21A, 37","arr":["1","3","18","19","20","20A","21","21A","37"],"terminus":0,"mode":"bus","color":"#0059a9","colorDark":"#00294f","angle":12.4,"snapDist":5,"label":1}},{"type":"Feature","geometry":{"type":"Point","coordinates":[21.94368,43.308991]},"properties":{"name":"Agrogradnja","lines":"1, 3","arr":["1","3"],"terminus":0,"mode":"bus","color":"#0059a9","colorDark":"#00294f","angle":12.6,"snapDist":3,"label":1}},{"type":"Feature","geometry":{"type":"Point","coordinates":[21.933472,43.310638]},"properties":{"name":"Ekonomska škola","lines":"1, 3, 10, 18, 19, 20, 20A, 21, 21A, 37","arr":["1","3","10","18","19","20","20A","21","21A","37"],"terminus":1,"mode":"bus","color":"#0059a9","colorDark":"#00294f","angle":12.1,"snapDist":1,"label":1}},{"type":"Feature","geometry":{"type":"Point","coordinates":[21.926423,43.31179]},"properties":{"name":"Ćele kula","lines":"1, 3, 4, 10, 18, 19, 20, 20A, 21, 21A, 34B, 37","arr":["1","3","4","10","18","19","20","20A","21","21A","34B","37"],"terminus":0,"mode":"bus","color":"#0059a9","colorDark":"#00294f","angle":16.3,"snapDist":0,"label":1}},{"type":"Feature","geometry":{"type":"Point","coordinates":[21.921304,43.313375]},"properties":{"name":"Vojna bolnica","lines":"1, 3, 4, 10, 34B","arr":["1","3","4","10","34B"],"terminus":0,"mode":"bus","color":"#0059a9","colorDark":"#00294f","angle":24.5,"snapDist":2,"label":1}},{"type":"Feature","geometry":{"type":"Point","coordinates":[21.916127,43.315585]},"properties":{"name":"Medicinski fakultet","lines":"1, 3, 4, 10, 18, 19, 20, 20A, 21, 21A, 34B, 37","arr":["1","3","4","10","18","19","20","20A","21","21A","34B","37"],"terminus":0,"mode":"bus","color":"#0059a9","colorDark":"#00294f","angle":31.2,"snapDist":3,"label":1}},{"type":"Feature","geometry":{"type":"Point","coordinates":[21.910568,43.318111]},"properties":{"name":"Gradska bolnica","lines":"1, 3, 4, 10, 18, 19, 20, 20A, 21, 21A, 37","arr":["1","3","4","10","18","19","20","20A","21","21A","37"],"terminus":0,"mode":"bus","color":"#0059a9","colorDark":"#00294f","angle":31.2,"snapDist":2,"label":1}},{"type":"Feature","geometry":{"type":"Point","coordinates":[21.905403,43.320034]},"properties":{"name":"Crveni pevac","lines":"1, 3, 4, 10, 18, 19, 20, 20A, 21, 21A, 22, 23, 23B, 23K, 23L, 37","arr":["1","3","4","10","18","19","20","20A","21","21A","22","23","23B","23K","23L","37"],"terminus":0,"mode":"bus","color":"#0059a9","colorDark":"#00294f","angle":8.6,"snapDist":8,"label":1}},{"type":"Feature","geometry":{"type":"Point","coordinates":[21.895847,43.320932]},"properties":{"name":"Trg kralja Milana (ka Uredu)","lines":"1, 2, 3, 4, 5, 6, 10, 11, 13, 15A, 18, 19, 20, 20A, 21, 21A, 22, 23, 23B, 23K, 23L, 37","arr":["1","2","3","4","5","6","10","11","13","15A","18","19","20","20A","21","21A","22","23","23B","23K","23L","37"],"terminus":1,"mode":"bus","color":"#0059a9","colorDark":"#00294f","angle":359.4,"snapDist":6,"label":1}},{"type":"Feature","geometry":{"type":"Point","coordinates":[21.888606,43.319681]},"properties":{"name":"Šivara","lines":"1, 5, 6, 10, 25, 26, 27A, 27B, 28, 29A, 33, 33P, 35, 36, 36A","arr":["1","5","6","10","25","26","27A","27B","28","29A","33","33P","35","36","36A"],"terminus":1,"mode":"bus","color":"#0059a9","colorDark":"#00294f","angle":345.4,"snapDist":8,"label":1}},{"type":"Feature","geometry":{"type":"Point","coordinates":[21.88591,43.317039]},"properties":{"name":"Feroks","lines":"1, 5, 6, 10, 11, 25, 26, 27A, 27B, 28, 29A, 33, 33P, 34A, 35, 36, 36A","arr":["1","5","6","10","11","25","26","27A","27B","28","29A","33","33P","34A","35","36","36A"],"terminus":0,"mode":"bus","color":"#0059a9","colorDark":"#00294f","angle":333.6,"snapDist":11,"label":1}},{"type":"Feature","geometry":{"type":"Point","coordinates":[21.876143,43.315622]},"properties":{"name":"Železnička stanica - Pošta","lines":"1, 10, 25, 26, 33, 35, 36, 36A","arr":["1","10","25","26","33","35","36","36A"],"terminus":0,"mode":"bus","color":"#0059a9","colorDark":"#00294f","angle":358.8,"snapDist":11,"label":1}},{"type":"Feature","geometry":{"type":"Point","coordinates":[21.870442,43.315374]},"properties":{"name":"Žitopek","lines":"1, 10, 36, 36A","arr":["1","10","36","36A"],"terminus":0,"mode":"bus","color":"#0059a9","colorDark":"#00294f","angle":357.4,"snapDist":8,"label":1}},{"type":"Feature","geometry":{"type":"Point","coordinates":[21.866717,43.315215]},"properties":{"name":"Ledena Stena","lines":"1, 10, 25, 26, 33, 33P, 35, 36, 36A","arr":["1","10","25","26","33","33P","35","36","36A"],"terminus":1,"mode":"bus","color":"#0059a9","colorDark":"#00294f","angle":356.4,"snapDist":7,"label":1}},{"type":"Feature","geometry":{"type":"Point","coordinates":[21.85926,43.315887]},"properties":{"name":"Ledena Stena - brdo","lines":"1, 10, 33, 33P, 36, 36A","arr":["1","10","33","33P","36","36A"],"terminus":0,"mode":"bus","color":"#0059a9","colorDark":"#00294f","angle":3.3,"snapDist":4,"label":1}},{"type":"Feature","geometry":{"type":"Point","coordinates":[21.85518,43.315223]},"properties":{"name":"Ledena Stena trafo (ka ul. D. Tucovića)","lines":"1","arr":["1"],"terminus":0,"mode":"bus","color":"#0059a9","colorDark":"#00294f","angle":266.8,"snapDist":2,"label":1}},{"type":"Feature","geometry":{"type":"Point","coordinates":[21.858806,43.310934]},"properties":{"name":"Jermenska","lines":"1","arr":["1"],"terminus":0,"mode":"bus","color":"#0059a9","colorDark":"#00294f","angle":222.5,"snapDist":2,"label":1}},{"type":"Feature","geometry":{"type":"Point","coordinates":[21.862362,43.308627]},"properties":{"name":"Minovo naselje I","lines":"1","arr":["1"],"terminus":1,"mode":"bus","color":"#0059a9","colorDark":"#00294f","angle":221.8,"snapDist":7,"label":1}},{"type":"Feature","geometry":{"type":"Point","coordinates":[21.864094,43.309556]},"properties":{"name":"Dimitrija Leka","lines":"1","arr":["1"],"terminus":0,"mode":"bus","color":"#0059a9","colorDark":"#00294f","angle":41.4,"snapDist":3,"label":1}},{"type":"Feature","geometry":{"type":"Point","coordinates":[21.86068,43.312351]},"properties":{"name":"Stojana Andrića","lines":"1","arr":["1"],"terminus":0,"mode":"bus","color":"#0059a9","colorDark":"#00294f","angle":-121,"snapDist":6,"label":1}},{"type":"Feature","geometry":{"type":"Point","coordinates":[21.857458,43.311817]},"properties":{"name":"Bubanjskih heroja","lines":"1","arr":["1"],"terminus":0,"mode":"bus","color":"#0059a9","colorDark":"#00294f","angle":43.5,"snapDist":14,"label":1}},{"type":"Feature","geometry":{"type":"Point","coordinates":[21.855174,43.3153]},"properties":{"name":"Ledena Stena trafo (ul. Bubanjski heroji)","lines":"1","arr":["1"],"terminus":0,"mode":"bus","color":"#0059a9","colorDark":"#00294f","angle":86.8,"snapDist":14,"label":1}},{"type":"Feature","geometry":{"type":"Point","coordinates":[21.858734,43.315908]},"properties":{"name":"Ledena Stena - brdo","lines":"1, 10, 33, 36, 36A","arr":["1","10","33","36","36A"],"terminus":0,"mode":"bus","color":"#0059a9","colorDark":"#00294f","angle":183.2,"snapDist":8,"label":0}},{"type":"Feature","geometry":{"type":"Point","coordinates":[21.866206,43.315203]},"properties":{"name":"Ledena Stena","lines":"1, 10, 25, 26, 33, 36, 36A","arr":["1","10","25","26","33","36","36A"],"terminus":0,"mode":"bus","color":"#0059a9","colorDark":"#00294f","angle":178,"snapDist":6,"label":0}},{"type":"Feature","geometry":{"type":"Point","coordinates":[21.869915,43.315357]},"properties":{"name":"Žitopek","lines":"1, 10, 36, 36A","arr":["1","10","36","36A"],"terminus":0,"mode":"bus","color":"#0059a9","colorDark":"#00294f","angle":177.4,"snapDist":7,"label":0}},{"type":"Feature","geometry":{"type":"Point","coordinates":[21.878718,43.315656]},"properties":{"name":"Železnička stanica","lines":"1, 6, 10, 25, 26, 33, 34B, 36, 36A","arr":["1","6","10","25","26","33","34B","36","36A"],"terminus":1,"mode":"bus","color":"#0059a9","colorDark":"#00294f","angle":178.6,"snapDist":7,"label":1}},{"type":"Feature","geometry":{"type":"Point","coordinates":[21.883154,43.316047]},"properties":{"name":"Pirotska rampa","lines":"1, 6, 10, 25, 26, 33, 34B, 36, 36A","arr":["1","6","10","25","26","33","34B","36","36A"],"terminus":0,"mode":"bus","color":"#0059a9","colorDark":"#00294f","angle":152.6,"snapDist":10,"label":1}},{"type":"Feature","geometry":{"type":"Point","coordinates":[21.887307,43.317435]},"properties":{"name":"Kičevo","lines":"1, 6, 10, 11, 26, 27A, 27B, 28, 28A, 29A, 34B, 36, 36A","arr":["1","6","10","11","26","27A","27B","28","28A","29A","34B","36","36A"],"terminus":0,"mode":"bus","color":"#0059a9","colorDark":"#00294f","angle":165.8,"snapDist":4,"label":1}},{"type":"Feature","geometry":{"type":"Point","coordinates":[21.891806,43.318318]},"properties":{"name":"Trg kralja Aleksandra","lines":"1, 2, 4, 5, 6, 10, 11, 13, 15A, 24, 25, 26, 27A, 27B, 28, 28A, 29A, 33, 34B, 35, 36, 36A","arr":["1","2","4","5","6","10","11","13","15A","24","25","26","27A","27B","28","28A","29A","33","34B","35","36","36A"],"terminus":1,"mode":"bus","color":"#0059a9","colorDark":"#00294f","angle":76.9,"snapDist":1,"label":1}},{"type":"Feature","geometry":{"type":"Point","coordinates":[21.896697,43.320882]},"properties":{"name":"Trg kralja Milana (ka Sudu)","lines":"1, 2, 3, 4, 5, 6, 10, 11, 13, 14, 15A, 500","arr":["1","2","3","4","5","6","10","11","13","14","15A","500"],"terminus":1,"mode":"bus","color":"#0059a9","colorDark":"#00294f","angle":186.7,"snapDist":10,"label":1}},{"type":"Feature","geometry":{"type":"Point","coordinates":[21.902036,43.320367]},"properties":{"name":"Dom Vojske Srbije","lines":"1, 3, 4, 10, 19, 20, 20A, 21, 21A, 22, 23, 23K, 23L, 37","arr":["1","3","4","10","19","20","20A","21","21A","22","23","23K","23L","37"],"terminus":0,"mode":"bus","color":"#0059a9","colorDark":"#00294f","angle":188,"snapDist":7,"label":1}},{"type":"Feature","geometry":{"type":"Point","coordinates":[21.907938,43.319184]},"properties":{"name":"Trg patrijarha Pavla","lines":"1, 3, 4, 10","arr":["1","3","4","10"],"terminus":0,"mode":"bus","color":"#0059a9","colorDark":"#00294f","angle":210.7,"snapDist":8,"label":1}},{"type":"Feature","geometry":{"type":"Point","coordinates":[21.911941,43.317388]},"properties":{"name":"Gradska bolnica","lines":"1, 3, 4, 10, 19, 20, 20A, 21, 21A, 34A, 37","arr":["1","3","4","10","19","20","20A","21","21A","34A","37"],"terminus":0,"mode":"bus","color":"#0059a9","colorDark":"#00294f","angle":212.1,"snapDist":7,"label":0}},{"type":"Feature","geometry":{"type":"Point","coordinates":[21.917517,43.314852]},"properties":{"name":"ATD","lines":"1, 3, 4, 10, 19, 20, 20A, 21, 21A, 34A, 37","arr":["1","3","4","10","19","20","20A","21","21A","34A","37"],"terminus":0,"mode":"bus","color":"#0059a9","colorDark":"#00294f","angle":210.8,"snapDist":8,"label":1}},{"type":"Feature","geometry":{"type":"Point","coordinates":[21.921609,43.31318]},"properties":{"name":"Vojna bolnica","lines":"1, 3, 4, 10, 34A","arr":["1","3","4","10","34A"],"terminus":0,"mode":"bus","color":"#0059a9","colorDark":"#00294f","angle":203.9,"snapDist":17,"label":0}},{"type":"Feature","geometry":{"type":"Point","coordinates":[21.926052,43.311754]},"properties":{"name":"Ćele kula","lines":"1, 3, 4, 10, 19, 20, 20A, 21, 21A, 34A, 37","arr":["1","3","4","10","19","20","20A","21","21A","34A","37"],"terminus":0,"mode":"bus","color":"#0059a9","colorDark":"#00294f","angle":198.1,"snapDist":5,"label":1}},{"type":"Feature","geometry":{"type":"Point","coordinates":[21.933832,43.310475]},"properties":{"name":"Ekonomska škola","lines":"1, 3, 10, 19, 20, 20A, 21, 21A, 37","arr":["1","3","10","19","20","20A","21","21A","37"],"terminus":1,"mode":"bus","color":"#0059a9","colorDark":"#00294f","angle":192.7,"snapDist":5,"label":0}},{"type":"Feature","geometry":{"type":"Point","coordinates":[21.944252,43.308822]},"properties":{"name":"Agrogradnja","lines":"1, 3","arr":["1","3"],"terminus":0,"mode":"bus","color":"#0059a9","colorDark":"#00294f","angle":192.8,"snapDist":3,"label":0}},{"type":"Feature","geometry":{"type":"Point","coordinates":[21.951761,43.307599]},"properties":{"name":"Elektronska industrija","lines":"1, 3, 19, 20, 20A, 21, 21A, 37","arr":["1","3","19","20","20A","21","21A","37"],"terminus":0,"mode":"bus","color":"#0059a9","colorDark":"#00294f","angle":192.8,"snapDist":9,"label":0}},{"type":"Feature","geometry":{"type":"Point","coordinates":[21.961472,43.306059]},"properties":{"name":"Brzi Brod 1","lines":"1, 3, 19, 20, 20A, 21, 21A, 37","arr":["1","3","19","20","20A","21","21A","37"],"terminus":0,"mode":"bus","color":"#0059a9","colorDark":"#00294f","angle":192.8,"snapDist":10,"label":0}},{"type":"Feature","geometry":{"type":"Point","coordinates":[21.96487,43.30549]},"properties":{"name":"Brzi Brod 2","lines":"1, 3, 19, 20, 20A, 21, 21A, 37","arr":["1","3","19","20","20A","21","21A","37"],"terminus":0,"mode":"bus","color":"#0059a9","colorDark":"#00294f","angle":193.2,"snapDist":8,"label":0}},{"type":"Feature","geometry":{"type":"Point","coordinates":[21.980766,43.302784]},"properties":{"name":"Naselje Nikola Tesla","lines":"1, 19, 20, 20A, 21, 21A","arr":["1","19","20","20A","21","21A"],"terminus":0,"mode":"bus","color":"#0059a9","colorDark":"#00294f","angle":193.4,"snapDist":8,"label":0}},{"type":"Feature","geometry":{"type":"Point","coordinates":[21.990758,43.300996]},"properties":{"name":"6 borova","lines":"1","arr":["1"],"terminus":0,"mode":"bus","color":"#0059a9","colorDark":"#00294f","angle":193.9,"snapDist":7,"label":0}},{"type":"Feature","geometry":{"type":"Point","coordinates":[21.997439,43.300308]},"properties":{"name":"Banjska rampa","lines":"1, 19, 20, 20A, 21, 21A","arr":["1","19","20","20A","21","21A"],"terminus":0,"mode":"bus","color":"#0059a9","colorDark":"#00294f","angle":175.5,"snapDist":9,"label":0}},{"type":"Feature","geometry":{"type":"Point","coordinates":[22.005423,43.292911]},"properties":{"name":"Niška Banja","lines":"1","arr":["1"],"terminus":1,"mode":"bus","color":"#0059a9","colorDark":"#00294f","angle":271.9,"snapDist":3,"label":0}},{"type":"Feature","geometry":{"type":"Point","coordinates":[21.962298,43.327091]},"properties":{"name":"Donja Vrežina 1","lines":"2","arr":["2"],"terminus":1,"mode":"bus","color":"#0059a9","colorDark":"#00294f","angle":18,"snapDist":6,"label":1}},{"type":"Feature","geometry":{"type":"Point","coordinates":[21.954504,43.329007]},"properties":{"name":"Vulkanizer","lines":"2","arr":["2"],"terminus":0,"mode":"bus","color":"#0059a9","colorDark":"#00294f","angle":18.8,"snapDist":1,"label":1}},{"type":"Feature","geometry":{"type":"Point","coordinates":[21.947235,43.330507]},"properties":{"name":"Donja Vrežina","lines":"2, 16, 17, 17A","arr":["2","16","17","17A"],"terminus":1,"mode":"bus","color":"#0059a9","colorDark":"#00294f","angle":57.3,"snapDist":4,"label":1}},{"type":"Feature","geometry":{"type":"Point","coordinates":[21.943262,43.330007]},"properties":{"name":"Radomira Antića","lines":"2, 17A","arr":["2","17A"],"terminus":0,"mode":"bus","color":"#0059a9","colorDark":"#00294f","angle":352.5,"snapDist":5,"label":1}},{"type":"Feature","geometry":{"type":"Point","coordinates":[21.939768,43.329899]},"properties":{"name":"Benzinska stanica","lines":"2, 17A","arr":["2","17A"],"terminus":0,"mode":"bus","color":"#0059a9","colorDark":"#00294f","angle":358,"snapDist":1,"label":1}},{"type":"Feature","geometry":{"type":"Point","coordinates":[21.934825,43.329768]},"properties":{"name":"Durlan","lines":"2, 15, 15A, 16, 17, 17A","arr":["2","15","15A","16","17","17A"],"terminus":0,"mode":"bus","color":"#0059a9","colorDark":"#00294f","angle":357.3,"snapDist":6,"label":1}},{"type":"Feature","geometry":{"type":"Point","coordinates":[21.931181,43.32964]},"properties":{"name":"Pijaca Durlan","lines":"2, 15, 15A, 16, 17, 17A","arr":["2","15","15A","16","17","17A"],"terminus":0,"mode":"bus","color":"#0059a9","colorDark":"#00294f","angle":357.7,"snapDist":6,"label":1}},{"type":"Feature","geometry":{"type":"Point","coordinates":[21.927717,43.329543]},"properties":{"name":"Dom Duško Radović","lines":"2, 15A","arr":["2","15A"],"terminus":0,"mode":"bus","color":"#0059a9","colorDark":"#00294f","angle":358,"snapDist":10,"label":1}},{"type":"Feature","geometry":{"type":"Point","coordinates":[21.923272,43.329436]},"properties":{"name":"RK Sinđelić","lines":"2, 15, 15A, 16, 17, 17A, 34A","arr":["2","15","15A","16","17","17A","34A"],"terminus":0,"mode":"bus","color":"#0059a9","colorDark":"#00294f","angle":355.8,"snapDist":6,"label":1}},{"type":"Feature","geometry":{"type":"Point","coordinates":[21.918575,43.329317]},"properties":{"name":"Radoja Domanovića","lines":"2, 15A, 34A","arr":["2","15A","34A"],"terminus":0,"mode":"bus","color":"#0059a9","colorDark":"#00294f","angle":358.1,"snapDist":5,"label":1}},{"type":"Feature","geometry":{"type":"Point","coordinates":[21.914745,43.329219]},"properties":{"name":"OŠ Njegoš","lines":"2, 15A, 34A","arr":["2","15A","34A"],"terminus":0,"mode":"bus","color":"#0059a9","colorDark":"#00294f","angle":355.8,"snapDist":8,"label":1}},{"type":"Feature","geometry":{"type":"Point","coordinates":[21.911173,43.329106]},"properties":{"name":"Niteks","lines":"2, 15, 15A, 16, 17, 17A, 34A","arr":["2","15","15A","16","17","17A","34A"],"terminus":0,"mode":"bus","color":"#0059a9","colorDark":"#00294f","angle":357.5,"snapDist":6,"label":1}},{"type":"Feature","geometry":{"type":"Point","coordinates":[21.904456,43.327727]},"properties":{"name":"Jagodin Mala","lines":"2, 5, 14, 14A, 15, 15A, 16, 17, 17A, 34A","arr":["2","5","14","14A","15","15A","16","17","17A","34A"],"terminus":0,"mode":"bus","color":"#0059a9","colorDark":"#00294f","angle":345,"snapDist":5,"label":1}},{"type":"Feature","geometry":{"type":"Point","coordinates":[21.901869,43.322937]},"properties":{"name":"Crveni soliter","lines":"2, 5, 6, 11, 13, 15A","arr":["2","5","6","11","13","15A"],"terminus":0,"mode":"bus","color":"#0059a9","colorDark":"#00294f","angle":293.4,"snapDist":9,"label":1}},{"type":"Feature","geometry":{"type":"Point","coordinates":[21.891406,43.319437]},"properties":{"name":"Ured","lines":"2, 4, 9, 11, 12, 13, 15A, 24, 34A","arr":["2","4","9","11","12","13","15A","24","34A"],"terminus":1,"mode":"bus","color":"#0059a9","colorDark":"#00294f","angle":254.7,"snapDist":12,"label":1}},{"type":"Feature","geometry":{"type":"Point","coordinates":[21.887236,43.31586]},"properties":{"name":"Obilićev venac","lines":"2, 4, 8, 24","arr":["2","4","8","24"],"terminus":0,"mode":"bus","color":"#0059a9","colorDark":"#00294f","angle":355.6,"snapDist":2,"label":1}},{"type":"Feature","geometry":{"type":"Point","coordinates":[21.880435,43.313937]},"properties":{"name":"Prekršajni sud","lines":"2, 4, 8, 24, 34B","arr":["2","4","8","24","34B"],"terminus":0,"mode":"bus","color":"#0059a9","colorDark":"#00294f","angle":329.8,"snapDist":11,"label":1}},{"type":"Feature","geometry":{"type":"Point","coordinates":[21.876665,43.311034]},"properties":{"name":"Bubanj (okretnica)","lines":"2, 4","arr":["2","4"],"terminus":1,"mode":"bus","color":"#0059a9","colorDark":"#00294f","angle":100.2,"snapDist":15,"label":1}},{"type":"Feature","geometry":{"type":"Point","coordinates":[21.876785,43.310895]},"properties":{"name":"Bubanj","lines":"2, 4","arr":["2","4"],"terminus":1,"mode":"bus","color":"#0059a9","colorDark":"#00294f","angle":81.6,"snapDist":0,"label":1}},{"type":"Feature","geometry":{"type":"Point","coordinates":[21.877672,43.312365]},"properties":{"name":"Niš-Zmaja od Noćaja","lines":"2, 4, 8, 24, 35","arr":["2","4","8","24","35"],"terminus":0,"mode":"bus","color":"#0059a9","colorDark":"#00294f","angle":137.8,"snapDist":0,"label":1}},{"type":"Feature","geometry":{"type":"Point","coordinates":[21.881631,43.314677]},"properties":{"name":"Kralja Petra I","lines":"2, 4, 8, 24, 34A, 35","arr":["2","4","8","24","34A","35"],"terminus":0,"mode":"bus","color":"#0059a9","colorDark":"#00294f","angle":135.6,"snapDist":3,"label":1}},{"type":"Feature","geometry":{"type":"Point","coordinates":[21.885222,43.315732]},"properties":{"name":"Obilićev venac - rampa","lines":"2, 4, 8, 24, 35","arr":["2","4","8","24","35"],"terminus":0,"mode":"bus","color":"#0059a9","colorDark":"#00294f","angle":174.8,"snapDist":5,"label":1}},{"type":"Feature","geometry":{"type":"Point","coordinates":[21.890769,43.316036]},"properties":{"name":"Šojka","lines":"2, 4, 8, 24, 35","arr":["2","4","8","24","35"],"terminus":0,"mode":"bus","color":"#0059a9","colorDark":"#00294f","angle":170.9,"snapDist":2,"label":1}},{"type":"Feature","geometry":{"type":"Point","coordinates":[21.901074,43.321544]},"properties":{"name":"Učiteljski dom","lines":"2, 5, 6, 11, 13, 14, 15A, 500","arr":["2","5","6","11","13","14","15A","500"],"terminus":1,"mode":"bus","color":"#0059a9","colorDark":"#00294f","angle":111.4,"snapDist":2,"label":1}},{"type":"Feature","geometry":{"type":"Point","coordinates":[21.902924,43.324693]},"properties":{"name":"Most Mladosti","lines":"2, 5, 14, 15A","arr":["2","5","14","15A"],"terminus":0,"mode":"bus","color":"#0059a9","colorDark":"#00294f","angle":102.7,"snapDist":7,"label":1}},{"type":"Feature","geometry":{"type":"Point","coordinates":[21.904567,43.327749]},"properties":{"name":"Jagodin Mala","lines":"2, 5, 14, 14A, 15, 15A, 16, 17, 17A, 34B","arr":["2","5","14","14A","15","15A","16","17","17A","34B"],"terminus":0,"mode":"bus","color":"#0059a9","colorDark":"#00294f","angle":165,"snapDist":4,"label":0}},{"type":"Feature","geometry":{"type":"Point","coordinates":[21.911737,43.329127]},"properties":{"name":"Niteks","lines":"2, 15, 15A, 16, 17, 17A, 34B","arr":["2","15","15A","16","17","17A","34B"],"terminus":0,"mode":"bus","color":"#0059a9","colorDark":"#00294f","angle":176.2,"snapDist":6,"label":0}},{"type":"Feature","geometry":{"type":"Point","coordinates":[21.914726,43.329218]},"properties":{"name":"OŠ Njegoš","lines":"2, 15A, 34B","arr":["2","15A","34B"],"terminus":0,"mode":"bus","color":"#0059a9","colorDark":"#00294f","angle":175.8,"snapDist":7,"label":0}},{"type":"Feature","geometry":{"type":"Point","coordinates":[21.918625,43.329318]},"properties":{"name":"Ul. Bojnička","lines":"2, 15A, 34B","arr":["2","15A","34B"],"terminus":0,"mode":"bus","color":"#0059a9","colorDark":"#00294f","angle":178.1,"snapDist":8,"label":1}},{"type":"Feature","geometry":{"type":"Point","coordinates":[21.922529,43.329407]},"properties":{"name":"RK Sinđelić","lines":"2, 15, 15A, 16, 17, 17A, 34B","arr":["2","15","15A","16","17","17A","34B"],"terminus":0,"mode":"bus","color":"#0059a9","colorDark":"#00294f","angle":177.7,"snapDist":6,"label":0}},{"type":"Feature","geometry":{"type":"Point","coordinates":[21.927139,43.329532]},"properties":{"name":"Dom Duško Radović","lines":"2, 15A","arr":["2","15A"],"terminus":0,"mode":"bus","color":"#0059a9","colorDark":"#00294f","angle":178.7,"snapDist":6,"label":0}},{"type":"Feature","geometry":{"type":"Point","coordinates":[21.930442,43.329619]},"properties":{"name":"Pijaca Durlan","lines":"2, 15, 15A, 16, 17, 17A","arr":["2","15","15A","16","17","17A"],"terminus":0,"mode":"bus","color":"#0059a9","colorDark":"#00294f","angle":177.7,"snapDist":11,"label":0}},{"type":"Feature","geometry":{"type":"Point","coordinates":[21.934887,43.32977]},"properties":{"name":"Durlan","lines":"2, 15, 15A, 16, 17, 17A","arr":["2","15","15A","16","17","17A"],"terminus":0,"mode":"bus","color":"#0059a9","colorDark":"#00294f","angle":176.5,"snapDist":13,"label":0}},{"type":"Feature","geometry":{"type":"Point","coordinates":[21.939682,43.329826]},"properties":{"name":"Benzinska stanica","lines":"2, 17A","arr":["2","17A"],"terminus":0,"mode":"bus","color":"#0059a9","colorDark":"#00294f","angle":178.2,"snapDist":5,"label":0}},{"type":"Feature","geometry":{"type":"Point","coordinates":[21.943994,43.330003]},"properties":{"name":"Radomira Antića","lines":"2, 17A","arr":["2","17A"],"terminus":0,"mode":"bus","color":"#0059a9","colorDark":"#00294f","angle":168.5,"snapDist":4,"label":0}},{"type":"Feature","geometry":{"type":"Point","coordinates":[21.947194,43.330441]},"properties":{"name":"Donja Vrežina","lines":"2, 16, 17, 17A","arr":["2","16","17","17A"],"terminus":1,"mode":"bus","color":"#0059a9","colorDark":"#00294f","angle":153.7,"snapDist":2,"label":0}},{"type":"Feature","geometry":{"type":"Point","coordinates":[21.954563,43.328992]},"properties":{"name":"Vulkanizer","lines":"2","arr":["2"],"terminus":0,"mode":"bus","color":"#0059a9","colorDark":"#00294f","angle":198.8,"snapDist":6,"label":0}},{"type":"Feature","geometry":{"type":"Point","coordinates":[21.964271,43.325557]},"properties":{"name":"Podvožnjak (na zahtev)(ka Vrelu)","lines":"2, 16, 17, 17A","arr":["2","16","17","17A"],"terminus":0,"mode":"bus","color":"#0059a9","colorDark":"#00294f","angle":210.7,"snapDist":10,"label":1}},{"type":"Feature","geometry":{"type":"Point","coordinates":[21.974184,43.325459]},"properties":{"name":"Gornja Vrežina - vikend naselje (ka G.Vrežini)","lines":"2, 16, 17, 17A","arr":["2","16","17","17A"],"terminus":0,"mode":"bus","color":"#0059a9","colorDark":"#00294f","angle":166.2,"snapDist":5,"label":1}},{"type":"Feature","geometry":{"type":"Point","coordinates":[21.980435,43.326373]},"properties":{"name":"Gornja Vrežina ulaz (ka G.Vrežini)","lines":"2, 16, 17, 17A","arr":["2","16","17","17A"],"terminus":0,"mode":"bus","color":"#0059a9","colorDark":"#00294f","angle":152.9,"snapDist":22,"label":1}},{"type":"Feature","geometry":{"type":"Point","coordinates":[21.986807,43.326899]},"properties":{"name":"Izletište Gradac (novi put) ( ka G.Vrežini )","lines":"2, 16, 17, 17A","arr":["2","16","17","17A"],"terminus":0,"mode":"bus","color":"#0059a9","colorDark":"#00294f","angle":-12.8,"snapDist":10,"label":1}},{"type":"Feature","geometry":{"type":"Point","coordinates":[21.992636,43.327679]},"properties":{"name":"Gornja Vrežina ( ka Vrelu)","lines":"2, 16, 17, 17A","arr":["2","16","17","17A"],"terminus":0,"mode":"bus","color":"#0059a9","colorDark":"#00294f","angle":210.7,"snapDist":0,"label":1}},{"type":"Feature","geometry":{"type":"Point","coordinates":[21.994876,43.329543]},"properties":{"name":"Gornja Vrežina MK","lines":"2, 17A","arr":["2","17A"],"terminus":1,"mode":"bus","color":"#0059a9","colorDark":"#00294f","angle":189.1,"snapDist":15,"label":1}},{"type":"Feature","geometry":{"type":"Point","coordinates":[21.937099,43.329475]},"properties":{"name":"OŠ Miroslav Antić","lines":"2, 4","arr":["2","4"],"terminus":0,"mode":"bus","color":"#0059a9","colorDark":"#00294f","angle":268.2,"snapDist":14,"label":1}},{"type":"Feature","geometry":{"type":"Point","coordinates":[21.937262,43.326116]},"properties":{"name":"Naselje Beverli Hils","lines":"2, 4","arr":["2","4"],"terminus":0,"mode":"bus","color":"#0059a9","colorDark":"#00294f","angle":267.8,"snapDist":9,"label":1}},{"type":"Feature","geometry":{"type":"Point","coordinates":[21.9389,43.323076]},"properties":{"name":"Vidovdanska ( ka Skopskoj)","lines":"2, 6","arr":["2","6"],"terminus":0,"mode":"bus","color":"#0059a9","colorDark":"#00294f","angle":189.1,"snapDist":5,"label":1}},{"type":"Feature","geometry":{"type":"Point","coordinates":[21.94657,43.322591]},"properties":{"name":"Niš Majora Gavrilovića (ka Skopskoj)","lines":"2, 6","arr":["2","6"],"terminus":0,"mode":"bus","color":"#0059a9","colorDark":"#00294f","angle":91,"snapDist":2,"label":1}},{"type":"Feature","geometry":{"type":"Point","coordinates":[21.946327,43.325843]},"properties":{"name":"Skopska","lines":"2, 6","arr":["2","6"],"terminus":1,"mode":"bus","color":"#0059a9","colorDark":"#00294f","angle":0.5,"snapDist":6,"label":1}},{"type":"Feature","geometry":{"type":"Point","coordinates":[21.868192,43.344109]},"properties":{"name":"Naselje Ratko Jović","lines":"3, 29, 32, 32A, 34A, 34B, 39","arr":["3","29","32","32A","34A","34B","39"],"terminus":1,"mode":"bus","color":"#0059a9","colorDark":"#00294f","angle":226.4,"snapDist":6,"label":1}},{"type":"Feature","geometry":{"type":"Point","coordinates":[21.871245,43.341751]},"properties":{"name":"Ratka Jovića","lines":"3, 29, 32, 32A, 34A, 34B, 39","arr":["3","29","32","32A","34A","34B","39"],"terminus":0,"mode":"bus","color":"#0059a9","colorDark":"#00294f","angle":226.7,"snapDist":7,"label":1}},{"type":"Feature","geometry":{"type":"Point","coordinates":[21.876041,43.338067]},"properties":{"name":"MIN Kopeks","lines":"3, 9, 29, 30, 31, 32, 32A, 34A, 34B, 39","arr":["3","9","29","30","31","32","32A","34A","34B","39"],"terminus":0,"mode":"bus","color":"#0059a9","colorDark":"#00294f","angle":226.7,"snapDist":7,"label":1}},{"type":"Feature","geometry":{"type":"Point","coordinates":[21.878482,43.336181]},"properties":{"name":"Niš Mega maksi","lines":"3, 9, 34A, 34B","arr":["3","9","34A","34B"],"terminus":0,"mode":"bus","color":"#0059a9","colorDark":"#00294f","angle":227.2,"snapDist":14,"label":0}},{"type":"Feature","geometry":{"type":"Point","coordinates":[21.882558,43.333028]},"properties":{"name":"DIN","lines":"3, 9, 29, 30, 31, 32, 32A, 34A, 34B, 39","arr":["3","9","29","30","31","32","32A","34A","34B","39"],"terminus":0,"mode":"bus","color":"#0059a9","colorDark":"#00294f","angle":226.8,"snapDist":6,"label":0}},{"type":"Feature","geometry":{"type":"Point","coordinates":[21.886994,43.329408]},"properties":{"name":"Logor","lines":"3, 9, 29, 30, 31, 32, 32A, 34A, 34B, 39","arr":["3","9","29","30","31","32","32A","34A","34B","39"],"terminus":0,"mode":"bus","color":"#0059a9","colorDark":"#00294f","angle":237.5,"snapDist":9,"label":1}},{"type":"Feature","geometry":{"type":"Point","coordinates":[21.890135,43.32372]},"properties":{"name":"Autobuska stanica","lines":"3, 9, 12, 34A","arr":["3","9","12","34A"],"terminus":0,"mode":"bus","color":"#0059a9","colorDark":"#00294f","angle":271.1,"snapDist":13,"label":1}},{"type":"Feature","geometry":{"type":"Point","coordinates":[21.965977,43.308622]},"properties":{"name":"Brzi Brod","lines":"3","arr":["3"],"terminus":1,"mode":"bus","color":"#0059a9","colorDark":"#00294f","angle":60.1,"snapDist":2,"label":1}},{"type":"Feature","geometry":{"type":"Point","coordinates":[21.8902,43.325144]},"properties":{"name":"Autobuska stanica","lines":"3, 7, 9, 12, 34B","arr":["3","7","9","12","34B"],"terminus":0,"mode":"bus","color":"#0059a9","colorDark":"#00294f","angle":92.8,"snapDist":1,"label":0}},{"type":"Feature","geometry":{"type":"Point","coordinates":[21.886923,43.329618]},"properties":{"name":"Logor","lines":"3, 7, 9, 28B, 29, 30, 31, 32, 32A, 34A, 34B, 39","arr":["3","7","9","28B","29","30","31","32","32A","34A","34B","39"],"terminus":0,"mode":"bus","color":"#0059a9","colorDark":"#00294f","angle":57.5,"snapDist":3,"label":0}},{"type":"Feature","geometry":{"type":"Point","coordinates":[21.881747,43.333759]},"properties":{"name":"DIN","lines":"3, 9, 28B, 29, 30, 31, 32, 32A, 34A, 34B, 39, 5001, 5002, 5004, 5005, 6000, 7000","arr":["3","9","28B","29","30","31","32","32A","34A","34B","39","5001","5002","5004","5005","6000","7000"],"terminus":1,"mode":"bus","color":"#0059a9","colorDark":"#00294f","angle":46.7,"snapDist":3,"label":1}},{"type":"Feature","geometry":{"type":"Point","coordinates":[21.879242,43.335701]},"properties":{"name":"Niš Mega maksi","lines":"3, 9, 34A, 34B, 5000","arr":["3","9","34A","34B","5000"],"terminus":1,"mode":"bus","color":"#0059a9","colorDark":"#00294f","angle":47.2,"snapDist":0,"label":1}},{"type":"Feature","geometry":{"type":"Point","coordinates":[21.876052,43.338162]},"properties":{"name":"Jastrebac","lines":"3, 9, 28B, 29, 30, 31, 32, 32A, 34A, 34B, 39","arr":["3","9","28B","29","30","31","32","32A","34A","34B","39"],"terminus":0,"mode":"bus","color":"#0059a9","colorDark":"#00294f","angle":46.5,"snapDist":1,"label":1}},{"type":"Feature","geometry":{"type":"Point","coordinates":[21.870408,43.342508]},"properties":{"name":"Ratka Jovića","lines":"3, 28B, 29, 32, 32A, 34A, 34B, 39","arr":["3","28B","29","32","32A","34A","34B","39"],"terminus":0,"mode":"bus","color":"#0059a9","colorDark":"#00294f","angle":47,"snapDist":2,"label":0}},{"type":"Feature","geometry":{"type":"Point","coordinates":[21.868039,43.344357]},"properties":{"name":"Naselje Ratko Jović","lines":"3, 28B, 29, 32, 32A, 34A, 34B, 39","arr":["3","28B","29","32","32A","34A","34B","39"],"terminus":1,"mode":"bus","color":"#0059a9","colorDark":"#00294f","angle":48.1,"snapDist":1,"label":0}},{"type":"Feature","geometry":{"type":"Point","coordinates":[21.864624,43.342331]},"properties":{"name":"Džonson elektrik ( ka Velprou)","lines":"3","arr":["3"],"terminus":0,"mode":"bus","color":"#0059a9","colorDark":"#00294f","angle":21,"snapDist":4,"label":1}},{"type":"Feature","geometry":{"type":"Point","coordinates":[21.860347,43.343522]},"properties":{"name":"Salon nameštaja","lines":"3","arr":["3"],"terminus":0,"mode":"bus","color":"#0059a9","colorDark":"#00294f","angle":22.3,"snapDist":3,"label":1}},{"type":"Feature","geometry":{"type":"Point","coordinates":[21.858417,43.344297]},"properties":{"name":"Velpro (raskrsnica)","lines":"3","arr":["3"],"terminus":1,"mode":"bus","color":"#0059a9","colorDark":"#00294f","angle":-143.1,"snapDist":20,"label":1}},{"type":"Feature","geometry":{"type":"Point","coordinates":[21.941181,43.335484]},"properties":{"name":"Čalije - ulica Ruža","lines":"4","arr":["4"],"terminus":1,"mode":"bus","color":"#0059a9","colorDark":"#00294f","angle":88.4,"snapDist":5,"label":1}},{"type":"Feature","geometry":{"type":"Point","coordinates":[21.93865,43.334641]},"properties":{"name":"Vukašina Mrnjavčevića","lines":"4","arr":["4"],"terminus":0,"mode":"bus","color":"#0059a9","colorDark":"#00294f","angle":13.5,"snapDist":1,"label":1}},{"type":"Feature","geometry":{"type":"Point","coordinates":[21.936852,43.334306]},"properties":{"name":"Matejevački put 1","lines":"4, 15, 15A","arr":["4","15","15A"],"terminus":0,"mode":"bus","color":"#0059a9","colorDark":"#00294f","angle":270.3,"snapDist":4,"label":1}},{"type":"Feature","geometry":{"type":"Point","coordinates":[21.937,43.331598]},"properties":{"name":"Matejevački put","lines":"4, 15, 15A","arr":["4","15","15A"],"terminus":0,"mode":"bus","color":"#0059a9","colorDark":"#00294f","angle":267.9,"snapDist":4,"label":1}},{"type":"Feature","geometry":{"type":"Point","coordinates":[21.937389,43.323708]},"properties":{"name":"Most Medijana","lines":"4","arr":["4"],"terminus":0,"mode":"bus","color":"#0059a9","colorDark":"#00294f","angle":267.8,"snapDist":6,"label":1}},{"type":"Feature","geometry":{"type":"Point","coordinates":[21.93544,43.321179]},"properties":{"name":"Tržni centri","lines":"4","arr":["4"],"terminus":0,"mode":"bus","color":"#0059a9","colorDark":"#00294f","angle":15.6,"snapDist":0,"label":1}},{"type":"Feature","geometry":{"type":"Point","coordinates":[21.931103,43.323566]},"properties":{"name":"Magdon","lines":"4","arr":["4"],"terminus":0,"mode":"bus","color":"#0059a9","colorDark":"#00294f","angle":32.8,"snapDist":0,"label":1}},{"type":"Feature","geometry":{"type":"Point","coordinates":[21.927752,43.323256]},"properties":{"name":"Pijaca Duvanište NA ZAHTEV","lines":"4","arr":["4"],"terminus":0,"mode":"bus","color":"#0059a9","colorDark":"#00294f","angle":334.5,"snapDist":4,"label":1}},{"type":"Feature","geometry":{"type":"Point","coordinates":[21.927696,43.321609]},"properties":{"name":"Branka Miljkovića ( ka Trošarini)","lines":"4, 6, 11, 34B","arr":["4","6","11","34B"],"terminus":0,"mode":"bus","color":"#0059a9","colorDark":"#00294f","angle":244.1,"snapDist":10,"label":1}},{"type":"Feature","geometry":{"type":"Point","coordinates":[21.928965,43.318451]},"properties":{"name":"Đerdapska ( ka Trošarini)","lines":"4, 34B","arr":["4","34B"],"terminus":0,"mode":"bus","color":"#0059a9","colorDark":"#00294f","angle":276.5,"snapDist":6,"label":1}},{"type":"Feature","geometry":{"type":"Point","coordinates":[21.928532,43.316175]},"properties":{"name":"Stonoteniski dom ( ka Trošarini )","lines":"4, 34B","arr":["4","34B"],"terminus":0,"mode":"bus","color":"#0059a9","colorDark":"#00294f","angle":277.9,"snapDist":7,"label":1}},{"type":"Feature","geometry":{"type":"Point","coordinates":[21.927534,43.312851]},"properties":{"name":"Trošarina ( ka Ćele Kuli )","lines":"4, 13, 34B","arr":["4","13","34B"],"terminus":0,"mode":"bus","color":"#0059a9","colorDark":"#00294f","angle":268.4,"snapDist":5,"label":1}},{"type":"Feature","geometry":{"type":"Point","coordinates":[21.927724,43.312375]},"properties":{"name":"Trošarina ( ka B.Miljkovića )","lines":"4, 13, 34A","arr":["4","13","34A"],"terminus":0,"mode":"bus","color":"#0059a9","colorDark":"#00294f","angle":87.6,"snapDist":1,"label":1}},{"type":"Feature","geometry":{"type":"Point","coordinates":[21.92846,43.315793]},"properties":{"name":"Stonoteniski dom ( ka Viz. Bulevaru )","lines":"4, 34A","arr":["4","34A"],"terminus":0,"mode":"bus","color":"#0059a9","colorDark":"#00294f","angle":97.9,"snapDist":2,"label":1}},{"type":"Feature","geometry":{"type":"Point","coordinates":[21.929027,43.319601]},"properties":{"name":"Đerdapska ( ka Viz. Bulevaru)","lines":"4, 6, 11, 34A","arr":["4","6","11","34A"],"terminus":0,"mode":"bus","color":"#0059a9","colorDark":"#00294f","angle":69,"snapDist":0,"label":1}},{"type":"Feature","geometry":{"type":"Point","coordinates":[21.927424,43.322003]},"properties":{"name":"Branka Miljkovića ( ka Viz. Bulevaru)","lines":"4, 6, 11, 34A","arr":["4","6","11","34A"],"terminus":0,"mode":"bus","color":"#0059a9","colorDark":"#00294f","angle":63.2,"snapDist":1,"label":1}},{"type":"Feature","geometry":{"type":"Point","coordinates":[21.927627,43.32311]},"properties":{"name":"Pijaca Duvanište NA ZAHTEV","lines":"4","arr":["4"],"terminus":0,"mode":"bus","color":"#0059a9","colorDark":"#00294f","angle":153.7,"snapDist":5,"label":0}},{"type":"Feature","geometry":{"type":"Point","coordinates":[21.931703,43.323106]},"properties":{"name":"Magdon","lines":"4","arr":["4"],"terminus":0,"mode":"bus","color":"#0059a9","colorDark":"#00294f","angle":221.4,"snapDist":11,"label":0}},{"type":"Feature","geometry":{"type":"Point","coordinates":[21.934502,43.321303]},"properties":{"name":"Tržni centri","lines":"4","arr":["4"],"terminus":0,"mode":"bus","color":"#0059a9","colorDark":"#00294f","angle":207.5,"snapDist":2,"label":0}},{"type":"Feature","geometry":{"type":"Point","coordinates":[21.937533,43.323701]},"properties":{"name":"Most Medijana","lines":"4","arr":["4"],"terminus":0,"mode":"bus","color":"#0059a9","colorDark":"#00294f","angle":87.9,"snapDist":1,"label":0}},{"type":"Feature","geometry":{"type":"Point","coordinates":[21.937367,43.326981]},"properties":{"name":"Zorana R. Čupe","lines":"4","arr":["4"],"terminus":0,"mode":"bus","color":"#0059a9","colorDark":"#00294f","angle":88.1,"snapDist":1,"label":1}},{"type":"Feature","geometry":{"type":"Point","coordinates":[21.937173,43.331063]},"properties":{"name":"Matejevački put","lines":"4, 15, 15A","arr":["4","15","15A"],"terminus":0,"mode":"bus","color":"#0059a9","colorDark":"#00294f","angle":87.7,"snapDist":1,"label":0}},{"type":"Feature","geometry":{"type":"Point","coordinates":[21.940405,43.333212]},"properties":{"name":"Ulica Borova","lines":"4","arr":["4"],"terminus":0,"mode":"bus","color":"#0059a9","colorDark":"#00294f","angle":88.5,"snapDist":4,"label":1}},{"type":"Feature","geometry":{"type":"Point","coordinates":[21.908179,43.331962]},"properties":{"name":"MK Branko Mišić - Kamenko","lines":"5, 14, 14A","arr":["5","14","14A"],"terminus":0,"mode":"bus","color":"#0059a9","colorDark":"#00294f","angle":106.5,"snapDist":2,"label":1}},{"type":"Feature","geometry":{"type":"Point","coordinates":[21.912087,43.334247]},"properties":{"name":"Sv. Pantelejmon","lines":"5","arr":["5"],"terminus":0,"mode":"bus","color":"#0059a9","colorDark":"#00294f","angle":185.8,"snapDist":9,"label":1}},{"type":"Feature","geometry":{"type":"Point","coordinates":[21.916481,43.333899]},"properties":{"name":"Vase Pelagića","lines":"5","arr":["5"],"terminus":0,"mode":"bus","color":"#0059a9","colorDark":"#00294f","angle":186.3,"snapDist":17,"label":1}},{"type":"Feature","geometry":{"type":"Point","coordinates":[21.923283,43.335418]},"properties":{"name":"Studenička","lines":"5","arr":["5"],"terminus":0,"mode":"bus","color":"#0059a9","colorDark":"#00294f","angle":178.2,"snapDist":10,"label":1}},{"type":"Feature","geometry":{"type":"Point","coordinates":[21.926692,43.335496]},"properties":{"name":"Somborska - Despota Đurđa","lines":"5","arr":["5"],"terminus":0,"mode":"bus","color":"#0059a9","colorDark":"#00294f","angle":178.2,"snapDist":8,"label":1}},{"type":"Feature","geometry":{"type":"Point","coordinates":[21.930779,43.335604]},"properties":{"name":"Žarka Zrenjanina Niš (iz grada)","lines":"5","arr":["5"],"terminus":0,"mode":"bus","color":"#0059a9","colorDark":"#00294f","angle":178.3,"snapDist":8,"label":1}},{"type":"Feature","geometry":{"type":"Point","coordinates":[21.935508,43.335136]},"properties":{"name":"Matejevački put-kružna raskrsnica (iz grada)","lines":"5","arr":["5"],"terminus":1,"mode":"bus","color":"#0059a9","colorDark":"#00294f","angle":193.3,"snapDist":9,"label":1}},{"type":"Feature","geometry":{"type":"Point","coordinates":[21.935624,43.335227]},"properties":{"name":"Matejevački put-kružna raskrsnica","lines":"5","arr":["5"],"terminus":1,"mode":"bus","color":"#0059a9","colorDark":"#00294f","angle":13.5,"snapDist":7,"label":1}},{"type":"Feature","geometry":{"type":"Point","coordinates":[21.930354,43.335698]},"properties":{"name":"Žarka Zrenjanina Niš","lines":"5","arr":["5"],"terminus":0,"mode":"bus","color":"#0059a9","colorDark":"#00294f","angle":358.4,"snapDist":2,"label":1}},{"type":"Feature","geometry":{"type":"Point","coordinates":[21.926033,43.33559]},"properties":{"name":"Somborska - Despota Đurđa","lines":"5","arr":["5"],"terminus":0,"mode":"bus","color":"#0059a9","colorDark":"#00294f","angle":358.1,"snapDist":2,"label":0}},{"type":"Feature","geometry":{"type":"Point","coordinates":[21.922857,43.335504]},"properties":{"name":"Studenička","lines":"5","arr":["5"],"terminus":0,"mode":"bus","color":"#0059a9","colorDark":"#00294f","angle":356,"snapDist":2,"label":0}},{"type":"Feature","geometry":{"type":"Point","coordinates":[21.918695,43.334512]},"properties":{"name":"Vase Pelagića","lines":"5","arr":["5"],"terminus":0,"mode":"bus","color":"#0059a9","colorDark":"#00294f","angle":339.8,"snapDist":5,"label":0}},{"type":"Feature","geometry":{"type":"Point","coordinates":[21.911273,43.334407]},"properties":{"name":"Sv. Pantelejmon","lines":"5","arr":["5"],"terminus":0,"mode":"bus","color":"#0059a9","colorDark":"#00294f","angle":5.5,"snapDist":2,"label":0}},{"type":"Feature","geometry":{"type":"Point","coordinates":[21.90796,43.331445]},"properties":{"name":"MK Branko Mišić - Kamenko","lines":"5, 14, 14A","arr":["5","14","14A"],"terminus":0,"mode":"bus","color":"#0059a9","colorDark":"#00294f","angle":288.1,"snapDist":10,"label":0}},{"type":"Feature","geometry":{"type":"Point","coordinates":[21.878317,43.315917]},"properties":{"name":"Železnička stanica","lines":"5, 6, 33P","arr":["5","6","33P"],"terminus":1,"mode":"bus","color":"#0059a9","colorDark":"#00294f","angle":88.5,"snapDist":11,"label":0}},{"type":"Feature","geometry":{"type":"Point","coordinates":[21.908124,43.324314]},"properties":{"name":"Vojvode Mišića","lines":"6, 11, 13","arr":["6","11","13"],"terminus":0,"mode":"bus","color":"#0059a9","colorDark":"#00294f","angle":211.7,"snapDist":13,"label":1}},{"type":"Feature","geometry":{"type":"Point","coordinates":[21.913015,43.322093]},"properties":{"name":"Niš Blagoja Parovića","lines":"6, 11, 13","arr":["6","11","13"],"terminus":0,"mode":"bus","color":"#0059a9","colorDark":"#00294f","angle":213,"snapDist":11,"label":1}},{"type":"Feature","geometry":{"type":"Point","coordinates":[21.917523,43.319987]},"properties":{"name":"Krive livade","lines":"6, 11, 13","arr":["6","11","13"],"terminus":0,"mode":"bus","color":"#0059a9","colorDark":"#00294f","angle":211.4,"snapDist":8,"label":1}},{"type":"Feature","geometry":{"type":"Point","coordinates":[21.920447,43.319773]},"properties":{"name":"Romanijska","lines":"6, 11","arr":["6","11"],"terminus":0,"mode":"bus","color":"#0059a9","colorDark":"#00294f","angle":122.3,"snapDist":3,"label":1}},{"type":"Feature","geometry":{"type":"Point","coordinates":[21.923134,43.321427]},"properties":{"name":"TC Roda","lines":"6, 11","arr":["6","11"],"terminus":0,"mode":"bus","color":"#0059a9","colorDark":"#00294f","angle":155.6,"snapDist":4,"label":1}},{"type":"Feature","geometry":{"type":"Point","coordinates":[21.930062,43.31918]},"properties":{"name":"OŠ Dušan Radović","lines":"6, 11","arr":["6","11"],"terminus":0,"mode":"bus","color":"#0059a9","colorDark":"#00294f","angle":177.6,"snapDist":6,"label":1}},{"type":"Feature","geometry":{"type":"Point","coordinates":[21.935486,43.318917]},"properties":{"name":"Duvanište (okretnica)","lines":"6, 11","arr":["6","11"],"terminus":1,"mode":"bus","color":"#0059a9","colorDark":"#00294f","angle":100.8,"snapDist":5,"label":1}},{"type":"Feature","geometry":{"type":"Point","coordinates":[21.944139,43.322488]},"properties":{"name":"Niš Salvadora Dalija","lines":"6","arr":["6"],"terminus":0,"mode":"bus","color":"#0059a9","colorDark":"#00294f","angle":1.8,"snapDist":6,"label":1}},{"type":"Feature","geometry":{"type":"Point","coordinates":[21.940064,43.322903]},"properties":{"name":"Vidovdanska","lines":"6","arr":["6"],"terminus":0,"mode":"bus","color":"#0059a9","colorDark":"#00294f","angle":21.5,"snapDist":9,"label":1}},{"type":"Feature","geometry":{"type":"Point","coordinates":[21.936632,43.319898]},"properties":{"name":"DIS","lines":"6","arr":["6"],"terminus":0,"mode":"bus","color":"#0059a9","colorDark":"#00294f","angle":282.8,"snapDist":10,"label":1}},{"type":"Feature","geometry":{"type":"Point","coordinates":[21.935047,43.318793]},"properties":{"name":"Majakovskog","lines":"6","arr":["6"],"terminus":0,"mode":"bus","color":"#0059a9","colorDark":"#00294f","angle":10.4,"snapDist":2,"label":1}},{"type":"Feature","geometry":{"type":"Point","coordinates":[21.935472,43.318866]},"properties":{"name":"Duvanište","lines":"6, 11","arr":["6","11"],"terminus":1,"mode":"bus","color":"#0059a9","colorDark":"#00294f","angle":280.7,"snapDist":9,"label":1}},{"type":"Feature","geometry":{"type":"Point","coordinates":[21.931991,43.319147]},"properties":{"name":"OŠ Dušan Radović","lines":"6, 11","arr":["6","11"],"terminus":0,"mode":"bus","color":"#0059a9","colorDark":"#00294f","angle":8.2,"snapDist":0,"label":0}},{"type":"Feature","geometry":{"type":"Point","coordinates":[21.921204,43.320762]},"properties":{"name":"Branka Krsmanovića","lines":"6, 11","arr":["6","11"],"terminus":0,"mode":"bus","color":"#0059a9","colorDark":"#00294f","angle":309.6,"snapDist":8,"label":1}},{"type":"Feature","geometry":{"type":"Point","coordinates":[21.918842,43.319536]},"properties":{"name":"Trg Svetog Save","lines":"6, 11, 13","arr":["6","11","13"],"terminus":0,"mode":"bus","color":"#0059a9","colorDark":"#00294f","angle":31.4,"snapDist":2,"label":1}},{"type":"Feature","geometry":{"type":"Point","coordinates":[21.916144,43.320754]},"properties":{"name":"Krive livade","lines":"6, 11, 13","arr":["6","11","13"],"terminus":0,"mode":"bus","color":"#0059a9","colorDark":"#00294f","angle":32.8,"snapDist":3,"label":0}},{"type":"Feature","geometry":{"type":"Point","coordinates":[21.911814,43.322752]},"properties":{"name":"Niš Blagoja Parovića","lines":"6, 11, 13","arr":["6","11","13"],"terminus":0,"mode":"bus","color":"#0059a9","colorDark":"#00294f","angle":31.4,"snapDist":3,"label":0}},{"type":"Feature","geometry":{"type":"Point","coordinates":[21.908271,43.324334]},"properties":{"name":"Vojvode Mišića","lines":"6, 11, 13","arr":["6","11","13"],"terminus":0,"mode":"bus","color":"#0059a9","colorDark":"#00294f","angle":32.9,"snapDist":4,"label":0}},{"type":"Feature","geometry":{"type":"Point","coordinates":[21.882955,43.306902]},"properties":{"name":"Kalač Brdo","lines":"7","arr":["7"],"terminus":1,"mode":"bus","color":"#0059a9","colorDark":"#00294f","angle":199,"snapDist":24,"label":1}},{"type":"Feature","geometry":{"type":"Point","coordinates":[21.885862,43.305434]},"properties":{"name":"Svetislava Trgojevića","lines":"7","arr":["7"],"terminus":0,"mode":"bus","color":"#0059a9","colorDark":"#00294f","angle":216.9,"snapDist":4,"label":1}},{"type":"Feature","geometry":{"type":"Point","coordinates":[21.886095,43.307437]},"properties":{"name":"Durmitorska II","lines":"7","arr":["7"],"terminus":0,"mode":"bus","color":"#0059a9","colorDark":"#00294f","angle":61.5,"snapDist":6,"label":1}},{"type":"Feature","geometry":{"type":"Point","coordinates":[21.884759,43.308878]},"properties":{"name":"Durmitorska I","lines":"7","arr":["7"],"terminus":0,"mode":"bus","color":"#0059a9","colorDark":"#00294f","angle":51.3,"snapDist":7,"label":1}},{"type":"Feature","geometry":{"type":"Point","coordinates":[21.884352,43.311025]},"properties":{"name":"Rudnička","lines":"7","arr":["7"],"terminus":0,"mode":"bus","color":"#0059a9","colorDark":"#00294f","angle":181.5,"snapDist":5,"label":1}},{"type":"Feature","geometry":{"type":"Point","coordinates":[21.888204,43.311521]},"properties":{"name":"Fakultet zaštite na radu","lines":"7","arr":["7"],"terminus":0,"mode":"bus","color":"#0059a9","colorDark":"#00294f","angle":89.7,"snapDist":2,"label":1}},{"type":"Feature","geometry":{"type":"Point","coordinates":[21.889176,43.312623]},"properties":{"name":"Čarnojevića ( ka Njegoševoj)","lines":"7, 34A","arr":["7","34A"],"terminus":0,"mode":"bus","color":"#0059a9","colorDark":"#00294f","angle":203.3,"snapDist":3,"label":1}},{"type":"Feature","geometry":{"type":"Point","coordinates":[21.892884,43.312075]},"properties":{"name":"Staro groblje ( ka Njegoševoj)","lines":"7, 34A","arr":["7","34A"],"terminus":0,"mode":"bus","color":"#0059a9","colorDark":"#00294f","angle":178.5,"snapDist":6,"label":1}},{"type":"Feature","geometry":{"type":"Point","coordinates":[21.894635,43.315643]},"properties":{"name":"Marger","lines":"7, 8, 9, 12","arr":["7","8","9","12"],"terminus":0,"mode":"bus","color":"#0059a9","colorDark":"#00294f","angle":87.1,"snapDist":2,"label":1}},{"type":"Feature","geometry":{"type":"Point","coordinates":[21.892259,43.317623]},"properties":{"name":"Trg Pavla Stojkovića ( ka Uredu)","lines":"7, 8, 9, 12","arr":["7","8","9","12"],"terminus":1,"mode":"bus","color":"#0059a9","colorDark":"#00294f","angle":32.4,"snapDist":5,"label":1}},{"type":"Feature","geometry":{"type":"Point","coordinates":[21.8788,43.331327]},"properties":{"name":"Lipovačka","lines":"7","arr":["7"],"terminus":0,"mode":"bus","color":"#0059a9","colorDark":"#00294f","angle":11.4,"snapDist":7,"label":1}},{"type":"Feature","geometry":{"type":"Point","coordinates":[21.87507,43.331853]},"properties":{"name":"63. Padobranske - ložionica","lines":"7","arr":["7"],"terminus":1,"mode":"bus","color":"#0059a9","colorDark":"#00294f","angle":10.8,"snapDist":4,"label":1}},{"type":"Feature","geometry":{"type":"Point","coordinates":[21.891782,43.317534]},"properties":{"name":"Trg Pavla Stojkovića ( ka Margeru)","lines":"8, 9, 11, 12","arr":["8","9","11","12"],"terminus":1,"mode":"bus","color":"#0059a9","colorDark":"#00294f","angle":159.9,"snapDist":8,"label":1}},{"type":"Feature","geometry":{"type":"Point","coordinates":[21.894627,43.315763]},"properties":{"name":"Marger","lines":"8, 9, 12","arr":["8","9","12"],"terminus":0,"mode":"bus","color":"#0059a9","colorDark":"#00294f","angle":267.5,"snapDist":11,"label":0}},{"type":"Feature","geometry":{"type":"Point","coordinates":[21.895599,43.312687]},"properties":{"name":"Čačanska ( ka Pal. Pijaci)","lines":"8, 34A","arr":["8","34A"],"terminus":0,"mode":"bus","color":"#0059a9","colorDark":"#00294f","angle":170.7,"snapDist":5,"label":1}},{"type":"Feature","geometry":{"type":"Point","coordinates":[21.899568,43.312566]},"properties":{"name":"Palilulska pijaca","lines":"8, 34A","arr":["8","34A"],"terminus":0,"mode":"bus","color":"#0059a9","colorDark":"#00294f","angle":217.4,"snapDist":8,"label":1}},{"type":"Feature","geometry":{"type":"Point","coordinates":[21.905781,43.312082]},"properties":{"name":"Tehnogas","lines":"8, 34A","arr":["8","34A"],"terminus":0,"mode":"bus","color":"#0059a9","colorDark":"#00294f","angle":183.9,"snapDist":0,"label":1}},{"type":"Feature","geometry":{"type":"Point","coordinates":[21.910022,43.31193]},"properties":{"name":"Pivara","lines":"8, 34A","arr":["8","34A"],"terminus":0,"mode":"bus","color":"#0059a9","colorDark":"#00294f","angle":183.6,"snapDist":4,"label":1}},{"type":"Feature","geometry":{"type":"Point","coordinates":[21.915668,43.311703]},"properties":{"name":"Avalska","lines":"8, 22, 23, 23K, 23L","arr":["8","22","23","23K","23L"],"terminus":0,"mode":"bus","color":"#0059a9","colorDark":"#00294f","angle":183.9,"snapDist":6,"label":1}},{"type":"Feature","geometry":{"type":"Point","coordinates":[21.919682,43.311443]},"properties":{"name":"Triglavska","lines":"8","arr":["8"],"terminus":0,"mode":"bus","color":"#0059a9","colorDark":"#00294f","angle":191,"snapDist":4,"label":1}},{"type":"Feature","geometry":{"type":"Point","coordinates":[21.921841,43.310204]},"properties":{"name":"Seličevica","lines":"8, 22, 23, 23K, 23L","arr":["8","22","23","23K","23L"],"terminus":0,"mode":"bus","color":"#0059a9","colorDark":"#00294f","angle":253.2,"snapDist":4,"label":1}},{"type":"Feature","geometry":{"type":"Point","coordinates":[21.922141,43.307665]},"properties":{"name":"Ciglana","lines":"8, 22, 23, 23K, 23L","arr":["8","22","23","23K","23L"],"terminus":0,"mode":"bus","color":"#0059a9","colorDark":"#00294f","angle":296.6,"snapDist":2,"label":1}},{"type":"Feature","geometry":{"type":"Point","coordinates":[21.920426,43.30432]},"properties":{"name":"Ciglana I (na zahtev)","lines":"8","arr":["8"],"terminus":0,"mode":"bus","color":"#0059a9","colorDark":"#00294f","angle":311,"snapDist":5,"label":1}},{"type":"Feature","geometry":{"type":"Point","coordinates":[21.91797,43.302304]},"properties":{"name":"Trafo","lines":"8, 22, 23, 23K, 23L","arr":["8","22","23","23K","23L"],"terminus":0,"mode":"bus","color":"#0059a9","colorDark":"#00294f","angle":309.1,"snapDist":2,"label":1}},{"type":"Feature","geometry":{"type":"Point","coordinates":[21.918493,43.300775]},"properties":{"name":"Ljubomira Nikolića","lines":"8","arr":["8"],"terminus":0,"mode":"bus","color":"#0059a9","colorDark":"#00294f","angle":150.6,"snapDist":3,"label":1}},{"type":"Feature","geometry":{"type":"Point","coordinates":[21.92191,43.30306]},"properties":{"name":"Gabrovačka Reka","lines":"8","arr":["8"],"terminus":1,"mode":"bus","color":"#0059a9","colorDark":"#00294f","angle":29.3,"snapDist":3,"label":1}},{"type":"Feature","geometry":{"type":"Point","coordinates":[21.879737,43.295753]},"properties":{"name":"Novo groblje","lines":"8","arr":["8"],"terminus":1,"mode":"bus","color":"#0059a9","colorDark":"#00294f","angle":350.8,"snapDist":3,"label":1}},{"type":"Feature","geometry":{"type":"Point","coordinates":[21.874822,43.300418]},"properties":{"name":"Pasi Poljana (raskrsnica) Z2","lines":"8, 24","arr":["8","24"],"terminus":0,"mode":"bus","color":"#0059a9","colorDark":"#00294f","angle":42,"snapDist":2,"label":1}},{"type":"Feature","geometry":{"type":"Point","coordinates":[21.873537,43.297937]},"properties":{"name":"Gligorija Đaka (c)","lines":"8","arr":["8"],"terminus":1,"mode":"bus","color":"#0059a9","colorDark":"#00294f","angle":285.7,"snapDist":8,"label":1}},{"type":"Feature","geometry":{"type":"Point","coordinates":[21.870033,43.293955]},"properties":{"name":"Lužičkih Srba (c)","lines":"8","arr":["8"],"terminus":0,"mode":"bus","color":"#0059a9","colorDark":"#00294f","angle":314.2,"snapDist":2,"label":1}},{"type":"Feature","geometry":{"type":"Point","coordinates":[21.866295,43.292802]},"properties":{"name":"MK Pasi Poljana (c)","lines":"8","arr":["8"],"terminus":0,"mode":"bus","color":"#0059a9","colorDark":"#00294f","angle":354.9,"snapDist":5,"label":1}},{"type":"Feature","geometry":{"type":"Point","coordinates":[21.866569,43.298042]},"properties":{"name":"Čedomira Krstića (NA ZAHTEV) (c)","lines":"8","arr":["8"],"terminus":0,"mode":"bus","color":"#0059a9","colorDark":"#00294f","angle":95,"snapDist":1,"label":1}},{"type":"Feature","geometry":{"type":"Point","coordinates":[21.866892,43.30077]},"properties":{"name":"Jurija Gagarina (c)","lines":"8","arr":["8"],"terminus":0,"mode":"bus","color":"#0059a9","colorDark":"#00294f","angle":93.1,"snapDist":6,"label":1}},{"type":"Feature","geometry":{"type":"Point","coordinates":[21.867281,43.304297]},"properties":{"name":"1300 kaplara","lines":"8","arr":["8"],"terminus":0,"mode":"bus","color":"#0059a9","colorDark":"#00294f","angle":94.3,"snapDist":0,"label":1}},{"type":"Feature","geometry":{"type":"Point","coordinates":[21.868302,43.307136]},"properties":{"name":"Spomenik Bubanj","lines":"8, 24, 35","arr":["8","24","35"],"terminus":0,"mode":"bus","color":"#0059a9","colorDark":"#00294f","angle":132.6,"snapDist":3,"label":1}},{"type":"Feature","geometry":{"type":"Point","coordinates":[21.876182,43.311519]},"properties":{"name":"Salvadora Allendea","lines":"8, 24","arr":["8","24"],"terminus":0,"mode":"bus","color":"#0059a9","colorDark":"#00294f","angle":321.5,"snapDist":6,"label":1}},{"type":"Feature","geometry":{"type":"Point","coordinates":[21.868267,43.307109]},"properties":{"name":"Spomenik Bubanj","lines":"8, 24","arr":["8","24"],"terminus":0,"mode":"bus","color":"#0059a9","colorDark":"#00294f","angle":312.6,"snapDist":1,"label":0}},{"type":"Feature","geometry":{"type":"Point","coordinates":[21.867281,43.304297]},"properties":{"name":"1300 kaplara (ulaz)","lines":"8","arr":["8"],"terminus":0,"mode":"bus","color":"#0059a9","colorDark":"#00294f","angle":274.3,"snapDist":0,"label":1}},{"type":"Feature","geometry":{"type":"Point","coordinates":[21.86684,43.300244]},"properties":{"name":"Jurija Gagarina","lines":"8","arr":["8"],"terminus":0,"mode":"bus","color":"#0059a9","colorDark":"#00294f","angle":275.4,"snapDist":2,"label":1}},{"type":"Feature","geometry":{"type":"Point","coordinates":[21.866471,43.297591]},"properties":{"name":"Čedomira Krstića (NA ZAHTEV)","lines":"8","arr":["8"],"terminus":0,"mode":"bus","color":"#0059a9","colorDark":"#00294f","angle":280.9,"snapDist":4,"label":1}},{"type":"Feature","geometry":{"type":"Point","coordinates":[21.865694,43.292852]},"properties":{"name":"MK Pasi Poljana","lines":"8","arr":["8"],"terminus":0,"mode":"bus","color":"#0059a9","colorDark":"#00294f","angle":252.1,"snapDist":6,"label":1}},{"type":"Feature","geometry":{"type":"Point","coordinates":[21.869556,43.293319]},"properties":{"name":"Lužičkih Srba","lines":"8","arr":["8"],"terminus":0,"mode":"bus","color":"#0059a9","colorDark":"#00294f","angle":131.9,"snapDist":0,"label":1}},{"type":"Feature","geometry":{"type":"Point","coordinates":[21.873506,43.297862]},"properties":{"name":"Gligorija Đaka","lines":"8","arr":["8"],"terminus":1,"mode":"bus","color":"#0059a9","colorDark":"#00294f","angle":107.2,"snapDist":2,"label":1}},{"type":"Feature","geometry":{"type":"Point","coordinates":[21.918601,43.30126]},"properties":{"name":"Igralište (c)","lines":"8","arr":["8"],"terminus":0,"mode":"bus","color":"#0059a9","colorDark":"#00294f","angle":318.4,"snapDist":8,"label":1}},{"type":"Feature","geometry":{"type":"Point","coordinates":[21.917834,43.302183]},"properties":{"name":"Trafo","lines":"8, 22, 23, 23B, 23K, 23L","arr":["8","22","23","23B","23K","23L"],"terminus":0,"mode":"bus","color":"#0059a9","colorDark":"#00294f","angle":129.1,"snapDist":8,"label":0}},{"type":"Feature","geometry":{"type":"Point","coordinates":[21.920505,43.304386]},"properties":{"name":"Ciglana I (na zahtev)","lines":"8","arr":["8"],"terminus":0,"mode":"bus","color":"#0059a9","colorDark":"#00294f","angle":131,"snapDist":3,"label":0}},{"type":"Feature","geometry":{"type":"Point","coordinates":[21.921997,43.307445]},"properties":{"name":"Ciglana","lines":"8, 22, 23, 23B, 23K, 23L","arr":["8","22","23","23B","23K","23L"],"terminus":0,"mode":"bus","color":"#0059a9","colorDark":"#00294f","angle":111,"snapDist":8,"label":0}},{"type":"Feature","geometry":{"type":"Point","coordinates":[21.922065,43.309714]},"properties":{"name":"Seličevica","lines":"8, 22, 23, 23B, 23K, 23L","arr":["8","22","23","23B","23K","23L"],"terminus":0,"mode":"bus","color":"#0059a9","colorDark":"#00294f","angle":70.8,"snapDist":8,"label":0}},{"type":"Feature","geometry":{"type":"Point","coordinates":[21.91857,43.311572]},"properties":{"name":"Triglavska","lines":"8","arr":["8"],"terminus":0,"mode":"bus","color":"#0059a9","colorDark":"#00294f","angle":7,"snapDist":3,"label":0}},{"type":"Feature","geometry":{"type":"Point","coordinates":[21.913731,43.311768]},"properties":{"name":"Avalska","lines":"8, 22, 23, 23B, 23K, 23L","arr":["8","22","23","23B","23K","23L"],"terminus":0,"mode":"bus","color":"#0059a9","colorDark":"#00294f","angle":2.5,"snapDist":5,"label":0}},{"type":"Feature","geometry":{"type":"Point","coordinates":[21.909399,43.31196]},"properties":{"name":"Niskogradnja","lines":"8, 34B","arr":["8","34B"],"terminus":0,"mode":"bus","color":"#0059a9","colorDark":"#00294f","angle":3.9,"snapDist":4,"label":1}},{"type":"Feature","geometry":{"type":"Point","coordinates":[21.905355,43.312103]},"properties":{"name":"Tehnogas","lines":"8, 34B","arr":["8","34B"],"terminus":0,"mode":"bus","color":"#0059a9","colorDark":"#00294f","angle":3.9,"snapDist":3,"label":0}},{"type":"Feature","geometry":{"type":"Point","coordinates":[21.900217,43.312228]},"properties":{"name":"Palilulska pijaca (c)","lines":"8, 34B","arr":["8","34B"],"terminus":0,"mode":"bus","color":"#0059a9","colorDark":"#00294f","angle":34.8,"snapDist":1,"label":1}},{"type":"Feature","geometry":{"type":"Point","coordinates":[21.897848,43.313504]},"properties":{"name":"Episkopska","lines":"8","arr":["8"],"terminus":0,"mode":"bus","color":"#0059a9","colorDark":"#00294f","angle":33.7,"snapDist":2,"label":1}},{"type":"Feature","geometry":{"type":"Point","coordinates":[21.912105,43.304749]},"properties":{"name":"Mokranjčeva","lines":"9","arr":["9"],"terminus":1,"mode":"bus","color":"#0059a9","colorDark":"#00294f","angle":41.3,"snapDist":0,"label":1}},{"type":"Feature","geometry":{"type":"Point","coordinates":[21.908288,43.307693]},"properties":{"name":"Mokranjčeva - vidikovac","lines":"9","arr":["9"],"terminus":0,"mode":"bus","color":"#0059a9","colorDark":"#00294f","angle":37,"snapDist":1,"label":1}},{"type":"Feature","geometry":{"type":"Point","coordinates":[21.905099,43.309516]},"properties":{"name":"Mokranjčeva - trafo","lines":"9","arr":["9"],"terminus":0,"mode":"bus","color":"#0059a9","colorDark":"#00294f","angle":38.2,"snapDist":2,"label":1}},{"type":"Feature","geometry":{"type":"Point","coordinates":[21.901729,43.311432]},"properties":{"name":"Crkva Sveti Nikola","lines":"9","arr":["9"],"terminus":0,"mode":"bus","color":"#0059a9","colorDark":"#00294f","angle":35.6,"snapDist":4,"label":1}},{"type":"Feature","geometry":{"type":"Point","coordinates":[21.896555,43.311256]},"properties":{"name":"Božidarčeva","lines":"9","arr":["9"],"terminus":0,"mode":"bus","color":"#0059a9","colorDark":"#00294f","angle":2.1,"snapDist":6,"label":1}},{"type":"Feature","geometry":{"type":"Point","coordinates":[21.893593,43.31161]},"properties":{"name":"Stanoja Bunuševca","lines":"9, 12","arr":["9","12"],"terminus":0,"mode":"bus","color":"#0059a9","colorDark":"#00294f","angle":109.4,"snapDist":1,"label":1}},{"type":"Feature","geometry":{"type":"Point","coordinates":[21.878316,43.341915]},"properties":{"name":"Strugara","lines":"9, 30, 31","arr":["9","30","31"],"terminus":0,"mode":"bus","color":"#0059a9","colorDark":"#00294f","angle":121.7,"snapDist":10,"label":1}},{"type":"Feature","geometry":{"type":"Point","coordinates":[21.881742,43.345981]},"properties":{"name":"Prijepoljska","lines":"9, 30, 31","arr":["9","30","31"],"terminus":0,"mode":"bus","color":"#0059a9","colorDark":"#00294f","angle":121.5,"snapDist":3,"label":1}},{"type":"Feature","geometry":{"type":"Point","coordinates":[21.885856,43.348713]},"properties":{"name":"MK Branko Bjegović","lines":"9, 30, 31","arr":["9","30","31"],"terminus":0,"mode":"bus","color":"#0059a9","colorDark":"#00294f","angle":130.3,"snapDist":9,"label":1}},{"type":"Feature","geometry":{"type":"Point","coordinates":[21.889521,43.348296]},"properties":{"name":"22. decembar","lines":"9","arr":["9"],"terminus":0,"mode":"bus","color":"#0059a9","colorDark":"#00294f","angle":191.4,"snapDist":1,"label":1}},{"type":"Feature","geometry":{"type":"Point","coordinates":[21.892703,43.348576]},"properties":{"name":"Dobrovoljačka","lines":"9","arr":["9"],"terminus":0,"mode":"bus","color":"#0059a9","colorDark":"#00294f","angle":165.7,"snapDist":3,"label":1}},{"type":"Feature","geometry":{"type":"Point","coordinates":[21.89588,43.34866]},"properties":{"name":"Akademika Đorđa Lazarevića","lines":"9","arr":["9"],"terminus":0,"mode":"bus","color":"#0059a9","colorDark":"#00294f","angle":288.2,"snapDist":7,"label":1}},{"type":"Feature","geometry":{"type":"Point","coordinates":[21.896547,43.34658]},"properties":{"name":"Dr Veselina Krajčića (iz grada)","lines":"9","arr":["9"],"terminus":0,"mode":"bus","color":"#0059a9","colorDark":"#00294f","angle":264.9,"snapDist":4,"label":1}},{"type":"Feature","geometry":{"type":"Point","coordinates":[21.896685,43.345485]},"properties":{"name":"Dr Miloša Đorića (iz grada)","lines":"9","arr":["9"],"terminus":1,"mode":"bus","color":"#0059a9","colorDark":"#00294f","angle":264.8,"snapDist":50,"label":1}},{"type":"Feature","geometry":{"type":"Point","coordinates":[21.896814,43.344548]},"properties":{"name":"Dr Miloša Đorića","lines":"9","arr":["9"],"terminus":1,"mode":"bus","color":"#0059a9","colorDark":"#00294f","angle":84.1,"snapDist":3,"label":1}},{"type":"Feature","geometry":{"type":"Point","coordinates":[21.896506,43.346928]},"properties":{"name":"Dr Veselina Krajčića","lines":"9","arr":["9"],"terminus":0,"mode":"bus","color":"#0059a9","colorDark":"#00294f","angle":85.4,"snapDist":6,"label":1}},{"type":"Feature","geometry":{"type":"Point","coordinates":[21.895407,43.349223]},"properties":{"name":"Podvinik II","lines":"9","arr":["9"],"terminus":0,"mode":"bus","color":"#0059a9","colorDark":"#00294f","angle":342.1,"snapDist":3,"label":1}},{"type":"Feature","geometry":{"type":"Point","coordinates":[21.892336,43.348508]},"properties":{"name":"Dobrovoljačka","lines":"9","arr":["9"],"terminus":0,"mode":"bus","color":"#0059a9","colorDark":"#00294f","angle":345.7,"snapDist":1,"label":0}},{"type":"Feature","geometry":{"type":"Point","coordinates":[21.889624,43.348289]},"properties":{"name":"22. decembar","lines":"9","arr":["9"],"terminus":0,"mode":"bus","color":"#0059a9","colorDark":"#00294f","angle":1.7,"snapDist":4,"label":0}},{"type":"Feature","geometry":{"type":"Point","coordinates":[21.886036,43.348853]},"properties":{"name":"MK Branko Bjegović","lines":"9, 30, 31","arr":["9","30","31"],"terminus":0,"mode":"bus","color":"#0059a9","colorDark":"#00294f","angle":313.8,"snapDist":2,"label":0}},{"type":"Feature","geometry":{"type":"Point","coordinates":[21.881761,43.346003]},"properties":{"name":"Prijepoljska","lines":"9, 30, 31","arr":["9","30","31"],"terminus":0,"mode":"bus","color":"#0059a9","colorDark":"#00294f","angle":301.5,"snapDist":9,"label":0}},{"type":"Feature","geometry":{"type":"Point","coordinates":[21.878333,43.341935]},"properties":{"name":"Strugara","lines":"9, 30, 31","arr":["9","30","31"],"terminus":0,"mode":"bus","color":"#0059a9","colorDark":"#00294f","angle":301.7,"snapDist":1,"label":0}},{"type":"Feature","geometry":{"type":"Point","coordinates":[21.894027,43.311312]},"properties":{"name":"ul. Stanoja Bunuševca I ( ka NKC )","lines":"9","arr":["9"],"terminus":0,"mode":"bus","color":"#0059a9","colorDark":"#00294f","angle":181.3,"snapDist":3,"label":1}},{"type":"Feature","geometry":{"type":"Point","coordinates":[21.899181,43.311194]},"properties":{"name":"Niški kulturni centar","lines":"9","arr":["9"],"terminus":0,"mode":"bus","color":"#0059a9","colorDark":"#00294f","angle":181.2,"snapDist":6,"label":1}},{"type":"Feature","geometry":{"type":"Point","coordinates":[21.901845,43.311372]},"properties":{"name":"Crkva Sveti Nikola","lines":"9","arr":["9"],"terminus":0,"mode":"bus","color":"#0059a9","colorDark":"#00294f","angle":215.6,"snapDist":10,"label":0}},{"type":"Feature","geometry":{"type":"Point","coordinates":[21.904763,43.309708]},"properties":{"name":"Mokranjčeva - trafo","lines":"9","arr":["9"],"terminus":0,"mode":"bus","color":"#0059a9","colorDark":"#00294f","angle":218.2,"snapDist":3,"label":0}},{"type":"Feature","geometry":{"type":"Point","coordinates":[21.909043,43.307305]},"properties":{"name":"Mokranjčeva - vidikovac","lines":"9","arr":["9"],"terminus":0,"mode":"bus","color":"#0059a9","colorDark":"#00294f","angle":215.1,"snapDist":7,"label":0}},{"type":"Feature","geometry":{"type":"Point","coordinates":[21.911776,43.305005]},"properties":{"name":"Mokranjčeva","lines":"9","arr":["9"],"terminus":1,"mode":"bus","color":"#0059a9","colorDark":"#00294f","angle":236,"snapDist":42,"label":0}},{"type":"Feature","geometry":{"type":"Point","coordinates":[21.847306,43.316587]},"properties":{"name":"Veterinarski zavod","lines":"10, 36, 36A","arr":["10","36","36A"],"terminus":0,"mode":"bus","color":"#0059a9","colorDark":"#00294f","angle":9.6,"snapDist":7,"label":1}},{"type":"Feature","geometry":{"type":"Point","coordinates":[21.842569,43.31713]},"properties":{"name":"Metro","lines":"10, 26, 33, 33P, 36, 36A","arr":["10","26","33","33P","36","36A"],"terminus":0,"mode":"bus","color":"#0059a9","colorDark":"#00294f","angle":8.5,"snapDist":7,"label":1}},{"type":"Feature","geometry":{"type":"Point","coordinates":[21.83805,43.317568]},"properties":{"name":"Naselje Milka Protić","lines":"10, 26, 33, 33P, 36, 36A","arr":["10","26","33","33P","36","36A"],"terminus":0,"mode":"bus","color":"#0059a9","colorDark":"#00294f","angle":7.9,"snapDist":2,"label":1}},{"type":"Feature","geometry":{"type":"Point","coordinates":[21.834186,43.317963]},"properties":{"name":"KP Dom","lines":"10, 26, 33, 33P, 36, 36A","arr":["10","26","33","33P","36","36A"],"terminus":0,"mode":"bus","color":"#0059a9","colorDark":"#00294f","angle":7.3,"snapDist":12,"label":1}},{"type":"Feature","geometry":{"type":"Point","coordinates":[21.827698,43.317689]},"properties":{"name":"KP Dom - kružni tok (na zahtev) / ka Novom Selu","lines":"10","arr":["10"],"terminus":0,"mode":"bus","color":"#0059a9","colorDark":"#00294f","angle":348,"snapDist":5,"label":1}},{"type":"Feature","geometry":{"type":"Point","coordinates":[21.825185,43.31733]},"properties":{"name":"Naselje 9. Maj podvožnjak","lines":"10, 36, 36A","arr":["10","36","36A"],"terminus":0,"mode":"bus","color":"#0059a9","colorDark":"#00294f","angle":347.7,"snapDist":1,"label":1}},{"type":"Feature","geometry":{"type":"Point","coordinates":[21.817792,43.316457]},"properties":{"name":"Naselje 9. Maj","lines":"10, 25","arr":["10","25"],"terminus":1,"mode":"bus","color":"#0059a9","colorDark":"#00294f","angle":258.7,"snapDist":4,"label":1}},{"type":"Feature","geometry":{"type":"Point","coordinates":[21.81809,43.316419]},"properties":{"name":"Naselje 9. Maj - MK","lines":"10, 33, 36, 36A","arr":["10","33","36","36A"],"terminus":1,"mode":"bus","color":"#0059a9","colorDark":"#00294f","angle":172.1,"snapDist":8,"label":1}},{"type":"Feature","geometry":{"type":"Point","coordinates":[21.824239,43.317187]},"properties":{"name":"Naselje 9. Maj - podvožnjak","lines":"10, 36, 36A","arr":["10","36","36A"],"terminus":0,"mode":"bus","color":"#0059a9","colorDark":"#00294f","angle":167.6,"snapDist":6,"label":1}},{"type":"Feature","geometry":{"type":"Point","coordinates":[21.834195,43.317867]},"properties":{"name":"KP Dom","lines":"10, 26, 33, 36, 36A","arr":["10","26","33","36","36A"],"terminus":0,"mode":"bus","color":"#0059a9","colorDark":"#00294f","angle":189,"snapDist":7,"label":0}},{"type":"Feature","geometry":{"type":"Point","coordinates":[21.837542,43.31751]},"properties":{"name":"Naselje Milka Protić","lines":"10, 26, 33, 36, 36A","arr":["10","26","33","36","36A"],"terminus":0,"mode":"bus","color":"#0059a9","colorDark":"#00294f","angle":188.2,"snapDist":5,"label":0}},{"type":"Feature","geometry":{"type":"Point","coordinates":[21.842032,43.317105]},"properties":{"name":"Metro","lines":"10, 26, 33, 36, 36A","arr":["10","26","33","36","36A"],"terminus":0,"mode":"bus","color":"#0059a9","colorDark":"#00294f","angle":187.8,"snapDist":1,"label":0}},{"type":"Feature","geometry":{"type":"Point","coordinates":[21.847313,43.316497]},"properties":{"name":"Veterinarski zavod","lines":"10, 36, 36A","arr":["10","36","36A"],"terminus":0,"mode":"bus","color":"#0059a9","colorDark":"#00294f","angle":189.8,"snapDist":6,"label":0}},{"type":"Feature","geometry":{"type":"Point","coordinates":[21.864117,43.324945]},"properties":{"name":"Medoševac - okretnica","lines":"11, 29A","arr":["11","29A"],"terminus":1,"mode":"bus","color":"#0059a9","colorDark":"#00294f","angle":315,"snapDist":9,"label":1}},{"type":"Feature","geometry":{"type":"Point","coordinates":[21.864621,43.324722]},"properties":{"name":"Medoševac","lines":"11, 27A, 27B, 28, 28A","arr":["11","27A","27B","28","28A"],"terminus":0,"mode":"bus","color":"#0059a9","colorDark":"#00294f","angle":215.1,"snapDist":10,"label":1}},{"type":"Feature","geometry":{"type":"Point","coordinates":[21.867335,43.32209]},"properties":{"name":"Medoševac most","lines":"11, 27A, 27B, 28, 28A, 29A","arr":["11","27A","27B","28","28A","29A"],"terminus":0,"mode":"bus","color":"#0059a9","colorDark":"#00294f","angle":239.1,"snapDist":3,"label":1}},{"type":"Feature","geometry":{"type":"Point","coordinates":[21.870052,43.321351]},"properties":{"name":"Veterinarska stanica","lines":"11, 27A, 27B, 28, 28A, 29A","arr":["11","27A","27B","28","28A","29A"],"terminus":0,"mode":"bus","color":"#0059a9","colorDark":"#00294f","angle":188.5,"snapDist":5,"label":1}},{"type":"Feature","geometry":{"type":"Point","coordinates":[21.879135,43.320327]},"properties":{"name":"Azija centar","lines":"11, 27A, 27B, 28, 28A, 29A","arr":["11","27A","27B","28","28A","29A"],"terminus":0,"mode":"bus","color":"#0059a9","colorDark":"#00294f","angle":189.4,"snapDist":5,"label":1}},{"type":"Feature","geometry":{"type":"Point","coordinates":[21.882144,43.318611]},"properties":{"name":"Šumadijska","lines":"11, 27A, 27B, 28, 28A, 29A","arr":["11","27A","27B","28","28A","29A"],"terminus":0,"mode":"bus","color":"#0059a9","colorDark":"#00294f","angle":268.3,"snapDist":11,"label":1}},{"type":"Feature","geometry":{"type":"Point","coordinates":[21.88215,43.31845]},"properties":{"name":"Šumadijska","lines":"11, 27A, 27B, 28, 29A","arr":["11","27A","27B","28","29A"],"terminus":0,"mode":"bus","color":"#0059a9","colorDark":"#00294f","angle":88.3,"snapDist":2,"label":0}},{"type":"Feature","geometry":{"type":"Point","coordinates":[21.878544,43.3204]},"properties":{"name":"Azija centar","lines":"11, 27A, 27B, 28, 29A","arr":["11","27A","27B","28","29A"],"terminus":0,"mode":"bus","color":"#0059a9","colorDark":"#00294f","angle":9.9,"snapDist":1,"label":0}},{"type":"Feature","geometry":{"type":"Point","coordinates":[21.869956,43.321361]},"properties":{"name":"Veterinarska stanica","lines":"11, 27A, 27B, 28, 29A","arr":["11","27A","27B","28","29A"],"terminus":0,"mode":"bus","color":"#0059a9","colorDark":"#00294f","angle":8.5,"snapDist":10,"label":0}},{"type":"Feature","geometry":{"type":"Point","coordinates":[21.86721,43.322242]},"properties":{"name":"Medoševac most (iz grada)","lines":"11, 27A, 27B, 28, 29A","arr":["11","27A","27B","28","29A"],"terminus":0,"mode":"bus","color":"#0059a9","colorDark":"#00294f","angle":59.1,"snapDist":2,"label":1}},{"type":"Feature","geometry":{"type":"Point","coordinates":[21.864533,43.324766]},"properties":{"name":"Medoševac ( ka Vrtištu)","lines":"11, 27A, 27B, 28, 29A","arr":["11","27A","27B","28","29A"],"terminus":0,"mode":"bus","color":"#0059a9","colorDark":"#00294f","angle":35.1,"snapDist":2,"label":1}},{"type":"Feature","geometry":{"type":"Point","coordinates":[21.888077,43.30881]},"properties":{"name":"Njegoševa","lines":"12","arr":["12"],"terminus":1,"mode":"bus","color":"#0059a9","colorDark":"#00294f","angle":274.3,"snapDist":4,"label":1}},{"type":"Feature","geometry":{"type":"Point","coordinates":[21.892008,43.306566]},"properties":{"name":"Kragujevačka","lines":"12","arr":["12"],"terminus":0,"mode":"bus","color":"#0059a9","colorDark":"#00294f","angle":200.3,"snapDist":2,"label":1}},{"type":"Feature","geometry":{"type":"Point","coordinates":[21.891772,43.33002]},"properties":{"name":"Tehnički fakulteti ( ka Bul. N. Tesle)","lines":"12, 34B","arr":["12","34B"],"terminus":0,"mode":"bus","color":"#0059a9","colorDark":"#00294f","angle":148,"snapDist":5,"label":1}},{"type":"Feature","geometry":{"type":"Point","coordinates":[21.895215,43.332158]},"properties":{"name":"Niš Naučno-tehnološki park","lines":"12","arr":["12"],"terminus":0,"mode":"bus","color":"#0059a9","colorDark":"#00294f","angle":47.1,"snapDist":6,"label":1}},{"type":"Feature","geometry":{"type":"Point","coordinates":[21.891733,43.335266]},"properties":{"name":"Naselje Stevan Sinđelić","lines":"12","arr":["12"],"terminus":0,"mode":"bus","color":"#0059a9","colorDark":"#00294f","angle":51,"snapDist":2,"label":1}},{"type":"Feature","geometry":{"type":"Point","coordinates":[21.889365,43.33739]},"properties":{"name":"Duvanska industrija 1","lines":"12","arr":["12"],"terminus":0,"mode":"bus","color":"#0059a9","colorDark":"#00294f","angle":51,"snapDist":2,"label":1}},{"type":"Feature","geometry":{"type":"Point","coordinates":[21.88808,43.342743]},"properties":{"name":"Mariborska 1","lines":"12","arr":["12"],"terminus":0,"mode":"bus","color":"#0059a9","colorDark":"#00294f","angle":67.7,"snapDist":1,"label":1}},{"type":"Feature","geometry":{"type":"Point","coordinates":[21.886323,43.346006]},"properties":{"name":"Mariborska 2","lines":"12","arr":["12"],"terminus":0,"mode":"bus","color":"#0059a9","colorDark":"#00294f","angle":72.4,"snapDist":3,"label":1}},{"type":"Feature","geometry":{"type":"Point","coordinates":[21.885621,43.349189]},"properties":{"name":"Ulica Mladosti","lines":"12","arr":["12"],"terminus":0,"mode":"bus","color":"#0059a9","colorDark":"#00294f","angle":81.7,"snapDist":6,"label":1}},{"type":"Feature","geometry":{"type":"Point","coordinates":[21.880252,43.349632]},"properties":{"name":"MK Donji Komren","lines":"12","arr":["12"],"terminus":0,"mode":"bus","color":"#0059a9","colorDark":"#00294f","angle":1.3,"snapDist":5,"label":1}},{"type":"Feature","geometry":{"type":"Point","coordinates":[21.876495,43.34992]},"properties":{"name":"Hram Svetog Ilije","lines":"12","arr":["12"],"terminus":0,"mode":"bus","color":"#0059a9","colorDark":"#00294f","angle":358.2,"snapDist":2,"label":1}},{"type":"Feature","geometry":{"type":"Point","coordinates":[21.872855,43.349783]},"properties":{"name":"Donji Komren","lines":"12","arr":["12"],"terminus":1,"mode":"bus","color":"#0059a9","colorDark":"#00294f","angle":255.1,"snapDist":3,"label":1}},{"type":"Feature","geometry":{"type":"Point","coordinates":[21.876608,43.349924]},"properties":{"name":"Hram Svetog Ilije","lines":"12","arr":["12"],"terminus":0,"mode":"bus","color":"#0059a9","colorDark":"#00294f","angle":176.6,"snapDist":3,"label":0}},{"type":"Feature","geometry":{"type":"Point","coordinates":[21.880273,43.349632]},"properties":{"name":"MK Donji Komren","lines":"12","arr":["12"],"terminus":0,"mode":"bus","color":"#0059a9","colorDark":"#00294f","angle":181.3,"snapDist":1,"label":0}},{"type":"Feature","geometry":{"type":"Point","coordinates":[21.88523,43.349618]},"properties":{"name":"Ulica Mladosti","lines":"12","arr":["12"],"terminus":0,"mode":"bus","color":"#0059a9","colorDark":"#00294f","angle":221.3,"snapDist":0,"label":0}},{"type":"Feature","geometry":{"type":"Point","coordinates":[21.886077,43.34666]},"properties":{"name":"Mariborska 2","lines":"12","arr":["12"],"terminus":0,"mode":"bus","color":"#0059a9","colorDark":"#00294f","angle":257.1,"snapDist":7,"label":0}},{"type":"Feature","geometry":{"type":"Point","coordinates":[21.887777,43.343306]},"properties":{"name":"Mariborska 1","lines":"12","arr":["12"],"terminus":0,"mode":"bus","color":"#0059a9","colorDark":"#00294f","angle":250.8,"snapDist":7,"label":0}},{"type":"Feature","geometry":{"type":"Point","coordinates":[21.889255,43.337363]},"properties":{"name":"Duvanska industrija 1","lines":"12","arr":["12"],"terminus":0,"mode":"bus","color":"#0059a9","colorDark":"#00294f","angle":231,"snapDist":12,"label":0}},{"type":"Feature","geometry":{"type":"Point","coordinates":[21.892212,43.334727]},"properties":{"name":"Naselje Stevan Sinđelić","lines":"12","arr":["12"],"terminus":0,"mode":"bus","color":"#0059a9","colorDark":"#00294f","angle":231,"snapDist":9,"label":0}},{"type":"Feature","geometry":{"type":"Point","coordinates":[21.894014,43.331067]},"properties":{"name":"Niš Naučno-tehnološki park","lines":"12, 34A","arr":["12","34A"],"terminus":0,"mode":"bus","color":"#0059a9","colorDark":"#00294f","angle":327.5,"snapDist":0,"label":0}},{"type":"Feature","geometry":{"type":"Point","coordinates":[21.890736,43.329564]},"properties":{"name":"Tehnički fakulteti ( ka Bul.12. Februara)","lines":"12, 15, 34A","arr":["12","15","34A"],"terminus":0,"mode":"bus","color":"#0059a9","colorDark":"#00294f","angle":329,"snapDist":4,"label":1}},{"type":"Feature","geometry":{"type":"Point","coordinates":[21.8933,43.310987]},"properties":{"name":"Stanoja Bunuševca","lines":"12","arr":["12"],"terminus":0,"mode":"bus","color":"#0059a9","colorDark":"#00294f","angle":288.4,"snapDist":8,"label":0}},{"type":"Feature","geometry":{"type":"Point","coordinates":[21.92053,43.318658]},"properties":{"name":"Zona I","lines":"13","arr":["13"],"terminus":0,"mode":"bus","color":"#0059a9","colorDark":"#00294f","angle":212.1,"snapDist":8,"label":1}},{"type":"Feature","geometry":{"type":"Point","coordinates":[21.923188,43.317444]},"properties":{"name":"Zona II","lines":"13","arr":["13"],"terminus":0,"mode":"bus","color":"#0059a9","colorDark":"#00294f","angle":212.3,"snapDist":8,"label":1}},{"type":"Feature","geometry":{"type":"Point","coordinates":[21.927146,43.315361]},"properties":{"name":"OŠ Ćele Kula","lines":"13","arr":["13"],"terminus":0,"mode":"bus","color":"#0059a9","colorDark":"#00294f","angle":237.8,"snapDist":14,"label":1}},{"type":"Feature","geometry":{"type":"Point","coordinates":[21.925717,43.311372]},"properties":{"name":"Ćele Kula 1","lines":"13","arr":["13"],"terminus":1,"mode":"bus","color":"#0059a9","colorDark":"#00294f","angle":246.4,"snapDist":7,"label":1}},{"type":"Feature","geometry":{"type":"Point","coordinates":[21.930024,43.308581]},"properties":{"name":"Francuska","lines":"13","arr":["13"],"terminus":0,"mode":"bus","color":"#0059a9","colorDark":"#00294f","angle":232.3,"snapDist":6,"label":1}},{"type":"Feature","geometry":{"type":"Point","coordinates":[21.933318,43.307842]},"properties":{"name":"Heroja Pop Miće","lines":"13","arr":["13"],"terminus":0,"mode":"bus","color":"#0059a9","colorDark":"#00294f","angle":187.6,"snapDist":9,"label":1}},{"type":"Feature","geometry":{"type":"Point","coordinates":[21.936319,43.307295]},"properties":{"name":"Svrljiškog partizanskog odreda","lines":"13","arr":["13"],"terminus":0,"mode":"bus","color":"#0059a9","colorDark":"#00294f","angle":199.4,"snapDist":6,"label":1}},{"type":"Feature","geometry":{"type":"Point","coordinates":[21.940133,43.307643]},"properties":{"name":"Delijski Vis","lines":"13","arr":["13"],"terminus":1,"mode":"bus","color":"#0059a9","colorDark":"#00294f","angle":168.5,"snapDist":27,"label":1}},{"type":"Feature","geometry":{"type":"Point","coordinates":[21.940774,43.307759]},"properties":{"name":"Delijski Vis","lines":"13","arr":["13"],"terminus":1,"mode":"bus","color":"#0059a9","colorDark":"#00294f","angle":317.9,"snapDist":2,"label":0}},{"type":"Feature","geometry":{"type":"Point","coordinates":[21.936107,43.307349]},"properties":{"name":"Svrljiškog partizanskog odreda","lines":"13","arr":["13"],"terminus":0,"mode":"bus","color":"#0059a9","colorDark":"#00294f","angle":19.4,"snapDist":1,"label":0}},{"type":"Feature","geometry":{"type":"Point","coordinates":[21.932617,43.307853]},"properties":{"name":"Heroja Pop Miće","lines":"13","arr":["13"],"terminus":0,"mode":"bus","color":"#0059a9","colorDark":"#00294f","angle":0.7,"snapDist":0,"label":0}},{"type":"Feature","geometry":{"type":"Point","coordinates":[21.9297,43.308908]},"properties":{"name":"Francuska","lines":"13","arr":["13"],"terminus":0,"mode":"bus","color":"#0059a9","colorDark":"#00294f","angle":56.9,"snapDist":1,"label":0}},{"type":"Feature","geometry":{"type":"Point","coordinates":[21.926966,43.311283]},"properties":{"name":"Ćele Kula 1","lines":"13","arr":["13"],"terminus":0,"mode":"bus","color":"#0059a9","colorDark":"#00294f","angle":102,"snapDist":1,"label":0}},{"type":"Feature","geometry":{"type":"Point","coordinates":[21.927328,43.315341]},"properties":{"name":"OŠ Ćele Kula","lines":"13","arr":["13"],"terminus":0,"mode":"bus","color":"#0059a9","colorDark":"#00294f","angle":62.8,"snapDist":1,"label":0}},{"type":"Feature","geometry":{"type":"Point","coordinates":[21.922498,43.317869]},"properties":{"name":"Zona II","lines":"13","arr":["13"],"terminus":0,"mode":"bus","color":"#0059a9","colorDark":"#00294f","angle":32.2,"snapDist":5,"label":0}},{"type":"Feature","geometry":{"type":"Point","coordinates":[21.89063,43.325154]},"properties":{"name":"PAS Niš ( iz Niša )","lines":"14, 14A, 15, 16, 17, 17A, 19, 20, 20A, 21, 21A, 22, 23, 23B, 23K, 23L, 24, 25, 26, 27A, 27B, 28, 28B, 29, 29A, 30, 31, 32, 32A, 33, 33P, 35, 36A, 37, 39, 5001, 7000","arr":["14","14A","15","16","17","17A","19","20","20A","21","21A","22","23","23B","23K","23L","24","25","26","27A","27B","28","28B","29","29A","30","31","32","32A","33","33P","35","36A","37","39","5001","7000"],"terminus":1,"mode":"bus","color":"#0059a9","colorDark":"#00294f","angle":85.7,"snapDist":4,"label":1}},{"type":"Feature","geometry":{"type":"Point","coordinates":[21.910893,43.335706]},"properties":{"name":"Pantelej raskrsnica ( ka Cerju)","lines":"14, 14A","arr":["14","14A"],"terminus":0,"mode":"bus","color":"#0059a9","colorDark":"#00294f","angle":125.8,"snapDist":6,"label":1}},{"type":"Feature","geometry":{"type":"Point","coordinates":[21.914754,43.339088]},"properties":{"name":"Pruga ( ka Cerju)","lines":"14, 14A","arr":["14","14A"],"terminus":0,"mode":"bus","color":"#0059a9","colorDark":"#00294f","angle":161.2,"snapDist":7,"label":1}},{"type":"Feature","geometry":{"type":"Point","coordinates":[21.917788,43.341801]},"properties":{"name":"Bečejska (na zahtev) ( ka Kamenici)","lines":"14, 14A","arr":["14","14A"],"terminus":0,"mode":"bus","color":"#0059a9","colorDark":"#00294f","angle":132.7,"snapDist":4,"label":1}},{"type":"Feature","geometry":{"type":"Point","coordinates":[21.922126,43.345319]},"properties":{"name":"Prevalac I (Jumbo) ( ka Cerju)","lines":"14, 14A","arr":["14","14A"],"terminus":0,"mode":"bus","color":"#0059a9","colorDark":"#00294f","angle":144.1,"snapDist":12,"label":1}},{"type":"Feature","geometry":{"type":"Point","coordinates":[21.926265,43.348012]},"properties":{"name":"Enterijeri (na zahtev) ( ka Cerju)","lines":"14, 14A","arr":["14","14A"],"terminus":0,"mode":"bus","color":"#0059a9","colorDark":"#00294f","angle":143.9,"snapDist":11,"label":1}},{"type":"Feature","geometry":{"type":"Point","coordinates":[21.929762,43.35081]},"properties":{"name":"Prevalac II ( ka Cerju)","lines":"14, 14A","arr":["14","14A"],"terminus":0,"mode":"bus","color":"#0059a9","colorDark":"#00294f","angle":93.7,"snapDist":9,"label":1}},{"type":"Feature","geometry":{"type":"Point","coordinates":[21.931011,43.355614]},"properties":{"name":"Prevalac III ( ka Cerju)","lines":"14, 14A","arr":["14","14A"],"terminus":0,"mode":"bus","color":"#0059a9","colorDark":"#00294f","angle":108.3,"snapDist":1,"label":1}},{"type":"Feature","geometry":{"type":"Point","coordinates":[21.932212,43.35835]},"properties":{"name":"Vinik izlaz (ka Viniku)","lines":"14","arr":["14"],"terminus":1,"mode":"bus","color":"#0059a9","colorDark":"#00294f","angle":95.4,"snapDist":5,"label":1}},{"type":"Feature","geometry":{"type":"Point","coordinates":[21.933254,43.362529]},"properties":{"name":"Babin Kal (na zahtev) ( ka Cerju)","lines":"14, 14A","arr":["14","14A"],"terminus":0,"mode":"bus","color":"#0059a9","colorDark":"#00294f","angle":103.4,"snapDist":2,"label":1}},{"type":"Feature","geometry":{"type":"Point","coordinates":[21.938982,43.373813]},"properties":{"name":"Kamenica ( ka Cerju)","lines":"14, 14A","arr":["14","14A"],"terminus":0,"mode":"bus","color":"#0059a9","colorDark":"#00294f","angle":143.7,"snapDist":5,"label":1}},{"type":"Feature","geometry":{"type":"Point","coordinates":[21.938783,43.373712]},"properties":{"name":"Kamenica škola (ka Brenici)","lines":"14","arr":["14"],"terminus":0,"mode":"bus","color":"#0059a9","colorDark":"#00294f","angle":145.2,"snapDist":6,"label":1}},{"type":"Feature","geometry":{"type":"Point","coordinates":[21.938224,43.376039]},"properties":{"name":"Brenica škola ( ka Brenici)","lines":"14, 14A","arr":["14","14A"],"terminus":0,"mode":"bus","color":"#0059a9","colorDark":"#00294f","angle":76.5,"snapDist":33,"label":1}},{"type":"Feature","geometry":{"type":"Point","coordinates":[21.935035,43.378312]},"properties":{"name":"Brenica vikendice (na zahtev) ( ka Brenici)","lines":"14, 14A","arr":["14","14A"],"terminus":0,"mode":"bus","color":"#0059a9","colorDark":"#00294f","angle":50,"snapDist":1,"label":1}},{"type":"Feature","geometry":{"type":"Point","coordinates":[21.928519,43.382089]},"properties":{"name":"Brenica (okretnica)","lines":"14, 14A","arr":["14","14A"],"terminus":1,"mode":"bus","color":"#0059a9","colorDark":"#00294f","angle":1.7,"snapDist":4,"label":1}},{"type":"Feature","geometry":{"type":"Point","coordinates":[21.934528,43.378751]},"properties":{"name":"Brenica vikendice (na zahtev)","lines":"14, 14A","arr":["14","14A"],"terminus":0,"mode":"bus","color":"#0059a9","colorDark":"#00294f","angle":230,"snapDist":31,"label":1}},{"type":"Feature","geometry":{"type":"Point","coordinates":[21.938172,43.376171]},"properties":{"name":"Brenica škola","lines":"14, 14A","arr":["14","14A"],"terminus":0,"mode":"bus","color":"#0059a9","colorDark":"#00294f","angle":251.3,"snapDist":24,"label":1}},{"type":"Feature","geometry":{"type":"Point","coordinates":[21.938972,43.373807]},"properties":{"name":"Kamenica škola","lines":"14","arr":["14"],"terminus":0,"mode":"bus","color":"#0059a9","colorDark":"#00294f","angle":323.7,"snapDist":30,"label":1}},{"type":"Feature","geometry":{"type":"Point","coordinates":[21.938649,43.373644]},"properties":{"name":"Kamenica","lines":"14, 14A","arr":["14","14A"],"terminus":0,"mode":"bus","color":"#0059a9","colorDark":"#00294f","angle":145.2,"snapDist":20,"label":1}},{"type":"Feature","geometry":{"type":"Point","coordinates":[21.933182,43.362308]},"properties":{"name":"Babin Kal (na zahtev)","lines":"14, 14A","arr":["14","14A"],"terminus":0,"mode":"bus","color":"#0059a9","colorDark":"#00294f","angle":283.4,"snapDist":2,"label":1}},{"type":"Feature","geometry":{"type":"Point","coordinates":[21.931654,43.356723]},"properties":{"name":"Vinik izlaz","lines":"14","arr":["14"],"terminus":0,"mode":"bus","color":"#0059a9","colorDark":"#00294f","angle":295.5,"snapDist":15,"label":1}},{"type":"Feature","geometry":{"type":"Point","coordinates":[21.930894,43.355357]},"properties":{"name":"Prevalac III","lines":"14, 14A","arr":["14","14A"],"terminus":0,"mode":"bus","color":"#0059a9","colorDark":"#00294f","angle":288.3,"snapDist":1,"label":1}},{"type":"Feature","geometry":{"type":"Point","coordinates":[21.929761,43.350753]},"properties":{"name":"Prevalac II","lines":"14, 14A","arr":["14","14A"],"terminus":0,"mode":"bus","color":"#0059a9","colorDark":"#00294f","angle":270.6,"snapDist":2,"label":1}},{"type":"Feature","geometry":{"type":"Point","coordinates":[21.926044,43.347878]},"properties":{"name":"Enterijeri (na zahtev)","lines":"14, 14A","arr":["14","14A"],"terminus":0,"mode":"bus","color":"#0059a9","colorDark":"#00294f","angle":317.8,"snapDist":16,"label":1}},{"type":"Feature","geometry":{"type":"Point","coordinates":[21.923241,43.345921]},"properties":{"name":"Prevalac I (Jumbo)","lines":"14, 14A","arr":["14","14A"],"terminus":0,"mode":"bus","color":"#0059a9","colorDark":"#00294f","angle":319.7,"snapDist":1,"label":1}},{"type":"Feature","geometry":{"type":"Point","coordinates":[21.917168,43.341346]},"properties":{"name":"Bečejska (na zahtev)","lines":"14, 14A","arr":["14","14A"],"terminus":0,"mode":"bus","color":"#0059a9","colorDark":"#00294f","angle":126.9,"snapDist":10,"label":1}},{"type":"Feature","geometry":{"type":"Point","coordinates":[21.913784,43.338833]},"properties":{"name":"Pruga","lines":"14, 14A","arr":["14","14A"],"terminus":0,"mode":"bus","color":"#0059a9","colorDark":"#00294f","angle":337.7,"snapDist":4,"label":1}},{"type":"Feature","geometry":{"type":"Point","coordinates":[21.910427,43.335265]},"properties":{"name":"Pantelej raskrsnica","lines":"14, 14A","arr":["14","14A"],"terminus":0,"mode":"bus","color":"#0059a9","colorDark":"#00294f","angle":307.9,"snapDist":1,"label":1}},{"type":"Feature","geometry":{"type":"Point","coordinates":[21.895735,43.323347]},"properties":{"name":"Tvrđava","lines":"14, 14A, 15, 16, 17, 17A","arr":["14","14A","15","16","17","17A"],"terminus":0,"mode":"bus","color":"#0059a9","colorDark":"#00294f","angle":329.1,"snapDist":11,"label":1}},{"type":"Feature","geometry":{"type":"Point","coordinates":[21.890199,43.325121]},"properties":{"name":"PAS Niš ( ka Nišu )","lines":"14, 14A, 15, 16, 18, 19, 20, 20A, 21, 23, 23B, 23K, 23L, 24, 25, 26, 27A, 27B, 28, 28A, 29, 29A, 30, 31, 32, 32A, 33, 35, 36A, 37, 39, 5000, 5002, 5004, 5005, 6000","arr":["14","14A","15","16","18","19","20","20A","21","23","23B","23K","23L","24","25","26","27A","27B","28","28A","29","29A","30","31","32","32A","33","35","36A","37","39","5000","5002","5004","5005","6000"],"terminus":1,"mode":"bus","color":"#0059a9","colorDark":"#00294f","angle":92.8,"snapDist":8,"label":1}},{"type":"Feature","geometry":{"type":"Point","coordinates":[21.940738,43.376315]},"properties":{"name":"Kamenica spomenik ( ka Cerju)","lines":"14A","arr":["14A"],"terminus":0,"mode":"bus","color":"#0059a9","colorDark":"#00294f","angle":45.2,"snapDist":4,"label":1}},{"type":"Feature","geometry":{"type":"Point","coordinates":[21.93989,43.388827]},"properties":{"name":"Dabilo česma (na zahtev) ( ka Cerju)","lines":"14A","arr":["14A"],"terminus":0,"mode":"bus","color":"#0059a9","colorDark":"#00294f","angle":102.6,"snapDist":4,"label":1}},{"type":"Feature","geometry":{"type":"Point","coordinates":[21.939059,43.393731]},"properties":{"name":"Cerjanska pećina (na zahtev) ( ka Cerju)","lines":"14A","arr":["14A"],"terminus":0,"mode":"bus","color":"#0059a9","colorDark":"#00294f","angle":102.2,"snapDist":13,"label":1}},{"type":"Feature","geometry":{"type":"Point","coordinates":[21.929693,43.40399]},"properties":{"name":"Kapetanove pojate ( ka Cerju)","lines":"14A","arr":["14A"],"terminus":0,"mode":"bus","color":"#0059a9","colorDark":"#00294f","angle":-120.1,"snapDist":12,"label":1}},{"type":"Feature","geometry":{"type":"Point","coordinates":[21.926975,43.411733]},"properties":{"name":"Bašte (na zahtev) (ka Cerju)","lines":"14A","arr":["14A"],"terminus":0,"mode":"bus","color":"#0059a9","colorDark":"#00294f","angle":25.5,"snapDist":16,"label":1}},{"type":"Feature","geometry":{"type":"Point","coordinates":[21.910478,43.426961]},"properties":{"name":"Cerje","lines":"14A","arr":["14A"],"terminus":1,"mode":"bus","color":"#0059a9","colorDark":"#00294f","angle":325,"snapDist":8,"label":1}},{"type":"Feature","geometry":{"type":"Point","coordinates":[21.926991,43.411728]},"properties":{"name":"Bašte (na zahtev)","lines":"14A","arr":["14A"],"terminus":0,"mode":"bus","color":"#0059a9","colorDark":"#00294f","angle":205.5,"snapDist":1,"label":1}},{"type":"Feature","geometry":{"type":"Point","coordinates":[21.930022,43.403461]},"properties":{"name":"Kapetanove pojate","lines":"14A","arr":["14A"],"terminus":0,"mode":"bus","color":"#0059a9","colorDark":"#00294f","angle":233,"snapDist":8,"label":1}},{"type":"Feature","geometry":{"type":"Point","coordinates":[21.939038,43.393821]},"properties":{"name":"Cerjanska pećina na zahtev","lines":"14A","arr":["14A"],"terminus":0,"mode":"bus","color":"#0059a9","colorDark":"#00294f","angle":232.4,"snapDist":1,"label":1}},{"type":"Feature","geometry":{"type":"Point","coordinates":[21.939916,43.388911]},"properties":{"name":"Dabilo česma (na zahtev)","lines":"14A","arr":["14A"],"terminus":0,"mode":"bus","color":"#0059a9","colorDark":"#00294f","angle":282.4,"snapDist":14,"label":1}},{"type":"Feature","geometry":{"type":"Point","coordinates":[21.940681,43.376357]},"properties":{"name":"Kamenica spomenik","lines":"14A","arr":["14A"],"terminus":0,"mode":"bus","color":"#0059a9","colorDark":"#00294f","angle":45.2,"snapDist":19,"label":1}},{"type":"Feature","geometry":{"type":"Point","coordinates":[21.936977,43.334364]},"properties":{"name":"Matejevački put 1","lines":"15, 15A","arr":["15","15A"],"terminus":0,"mode":"bus","color":"#0059a9","colorDark":"#00294f","angle":88.3,"snapDist":8,"label":0}},{"type":"Feature","geometry":{"type":"Point","coordinates":[21.936494,43.346079]},"properties":{"name":"Pruga (na zahtev) ( ka Knez Selu)","lines":"15, 15A","arr":["15","15A"],"terminus":0,"mode":"bus","color":"#0059a9","colorDark":"#00294f","angle":98.4,"snapDist":22,"label":1}},{"type":"Feature","geometry":{"type":"Point","coordinates":[21.945427,43.354066]},"properties":{"name":"Čegar raskrsnica ( ka Knez Selu )","lines":"15, 15A","arr":["15","15A"],"terminus":0,"mode":"bus","color":"#0059a9","colorDark":"#00294f","angle":-35.4,"snapDist":8,"label":1}},{"type":"Feature","geometry":{"type":"Point","coordinates":[21.952641,43.358764]},"properties":{"name":"Donji Matejevac raskrsnica ( ka Knez Selu )","lines":"15, 15A","arr":["15","15A"],"terminus":0,"mode":"bus","color":"#0059a9","colorDark":"#00294f","angle":145.2,"snapDist":13,"label":1}},{"type":"Feature","geometry":{"type":"Point","coordinates":[21.960301,43.361984]},"properties":{"name":"G. Matejevac ulaz ( ka Knez Selu)","lines":"15, 15A","arr":["15","15A"],"terminus":0,"mode":"bus","color":"#0059a9","colorDark":"#00294f","angle":189.5,"snapDist":13,"label":1}},{"type":"Feature","geometry":{"type":"Point","coordinates":[21.965591,43.36424]},"properties":{"name":"G. Matejevac centar ( ka Knez Selu)","lines":"15, 15A","arr":["15","15A"],"terminus":0,"mode":"bus","color":"#0059a9","colorDark":"#00294f","angle":141.6,"snapDist":4,"label":1}},{"type":"Feature","geometry":{"type":"Point","coordinates":[21.970224,43.363944]},"properties":{"name":"G. Matejevac izlaz ( ka Knez Selu)","lines":"15","arr":["15"],"terminus":0,"mode":"bus","color":"#0059a9","colorDark":"#00294f","angle":200.2,"snapDist":7,"label":1}},{"type":"Feature","geometry":{"type":"Point","coordinates":[21.988095,43.369071]},"properties":{"name":"Knez Selo - bolnica ( ka Knez Selu )","lines":"15","arr":["15"],"terminus":0,"mode":"bus","color":"#0059a9","colorDark":"#00294f","angle":266.3,"snapDist":3,"label":1}},{"type":"Feature","geometry":{"type":"Point","coordinates":[21.994799,43.366249]},"properties":{"name":"Knez Selo ( iz grada )","lines":"15","arr":["15"],"terminus":1,"mode":"bus","color":"#0059a9","colorDark":"#00294f","angle":7,"snapDist":15,"label":1}},{"type":"Feature","geometry":{"type":"Point","coordinates":[21.994947,43.366235]},"properties":{"name":"Knez Selo","lines":"15","arr":["15"],"terminus":1,"mode":"bus","color":"#0059a9","colorDark":"#00294f","angle":257.7,"snapDist":7,"label":1}},{"type":"Feature","geometry":{"type":"Point","coordinates":[21.988064,43.369375]},"properties":{"name":"Knez Selo - bolnica","lines":"15","arr":["15"],"terminus":0,"mode":"bus","color":"#0059a9","colorDark":"#00294f","angle":79.2,"snapDist":11,"label":1}},{"type":"Feature","geometry":{"type":"Point","coordinates":[21.97018,43.363956]},"properties":{"name":"G. Matejevac izlaz","lines":"15","arr":["15"],"terminus":0,"mode":"bus","color":"#0059a9","colorDark":"#00294f","angle":20.2,"snapDist":8,"label":1}},{"type":"Feature","geometry":{"type":"Point","coordinates":[21.965625,43.36426]},"properties":{"name":"G. Matejevac centar","lines":"15, 15A","arr":["15","15A"],"terminus":0,"mode":"bus","color":"#0059a9","colorDark":"#00294f","angle":321.6,"snapDist":6,"label":1}},{"type":"Feature","geometry":{"type":"Point","coordinates":[21.959913,43.362025]},"properties":{"name":"G. Matejevac ulaz","lines":"15, 15A","arr":["15","15A"],"terminus":0,"mode":"bus","color":"#0059a9","colorDark":"#00294f","angle":-174.1,"snapDist":9,"label":1}},{"type":"Feature","geometry":{"type":"Point","coordinates":[21.952639,43.358763]},"properties":{"name":"Donji Matejevac raskrsnica","lines":"15, 15A","arr":["15","15A"],"terminus":0,"mode":"bus","color":"#0059a9","colorDark":"#00294f","angle":325.2,"snapDist":10,"label":1}},{"type":"Feature","geometry":{"type":"Point","coordinates":[21.944687,43.353658]},"properties":{"name":"Čegar raskrsnica","lines":"15, 15A","arr":["15","15A"],"terminus":0,"mode":"bus","color":"#0059a9","colorDark":"#00294f","angle":321.9,"snapDist":13,"label":1}},{"type":"Feature","geometry":{"type":"Point","coordinates":[21.936534,43.346229]},"properties":{"name":"Pruga (na zahtev)","lines":"15, 15A","arr":["15","15A"],"terminus":0,"mode":"bus","color":"#0059a9","colorDark":"#00294f","angle":282.2,"snapDist":11,"label":1}},{"type":"Feature","geometry":{"type":"Point","coordinates":[21.967985,43.363824]},"properties":{"name":"G. Matejevac - prodavnica","lines":"15A","arr":["15A"],"terminus":1,"mode":"bus","color":"#0059a9","colorDark":"#00294f","angle":151.2,"snapDist":11,"label":1}},{"type":"Feature","geometry":{"type":"Point","coordinates":[21.967577,43.363941]},"properties":{"name":"G. Matejevac prodavnica","lines":"15A","arr":["15A"],"terminus":1,"mode":"bus","color":"#0059a9","colorDark":"#00294f","angle":66.6,"snapDist":28,"label":1}},{"type":"Feature","geometry":{"type":"Point","coordinates":[22.045476,43.37792]},"properties":{"name":"Vrelo okretnica","lines":"16","arr":["16"],"terminus":1,"mode":"bus","color":"#0059a9","colorDark":"#00294f","angle":245.9,"snapDist":23,"label":1}},{"type":"Feature","geometry":{"type":"Point","coordinates":[22.037767,43.360821]},"properties":{"name":"Jasenovik raskrsnica","lines":"16","arr":["16"],"terminus":0,"mode":"bus","color":"#0059a9","colorDark":"#00294f","angle":336.7,"snapDist":6,"label":1}},{"type":"Feature","geometry":{"type":"Point","coordinates":[22.038607,43.347936]},"properties":{"name":"Pasjača raskrsnica","lines":"16, 17","arr":["16","17"],"terminus":0,"mode":"bus","color":"#0059a9","colorDark":"#00294f","angle":258.1,"snapDist":12,"label":1}},{"type":"Feature","geometry":{"type":"Point","coordinates":[22.028865,43.336429]},"properties":{"name":"Malča igralište","lines":"16, 17","arr":["16","17"],"terminus":0,"mode":"bus","color":"#0059a9","colorDark":"#00294f","angle":127.8,"snapDist":14,"label":1}},{"type":"Feature","geometry":{"type":"Point","coordinates":[22.024083,43.329942]},"properties":{"name":"Malča podrum","lines":"16, 17","arr":["16","17"],"terminus":0,"mode":"bus","color":"#0059a9","colorDark":"#00294f","angle":296.5,"snapDist":44,"label":1}},{"type":"Feature","geometry":{"type":"Point","coordinates":[22.012556,43.319005]},"properties":{"name":"Malča benzinska stanica","lines":"16, 17","arr":["16","17"],"terminus":0,"mode":"bus","color":"#0059a9","colorDark":"#00294f","angle":358.1,"snapDist":2,"label":1}},{"type":"Feature","geometry":{"type":"Point","coordinates":[21.993658,43.324641]},"properties":{"name":"Gornja Vrežina izlaz ( ka G. Vrežini)","lines":"16, 17","arr":["16","17"],"terminus":0,"mode":"bus","color":"#0059a9","colorDark":"#00294f","angle":86.8,"snapDist":3,"label":1}},{"type":"Feature","geometry":{"type":"Point","coordinates":[21.992331,43.327812]},"properties":{"name":"Gornja Vrežina","lines":"16, 17, 17A","arr":["16","17","17A"],"terminus":0,"mode":"bus","color":"#0059a9","colorDark":"#00294f","angle":35.1,"snapDist":2,"label":1}},{"type":"Feature","geometry":{"type":"Point","coordinates":[21.986966,43.326925]},"properties":{"name":"Izletište Gradac (novi put)","lines":"16, 17, 17A","arr":["16","17","17A"],"terminus":0,"mode":"bus","color":"#0059a9","colorDark":"#00294f","angle":347.2,"snapDist":8,"label":1}},{"type":"Feature","geometry":{"type":"Point","coordinates":[21.97989,43.326047]},"properties":{"name":"Gornja Vrežina ulaz","lines":"16, 17, 17A","arr":["16","17","17A"],"terminus":0,"mode":"bus","color":"#0059a9","colorDark":"#00294f","angle":319.1,"snapDist":19,"label":1}},{"type":"Feature","geometry":{"type":"Point","coordinates":[21.974769,43.325532]},"properties":{"name":"Gornja Vrežina - vikend naselje","lines":"16, 17, 17A","arr":["16","17","17A"],"terminus":0,"mode":"bus","color":"#0059a9","colorDark":"#00294f","angle":351.6,"snapDist":11,"label":1}},{"type":"Feature","geometry":{"type":"Point","coordinates":[21.962948,43.326218]},"properties":{"name":"Podvožnjak (na zahtev)","lines":"16, 17, 17A","arr":["16","17","17A"],"terminus":0,"mode":"bus","color":"#0059a9","colorDark":"#00294f","angle":34.6,"snapDist":9,"label":1}},{"type":"Feature","geometry":{"type":"Point","coordinates":[21.95466,43.328968]},"properties":{"name":"Vulkanizer (na zahtev)","lines":"16, 17, 17A","arr":["16","17","17A"],"terminus":0,"mode":"bus","color":"#0059a9","colorDark":"#00294f","angle":18.8,"snapDist":12,"label":1}},{"type":"Feature","geometry":{"type":"Point","coordinates":[21.955798,43.328686]},"properties":{"name":"Vulkanizer (na zahtev)","lines":"16, 17, 17A","arr":["16","17","17A"],"terminus":0,"mode":"bus","color":"#0059a9","colorDark":"#00294f","angle":198.8,"snapDist":17,"label":0}},{"type":"Feature","geometry":{"type":"Point","coordinates":[21.993653,43.324707]},"properties":{"name":"Gornja Vrežina izlaz ( ka Vrelu)","lines":"16, 17","arr":["16","17"],"terminus":0,"mode":"bus","color":"#0059a9","colorDark":"#00294f","angle":266.8,"snapDist":16,"label":1}},{"type":"Feature","geometry":{"type":"Point","coordinates":[22.014414,43.31905]},"properties":{"name":"Malča benzinska stanica ( ka Vrelu )","lines":"16, 17","arr":["16","17"],"terminus":0,"mode":"bus","color":"#0059a9","colorDark":"#00294f","angle":178.1,"snapDist":10,"label":1}},{"type":"Feature","geometry":{"type":"Point","coordinates":[22.024609,43.330551]},"properties":{"name":"Malča podrum ( ka Vrelu )","lines":"16, 17","arr":["16","17"],"terminus":0,"mode":"bus","color":"#0059a9","colorDark":"#00294f","angle":129.7,"snapDist":46,"label":1}},{"type":"Feature","geometry":{"type":"Point","coordinates":[22.029888,43.337527]},"properties":{"name":"Malča igralište ( ka Vrelu )","lines":"16, 17","arr":["16","17"],"terminus":0,"mode":"bus","color":"#0059a9","colorDark":"#00294f","angle":125,"snapDist":1,"label":1}},{"type":"Feature","geometry":{"type":"Point","coordinates":[22.038829,43.347915]},"properties":{"name":"Pasjača raskrsnica ( ka Vrelu, Oreovcu )","lines":"16, 17","arr":["16","17"],"terminus":0,"mode":"bus","color":"#0059a9","colorDark":"#00294f","angle":117.5,"snapDist":4,"label":1}},{"type":"Feature","geometry":{"type":"Point","coordinates":[22.037867,43.360852]},"properties":{"name":"Jasenovik raskrsnica ( ka Vrelu )","lines":"16","arr":["16"],"terminus":0,"mode":"bus","color":"#0059a9","colorDark":"#00294f","angle":156.7,"snapDist":10,"label":1}},{"type":"Feature","geometry":{"type":"Point","coordinates":[22.045397,43.378753]},"properties":{"name":"Vrelo okretnica","lines":"16","arr":["16"],"terminus":1,"mode":"bus","color":"#0059a9","colorDark":"#00294f","angle":94.2,"snapDist":9,"label":0}},{"type":"Feature","geometry":{"type":"Point","coordinates":[22.054892,43.352153]},"properties":{"name":"Pasjača (bara) ( ka Oreovcu)","lines":"17","arr":["17"],"terminus":0,"mode":"bus","color":"#0059a9","colorDark":"#00294f","angle":102.7,"snapDist":6,"label":1}},{"type":"Feature","geometry":{"type":"Point","coordinates":[22.060059,43.355954]},"properties":{"name":"Pasjača česma ( ka Oreovcu)","lines":"17","arr":["17"],"terminus":0,"mode":"bus","color":"#0059a9","colorDark":"#00294f","angle":131,"snapDist":17,"label":1}},{"type":"Feature","geometry":{"type":"Point","coordinates":[22.058436,43.358946]},"properties":{"name":"Pasjača škola ( ka Oreovcu)","lines":"17","arr":["17"],"terminus":0,"mode":"bus","color":"#0059a9","colorDark":"#00294f","angle":-71.8,"snapDist":14,"label":1}},{"type":"Feature","geometry":{"type":"Point","coordinates":[22.065515,43.367148]},"properties":{"name":"Oreovac ulaz ( ka Oreovcu)","lines":"17","arr":["17"],"terminus":0,"mode":"bus","color":"#0059a9","colorDark":"#00294f","angle":137.3,"snapDist":5,"label":1}},{"type":"Feature","geometry":{"type":"Point","coordinates":[22.068311,43.367206]},"properties":{"name":"Oreovac ( iz grada)","lines":"17","arr":["17"],"terminus":1,"mode":"bus","color":"#0059a9","colorDark":"#00294f","angle":177.8,"snapDist":6,"label":1}},{"type":"Feature","geometry":{"type":"Point","coordinates":[22.068267,43.367205]},"properties":{"name":"Oreovac","lines":"17","arr":["17"],"terminus":1,"mode":"bus","color":"#0059a9","colorDark":"#00294f","angle":357.8,"snapDist":9,"label":1}},{"type":"Feature","geometry":{"type":"Point","coordinates":[22.065985,43.3674]},"properties":{"name":"Oreovac ulaz","lines":"17","arr":["17"],"terminus":0,"mode":"bus","color":"#0059a9","colorDark":"#00294f","angle":324.8,"snapDist":6,"label":1}},{"type":"Feature","geometry":{"type":"Point","coordinates":[22.058436,43.358947]},"properties":{"name":"Pasjača škola","lines":"17","arr":["17"],"terminus":0,"mode":"bus","color":"#0059a9","colorDark":"#00294f","angle":108.2,"snapDist":23,"label":1}},{"type":"Feature","geometry":{"type":"Point","coordinates":[22.059991,43.355897]},"properties":{"name":"Pasjača česma","lines":"17","arr":["17"],"terminus":0,"mode":"bus","color":"#0059a9","colorDark":"#00294f","angle":131,"snapDist":17,"label":1}},{"type":"Feature","geometry":{"type":"Point","coordinates":[22.054598,43.350128]},"properties":{"name":"Pasjača (bara) B","lines":"17","arr":["17"],"terminus":0,"mode":"bus","color":"#0059a9","colorDark":"#00294f","angle":311.5,"snapDist":7,"label":1}},{"type":"Feature","geometry":{"type":"Point","coordinates":[21.994624,43.329572]},"properties":{"name":"Gornja Vrežina MK","lines":"17A","arr":["17A"],"terminus":1,"mode":"bus","color":"#0059a9","colorDark":"#00294f","angle":9.1,"snapDist":10,"label":0}},{"type":"Feature","geometry":{"type":"Point","coordinates":[22.086508,43.339103]},"properties":{"name":"Sićevo okretnica - zadruga","lines":"18, 20A","arr":["18","20A"],"terminus":1,"mode":"bus","color":"#0059a9","colorDark":"#00294f","angle":203.2,"snapDist":15,"label":1}},{"type":"Feature","geometry":{"type":"Point","coordinates":[22.085896,43.340119]},"properties":{"name":"Sićevo selo","lines":"18, 20A","arr":["18","20A"],"terminus":0,"mode":"bus","color":"#0059a9","colorDark":"#00294f","angle":12,"snapDist":50,"label":1}},{"type":"Feature","geometry":{"type":"Point","coordinates":[22.081586,43.338957]},"properties":{"name":"Sićevo ulaz - seoska česma","lines":"18, 20A","arr":["18","20A"],"terminus":0,"mode":"bus","color":"#0059a9","colorDark":"#00294f","angle":-49.4,"snapDist":16,"label":1}},{"type":"Feature","geometry":{"type":"Point","coordinates":[22.069184,43.3335]},"properties":{"name":"Kneževa česma","lines":"18, 20A","arr":["18","20A"],"terminus":0,"mode":"bus","color":"#0059a9","colorDark":"#00294f","angle":-19.2,"snapDist":7,"label":1}},{"type":"Feature","geometry":{"type":"Point","coordinates":[22.064878,43.330645]},"properties":{"name":"Sićevo hotel","lines":"18, 20, 20A","arr":["18","20","20A"],"terminus":0,"mode":"bus","color":"#0059a9","colorDark":"#00294f","angle":319.9,"snapDist":6,"label":1}},{"type":"Feature","geometry":{"type":"Point","coordinates":[22.055693,43.325177]},"properties":{"name":"Vikendice Sićevo (na zahtev)","lines":"18, 20, 20A","arr":["18","20","20A"],"terminus":0,"mode":"bus","color":"#0059a9","colorDark":"#00294f","angle":331.3,"snapDist":1,"label":1}},{"type":"Feature","geometry":{"type":"Point","coordinates":[22.048531,43.311889]},"properties":{"name":"Prosek","lines":"18, 20, 20A","arr":["18","20","20A"],"terminus":0,"mode":"bus","color":"#0059a9","colorDark":"#00294f","angle":348.1,"snapDist":9,"label":1}},{"type":"Feature","geometry":{"type":"Point","coordinates":[22.017922,43.301708]},"properties":{"name":"Konjički klub","lines":"18, 20, 20A","arr":["18","20","20A"],"terminus":0,"mode":"bus","color":"#0059a9","colorDark":"#00294f","angle":352.6,"snapDist":2,"label":1}},{"type":"Feature","geometry":{"type":"Point","coordinates":[22.010649,43.301217]},"properties":{"name":"Carigradska B","lines":"18, 20, 20A","arr":["18","20","20A"],"terminus":0,"mode":"bus","color":"#0059a9","colorDark":"#00294f","angle":355.1,"snapDist":7,"label":1}},{"type":"Feature","geometry":{"type":"Point","coordinates":[22.000413,43.299898]},"properties":{"name":"Jelašnička put ( ka Jelašnici)","lines":"19, 21, 21A","arr":["19","21","21A"],"terminus":0,"mode":"bus","color":"#0059a9","colorDark":"#00294f","angle":184,"snapDist":0,"label":1}},{"type":"Feature","geometry":{"type":"Point","coordinates":[22.018403,43.30051]},"properties":{"name":"Kožara ( ka Jelašnici)","lines":"19, 21, 21A","arr":["19","21","21A"],"terminus":0,"mode":"bus","color":"#0059a9","colorDark":"#00294f","angle":176,"snapDist":30,"label":1}},{"type":"Feature","geometry":{"type":"Point","coordinates":[22.049824,43.300814]},"properties":{"name":"Jelašnička hanovi ( ka Jelašnici)","lines":"19, 21, 21A","arr":["19","21","21A"],"terminus":0,"mode":"bus","color":"#0059a9","colorDark":"#00294f","angle":48,"snapDist":14,"label":1}},{"type":"Feature","geometry":{"type":"Point","coordinates":[22.057957,43.293512]},"properties":{"name":"Jelašnica - OŠ Đura Jakšić ( ka G. Studeni)","lines":"19, 21, 21A","arr":["19","21","21A"],"terminus":0,"mode":"bus","color":"#0059a9","colorDark":"#00294f","angle":79.1,"snapDist":26,"label":1}},{"type":"Feature","geometry":{"type":"Point","coordinates":[22.048958,43.301235]},"properties":{"name":"Jelašnička hanovi","lines":"19, 21, 21A","arr":["19","21","21A"],"terminus":0,"mode":"bus","color":"#0059a9","colorDark":"#00294f","angle":-175.3,"snapDist":51,"label":1}},{"type":"Feature","geometry":{"type":"Point","coordinates":[22.057609,43.301623]},"properties":{"name":"Hanovi izlaz ( ka Bancarevu)","lines":"19","arr":["19"],"terminus":0,"mode":"bus","color":"#0059a9","colorDark":"#00294f","angle":186,"snapDist":5,"label":1}},{"type":"Feature","geometry":{"type":"Point","coordinates":[22.067934,43.299316]},"properties":{"name":"Kunovica raskrsnica ( ka Bancarevu)","lines":"19","arr":["19"],"terminus":0,"mode":"bus","color":"#0059a9","colorDark":"#00294f","angle":164.3,"snapDist":8,"label":1}},{"type":"Feature","geometry":{"type":"Point","coordinates":[22.072654,43.300012]},"properties":{"name":"Kuražnica (na zahtev) ( ka Kunovici)","lines":"19","arr":["19"],"terminus":0,"mode":"bus","color":"#0059a9","colorDark":"#00294f","angle":178.4,"snapDist":21,"label":1}},{"type":"Feature","geometry":{"type":"Point","coordinates":[22.086741,43.302921]},"properties":{"name":"Čirak (na zahtev) ( ka Kunovici)","lines":"19","arr":["19"],"terminus":0,"mode":"bus","color":"#0059a9","colorDark":"#00294f","angle":133.2,"snapDist":5,"label":1}},{"type":"Feature","geometry":{"type":"Point","coordinates":[22.098145,43.299809]},"properties":{"name":"Kunovica","lines":"19","arr":["19"],"terminus":0,"mode":"bus","color":"#0059a9","colorDark":"#00294f","angle":19,"snapDist":15,"label":1}},{"type":"Feature","geometry":{"type":"Point","coordinates":[22.087792,43.302677]},"properties":{"name":"Čirak (na zahtev)","lines":"19","arr":["19"],"terminus":0,"mode":"bus","color":"#0059a9","colorDark":"#00294f","angle":243.9,"snapDist":5,"label":1}},{"type":"Feature","geometry":{"type":"Point","coordinates":[22.074024,43.300046]},"properties":{"name":"Kuražnica (na zahtev)","lines":"19","arr":["19"],"terminus":0,"mode":"bus","color":"#0059a9","colorDark":"#00294f","angle":-8.1,"snapDist":15,"label":1}},{"type":"Feature","geometry":{"type":"Point","coordinates":[22.087403,43.295524]},"properties":{"name":"Krečana (na zahtev) ( ka Bancarevu)","lines":"19","arr":["19"],"terminus":0,"mode":"bus","color":"#0059a9","colorDark":"#00294f","angle":179.9,"snapDist":3,"label":1}},{"type":"Feature","geometry":{"type":"Point","coordinates":[22.113002,43.286271]},"properties":{"name":"Moralija ( ka Bancarevu)","lines":"19","arr":["19"],"terminus":0,"mode":"bus","color":"#0059a9","colorDark":"#00294f","angle":38.5,"snapDist":27,"label":1}},{"type":"Feature","geometry":{"type":"Point","coordinates":[22.11611,43.276744]},"properties":{"name":"Bancarevo spomenik ( ka Bancarevu)","lines":"19","arr":["19"],"terminus":0,"mode":"bus","color":"#0059a9","colorDark":"#00294f","angle":306.5,"snapDist":5,"label":1}},{"type":"Feature","geometry":{"type":"Point","coordinates":[22.114754,43.271594]},"properties":{"name":"Bancarevo okretnica","lines":"19","arr":["19"],"terminus":1,"mode":"bus","color":"#0059a9","colorDark":"#00294f","angle":40.7,"snapDist":0,"label":1}},{"type":"Feature","geometry":{"type":"Point","coordinates":[22.116044,43.276647]},"properties":{"name":"Bancarevo spomenik","lines":"19","arr":["19"],"terminus":0,"mode":"bus","color":"#0059a9","colorDark":"#00294f","angle":275.8,"snapDist":1,"label":1}},{"type":"Feature","geometry":{"type":"Point","coordinates":[22.10685,43.288458]},"properties":{"name":"Moralija","lines":"19","arr":["19"],"terminus":0,"mode":"bus","color":"#0059a9","colorDark":"#00294f","angle":28.2,"snapDist":14,"label":1}},{"type":"Feature","geometry":{"type":"Point","coordinates":[22.081452,43.29581]},"properties":{"name":"Krečana (na zahtev)","lines":"19","arr":["19"],"terminus":0,"mode":"bus","color":"#0059a9","colorDark":"#00294f","angle":8.6,"snapDist":78,"label":1}},{"type":"Feature","geometry":{"type":"Point","coordinates":[22.067776,43.299227]},"properties":{"name":"Kunovica raskrsnica","lines":"19","arr":["19"],"terminus":0,"mode":"bus","color":"#0059a9","colorDark":"#00294f","angle":123.6,"snapDist":7,"label":1}},{"type":"Feature","geometry":{"type":"Point","coordinates":[22.057578,43.301626]},"properties":{"name":"Hanovi izlaz","lines":"19","arr":["19"],"terminus":0,"mode":"bus","color":"#0059a9","colorDark":"#00294f","angle":186,"snapDist":5,"label":1}},{"type":"Feature","geometry":{"type":"Point","coordinates":[22.057883,43.293911]},"properties":{"name":"Jelašnica - OŠ Đura Jakšić","lines":"19, 21, 21A","arr":["19","21","21A"],"terminus":0,"mode":"bus","color":"#0059a9","colorDark":"#00294f","angle":265,"snapDist":4,"label":1}},{"type":"Feature","geometry":{"type":"Point","coordinates":[22.018154,43.300497]},"properties":{"name":"Kožara","lines":"19, 21, 21A","arr":["19","21","21A"],"terminus":0,"mode":"bus","color":"#0059a9","colorDark":"#00294f","angle":176,"snapDist":4,"label":1}},{"type":"Feature","geometry":{"type":"Point","coordinates":[22.00127,43.299891]},"properties":{"name":"Jelašnička put","lines":"19, 21, 21A","arr":["19","21","21A"],"terminus":0,"mode":"bus","color":"#0059a9","colorDark":"#00294f","angle":180.6,"snapDist":7,"label":1}},{"type":"Feature","geometry":{"type":"Point","coordinates":[22.14439,43.291194]},"properties":{"name":"Ravni Do trafo","lines":"20","arr":["20"],"terminus":1,"mode":"bus","color":"#0059a9","colorDark":"#00294f","angle":-121.9,"snapDist":7,"label":1}},{"type":"Feature","geometry":{"type":"Point","coordinates":[22.124922,43.312497]},"properties":{"name":"Ostrovica naselje - okretnica","lines":"20, 20A","arr":["20","20A"],"terminus":1,"mode":"bus","color":"#0059a9","colorDark":"#00294f","angle":81.3,"snapDist":5,"label":1}},{"type":"Feature","geometry":{"type":"Point","coordinates":[22.126026,43.315565]},"properties":{"name":"Ostrovica ulaz - škola","lines":"20, 20A","arr":["20","20A"],"terminus":0,"mode":"bus","color":"#0059a9","colorDark":"#00294f","angle":78.6,"snapDist":11,"label":1}},{"type":"Feature","geometry":{"type":"Point","coordinates":[22.122063,43.318375]},"properties":{"name":"Vaga (na zahtev)","lines":"20, 20A","arr":["20","20A"],"terminus":0,"mode":"bus","color":"#0059a9","colorDark":"#00294f","angle":19.1,"snapDist":12,"label":1}},{"type":"Feature","geometry":{"type":"Point","coordinates":[22.117862,43.32112]},"properties":{"name":"Ostrovica Lešnica","lines":"20, 20A","arr":["20","20A"],"terminus":0,"mode":"bus","color":"#0059a9","colorDark":"#00294f","angle":50,"snapDist":31,"label":1}},{"type":"Feature","geometry":{"type":"Point","coordinates":[22.119021,43.327254]},"properties":{"name":"Crkva Sv. Arhangel (na zahtev)","lines":"20, 20A","arr":["20","20A"],"terminus":0,"mode":"bus","color":"#0059a9","colorDark":"#00294f","angle":85.5,"snapDist":12,"label":1}},{"type":"Feature","geometry":{"type":"Point","coordinates":[22.120081,43.331304]},"properties":{"name":"Ostrovica selo","lines":"20, 20A","arr":["20","20A"],"terminus":0,"mode":"bus","color":"#0059a9","colorDark":"#00294f","angle":111.6,"snapDist":4,"label":1}},{"type":"Feature","geometry":{"type":"Point","coordinates":[22.122418,43.332764]},"properties":{"name":"Ostrovica - pošta","lines":"20, 20A","arr":["20","20A"],"terminus":0,"mode":"bus","color":"#0059a9","colorDark":"#00294f","angle":123.5,"snapDist":15,"label":1}},{"type":"Feature","geometry":{"type":"Point","coordinates":[22.122788,43.334935]},"properties":{"name":"Ostrovica željeznička stanica","lines":"20, 20A","arr":["20","20A"],"terminus":0,"mode":"bus","color":"#0059a9","colorDark":"#00294f","angle":9.1,"snapDist":19,"label":1}},{"type":"Feature","geometry":{"type":"Point","coordinates":[22.111913,43.328428]},"properties":{"name":"Šutevac vikendice (na zahtev)","lines":"20, 20A","arr":["20","20A"],"terminus":0,"mode":"bus","color":"#0059a9","colorDark":"#00294f","angle":145.4,"snapDist":15,"label":1}},{"type":"Feature","geometry":{"type":"Point","coordinates":[22.088568,43.335498]},"properties":{"name":"Sićevo brana","lines":"20, 20A","arr":["20","20A"],"terminus":0,"mode":"bus","color":"#0059a9","colorDark":"#00294f","angle":170.7,"snapDist":18,"label":1}},{"type":"Feature","geometry":{"type":"Point","coordinates":[22.010755,43.301224]},"properties":{"name":"Carigradska ( ka Sićevu)","lines":"20, 20A","arr":["20","20A"],"terminus":0,"mode":"bus","color":"#0059a9","colorDark":"#00294f","angle":175.1,"snapDist":4,"label":1}},{"type":"Feature","geometry":{"type":"Point","coordinates":[22.019199,43.301843]},"properties":{"name":"Konjički klub ( ka Sićevu)","lines":"20, 20A","arr":["20","20A"],"terminus":0,"mode":"bus","color":"#0059a9","colorDark":"#00294f","angle":170,"snapDist":11,"label":1}},{"type":"Feature","geometry":{"type":"Point","coordinates":[22.05034,43.312297]},"properties":{"name":"Prosek","lines":"20, 20A","arr":["20","20A"],"terminus":0,"mode":"bus","color":"#0059a9","colorDark":"#00294f","angle":154.1,"snapDist":6,"label":0}},{"type":"Feature","geometry":{"type":"Point","coordinates":[22.057591,43.326168]},"properties":{"name":"Vikendice (na zahtev) ( iz grada)","lines":"20, 20A","arr":["20","20A"],"terminus":0,"mode":"bus","color":"#0059a9","colorDark":"#00294f","angle":139.8,"snapDist":12,"label":1}},{"type":"Feature","geometry":{"type":"Point","coordinates":[22.064033,43.330124]},"properties":{"name":"Sićevo hotel ( ka Ostrovici)","lines":"20, 20A","arr":["20","20A"],"terminus":0,"mode":"bus","color":"#0059a9","colorDark":"#00294f","angle":139.9,"snapDist":11,"label":1}},{"type":"Feature","geometry":{"type":"Point","coordinates":[22.085552,43.335116]},"properties":{"name":"Sićevo brana ( ka Ostrovici)","lines":"20, 20A","arr":["20","20A"],"terminus":0,"mode":"bus","color":"#0059a9","colorDark":"#00294f","angle":170.3,"snapDist":6,"label":1}},{"type":"Feature","geometry":{"type":"Point","coordinates":[22.103804,43.327675]},"properties":{"name":"Šutevac vikendice (na zahtev) ( ka Ostrovici)","lines":"20, 20A","arr":["20","20A"],"terminus":0,"mode":"bus","color":"#0059a9","colorDark":"#00294f","angle":168.8,"snapDist":17,"label":1}},{"type":"Feature","geometry":{"type":"Point","coordinates":[22.120171,43.334393]},"properties":{"name":"Ostrovica željeznička stanica ( ka Ostrovici)","lines":"20, 20A","arr":["20","20A"],"terminus":0,"mode":"bus","color":"#0059a9","colorDark":"#00294f","angle":147.3,"snapDist":0,"label":1}},{"type":"Feature","geometry":{"type":"Point","coordinates":[22.122537,43.33503]},"properties":{"name":"Ostrovica - pošta ( ka Ravnom Dolu)","lines":"20, 20A","arr":["20","20A"],"terminus":0,"mode":"bus","color":"#0059a9","colorDark":"#00294f","angle":240.3,"snapDist":16,"label":1}},{"type":"Feature","geometry":{"type":"Point","coordinates":[22.122861,43.333214]},"properties":{"name":"Ostrovica selo ( ka Ostrovici)","lines":"20, 20A","arr":["20","20A"],"terminus":0,"mode":"bus","color":"#0059a9","colorDark":"#00294f","angle":288.9,"snapDist":12,"label":1}},{"type":"Feature","geometry":{"type":"Point","coordinates":[22.118887,43.327829]},"properties":{"name":"Crkva Sv. Arhangel (na zahtev) ( ka Ravnom Dolu)","lines":"20, 20A","arr":["20","20A"],"terminus":0,"mode":"bus","color":"#0059a9","colorDark":"#00294f","angle":277.9,"snapDist":6,"label":1}},{"type":"Feature","geometry":{"type":"Point","coordinates":[22.120569,43.331647]},"properties":{"name":"Ostrovica Lešnica ( ka Ravnom Dolu)","lines":"20, 20A","arr":["20","20A"],"terminus":0,"mode":"bus","color":"#0059a9","colorDark":"#00294f","angle":321.4,"snapDist":14,"label":1}},{"type":"Feature","geometry":{"type":"Point","coordinates":[22.118563,43.320498]},"properties":{"name":"Vaga (na zahtev) ( ka Ravnom Dolu)","lines":"20, 20A","arr":["20","20A"],"terminus":0,"mode":"bus","color":"#0059a9","colorDark":"#00294f","angle":251.6,"snapDist":22,"label":1}},{"type":"Feature","geometry":{"type":"Point","coordinates":[22.125988,43.315687]},"properties":{"name":"Ostrovica ulaz - škola ( ka Ravnom Dolu)","lines":"20, 20A","arr":["20","20A"],"terminus":0,"mode":"bus","color":"#0059a9","colorDark":"#00294f","angle":254.8,"snapDist":3,"label":1}},{"type":"Feature","geometry":{"type":"Point","coordinates":[22.124891,43.312601]},"properties":{"name":"Ostrovica naselje - okretnica ( ka Ravnom Dolu)","lines":"20, 20A","arr":["20","20A"],"terminus":1,"mode":"bus","color":"#0059a9","colorDark":"#00294f","angle":252,"snapDist":14,"label":1}},{"type":"Feature","geometry":{"type":"Point","coordinates":[22.148041,43.290169]},"properties":{"name":"Ravni Do ulaz ( ka Ravnom Dolu)","lines":"20","arr":["20"],"terminus":0,"mode":"bus","color":"#0059a9","colorDark":"#00294f","angle":19.4,"snapDist":3,"label":1}},{"type":"Feature","geometry":{"type":"Point","coordinates":[22.069591,43.333612]},"properties":{"name":"Kneževa česma ( ka Sićevu)","lines":"20A","arr":["20A"],"terminus":0,"mode":"bus","color":"#0059a9","colorDark":"#00294f","angle":-3.5,"snapDist":31,"label":1}},{"type":"Feature","geometry":{"type":"Point","coordinates":[22.081208,43.338457]},"properties":{"name":"Sićevo ulaz - seoska česma ( ka Sićevu)","lines":"20A","arr":["20A"],"terminus":0,"mode":"bus","color":"#0059a9","colorDark":"#00294f","angle":97.5,"snapDist":9,"label":1}},{"type":"Feature","geometry":{"type":"Point","coordinates":[22.08568,43.340153]},"properties":{"name":"Sićevo selo ( ka Sićevu)","lines":"20A","arr":["20A"],"terminus":0,"mode":"bus","color":"#0059a9","colorDark":"#00294f","angle":12,"snapDist":32,"label":1}},{"type":"Feature","geometry":{"type":"Point","coordinates":[22.056933,43.288328]},"properties":{"name":"Jelašnica naselje ( ka G. Studeni)","lines":"21, 21A","arr":["21","21A"],"terminus":0,"mode":"bus","color":"#0059a9","colorDark":"#00294f","angle":89.1,"snapDist":9,"label":1}},{"type":"Feature","geometry":{"type":"Point","coordinates":[22.059902,43.285107]},"properties":{"name":"Jelašnica izlaz ( ka G.Studeni)","lines":"21, 21A","arr":["21","21A"],"terminus":0,"mode":"bus","color":"#0059a9","colorDark":"#00294f","angle":261.2,"snapDist":3,"label":1}},{"type":"Feature","geometry":{"type":"Point","coordinates":[22.062607,43.282552]},"properties":{"name":"Jelašnica okretnica ( ka G.Studeni)","lines":"21","arr":["21"],"terminus":0,"mode":"bus","color":"#0059a9","colorDark":"#00294f","angle":246.2,"snapDist":14,"label":1}},{"type":"Feature","geometry":{"type":"Point","coordinates":[22.06859,43.276437]},"properties":{"name":"Izletište - na zahtev ( ka G. Studeni)","lines":"21","arr":["21"],"terminus":0,"mode":"bus","color":"#0059a9","colorDark":"#00294f","angle":243.5,"snapDist":26,"label":1}},{"type":"Feature","geometry":{"type":"Point","coordinates":[22.074458,43.27265]},"properties":{"name":"Čukljenik ( ka G. Studeni)","lines":"21","arr":["21"],"terminus":0,"mode":"bus","color":"#0059a9","colorDark":"#00294f","angle":225,"snapDist":1,"label":1}},{"type":"Feature","geometry":{"type":"Point","coordinates":[22.085699,43.26314]},"properties":{"name":"Donja Studena ulaz ( ka G. Studeni)","lines":"21","arr":["21"],"terminus":0,"mode":"bus","color":"#0059a9","colorDark":"#00294f","angle":241.7,"snapDist":0,"label":1}},{"type":"Feature","geometry":{"type":"Point","coordinates":[22.08891,43.260887]},"properties":{"name":"Donja Studena česma ( ka G. Studeni)","lines":"21","arr":["21"],"terminus":0,"mode":"bus","color":"#0059a9","colorDark":"#00294f","angle":216.1,"snapDist":0,"label":1}},{"type":"Feature","geometry":{"type":"Point","coordinates":[22.092009,43.258508]},"properties":{"name":"Donja Studena škola ( ka G. Studeni)","lines":"21","arr":["21"],"terminus":0,"mode":"bus","color":"#0059a9","colorDark":"#00294f","angle":221.2,"snapDist":3,"label":1}},{"type":"Feature","geometry":{"type":"Point","coordinates":[22.097304,43.256326]},"properties":{"name":"Gornja Studena crkva ( ka G. Studeni)","lines":"21","arr":["21"],"terminus":0,"mode":"bus","color":"#0059a9","colorDark":"#00294f","angle":71.9,"snapDist":8,"label":1}},{"type":"Feature","geometry":{"type":"Point","coordinates":[22.099264,43.248971]},"properties":{"name":"Gornja Studena okretnica","lines":"21","arr":["21"],"terminus":1,"mode":"bus","color":"#0059a9","colorDark":"#00294f","angle":261.7,"snapDist":18,"label":1}},{"type":"Feature","geometry":{"type":"Point","coordinates":[22.097353,43.25614]},"properties":{"name":"Gornja Studena crkva","lines":"21","arr":["21"],"terminus":0,"mode":"bus","color":"#0059a9","colorDark":"#00294f","angle":83.2,"snapDist":13,"label":1}},{"type":"Feature","geometry":{"type":"Point","coordinates":[22.092014,43.258505]},"properties":{"name":"Donja Studena škola","lines":"21","arr":["21"],"terminus":0,"mode":"bus","color":"#0059a9","colorDark":"#00294f","angle":41.2,"snapDist":15,"label":1}},{"type":"Feature","geometry":{"type":"Point","coordinates":[22.088974,43.260855]},"properties":{"name":"Donja Studena česma","lines":"21","arr":["21"],"terminus":0,"mode":"bus","color":"#0059a9","colorDark":"#00294f","angle":29.8,"snapDist":9,"label":1}},{"type":"Feature","geometry":{"type":"Point","coordinates":[22.085545,43.263348]},"properties":{"name":"Donja Studena ulaz","lines":"21","arr":["21"],"terminus":0,"mode":"bus","color":"#0059a9","colorDark":"#00294f","angle":54.2,"snapDist":2,"label":1}},{"type":"Feature","geometry":{"type":"Point","coordinates":[22.074596,43.272549]},"properties":{"name":"Čukljenik","lines":"21","arr":["21"],"terminus":0,"mode":"bus","color":"#0059a9","colorDark":"#00294f","angle":-141.2,"snapDist":13,"label":1}},{"type":"Feature","geometry":{"type":"Point","coordinates":[22.068457,43.276642]},"properties":{"name":"Izletište - na zahtev","lines":"21","arr":["21"],"terminus":0,"mode":"bus","color":"#0059a9","colorDark":"#00294f","angle":65.3,"snapDist":6,"label":1}},{"type":"Feature","geometry":{"type":"Point","coordinates":[22.062492,43.282944]},"properties":{"name":"Jelašnica okretnica","lines":"21, 21A","arr":["21","21A"],"terminus":1,"mode":"bus","color":"#0059a9","colorDark":"#00294f","angle":81.6,"snapDist":1,"label":1}},{"type":"Feature","geometry":{"type":"Point","coordinates":[22.059909,43.285078]},"properties":{"name":"Jelašnica izlaz","lines":"21, 21A","arr":["21","21A"],"terminus":0,"mode":"bus","color":"#0059a9","colorDark":"#00294f","angle":-104.7,"snapDist":15,"label":1}},{"type":"Feature","geometry":{"type":"Point","coordinates":[22.056984,43.288516]},"properties":{"name":"Jelašnica naselje","lines":"21, 21A","arr":["21","21A"],"terminus":0,"mode":"bus","color":"#0059a9","colorDark":"#00294f","angle":112.3,"snapDist":3,"label":1}},{"type":"Feature","geometry":{"type":"Point","coordinates":[21.958766,43.26643]},"properties":{"name":"Vukmanovo","lines":"22","arr":["22"],"terminus":1,"mode":"bus","color":"#0059a9","colorDark":"#00294f","angle":71.2,"snapDist":25,"label":1}},{"type":"Feature","geometry":{"type":"Point","coordinates":[21.956096,43.270192]},"properties":{"name":"Dolina (na zahtev)","lines":"22","arr":["22"],"terminus":0,"mode":"bus","color":"#0059a9","colorDark":"#00294f","angle":62.4,"snapDist":25,"label":1}},{"type":"Feature","geometry":{"type":"Point","coordinates":[21.950896,43.276677]},"properties":{"name":"Oštra Čuka (na zahtev)","lines":"22","arr":["22"],"terminus":0,"mode":"bus","color":"#0059a9","colorDark":"#00294f","angle":50.3,"snapDist":25,"label":1}},{"type":"Feature","geometry":{"type":"Point","coordinates":[21.945621,43.280369]},"properties":{"name":"Gabrovac - groblje (na zahtev)","lines":"22","arr":["22"],"terminus":0,"mode":"bus","color":"#0059a9","colorDark":"#00294f","angle":4.3,"snapDist":12,"label":1}},{"type":"Feature","geometry":{"type":"Point","coordinates":[21.932213,43.281936]},"properties":{"name":"Prvomajska (na zahtev)","lines":"22","arr":["22"],"terminus":0,"mode":"bus","color":"#0059a9","colorDark":"#00294f","angle":341.2,"snapDist":13,"label":1}},{"type":"Feature","geometry":{"type":"Point","coordinates":[21.926702,43.280786]},"properties":{"name":"Gabrovac - česma","lines":"22, 23, 23B, 23K, 23L","arr":["22","23","23B","23K","23L"],"terminus":0,"mode":"bus","color":"#0059a9","colorDark":"#00294f","angle":31.1,"snapDist":16,"label":1}},{"type":"Feature","geometry":{"type":"Point","coordinates":[21.920069,43.28532]},"properties":{"name":"Gabrovac - ulaz","lines":"22, 23, 23B, 23K, 23L","arr":["22","23","23B","23K","23L"],"terminus":0,"mode":"bus","color":"#0059a9","colorDark":"#00294f","angle":240,"snapDist":8,"label":1}},{"type":"Feature","geometry":{"type":"Point","coordinates":[21.917334,43.290466]},"properties":{"name":"Kafana Palma","lines":"22, 23, 23B, 23K, 23L","arr":["22","23","23B","23K","23L"],"terminus":0,"mode":"bus","color":"#0059a9","colorDark":"#00294f","angle":83.3,"snapDist":3,"label":1}},{"type":"Feature","geometry":{"type":"Point","coordinates":[21.916221,43.298165]},"properties":{"name":"Rasadnik","lines":"22, 23, 23B, 23K, 23L","arr":["22","23","23B","23K","23L"],"terminus":0,"mode":"bus","color":"#0059a9","colorDark":"#00294f","angle":-89,"snapDist":18,"label":1}},{"type":"Feature","geometry":{"type":"Point","coordinates":[21.910593,43.314682]},"properties":{"name":"Gradska bolnica - Zetska ( ka Bulevaru Z. Đinđića)","lines":"22, 23, 23B, 23K, 23L, 34A","arr":["22","23","23B","23K","23L","34A"],"terminus":0,"mode":"bus","color":"#0059a9","colorDark":"#00294f","angle":79.3,"snapDist":0,"label":1}},{"type":"Feature","geometry":{"type":"Point","coordinates":[21.910223,43.316519]},"properties":{"name":"Zetska","lines":"22, 23, 23K, 23L, 34B","arr":["22","23","23K","23L","34B"],"terminus":0,"mode":"bus","color":"#0059a9","colorDark":"#00294f","angle":31.7,"snapDist":5,"label":1}},{"type":"Feature","geometry":{"type":"Point","coordinates":[21.916204,43.297573]},"properties":{"name":"Rasadnik ( ka Berbatovu)","lines":"22, 23, 23K, 23L","arr":["22","23","23K","23L"],"terminus":0,"mode":"bus","color":"#0059a9","colorDark":"#00294f","angle":91.4,"snapDist":21,"label":1}},{"type":"Feature","geometry":{"type":"Point","coordinates":[21.917334,43.290467]},"properties":{"name":"Kafana Palma ( ka Berbatovu)","lines":"22, 23, 23K, 23L","arr":["22","23","23K","23L"],"terminus":0,"mode":"bus","color":"#0059a9","colorDark":"#00294f","angle":263.3,"snapDist":3,"label":1}},{"type":"Feature","geometry":{"type":"Point","coordinates":[21.919451,43.28643]},"properties":{"name":"Gabrovac - ulaz ( ka Berbatovu)","lines":"22, 23, 23K, 23L","arr":["22","23","23K","23L"],"terminus":0,"mode":"bus","color":"#0059a9","colorDark":"#00294f","angle":69.3,"snapDist":22,"label":1}},{"type":"Feature","geometry":{"type":"Point","coordinates":[21.926921,43.280731]},"properties":{"name":"Gabrovac - česma ( ka Berbatovu)","lines":"22, 23, 23K, 23L","arr":["22","23","23K","23L"],"terminus":0,"mode":"bus","color":"#0059a9","colorDark":"#00294f","angle":17.6,"snapDist":5,"label":1}},{"type":"Feature","geometry":{"type":"Point","coordinates":[21.932486,43.282003]},"properties":{"name":"Prvomajska (na zahtev) ( ka Vukmanovu)","lines":"22, 23K","arr":["22","23K"],"terminus":0,"mode":"bus","color":"#0059a9","colorDark":"#00294f","angle":161.9,"snapDist":21,"label":1}},{"type":"Feature","geometry":{"type":"Point","coordinates":[21.94562,43.280369]},"properties":{"name":"Gabrovac - groblje (na zahtev) ( ka Vukmanovu)","lines":"22, 23K","arr":["22","23K"],"terminus":0,"mode":"bus","color":"#0059a9","colorDark":"#00294f","angle":184.3,"snapDist":13,"label":1}},{"type":"Feature","geometry":{"type":"Point","coordinates":[21.951024,43.276565]},"properties":{"name":"Oštra Čuka (na zahtev) ( ka Vukmanovu)","lines":"22, 23K","arr":["22","23K"],"terminus":0,"mode":"bus","color":"#0059a9","colorDark":"#00294f","angle":50.3,"snapDist":27,"label":1}},{"type":"Feature","geometry":{"type":"Point","coordinates":[21.955983,43.270439]},"properties":{"name":"Dolina (na zahtev)","lines":"22, 23K","arr":["22","23K"],"terminus":0,"mode":"bus","color":"#0059a9","colorDark":"#00294f","angle":78.4,"snapDist":14,"label":0}},{"type":"Feature","geometry":{"type":"Point","coordinates":[21.958762,43.266347]},"properties":{"name":"Vukmanovo ( ka Berbatovu)","lines":"22, 23B, 23K","arr":["22","23B","23K"],"terminus":1,"mode":"bus","color":"#0059a9","colorDark":"#00294f","angle":279.4,"snapDist":12,"label":1}},{"type":"Feature","geometry":{"type":"Point","coordinates":[21.926998,43.276475]},"properties":{"name":"Gabrovac - izlaz ( ka Berbatovu)","lines":"23, 23L","arr":["23","23L"],"terminus":0,"mode":"bus","color":"#0059a9","colorDark":"#00294f","angle":284,"snapDist":9,"label":1}},{"type":"Feature","geometry":{"type":"Point","coordinates":[21.925452,43.268351]},"properties":{"name":"Manastir vikendice (na zahtev) ( ka Berbatovu)","lines":"23, 23L","arr":["23","23L"],"terminus":0,"mode":"bus","color":"#0059a9","colorDark":"#00294f","angle":91.6,"snapDist":10,"label":1}},{"type":"Feature","geometry":{"type":"Point","coordinates":[21.925845,43.263956]},"properties":{"name":"Gabrovac manastir okretnica ( ka Berbatovu)","lines":"23, 23L","arr":["23","23L"],"terminus":1,"mode":"bus","color":"#0059a9","colorDark":"#00294f","angle":248.5,"snapDist":21,"label":1}},{"type":"Feature","geometry":{"type":"Point","coordinates":[21.927401,43.259042]},"properties":{"name":"Berbatovo gumno (na zahtev) ( ka Berbatovu)","lines":"23","arr":["23"],"terminus":0,"mode":"bus","color":"#0059a9","colorDark":"#00294f","angle":185.3,"snapDist":13,"label":1}},{"type":"Feature","geometry":{"type":"Point","coordinates":[21.938,43.25867]},"properties":{"name":"Berbatovo - škola ( ka Vukmanovu)","lines":"23","arr":["23"],"terminus":0,"mode":"bus","color":"#0059a9","colorDark":"#00294f","angle":15.4,"snapDist":33,"label":1}},{"type":"Feature","geometry":{"type":"Point","coordinates":[21.942252,43.257285]},"properties":{"name":"Berbatovo - trafo, okretnica ( ka Gabrovcu)","lines":"23, 23B, 23K","arr":["23","23B","23K"],"terminus":1,"mode":"bus","color":"#0059a9","colorDark":"#00294f","angle":311.7,"snapDist":1,"label":1}},{"type":"Feature","geometry":{"type":"Point","coordinates":[21.939191,43.258598]},"properties":{"name":"Berbatovo - škola ( ka Gabrovcu)","lines":"23, 23B, 23K","arr":["23","23B","23K"],"terminus":0,"mode":"bus","color":"#0059a9","colorDark":"#00294f","angle":358.4,"snapDist":5,"label":1}},{"type":"Feature","geometry":{"type":"Point","coordinates":[21.927214,43.259055]},"properties":{"name":"Berbatovo gumno (na zahtev) ( ka Gabrovcu)","lines":"23, 23B, 23K","arr":["23","23B","23K"],"terminus":0,"mode":"bus","color":"#0059a9","colorDark":"#00294f","angle":5.3,"snapDist":30,"label":1}},{"type":"Feature","geometry":{"type":"Point","coordinates":[21.925771,43.264099]},"properties":{"name":"Gabrovac manastir okretnica","lines":"23, 23B, 23K, 23L","arr":["23","23B","23K","23L"],"terminus":1,"mode":"bus","color":"#0059a9","colorDark":"#00294f","angle":69.7,"snapDist":5,"label":1}},{"type":"Feature","geometry":{"type":"Point","coordinates":[21.925448,43.268238]},"properties":{"name":"Manastir vikendice (na zahtev)","lines":"23, 23B, 23K, 23L","arr":["23","23B","23K","23L"],"terminus":0,"mode":"bus","color":"#0059a9","colorDark":"#00294f","angle":91.6,"snapDist":3,"label":1}},{"type":"Feature","geometry":{"type":"Point","coordinates":[21.927028,43.276564]},"properties":{"name":"Gabrovac (izlaz)","lines":"23, 23B, 23K, 23L","arr":["23","23B","23K","23L"],"terminus":0,"mode":"bus","color":"#0059a9","colorDark":"#00294f","angle":104,"snapDist":6,"label":1}},{"type":"Feature","geometry":{"type":"Point","coordinates":[21.958766,43.265958]},"properties":{"name":"Vukmanovo (put za igralište)","lines":"23B, 23K","arr":["23B","23K"],"terminus":0,"mode":"bus","color":"#0059a9","colorDark":"#00294f","angle":252.4,"snapDist":3,"label":1}},{"type":"Feature","geometry":{"type":"Point","coordinates":[21.953164,43.262469]},"properties":{"name":"Kitica (na zahtev) ( ka Berbatovu)","lines":"23B, 23K","arr":["23B","23K"],"terminus":0,"mode":"bus","color":"#0059a9","colorDark":"#00294f","angle":242.7,"snapDist":14,"label":1}},{"type":"Feature","geometry":{"type":"Point","coordinates":[21.943157,43.259167]},"properties":{"name":"Berbatovo (selo na zahtev) ( ka Gabrovcu)","lines":"23B, 23K","arr":["23B","23K"],"terminus":0,"mode":"bus","color":"#0059a9","colorDark":"#00294f","angle":259.2,"snapDist":3,"label":1}},{"type":"Feature","geometry":{"type":"Point","coordinates":[21.958875,43.265668]},"properties":{"name":"Vukmanovo (put za igralište) B","lines":"23B","arr":["23B"],"terminus":0,"mode":"bus","color":"#0059a9","colorDark":"#00294f","angle":83.7,"snapDist":0,"label":1}},{"type":"Feature","geometry":{"type":"Point","coordinates":[21.874656,43.300526]},"properties":{"name":"Pasi Poljana (raskrsnica) ( ka Donjem Vlasu)","lines":"24","arr":["24"],"terminus":0,"mode":"bus","color":"#0059a9","colorDark":"#00294f","angle":221.9,"snapDist":25,"label":1}},{"type":"Feature","geometry":{"type":"Point","coordinates":[21.880155,43.296016]},"properties":{"name":"Novo Groblje raskrsnica ( ka Donjem Vlasu)","lines":"24","arr":["24"],"terminus":0,"mode":"bus","color":"#0059a9","colorDark":"#00294f","angle":-9,"snapDist":32,"label":1}},{"type":"Feature","geometry":{"type":"Point","coordinates":[21.897084,43.296588]},"properties":{"name":"Kovanluk ( ka D.Vlasu )","lines":"24","arr":["24"],"terminus":0,"mode":"bus","color":"#0059a9","colorDark":"#00294f","angle":166.2,"snapDist":1,"label":1}},{"type":"Feature","geometry":{"type":"Point","coordinates":[21.901375,43.290551]},"properties":{"name":"Turski šančevi ( ka Donjem Vlasu )","lines":"24","arr":["24"],"terminus":0,"mode":"bus","color":"#0059a9","colorDark":"#00294f","angle":258.2,"snapDist":2,"label":1}},{"type":"Feature","geometry":{"type":"Point","coordinates":[21.904302,43.286549]},"properties":{"name":"Malo brdo I (autootpad) ( ka Donjem Vlasu )","lines":"24","arr":["24"],"terminus":0,"mode":"bus","color":"#0059a9","colorDark":"#00294f","angle":82.5,"snapDist":14,"label":1}},{"type":"Feature","geometry":{"type":"Point","coordinates":[21.906605,43.282691]},"properties":{"name":"Popov bunar","lines":"24","arr":["24"],"terminus":0,"mode":"bus","color":"#0059a9","colorDark":"#00294f","angle":249.8,"snapDist":3,"label":1}},{"type":"Feature","geometry":{"type":"Point","coordinates":[21.907569,43.280136]},"properties":{"name":"Vikendice (na zahtev) ( ka Donjem Vlasu )","lines":"24","arr":["24"],"terminus":0,"mode":"bus","color":"#0059a9","colorDark":"#00294f","angle":278.4,"snapDist":9,"label":1}},{"type":"Feature","geometry":{"type":"Point","coordinates":[21.903859,43.278056]},"properties":{"name":"Malo brdo II ( ka Donjem Vlasu )","lines":"24","arr":["24"],"terminus":0,"mode":"bus","color":"#0059a9","colorDark":"#00294f","angle":314.6,"snapDist":5,"label":1}},{"type":"Feature","geometry":{"type":"Point","coordinates":[21.903211,43.271565]},"properties":{"name":"Česma ( ka Donjem Vlasu )","lines":"24","arr":["24"],"terminus":0,"mode":"bus","color":"#0059a9","colorDark":"#00294f","angle":313.9,"snapDist":7,"label":1}},{"type":"Feature","geometry":{"type":"Point","coordinates":[21.903185,43.265231]},"properties":{"name":"Malo brdo III (Svjetlost) ( ka Donjem Vlasu )","lines":"24","arr":["24"],"terminus":0,"mode":"bus","color":"#0059a9","colorDark":"#00294f","angle":232.2,"snapDist":5,"label":1}},{"type":"Feature","geometry":{"type":"Point","coordinates":[21.91118,43.259967]},"properties":{"name":"Donje Vlase reka (na zahtev) ( ka Donjem Vlasu )","lines":"24","arr":["24"],"terminus":0,"mode":"bus","color":"#0059a9","colorDark":"#00294f","angle":253.8,"snapDist":15,"label":1}},{"type":"Feature","geometry":{"type":"Point","coordinates":[21.912578,43.256641]},"properties":{"name":"Donje Vlase okretnica","lines":"24","arr":["24"],"terminus":1,"mode":"bus","color":"#0059a9","colorDark":"#00294f","angle":249.2,"snapDist":4,"label":1}},{"type":"Feature","geometry":{"type":"Point","coordinates":[21.910961,43.26022]},"properties":{"name":"Donje Vlase reka (na zahtev)","lines":"24","arr":["24"],"terminus":0,"mode":"bus","color":"#0059a9","colorDark":"#00294f","angle":60.5,"snapDist":4,"label":1}},{"type":"Feature","geometry":{"type":"Point","coordinates":[21.903411,43.265093]},"properties":{"name":"Malo brdo III (Svjetlost)","lines":"24","arr":["24"],"terminus":0,"mode":"bus","color":"#0059a9","colorDark":"#00294f","angle":-149.5,"snapDist":16,"label":1}},{"type":"Feature","geometry":{"type":"Point","coordinates":[21.904368,43.272576]},"properties":{"name":"Česma","lines":"24","arr":["24"],"terminus":0,"mode":"bus","color":"#0059a9","colorDark":"#00294f","angle":127,"snapDist":26,"label":1}},{"type":"Feature","geometry":{"type":"Point","coordinates":[21.903863,43.278059]},"properties":{"name":"Malo brdo II","lines":"24","arr":["24"],"terminus":0,"mode":"bus","color":"#0059a9","colorDark":"#00294f","angle":-45.4,"snapDist":12,"label":1}},{"type":"Feature","geometry":{"type":"Point","coordinates":[21.904279,43.286674]},"properties":{"name":"Vikendice Donje Vlase (na zahtev)","lines":"24","arr":["24"],"terminus":0,"mode":"bus","color":"#0059a9","colorDark":"#00294f","angle":82.5,"snapDist":3,"label":1}},{"type":"Feature","geometry":{"type":"Point","coordinates":[21.905965,43.283425]},"properties":{"name":"Popov bunar","lines":"24","arr":["24"],"terminus":0,"mode":"bus","color":"#0059a9","colorDark":"#00294f","angle":51,"snapDist":9,"label":0}},{"type":"Feature","geometry":{"type":"Point","coordinates":[21.907753,43.280692]},"properties":{"name":"Malo brdo I (autootpad)","lines":"24","arr":["24"],"terminus":0,"mode":"bus","color":"#0059a9","colorDark":"#00294f","angle":106.8,"snapDist":43,"label":1}},{"type":"Feature","geometry":{"type":"Point","coordinates":[21.901314,43.290712]},"properties":{"name":"Turski šančevi","lines":"24","arr":["24"],"terminus":0,"mode":"bus","color":"#0059a9","colorDark":"#00294f","angle":73.2,"snapDist":1,"label":1}},{"type":"Feature","geometry":{"type":"Point","coordinates":[21.897209,43.29661]},"properties":{"name":"Kovanluk","lines":"24","arr":["24"],"terminus":0,"mode":"bus","color":"#0059a9","colorDark":"#00294f","angle":158.3,"snapDist":12,"label":1}},{"type":"Feature","geometry":{"type":"Point","coordinates":[21.890536,43.295501]},"properties":{"name":"Novo Groblje raskrsnica","lines":"24","arr":["24"],"terminus":0,"mode":"bus","color":"#0059a9","colorDark":"#00294f","angle":6.3,"snapDist":6,"label":1}},{"type":"Feature","geometry":{"type":"Point","coordinates":[21.859866,43.312277]},"properties":{"name":"MIN-ovo naselje","lines":"25, 35","arr":["25","35"],"terminus":0,"mode":"bus","color":"#0059a9","colorDark":"#00294f","angle":143.4,"snapDist":6,"label":1}},{"type":"Feature","geometry":{"type":"Point","coordinates":[21.855504,43.309977]},"properties":{"name":"Naselje Vinogradi ( ka D. Međurovu)","lines":"25, 35","arr":["25","35"],"terminus":0,"mode":"bus","color":"#0059a9","colorDark":"#00294f","angle":321.5,"snapDist":4,"label":1}},{"type":"Feature","geometry":{"type":"Point","coordinates":[21.841012,43.302075]},"properties":{"name":"Bubanj selo raskrsnica ( ka D. Međurovu)","lines":"25, 35","arr":["25","35"],"terminus":0,"mode":"bus","color":"#0059a9","colorDark":"#00294f","angle":289.9,"snapDist":6,"label":1}},{"type":"Feature","geometry":{"type":"Point","coordinates":[21.83322,43.299469]},"properties":{"name":"Hladnjača ( ka D. Međurovu)","lines":"25","arr":["25"],"terminus":0,"mode":"bus","color":"#0059a9","colorDark":"#00294f","angle":323.6,"snapDist":16,"label":1}},{"type":"Feature","geometry":{"type":"Point","coordinates":[21.828781,43.297889]},"properties":{"name":"Donje Međurovo škola ( ka D. Međurovu)","lines":"25","arr":["25"],"terminus":0,"mode":"bus","color":"#0059a9","colorDark":"#00294f","angle":339.1,"snapDist":18,"label":1}},{"type":"Feature","geometry":{"type":"Point","coordinates":[21.823828,43.297502]},"properties":{"name":"Donje Međurovo ( ka N. 9.maj )","lines":"25","arr":["25"],"terminus":0,"mode":"bus","color":"#0059a9","colorDark":"#00294f","angle":-144.2,"snapDist":7,"label":1}},{"type":"Feature","geometry":{"type":"Point","coordinates":[21.820062,43.300021]},"properties":{"name":"Donje Međurovo mlin ( ka N. 9.maj )","lines":"25","arr":["25"],"terminus":0,"mode":"bus","color":"#0059a9","colorDark":"#00294f","angle":0.7,"snapDist":11,"label":1}},{"type":"Feature","geometry":{"type":"Point","coordinates":[21.815243,43.304295]},"properties":{"name":"MZ Čokot ( ka N. 9.maj )","lines":"25","arr":["25"],"terminus":0,"mode":"bus","color":"#0059a9","colorDark":"#00294f","angle":68.2,"snapDist":2,"label":1}},{"type":"Feature","geometry":{"type":"Point","coordinates":[21.816465,43.307403]},"properties":{"name":"Čokot škola ( ka N. 9.maj )","lines":"25","arr":["25"],"terminus":0,"mode":"bus","color":"#0059a9","colorDark":"#00294f","angle":65.2,"snapDist":9,"label":1}},{"type":"Feature","geometry":{"type":"Point","coordinates":[21.817229,43.312394]},"properties":{"name":"Čokot prodavaonica ( ka N. 9.maj )","lines":"25","arr":["25"],"terminus":0,"mode":"bus","color":"#0059a9","colorDark":"#00294f","angle":89.9,"snapDist":2,"label":1}},{"type":"Feature","geometry":{"type":"Point","coordinates":[21.817238,43.314862]},"properties":{"name":"Sime Dinića ( ka N. 9.Maj)","lines":"25","arr":["25"],"terminus":0,"mode":"bus","color":"#0059a9","colorDark":"#00294f","angle":110.2,"snapDist":2,"label":1}},{"type":"Feature","geometry":{"type":"Point","coordinates":[21.817432,43.31521]},"properties":{"name":"Sime Dinića","lines":"25","arr":["25"],"terminus":0,"mode":"bus","color":"#0059a9","colorDark":"#00294f","angle":298.7,"snapDist":2,"label":1}},{"type":"Feature","geometry":{"type":"Point","coordinates":[21.817229,43.312654]},"properties":{"name":"Čokot prodavaonica","lines":"25","arr":["25"],"terminus":0,"mode":"bus","color":"#0059a9","colorDark":"#00294f","angle":269.9,"snapDist":1,"label":1}},{"type":"Feature","geometry":{"type":"Point","coordinates":[21.81637,43.307572]},"properties":{"name":"Čokot škola","lines":"25","arr":["25"],"terminus":0,"mode":"bus","color":"#0059a9","colorDark":"#00294f","angle":248.8,"snapDist":23,"label":1}},{"type":"Feature","geometry":{"type":"Point","coordinates":[21.815233,43.304312]},"properties":{"name":"MZ Čokot","lines":"25","arr":["25"],"terminus":0,"mode":"bus","color":"#0059a9","colorDark":"#00294f","angle":248.2,"snapDist":5,"label":1}},{"type":"Feature","geometry":{"type":"Point","coordinates":[21.821062,43.299982]},"properties":{"name":"Donje Međurovo mlin","lines":"25","arr":["25"],"terminus":0,"mode":"bus","color":"#0059a9","colorDark":"#00294f","angle":194.9,"snapDist":24,"label":1}},{"type":"Feature","geometry":{"type":"Point","coordinates":[21.823931,43.297448]},"properties":{"name":"Donje Međurovo","lines":"25","arr":["25"],"terminus":0,"mode":"bus","color":"#0059a9","colorDark":"#00294f","angle":215.8,"snapDist":4,"label":1}},{"type":"Feature","geometry":{"type":"Point","coordinates":[21.82907,43.297969]},"properties":{"name":"Donje Međurovo škola","lines":"25","arr":["25"],"terminus":0,"mode":"bus","color":"#0059a9","colorDark":"#00294f","angle":151.9,"snapDist":2,"label":1}},{"type":"Feature","geometry":{"type":"Point","coordinates":[21.833367,43.299552]},"properties":{"name":"Hladnjača","lines":"25","arr":["25"],"terminus":0,"mode":"bus","color":"#0059a9","colorDark":"#00294f","angle":141.4,"snapDist":13,"label":1}},{"type":"Feature","geometry":{"type":"Point","coordinates":[21.840756,43.301983]},"properties":{"name":"Bubanj Selo raskrsnica","lines":"25","arr":["25"],"terminus":0,"mode":"bus","color":"#0059a9","colorDark":"#00294f","angle":144.7,"snapDist":8,"label":1}},{"type":"Feature","geometry":{"type":"Point","coordinates":[21.856136,43.310344]},"properties":{"name":"Naselje Vinogradi","lines":"25","arr":["25"],"terminus":0,"mode":"bus","color":"#0059a9","colorDark":"#00294f","angle":141.4,"snapDist":24,"label":1}},{"type":"Feature","geometry":{"type":"Point","coordinates":[21.860235,43.312557]},"properties":{"name":"MIN-ovo naselje","lines":"25","arr":["25"],"terminus":0,"mode":"bus","color":"#0059a9","colorDark":"#00294f","angle":130.5,"snapDist":16,"label":0}},{"type":"Feature","geometry":{"type":"Point","coordinates":[21.818717,43.317679]},"properties":{"name":"Naselje 9. Maj (ambulanta) ( ka Lalincu)","lines":"26","arr":["26"],"terminus":0,"mode":"bus","color":"#0059a9","colorDark":"#00294f","angle":40.8,"snapDist":2,"label":1}},{"type":"Feature","geometry":{"type":"Point","coordinates":[21.809627,43.320467]},"properties":{"name":"Naselje 9. Maj (groblje) - na zahtev ( ka Lalincu )","lines":"26","arr":["26"],"terminus":0,"mode":"bus","color":"#0059a9","colorDark":"#00294f","angle":20.1,"snapDist":7,"label":1}},{"type":"Feature","geometry":{"type":"Point","coordinates":[21.803315,43.326163]},"properties":{"name":"Ciglanski put ( ka Lalincu)","lines":"26","arr":["26"],"terminus":0,"mode":"bus","color":"#0059a9","colorDark":"#00294f","angle":50.1,"snapDist":16,"label":1}},{"type":"Feature","geometry":{"type":"Point","coordinates":[21.795174,43.337063]},"properties":{"name":"Lalinac ulaz ( ka Lalincu )","lines":"26","arr":["26"],"terminus":0,"mode":"bus","color":"#0059a9","colorDark":"#00294f","angle":-135,"snapDist":20,"label":1}},{"type":"Feature","geometry":{"type":"Point","coordinates":[21.78998,43.33876]},"properties":{"name":"Lalinac škola ( ka Lalincu )","lines":"26","arr":["26"],"terminus":0,"mode":"bus","color":"#0059a9","colorDark":"#00294f","angle":52.2,"snapDist":33,"label":1}},{"type":"Feature","geometry":{"type":"Point","coordinates":[21.785755,43.340851]},"properties":{"name":"Lalinac raskrsnica ( ka Lalincu )","lines":"26","arr":["26"],"terminus":0,"mode":"bus","color":"#0059a9","colorDark":"#00294f","angle":108.2,"snapDist":6,"label":1}},{"type":"Feature","geometry":{"type":"Point","coordinates":[21.786214,43.342965]},"properties":{"name":"Lalinac okretnica - trafo","lines":"26","arr":["26"],"terminus":1,"mode":"bus","color":"#0059a9","colorDark":"#00294f","angle":102.1,"snapDist":44,"label":1}},{"type":"Feature","geometry":{"type":"Point","coordinates":[21.785744,43.340827]},"properties":{"name":"Lalinac raskrsnica","lines":"26","arr":["26"],"terminus":0,"mode":"bus","color":"#0059a9","colorDark":"#00294f","angle":17.3,"snapDist":16,"label":1}},{"type":"Feature","geometry":{"type":"Point","coordinates":[21.790584,43.338235]},"properties":{"name":"Lalinac škola","lines":"26","arr":["26"],"terminus":0,"mode":"bus","color":"#0059a9","colorDark":"#00294f","angle":357.4,"snapDist":1,"label":1}},{"type":"Feature","geometry":{"type":"Point","coordinates":[21.795672,43.336391]},"properties":{"name":"Lalinac ulaz","lines":"26","arr":["26"],"terminus":0,"mode":"bus","color":"#0059a9","colorDark":"#00294f","angle":76.2,"snapDist":18,"label":1}},{"type":"Feature","geometry":{"type":"Point","coordinates":[21.803191,43.326287]},"properties":{"name":"Ciglanski put","lines":"26","arr":["26"],"terminus":0,"mode":"bus","color":"#0059a9","colorDark":"#00294f","angle":61.8,"snapDist":17,"label":1}},{"type":"Feature","geometry":{"type":"Point","coordinates":[21.809273,43.32059]},"properties":{"name":"Naselje 9. maj groblje (na zahtev)","lines":"26","arr":["26"],"terminus":0,"mode":"bus","color":"#0059a9","colorDark":"#00294f","angle":26.3,"snapDist":11,"label":1}},{"type":"Feature","geometry":{"type":"Point","coordinates":[21.818788,43.317634]},"properties":{"name":"Naselje 9. maj ambulanta","lines":"26","arr":["26"],"terminus":0,"mode":"bus","color":"#0059a9","colorDark":"#00294f","angle":40.8,"snapDist":1,"label":1}},{"type":"Feature","geometry":{"type":"Point","coordinates":[21.796811,43.359365]},"properties":{"name":"Trupale - izlaz","lines":"27A, 28, 28A, 29A","arr":["27A","28","28A","29A"],"terminus":1,"mode":"bus","color":"#0059a9","colorDark":"#00294f","angle":194.9,"snapDist":25,"label":1}},{"type":"Feature","geometry":{"type":"Point","coordinates":[21.800737,43.357002]},"properties":{"name":"Trupale - ambulanta","lines":"27A, 28, 28A, 29A","arr":["27A","28","28A","29A"],"terminus":0,"mode":"bus","color":"#0059a9","colorDark":"#00294f","angle":230.7,"snapDist":16,"label":1}},{"type":"Feature","geometry":{"type":"Point","coordinates":[21.807388,43.353817]},"properties":{"name":"Trupale - naselje","lines":"27A, 28, 28A, 29A","arr":["27A","28","28A","29A"],"terminus":0,"mode":"bus","color":"#0059a9","colorDark":"#00294f","angle":219.7,"snapDist":5,"label":1}},{"type":"Feature","geometry":{"type":"Point","coordinates":[21.813235,43.354847]},"properties":{"name":"Železnička 1 (ka Železničkoj 2)","lines":"27A, 28","arr":["27A","28"],"terminus":0,"mode":"bus","color":"#0059a9","colorDark":"#00294f","angle":335.2,"snapDist":0,"label":1}},{"type":"Feature","geometry":{"type":"Point","coordinates":[21.819452,43.355759]},"properties":{"name":"Železnička 2","lines":"27A, 28","arr":["27A","28"],"terminus":0,"mode":"bus","color":"#0059a9","colorDark":"#00294f","angle":327.2,"snapDist":1,"label":1}},{"type":"Feature","geometry":{"type":"Point","coordinates":[21.813234,43.354846]},"properties":{"name":"Železnička 1","lines":"27A","arr":["27A"],"terminus":0,"mode":"bus","color":"#0059a9","colorDark":"#00294f","angle":155.2,"snapDist":9,"label":1}},{"type":"Feature","geometry":{"type":"Point","coordinates":[21.811528,43.350537]},"properties":{"name":"Trupale - groblje","lines":"27A, 28, 28A, 29A","arr":["27A","28","28A","29A"],"terminus":0,"mode":"bus","color":"#0059a9","colorDark":"#00294f","angle":213.8,"snapDist":18,"label":1}},{"type":"Feature","geometry":{"type":"Point","coordinates":[21.81573,43.343336]},"properties":{"name":"Nadvožnjak (na zahtev)","lines":"27A, 28, 28A, 29A","arr":["27A","28","28A","29A"],"terminus":0,"mode":"bus","color":"#0059a9","colorDark":"#00294f","angle":286.1,"snapDist":9,"label":1}},{"type":"Feature","geometry":{"type":"Point","coordinates":[21.819877,43.335896]},"properties":{"name":"Popovac - tumba","lines":"27A, 28, 28A, 29A","arr":["27A","28","28A","29A"],"terminus":0,"mode":"bus","color":"#0059a9","colorDark":"#00294f","angle":235.1,"snapDist":18,"label":1}},{"type":"Feature","geometry":{"type":"Point","coordinates":[21.823486,43.333393]},"properties":{"name":"Popovac - izlaz","lines":"27A, 27B, 28, 28A, 29A","arr":["27A","27B","28","28A","29A"],"terminus":0,"mode":"bus","color":"#0059a9","colorDark":"#00294f","angle":341.2,"snapDist":17,"label":1}},{"type":"Feature","geometry":{"type":"Point","coordinates":[21.826762,43.33063]},"properties":{"name":"Popovac - centar","lines":"27A, 27B, 28, 28A, 29A","arr":["27A","27B","28","28A","29A"],"terminus":0,"mode":"bus","color":"#0059a9","colorDark":"#00294f","angle":204.7,"snapDist":0,"label":1}},{"type":"Feature","geometry":{"type":"Point","coordinates":[21.832202,43.329738]},"properties":{"name":"Popovac - ulaz","lines":"27A, 27B, 28, 28A, 29A","arr":["27A","27B","28","28A","29A"],"terminus":0,"mode":"bus","color":"#0059a9","colorDark":"#00294f","angle":184.8,"snapDist":21,"label":1}},{"type":"Feature","geometry":{"type":"Point","coordinates":[21.836309,43.327928]},"properties":{"name":"Medoševac - groblje","lines":"27A, 27B, 28, 28A, 29A","arr":["27A","27B","28","28A","29A"],"terminus":0,"mode":"bus","color":"#0059a9","colorDark":"#00294f","angle":170.5,"snapDist":19,"label":1}},{"type":"Feature","geometry":{"type":"Point","coordinates":[21.850162,43.326414]},"properties":{"name":"Medoševac - Kargo (na zahtev) (ka Nišu)","lines":"27A, 27B, 28, 28A, 29A","arr":["27A","27B","28","28A","29A"],"terminus":0,"mode":"bus","color":"#0059a9","colorDark":"#00294f","angle":183.1,"snapDist":1,"label":1}},{"type":"Feature","geometry":{"type":"Point","coordinates":[21.85667,43.325517]},"properties":{"name":"Medoševac - izlazna (na zahtev)","lines":"27A, 27B, 28, 28A, 29A","arr":["27A","27B","28","28A","29A"],"terminus":0,"mode":"bus","color":"#0059a9","colorDark":"#00294f","angle":-71.5,"snapDist":21,"label":1}},{"type":"Feature","geometry":{"type":"Point","coordinates":[21.856553,43.325508]},"properties":{"name":"Medoševac izlazna (na zahtev) ( ka Vrtištu)","lines":"27A, 27B, 28, 29A","arr":["27A","27B","28","29A"],"terminus":0,"mode":"bus","color":"#0059a9","colorDark":"#00294f","angle":16.9,"snapDist":19,"label":1}},{"type":"Feature","geometry":{"type":"Point","coordinates":[21.85124,43.326372]},"properties":{"name":"Medoševac - Kargo (na zahtev) (ka Vrtištu)","lines":"27A, 27B, 28, 29A","arr":["27A","27B","28","29A"],"terminus":0,"mode":"bus","color":"#0059a9","colorDark":"#00294f","angle":3.1,"snapDist":6,"label":1}},{"type":"Feature","geometry":{"type":"Point","coordinates":[21.837876,43.328139]},"properties":{"name":"Medoševac - groblje ( ka Vrtištu)","lines":"27A, 27B, 28, 29A","arr":["27A","27B","28","29A"],"terminus":0,"mode":"bus","color":"#0059a9","colorDark":"#00294f","angle":348.6,"snapDist":20,"label":1}},{"type":"Feature","geometry":{"type":"Point","coordinates":[21.832609,43.329749]},"properties":{"name":"Popovac - ulaz ( ka Vrtištu)","lines":"27A, 27B, 28, 29A","arr":["27A","27B","28","29A"],"terminus":0,"mode":"bus","color":"#0059a9","colorDark":"#00294f","angle":4.7,"snapDist":1,"label":1}},{"type":"Feature","geometry":{"type":"Point","coordinates":[21.826745,43.330636]},"properties":{"name":"Popovac - centar ( ka Vrtištu)","lines":"27A, 28, 29A","arr":["27A","28","29A"],"terminus":0,"mode":"bus","color":"#0059a9","colorDark":"#00294f","angle":24.7,"snapDist":17,"label":1}},{"type":"Feature","geometry":{"type":"Point","coordinates":[21.823183,43.333328]},"properties":{"name":"Popovac - izlaz ( ka Vrtištu)","lines":"27A, 28, 29A","arr":["27A","28","29A"],"terminus":0,"mode":"bus","color":"#0059a9","colorDark":"#00294f","angle":-134.1,"snapDist":19,"label":1}},{"type":"Feature","geometry":{"type":"Point","coordinates":[21.81964,43.336142]},"properties":{"name":"Popovac - tumba ( ka Vrtištu)","lines":"27A, 28, 29A","arr":["27A","28","29A"],"terminus":0,"mode":"bus","color":"#0059a9","colorDark":"#00294f","angle":54.9,"snapDist":17,"label":1}},{"type":"Feature","geometry":{"type":"Point","coordinates":[21.815596,43.342999]},"properties":{"name":"Nadvožnjak (na zahtev) ( ka Vrtištu)","lines":"27A, 28, 29A","arr":["27A","28","29A"],"terminus":0,"mode":"bus","color":"#0059a9","colorDark":"#00294f","angle":106.1,"snapDist":2,"label":1}},{"type":"Feature","geometry":{"type":"Point","coordinates":[21.810826,43.350926]},"properties":{"name":"Trupale - groblje ( ka Vrtištu)","lines":"27A, 28, 29A","arr":["27A","28","29A"],"terminus":0,"mode":"bus","color":"#0059a9","colorDark":"#00294f","angle":-149.5,"snapDist":33,"label":1}},{"type":"Feature","geometry":{"type":"Point","coordinates":[21.807916,43.35337]},"properties":{"name":"Trupale - naselje ( ka Vrtištu)","lines":"27A, 28, 29A","arr":["27A","28","29A"],"terminus":0,"mode":"bus","color":"#0059a9","colorDark":"#00294f","angle":-117.7,"snapDist":10,"label":1}},{"type":"Feature","geometry":{"type":"Point","coordinates":[21.801157,43.356605]},"properties":{"name":"Trupale - ambulanta ( ka Vrtištu)","lines":"27A, 28, 29A","arr":["27A","28","29A"],"terminus":0,"mode":"bus","color":"#0059a9","colorDark":"#00294f","angle":49.2,"snapDist":8,"label":1}},{"type":"Feature","geometry":{"type":"Point","coordinates":[21.796874,43.359437]},"properties":{"name":"Trupale - izlaz ( ka Vrtištu)","lines":"27A, 28, 29A","arr":["27A","28","29A"],"terminus":1,"mode":"bus","color":"#0059a9","colorDark":"#00294f","angle":99.8,"snapDist":6,"label":1}},{"type":"Feature","geometry":{"type":"Point","coordinates":[21.830195,43.336144]},"properties":{"name":"Popovac - trafo","lines":"27B","arr":["27B"],"terminus":1,"mode":"bus","color":"#0059a9","colorDark":"#00294f","angle":139.8,"snapDist":13,"label":1}},{"type":"Feature","geometry":{"type":"Point","coordinates":[21.827555,43.334651]},"properties":{"name":"Popovac - škola","lines":"27B","arr":["27B"],"terminus":0,"mode":"bus","color":"#0059a9","colorDark":"#00294f","angle":334.5,"snapDist":9,"label":1}},{"type":"Feature","geometry":{"type":"Point","coordinates":[21.826986,43.330573]},"properties":{"name":"Popovac - centar ( ka Popovcu)","lines":"27B","arr":["27B"],"terminus":0,"mode":"bus","color":"#0059a9","colorDark":"#00294f","angle":18.7,"snapDist":59,"label":1}},{"type":"Feature","geometry":{"type":"Point","coordinates":[21.80285,43.372146]},"properties":{"name":"Vrtište - centar","lines":"28, 28A, 29A","arr":["28","28A","29A"],"terminus":1,"mode":"bus","color":"#0059a9","colorDark":"#00294f","angle":16.1,"snapDist":14,"label":1}},{"type":"Feature","geometry":{"type":"Point","coordinates":[21.80663,43.369198]},"properties":{"name":"Vrtište - ulaz","lines":"28, 28A, 29A","arr":["28","28A","29A"],"terminus":0,"mode":"bus","color":"#0059a9","colorDark":"#00294f","angle":270.9,"snapDist":3,"label":1}},{"type":"Feature","geometry":{"type":"Point","coordinates":[21.799899,43.360993]},"properties":{"name":"Vrtiška (ka gradu) (na zahtev)","lines":"28, 28A, 29A","arr":["28","28A","29A"],"terminus":0,"mode":"bus","color":"#0059a9","colorDark":"#00294f","angle":325.4,"snapDist":6,"label":1}},{"type":"Feature","geometry":{"type":"Point","coordinates":[21.800278,43.361184]},"properties":{"name":"Vrtiška (ka Vrtištu) (na zahtev)","lines":"28, 29A","arr":["28","29A"],"terminus":0,"mode":"bus","color":"#0059a9","colorDark":"#00294f","angle":145.4,"snapDist":17,"label":1}},{"type":"Feature","geometry":{"type":"Point","coordinates":[21.806629,43.369193]},"properties":{"name":"Vrtište - ulaz, raskrsnica ( ka Vrtištu)","lines":"28, 29A","arr":["28","29A"],"terminus":0,"mode":"bus","color":"#0059a9","colorDark":"#00294f","angle":90.9,"snapDist":1,"label":1}},{"type":"Feature","geometry":{"type":"Point","coordinates":[21.807208,43.37423]},"properties":{"name":"Vrtište - prodavaonica ( ka Vrtištu)","lines":"28, 29A","arr":["28","29A"],"terminus":0,"mode":"bus","color":"#0059a9","colorDark":"#00294f","angle":329,"snapDist":1,"label":1}},{"type":"Feature","geometry":{"type":"Point","coordinates":[21.803228,43.372122]},"properties":{"name":"Vrtište - centar ( ka Mezgraji)","lines":"28, 29A","arr":["28","29A"],"terminus":1,"mode":"bus","color":"#0059a9","colorDark":"#00294f","angle":327.3,"snapDist":16,"label":1}},{"type":"Feature","geometry":{"type":"Point","coordinates":[21.784787,43.396439]},"properties":{"name":"Mezgraja - raskrsnica","lines":"28A, 29, 29A, 39","arr":["28A","29","29A","39"],"terminus":1,"mode":"bus","color":"#0059a9","colorDark":"#00294f","angle":273.3,"snapDist":2,"label":1}},{"type":"Feature","geometry":{"type":"Point","coordinates":[21.783271,43.392228]},"properties":{"name":"Mezgraja - pruga, rampa","lines":"28A, 29A","arr":["28A","29A"],"terminus":0,"mode":"bus","color":"#0059a9","colorDark":"#00294f","angle":110.7,"snapDist":8,"label":1}},{"type":"Feature","geometry":{"type":"Point","coordinates":[21.780482,43.386611]},"properties":{"name":"Mezgraja - ulaz","lines":"28A, 29A","arr":["28A","29A"],"terminus":0,"mode":"bus","color":"#0059a9","colorDark":"#00294f","angle":303.3,"snapDist":20,"label":1}},{"type":"Feature","geometry":{"type":"Point","coordinates":[21.800048,43.37182]},"properties":{"name":"Vrtište - izlaz","lines":"28A, 29A","arr":["28A","29A"],"terminus":0,"mode":"bus","color":"#0059a9","colorDark":"#00294f","angle":131.8,"snapDist":5,"label":1}},{"type":"Feature","geometry":{"type":"Point","coordinates":[21.806638,43.373974]},"properties":{"name":"Niš Cara Dušana","lines":"28A, 29A","arr":["28A","29A"],"terminus":0,"mode":"bus","color":"#0059a9","colorDark":"#00294f","angle":147.6,"snapDist":0,"label":1}},{"type":"Feature","geometry":{"type":"Point","coordinates":[21.807791,43.372634]},"properties":{"name":"Niš Vožda Karađorđa","lines":"28A, 29A","arr":["28A","29A"],"terminus":0,"mode":"bus","color":"#0059a9","colorDark":"#00294f","angle":284.7,"snapDist":13,"label":1}},{"type":"Feature","geometry":{"type":"Point","coordinates":[21.851618,43.356891]},"properties":{"name":"Lovopromet (na zahtev) ( ka G. Toponici)","lines":"28B, 29, 32, 32A, 39","arr":["28B","29","32","32A","39"],"terminus":0,"mode":"bus","color":"#0059a9","colorDark":"#00294f","angle":46.6,"snapDist":5,"label":1}},{"type":"Feature","geometry":{"type":"Point","coordinates":[21.845793,43.361329]},"properties":{"name":"Čamurlija ( ka G. Toponici)","lines":"28B, 29, 32, 32A, 39","arr":["28B","29","32","32A","39"],"terminus":0,"mode":"bus","color":"#0059a9","colorDark":"#00294f","angle":47.1,"snapDist":22,"label":1}},{"type":"Feature","geometry":{"type":"Point","coordinates":[21.840915,43.365141]},"properties":{"name":"Kafana Kosovka (na zahtev) ( ka G. Toponici)","lines":"28B, 29, 32, 32A, 39","arr":["28B","29","32","32A","39"],"terminus":0,"mode":"bus","color":"#0059a9","colorDark":"#00294f","angle":47.1,"snapDist":7,"label":1}},{"type":"Feature","geometry":{"type":"Point","coordinates":[21.836104,43.368872]},"properties":{"name":"Eurometal (na zahtev) ( ka G. Toponici)","lines":"28B, 29, 32, 32A, 39","arr":["28B","29","32","32A","39"],"terminus":0,"mode":"bus","color":"#0059a9","colorDark":"#00294f","angle":47.4,"snapDist":3,"label":1}},{"type":"Feature","geometry":{"type":"Point","coordinates":[21.830726,43.372956]},"properties":{"name":"Mlekara (na zahtev) ( ka G. Toponici)","lines":"28B, 29, 32, 32A, 39","arr":["28B","29","32","32A","39"],"terminus":0,"mode":"bus","color":"#0059a9","colorDark":"#00294f","angle":46.5,"snapDist":18,"label":1}},{"type":"Feature","geometry":{"type":"Point","coordinates":[21.825442,43.376429]},"properties":{"name":"Stovarište (na zahtev) ( ka G. Toponici)","lines":"28B, 29, 32, 32A, 39","arr":["28B","29","32","32A","39"],"terminus":0,"mode":"bus","color":"#0059a9","colorDark":"#00294f","angle":62.7,"snapDist":1,"label":1}},{"type":"Feature","geometry":{"type":"Point","coordinates":[21.822699,43.380104]},"properties":{"name":"Vrtiški put ( ka G.Toponici )","lines":"28B, 29, 32, 32A, 39","arr":["28B","29","32","32A","39"],"terminus":0,"mode":"bus","color":"#0059a9","colorDark":"#00294f","angle":61.7,"snapDist":0,"label":1}},{"type":"Feature","geometry":{"type":"Point","coordinates":[21.81881,43.385246]},"properties":{"name":"Skretanje za Nais - Ikon ( ka G. Toponici)","lines":"28B, 29, 32, 32A, 39","arr":["28B","29","32","32A","39"],"terminus":0,"mode":"bus","color":"#0059a9","colorDark":"#00294f","angle":60.8,"snapDist":8,"label":1}},{"type":"Feature","geometry":{"type":"Point","coordinates":[21.814512,43.390948]},"properties":{"name":"Kostin pojate ( ka G.Toponici)","lines":"28B, 29, 32, 32A, 39","arr":["28B","29","32","32A","39"],"terminus":0,"mode":"bus","color":"#0059a9","colorDark":"#00294f","angle":61.4,"snapDist":6,"label":1}},{"type":"Feature","geometry":{"type":"Point","coordinates":[21.80637,43.399512]},"properties":{"name":"Gornja Toponica klinika ( ka G. Toponice)","lines":"28B, 29, 32, 32A, 39","arr":["28B","29","32","32A","39"],"terminus":0,"mode":"bus","color":"#0059a9","colorDark":"#00294f","angle":29.7,"snapDist":5,"label":1}},{"type":"Feature","geometry":{"type":"Point","coordinates":[21.806632,43.402538]},"properties":{"name":"Gornja Toponica naselje ( ka Mezgraji, Kravlju)","lines":"28B, 29, 32, 32A, 39","arr":["28B","29","32","32A","39"],"terminus":0,"mode":"bus","color":"#0059a9","colorDark":"#00294f","angle":92.4,"snapDist":28,"label":1}},{"type":"Feature","geometry":{"type":"Point","coordinates":[21.784789,43.396458]},"properties":{"name":"Mezgraja - raskrsnica ( ka Supovcu- G. Trnavi)","lines":"28B, 29, 29A, 39","arr":["28B","29","29A","39"],"terminus":1,"mode":"bus","color":"#0059a9","colorDark":"#00294f","angle":93.3,"snapDist":3,"label":1}},{"type":"Feature","geometry":{"type":"Point","coordinates":[21.786369,43.405733]},"properties":{"name":"Donja Toponica (na zahtev) ( ka G. Trnavi)","lines":"29, 29A","arr":["29","29A"],"terminus":0,"mode":"bus","color":"#0059a9","colorDark":"#00294f","angle":101.1,"snapDist":3,"label":1}},{"type":"Feature","geometry":{"type":"Point","coordinates":[21.787348,43.412529]},"properties":{"name":"Donja Toponica - raskrsnica ( ka G. Trnavi)","lines":"29, 29A","arr":["29","29A"],"terminus":0,"mode":"bus","color":"#0059a9","colorDark":"#00294f","angle":57.2,"snapDist":5,"label":1}},{"type":"Feature","geometry":{"type":"Point","coordinates":[21.77967,43.420813]},"properties":{"name":"Donja Trnava ( ka G. Trnavi)","lines":"29, 29A","arr":["29","29A"],"terminus":0,"mode":"bus","color":"#0059a9","colorDark":"#00294f","angle":156.1,"snapDist":12,"label":1}},{"type":"Feature","geometry":{"type":"Point","coordinates":[21.781774,43.42204]},"properties":{"name":"Donja Trnava škola ( ka G. Trnavi)","lines":"29, 29A","arr":["29","29A"],"terminus":0,"mode":"bus","color":"#0059a9","colorDark":"#00294f","angle":136.6,"snapDist":2,"label":1}},{"type":"Feature","geometry":{"type":"Point","coordinates":[21.791716,43.422941]},"properties":{"name":"Donja Trnava petlja - strugara ( ka G. Trnavi)","lines":"29, 29A","arr":["29","29A"],"terminus":0,"mode":"bus","color":"#0059a9","colorDark":"#00294f","angle":161.9,"snapDist":3,"label":1}},{"type":"Feature","geometry":{"type":"Point","coordinates":[21.814362,43.428285]},"properties":{"name":"Gornja Trnava ulaz ( ka G. Trnavi)","lines":"29, 29A","arr":["29","29A"],"terminus":0,"mode":"bus","color":"#0059a9","colorDark":"#00294f","angle":184.5,"snapDist":2,"label":1}},{"type":"Feature","geometry":{"type":"Point","coordinates":[21.821458,43.429882]},"properties":{"name":"Gornja Trnava - trafo","lines":"29, 29A","arr":["29","29A"],"terminus":1,"mode":"bus","color":"#0059a9","colorDark":"#00294f","angle":99.2,"snapDist":8,"label":1}},{"type":"Feature","geometry":{"type":"Point","coordinates":[21.821272,43.42981]},"properties":{"name":"Gornja Trnava - Dom Kulture","lines":"29, 29A","arr":["29","29A"],"terminus":1,"mode":"bus","color":"#0059a9","colorDark":"#00294f","angle":353.7,"snapDist":3,"label":1}},{"type":"Feature","geometry":{"type":"Point","coordinates":[21.814341,43.428286]},"properties":{"name":"Gornja Trnava ulaz","lines":"29, 29A","arr":["29","29A"],"terminus":0,"mode":"bus","color":"#0059a9","colorDark":"#00294f","angle":-175.5,"snapDist":18,"label":1}},{"type":"Feature","geometry":{"type":"Point","coordinates":[21.791923,43.42299]},"properties":{"name":"Donja Trnava petlja - strugara","lines":"29, 29A","arr":["29","29A"],"terminus":0,"mode":"bus","color":"#0059a9","colorDark":"#00294f","angle":341.9,"snapDist":8,"label":1}},{"type":"Feature","geometry":{"type":"Point","coordinates":[21.781825,43.422075]},"properties":{"name":"Donja Trnava škola","lines":"29, 29A","arr":["29","29A"],"terminus":0,"mode":"bus","color":"#0059a9","colorDark":"#00294f","angle":316.6,"snapDist":24,"label":1}},{"type":"Feature","geometry":{"type":"Point","coordinates":[21.779278,43.420585]},"properties":{"name":"Donja Trnava","lines":"29, 29A","arr":["29","29A"],"terminus":0,"mode":"bus","color":"#0059a9","colorDark":"#00294f","angle":263.7,"snapDist":22,"label":1}},{"type":"Feature","geometry":{"type":"Point","coordinates":[21.786837,43.413066]},"properties":{"name":"Donja Toponica - raskrsnica","lines":"29, 29A","arr":["29","29A"],"terminus":0,"mode":"bus","color":"#0059a9","colorDark":"#00294f","angle":234.8,"snapDist":22,"label":1}},{"type":"Feature","geometry":{"type":"Point","coordinates":[21.786319,43.405545]},"properties":{"name":"Donja Toponica (na zahtev)","lines":"29, 29A","arr":["29","29A"],"terminus":0,"mode":"bus","color":"#0059a9","colorDark":"#00294f","angle":281.1,"snapDist":15,"label":1}},{"type":"Feature","geometry":{"type":"Point","coordinates":[21.806628,43.402463]},"properties":{"name":"Gornja Toponica naselje","lines":"29, 32, 32A, 39","arr":["29","32","32A","39"],"terminus":0,"mode":"bus","color":"#0059a9","colorDark":"#00294f","angle":272.4,"snapDist":10,"label":1}},{"type":"Feature","geometry":{"type":"Point","coordinates":[21.806391,43.399504]},"properties":{"name":"Gornja Toponica klinika","lines":"29, 32, 32A, 39","arr":["29","32","32A","39"],"terminus":0,"mode":"bus","color":"#0059a9","colorDark":"#00294f","angle":209.7,"snapDist":15,"label":1}},{"type":"Feature","geometry":{"type":"Point","coordinates":[21.813941,43.391707]},"properties":{"name":"Kostin pojate","lines":"29, 32, 32A, 39","arr":["29","32","32A","39"],"terminus":0,"mode":"bus","color":"#0059a9","colorDark":"#00294f","angle":241.3,"snapDist":13,"label":1}},{"type":"Feature","geometry":{"type":"Point","coordinates":[21.818412,43.385768]},"properties":{"name":"Skretanje za Nais - Ikon","lines":"29, 32, 32A, 39","arr":["29","32","32A","39"],"terminus":0,"mode":"bus","color":"#0059a9","colorDark":"#00294f","angle":241.9,"snapDist":0,"label":1}},{"type":"Feature","geometry":{"type":"Point","coordinates":[21.822412,43.380491]},"properties":{"name":"Vrtiški put","lines":"29, 32, 32A, 39","arr":["29","32","32A","39"],"terminus":0,"mode":"bus","color":"#0059a9","colorDark":"#00294f","angle":241.2,"snapDist":8,"label":1}},{"type":"Feature","geometry":{"type":"Point","coordinates":[21.825304,43.376623]},"properties":{"name":"Stovarište (na zahtev)","lines":"29, 32, 32A, 39","arr":["29","32","32A","39"],"terminus":0,"mode":"bus","color":"#0059a9","colorDark":"#00294f","angle":242.7,"snapDist":3,"label":1}},{"type":"Feature","geometry":{"type":"Point","coordinates":[21.830236,43.373331]},"properties":{"name":"Mlekara (na zahtev)","lines":"29, 32, 32A, 39","arr":["29","32","32A","39"],"terminus":0,"mode":"bus","color":"#0059a9","colorDark":"#00294f","angle":226.5,"snapDist":4,"label":1}},{"type":"Feature","geometry":{"type":"Point","coordinates":[21.835835,43.369075]},"properties":{"name":"Eurometal (na zahtev)","lines":"29, 32, 32A, 39","arr":["29","32","32A","39"],"terminus":0,"mode":"bus","color":"#0059a9","colorDark":"#00294f","angle":225.9,"snapDist":1,"label":1}},{"type":"Feature","geometry":{"type":"Point","coordinates":[21.84096,43.365105]},"properties":{"name":"Kafana Kosovka (na zahtev)","lines":"29, 32, 32A, 39","arr":["29","32","32A","39"],"terminus":0,"mode":"bus","color":"#0059a9","colorDark":"#00294f","angle":227.1,"snapDist":1,"label":1}},{"type":"Feature","geometry":{"type":"Point","coordinates":[21.845814,43.361312]},"properties":{"name":"Čamurlija","lines":"29, 32, 32A, 39","arr":["29","32","32A","39"],"terminus":0,"mode":"bus","color":"#0059a9","colorDark":"#00294f","angle":227.1,"snapDist":6,"label":1}},{"type":"Feature","geometry":{"type":"Point","coordinates":[21.851845,43.356717]},"properties":{"name":"Lovopromet (na zahtev)","lines":"29, 32, 32A, 39","arr":["29","32","32A","39"],"terminus":0,"mode":"bus","color":"#0059a9","colorDark":"#00294f","angle":226.6,"snapDist":3,"label":1}},{"type":"Feature","geometry":{"type":"Point","coordinates":[21.807772,43.37258]},"properties":{"name":"Niš Vožda Karađorđa (iz grada)","lines":"29A","arr":["29A"],"terminus":0,"mode":"bus","color":"#0059a9","colorDark":"#00294f","angle":104.7,"snapDist":7,"label":1}},{"type":"Feature","geometry":{"type":"Point","coordinates":[21.800333,43.372194]},"properties":{"name":"Vrtište - izlaz ( ka Mezgraji)","lines":"29A","arr":["29A"],"terminus":0,"mode":"bus","color":"#0059a9","colorDark":"#00294f","angle":293.9,"snapDist":8,"label":1}},{"type":"Feature","geometry":{"type":"Point","coordinates":[21.780241,43.386159]},"properties":{"name":"Mezgraja - ulaz ( ka Mezgraji )","lines":"29A","arr":["29A"],"terminus":0,"mode":"bus","color":"#0059a9","colorDark":"#00294f","angle":113.8,"snapDist":3,"label":1}},{"type":"Feature","geometry":{"type":"Point","coordinates":[21.783366,43.39245]},"properties":{"name":"Mezgraja - pruga, rampa ( ka Mezgraji )","lines":"29A","arr":["29A"],"terminus":0,"mode":"bus","color":"#0059a9","colorDark":"#00294f","angle":-73.6,"snapDist":11,"label":1}},{"type":"Feature","geometry":{"type":"Point","coordinates":[21.892611,43.354177]},"properties":{"name":"Gornji Komren ( ka Leskoviku )","lines":"30, 31","arr":["30","31"],"terminus":0,"mode":"bus","color":"#0059a9","colorDark":"#00294f","angle":-81.3,"snapDist":10,"label":1}},{"type":"Feature","geometry":{"type":"Point","coordinates":[21.897541,43.363388]},"properties":{"name":"Hum ulaz (na zahtev) ( ka Leskoviku )","lines":"30, 31","arr":["30","31"],"terminus":0,"mode":"bus","color":"#0059a9","colorDark":"#00294f","angle":-87.8,"snapDist":11,"label":1}},{"type":"Feature","geometry":{"type":"Point","coordinates":[21.897732,43.364935]},"properties":{"name":"Hum (Zrno B.G. plus)","lines":"30, 31","arr":["30","31"],"terminus":0,"mode":"bus","color":"#0059a9","colorDark":"#00294f","angle":90.6,"snapDist":3,"label":1}},{"type":"Feature","geometry":{"type":"Point","coordinates":[21.898498,43.368643]},"properties":{"name":"Hum ambulanta ( ka Leskoviku )","lines":"30, 31","arr":["30","31"],"terminus":0,"mode":"bus","color":"#0059a9","colorDark":"#00294f","angle":104.9,"snapDist":10,"label":1}},{"type":"Feature","geometry":{"type":"Point","coordinates":[21.899332,43.371352]},"properties":{"name":"Hum raskrsnica ( ka Leskoviku )","lines":"30, 31","arr":["30","31"],"terminus":0,"mode":"bus","color":"#0059a9","colorDark":"#00294f","angle":-84.6,"snapDist":17,"label":1}},{"type":"Feature","geometry":{"type":"Point","coordinates":[21.896367,43.375882]},"properties":{"name":"Hum izlaz ( ka Leskoviku )","lines":"30","arr":["30"],"terminus":0,"mode":"bus","color":"#0059a9","colorDark":"#00294f","angle":157.5,"snapDist":22,"label":1}},{"type":"Feature","geometry":{"type":"Point","coordinates":[21.893402,43.375566]},"properties":{"name":"Hum (Mali breg)","lines":"30","arr":["30"],"terminus":0,"mode":"bus","color":"#0059a9","colorDark":"#00294f","angle":345.1,"snapDist":12,"label":1}},{"type":"Feature","geometry":{"type":"Point","coordinates":[21.882177,43.387083]},"properties":{"name":"Rujnik ulaz ( ka Leskoviku )","lines":"30","arr":["30"],"terminus":0,"mode":"bus","color":"#0059a9","colorDark":"#00294f","angle":-74,"snapDist":31,"label":1}},{"type":"Feature","geometry":{"type":"Point","coordinates":[21.882543,43.390986]},"properties":{"name":"Rujnik centar ( ka Leskoviku )","lines":"30","arr":["30"],"terminus":0,"mode":"bus","color":"#0059a9","colorDark":"#00294f","angle":126.9,"snapDist":4,"label":1}},{"type":"Feature","geometry":{"type":"Point","coordinates":[21.879341,43.39072]},"properties":{"name":"Rujnik (igralište) ( ka Leskoviku )","lines":"30","arr":["30"],"terminus":0,"mode":"bus","color":"#0059a9","colorDark":"#00294f","angle":87.4,"snapDist":3,"label":1}},{"type":"Feature","geometry":{"type":"Point","coordinates":[21.882709,43.393447]},"properties":{"name":"Rujnik izlaz ( ka Leskoviku )","lines":"30","arr":["30"],"terminus":0,"mode":"bus","color":"#0059a9","colorDark":"#00294f","angle":132.7,"snapDist":3,"label":1}},{"type":"Feature","geometry":{"type":"Point","coordinates":[21.898683,43.404786]},"properties":{"name":"Leskovik - česma","lines":"30","arr":["30"],"terminus":1,"mode":"bus","color":"#0059a9","colorDark":"#00294f","angle":291.6,"snapDist":3,"label":1}},{"type":"Feature","geometry":{"type":"Point","coordinates":[21.884065,43.394221]},"properties":{"name":"Rujnik izlaz","lines":"30","arr":["30"],"terminus":0,"mode":"bus","color":"#0059a9","colorDark":"#00294f","angle":274.3,"snapDist":11,"label":1}},{"type":"Feature","geometry":{"type":"Point","coordinates":[21.879359,43.390569]},"properties":{"name":"Rujnik (igralište) B","lines":"30","arr":["30"],"terminus":0,"mode":"bus","color":"#0059a9","colorDark":"#00294f","angle":261.5,"snapDist":4,"label":1}},{"type":"Feature","geometry":{"type":"Point","coordinates":[21.882302,43.390743]},"properties":{"name":"Rujnik centar","lines":"30","arr":["30"],"terminus":0,"mode":"bus","color":"#0059a9","colorDark":"#00294f","angle":296.6,"snapDist":3,"label":1}},{"type":"Feature","geometry":{"type":"Point","coordinates":[21.882177,43.387082]},"properties":{"name":"Rujnik ulaz","lines":"30","arr":["30"],"terminus":0,"mode":"bus","color":"#0059a9","colorDark":"#00294f","angle":286,"snapDist":30,"label":1}},{"type":"Feature","geometry":{"type":"Point","coordinates":[21.891489,43.375313]},"properties":{"name":"Hum (Mali breg) B","lines":"30","arr":["30"],"terminus":0,"mode":"bus","color":"#0059a9","colorDark":"#00294f","angle":169.7,"snapDist":1,"label":1}},{"type":"Feature","geometry":{"type":"Point","coordinates":[21.896367,43.375882]},"properties":{"name":"Hum izlaz","lines":"30","arr":["30"],"terminus":0,"mode":"bus","color":"#0059a9","colorDark":"#00294f","angle":157.5,"snapDist":22,"label":1}},{"type":"Feature","geometry":{"type":"Point","coordinates":[21.899303,43.371133]},"properties":{"name":"Hum raskrsnica","lines":"30, 31","arr":["30","31"],"terminus":0,"mode":"bus","color":"#0059a9","colorDark":"#00294f","angle":275.4,"snapDist":10,"label":1}},{"type":"Feature","geometry":{"type":"Point","coordinates":[21.89858,43.368868]},"properties":{"name":"Hum ambulanta","lines":"30, 31","arr":["30","31"],"terminus":0,"mode":"bus","color":"#0059a9","colorDark":"#00294f","angle":284.9,"snapDist":10,"label":1}},{"type":"Feature","geometry":{"type":"Point","coordinates":[21.897733,43.364994]},"properties":{"name":"Hum (Zrno B.G. plus) B","lines":"30, 31","arr":["30","31"],"terminus":0,"mode":"bus","color":"#0059a9","colorDark":"#00294f","angle":271.5,"snapDist":9,"label":1}},{"type":"Feature","geometry":{"type":"Point","coordinates":[21.89753,43.363187]},"properties":{"name":"Hum ulaz (na zahtev)","lines":"30, 31","arr":["30","31"],"terminus":0,"mode":"bus","color":"#0059a9","colorDark":"#00294f","angle":272.2,"snapDist":6,"label":1}},{"type":"Feature","geometry":{"type":"Point","coordinates":[21.892762,43.354773]},"properties":{"name":"Gornji Komren","lines":"30, 31","arr":["30","31"],"terminus":0,"mode":"bus","color":"#0059a9","colorDark":"#00294f","angle":264.7,"snapDist":7,"label":1}},{"type":"Feature","geometry":{"type":"Point","coordinates":[21.900026,43.373283]},"properties":{"name":"Hum okretnica - spomenik ( ka Humu )","lines":"31","arr":["31"],"terminus":1,"mode":"bus","color":"#0059a9","colorDark":"#00294f","angle":50.6,"snapDist":31,"label":1}},{"type":"Feature","geometry":{"type":"Point","coordinates":[21.900404,43.373015]},"properties":{"name":"Hum - spomenik, trafo","lines":"31","arr":["31"],"terminus":1,"mode":"bus","color":"#0059a9","colorDark":"#00294f","angle":299.6,"snapDist":22,"label":1}},{"type":"Feature","geometry":{"type":"Point","coordinates":[21.807741,43.406544]},"properties":{"name":"Gornja Toponica izlaz ( ka Kravlju )","lines":"32, 32A","arr":["32","32A"],"terminus":0,"mode":"bus","color":"#0059a9","colorDark":"#00294f","angle":-30.8,"snapDist":19,"label":1}},{"type":"Feature","geometry":{"type":"Point","coordinates":[21.816055,43.410182]},"properties":{"name":"Berčinac ulaz ( ka Kravlju)","lines":"32, 32A","arr":["32","32A"],"terminus":0,"mode":"bus","color":"#0059a9","colorDark":"#00294f","angle":133.2,"snapDist":21,"label":1}},{"type":"Feature","geometry":{"type":"Point","coordinates":[21.821458,43.408021]},"properties":{"name":"Berčinac ( ka Kravlju)","lines":"32, 32A","arr":["32","32A"],"terminus":0,"mode":"bus","color":"#0059a9","colorDark":"#00294f","angle":20.9,"snapDist":9,"label":1}},{"type":"Feature","geometry":{"type":"Point","coordinates":[21.834529,43.415288]},"properties":{"name":"Paljina ( ka Kravlju)","lines":"32, 32A","arr":["32","32A"],"terminus":0,"mode":"bus","color":"#0059a9","colorDark":"#00294f","angle":-4.9,"snapDist":25,"label":1}},{"type":"Feature","geometry":{"type":"Point","coordinates":[21.849351,43.425575]},"properties":{"name":"Miljkovac raskrsnica ( ka Kravlju)","lines":"32, 32A","arr":["32","32A"],"terminus":0,"mode":"bus","color":"#0059a9","colorDark":"#00294f","angle":100.9,"snapDist":5,"label":1}},{"type":"Feature","geometry":{"type":"Point","coordinates":[21.854276,43.426891]},"properties":{"name":"Miljkovac škola ( ka Miljkovcu)","lines":"32, 32A","arr":["32","32A"],"terminus":0,"mode":"bus","color":"#0059a9","colorDark":"#00294f","angle":151,"snapDist":0,"label":1}},{"type":"Feature","geometry":{"type":"Point","coordinates":[21.858745,43.429996]},"properties":{"name":"Miljkovac naselje ( ka Miljkovcu)","lines":"32, 32A","arr":["32","32A"],"terminus":0,"mode":"bus","color":"#0059a9","colorDark":"#00294f","angle":130.5,"snapDist":27,"label":1}},{"type":"Feature","geometry":{"type":"Point","coordinates":[21.855262,43.427363]},"properties":{"name":"Miljkovac škola","lines":"32, 32A","arr":["32","32A"],"terminus":0,"mode":"bus","color":"#0059a9","colorDark":"#00294f","angle":-29.6,"snapDist":16,"label":1}},{"type":"Feature","geometry":{"type":"Point","coordinates":[21.848956,43.424656]},"properties":{"name":"Miljkovac raskrsnica","lines":"32, 32A","arr":["32","32A"],"terminus":0,"mode":"bus","color":"#0059a9","colorDark":"#00294f","angle":106.6,"snapDist":3,"label":1}},{"type":"Feature","geometry":{"type":"Point","coordinates":[21.84717,43.440917]},"properties":{"name":"Vele Polje ulaz ( ka Kravlju)","lines":"32, 32A","arr":["32","32A"],"terminus":0,"mode":"bus","color":"#0059a9","colorDark":"#00294f","angle":89.6,"snapDist":2,"label":1}},{"type":"Feature","geometry":{"type":"Point","coordinates":[21.847213,43.446504]},"properties":{"name":"Vele Polje škola ( ka Kravlju)","lines":"32, 32A","arr":["32","32A"],"terminus":0,"mode":"bus","color":"#0059a9","colorDark":"#00294f","angle":94.3,"snapDist":3,"label":1}},{"type":"Feature","geometry":{"type":"Point","coordinates":[21.848937,43.450678]},"properties":{"name":"Vele Polje naselje ( ka Kravlju)","lines":"32, 32A","arr":["32","32A"],"terminus":0,"mode":"bus","color":"#0059a9","colorDark":"#00294f","angle":113.5,"snapDist":3,"label":1}},{"type":"Feature","geometry":{"type":"Point","coordinates":[21.850702,43.453515]},"properties":{"name":"Vele Polje raskrsnica ( ka Kravlju)","lines":"32, 32A","arr":["32","32A"],"terminus":0,"mode":"bus","color":"#0059a9","colorDark":"#00294f","angle":121.9,"snapDist":2,"label":1}},{"type":"Feature","geometry":{"type":"Point","coordinates":[21.85878,43.460883]},"properties":{"name":"Paligrace mlin ( ka Paligracu)","lines":"32, 32A","arr":["32","32A"],"terminus":0,"mode":"bus","color":"#0059a9","colorDark":"#00294f","angle":137,"snapDist":10,"label":1}},{"type":"Feature","geometry":{"type":"Point","coordinates":[21.861856,43.464352]},"properties":{"name":"Paligrace ( ka Paligracu)","lines":"32, 32A","arr":["32","32A"],"terminus":1,"mode":"bus","color":"#0059a9","colorDark":"#00294f","angle":86.2,"snapDist":12,"label":1}},{"type":"Feature","geometry":{"type":"Point","coordinates":[21.859979,43.46153]},"properties":{"name":"Paligrace mlin","lines":"32, 32A","arr":["32","32A"],"terminus":0,"mode":"bus","color":"#0059a9","colorDark":"#00294f","angle":146.6,"snapDist":19,"label":1}},{"type":"Feature","geometry":{"type":"Point","coordinates":[21.872542,43.454713]},"properties":{"name":"Topilo ( ka Kravlju)","lines":"32","arr":["32"],"terminus":0,"mode":"bus","color":"#0059a9","colorDark":"#00294f","angle":143,"snapDist":2,"label":1}},{"type":"Feature","geometry":{"type":"Point","coordinates":[21.903481,43.457801]},"properties":{"name":"Kravlje ulaz ( ka Kravlju)","lines":"32","arr":["32"],"terminus":0,"mode":"bus","color":"#0059a9","colorDark":"#00294f","angle":182.5,"snapDist":2,"label":1}},{"type":"Feature","geometry":{"type":"Point","coordinates":[21.908,43.457769]},"properties":{"name":"Kravlje","lines":"32","arr":["32"],"terminus":1,"mode":"bus","color":"#0059a9","colorDark":"#00294f","angle":0,"snapDist":8,"label":1}},{"type":"Feature","geometry":{"type":"Point","coordinates":[21.907395,43.457706]},"properties":{"name":"Kravlje","lines":"32","arr":["32"],"terminus":1,"mode":"bus","color":"#0059a9","colorDark":"#00294f","angle":62.5,"snapDist":7,"label":0}},{"type":"Feature","geometry":{"type":"Point","coordinates":[21.903357,43.457808]},"properties":{"name":"Kravlje ulaz","lines":"32","arr":["32"],"terminus":0,"mode":"bus","color":"#0059a9","colorDark":"#00294f","angle":9.4,"snapDist":18,"label":1}},{"type":"Feature","geometry":{"type":"Point","coordinates":[21.87262,43.454756]},"properties":{"name":"Topilo","lines":"32","arr":["32"],"terminus":0,"mode":"bus","color":"#0059a9","colorDark":"#00294f","angle":323,"snapDist":4,"label":1}},{"type":"Feature","geometry":{"type":"Point","coordinates":[21.861818,43.464697]},"properties":{"name":"Paligrace","lines":"32, 32A","arr":["32","32A"],"terminus":1,"mode":"bus","color":"#0059a9","colorDark":"#00294f","angle":85.5,"snapDist":14,"label":1}},{"type":"Feature","geometry":{"type":"Point","coordinates":[21.850684,43.453494]},"properties":{"name":"Vele Polje raskrsnica","lines":"32, 32A","arr":["32","32A"],"terminus":0,"mode":"bus","color":"#0059a9","colorDark":"#00294f","angle":301.9,"snapDist":22,"label":1}},{"type":"Feature","geometry":{"type":"Point","coordinates":[21.848962,43.450718]},"properties":{"name":"Vele Polje naselje","lines":"32, 32A","arr":["32","32A"],"terminus":0,"mode":"bus","color":"#0059a9","colorDark":"#00294f","angle":113.5,"snapDist":19,"label":1}},{"type":"Feature","geometry":{"type":"Point","coordinates":[21.847245,43.446819]},"properties":{"name":"Vele Polje škola","lines":"32, 32A","arr":["32","32A"],"terminus":0,"mode":"bus","color":"#0059a9","colorDark":"#00294f","angle":94.3,"snapDist":27,"label":1}},{"type":"Feature","geometry":{"type":"Point","coordinates":[21.84716,43.441081]},"properties":{"name":"Vele Polje ulaz","lines":"32, 32A","arr":["32","32A"],"terminus":0,"mode":"bus","color":"#0059a9","colorDark":"#00294f","angle":88.2,"snapDist":6,"label":1}},{"type":"Feature","geometry":{"type":"Point","coordinates":[21.858599,43.429864]},"properties":{"name":"Miljkovac naselje","lines":"32, 32A","arr":["32","32A"],"terminus":0,"mode":"bus","color":"#0059a9","colorDark":"#00294f","angle":127.9,"snapDist":3,"label":1}},{"type":"Feature","geometry":{"type":"Point","coordinates":[21.834582,43.415292]},"properties":{"name":"Paljina","lines":"32, 32A","arr":["32","32A"],"terminus":0,"mode":"bus","color":"#0059a9","colorDark":"#00294f","angle":355.1,"snapDist":9,"label":1}},{"type":"Feature","geometry":{"type":"Point","coordinates":[21.821504,43.408009]},"properties":{"name":"Berčinac","lines":"32, 32A","arr":["32","32A"],"terminus":0,"mode":"bus","color":"#0059a9","colorDark":"#00294f","angle":20.9,"snapDist":5,"label":1}},{"type":"Feature","geometry":{"type":"Point","coordinates":[21.816063,43.410189]},"properties":{"name":"Berčinac ulaz","lines":"32, 32A","arr":["32","32A"],"terminus":0,"mode":"bus","color":"#0059a9","colorDark":"#00294f","angle":313.2,"snapDist":14,"label":1}},{"type":"Feature","geometry":{"type":"Point","coordinates":[21.807459,43.406422]},"properties":{"name":"Gornja Toponica izlaz","lines":"32, 32A","arr":["32","32A"],"terminus":0,"mode":"bus","color":"#0059a9","colorDark":"#00294f","angle":329.2,"snapDist":9,"label":1}},{"type":"Feature","geometry":{"type":"Point","coordinates":[21.748278,43.372699]},"properties":{"name":"Sečanica MK","lines":"33, 33P","arr":["33","33P"],"terminus":1,"mode":"bus","color":"#0059a9","colorDark":"#00294f","angle":-169.5,"snapDist":10,"label":1}},{"type":"Feature","geometry":{"type":"Point","coordinates":[21.745842,43.372067]},"properties":{"name":"Sečanica česma","lines":"33","arr":["33"],"terminus":0,"mode":"bus","color":"#0059a9","colorDark":"#00294f","angle":218.7,"snapDist":15,"label":1}},{"type":"Feature","geometry":{"type":"Point","coordinates":[21.746329,43.369715]},"properties":{"name":"Sečanica - Etno kuća","lines":"33","arr":["33"],"terminus":0,"mode":"bus","color":"#0059a9","colorDark":"#00294f","angle":287.8,"snapDist":2,"label":1}},{"type":"Feature","geometry":{"type":"Point","coordinates":[21.742678,43.366677]},"properties":{"name":"Sečanica crkva (na zahtev)","lines":"33","arr":["33"],"terminus":0,"mode":"bus","color":"#0059a9","colorDark":"#00294f","angle":297.3,"snapDist":4,"label":1}},{"type":"Feature","geometry":{"type":"Point","coordinates":[21.740599,43.360785]},"properties":{"name":"Selište raskrsnica (na zahtev)","lines":"33","arr":["33"],"terminus":0,"mode":"bus","color":"#0059a9","colorDark":"#00294f","angle":309.5,"snapDist":0,"label":1}},{"type":"Feature","geometry":{"type":"Point","coordinates":[21.761494,43.351489]},"properties":{"name":"Dudulajce (raskrsnica)","lines":"33","arr":["33"],"terminus":0,"mode":"bus","color":"#0059a9","colorDark":"#00294f","angle":15.1,"snapDist":8,"label":1}},{"type":"Feature","geometry":{"type":"Point","coordinates":[21.765095,43.345633]},"properties":{"name":"Lalinsko pojate","lines":"33","arr":["33"],"terminus":0,"mode":"bus","color":"#0059a9","colorDark":"#00294f","angle":246.5,"snapDist":1,"label":1}},{"type":"Feature","geometry":{"type":"Point","coordinates":[21.775809,43.329832]},"properties":{"name":"Krušce - igralište (na zahtev)","lines":"33, 36","arr":["33","36"],"terminus":1,"mode":"bus","color":"#0059a9","colorDark":"#00294f","angle":256,"snapDist":4,"label":1}},{"type":"Feature","geometry":{"type":"Point","coordinates":[21.775951,43.327775]},"properties":{"name":"Krušce","lines":"33, 36","arr":["33","36"],"terminus":0,"mode":"bus","color":"#0059a9","colorDark":"#00294f","angle":101.1,"snapDist":17,"label":1}},{"type":"Feature","geometry":{"type":"Point","coordinates":[21.779903,43.321563]},"properties":{"name":"Krušce - ulaz","lines":"33, 36","arr":["33","36"],"terminus":0,"mode":"bus","color":"#0059a9","colorDark":"#00294f","angle":247.4,"snapDist":9,"label":1}},{"type":"Feature","geometry":{"type":"Point","coordinates":[21.78315,43.316023]},"properties":{"name":"Niš Kneza Stefana Vojislava","lines":"33","arr":["33"],"terminus":0,"mode":"bus","color":"#0059a9","colorDark":"#00294f","angle":257.1,"snapDist":33,"label":1}},{"type":"Feature","geometry":{"type":"Point","coordinates":[21.784245,43.312366]},"properties":{"name":"Mramor","lines":"33, 36A","arr":["33","36A"],"terminus":0,"mode":"bus","color":"#0059a9","colorDark":"#00294f","angle":171.7,"snapDist":25,"label":0}},{"type":"Feature","geometry":{"type":"Point","coordinates":[21.791409,43.312968]},"properties":{"name":"Vulkan","lines":"33, 36, 36A","arr":["33","36","36A"],"terminus":0,"mode":"bus","color":"#0059a9","colorDark":"#00294f","angle":169.3,"snapDist":8,"label":1}},{"type":"Feature","geometry":{"type":"Point","coordinates":[21.796143,43.313637]},"properties":{"name":"Zeleni Vir (na zahtev)","lines":"33, 36, 36A","arr":["33","36","36A"],"terminus":0,"mode":"bus","color":"#0059a9","colorDark":"#00294f","angle":168.9,"snapDist":14,"label":1}},{"type":"Feature","geometry":{"type":"Point","coordinates":[21.810727,43.315594]},"properties":{"name":"Naselje 9. Maj (škola)","lines":"33, 36, 36A","arr":["33","36","36A"],"terminus":0,"mode":"bus","color":"#0059a9","colorDark":"#00294f","angle":-10.4,"snapDist":12,"label":1}},{"type":"Feature","geometry":{"type":"Point","coordinates":[21.817754,43.316383]},"properties":{"name":"Naselje 9. Maj (Pošta)","lines":"33, 33P, 36, 36A","arr":["33","33P","36","36A"],"terminus":0,"mode":"bus","color":"#0059a9","colorDark":"#00294f","angle":351.9,"snapDist":9,"label":1}},{"type":"Feature","geometry":{"type":"Point","coordinates":[21.81087,43.315613]},"properties":{"name":"Naselje 9. Maj (škola)","lines":"33, 33P, 36, 36A","arr":["33","33P","36","36A"],"terminus":0,"mode":"bus","color":"#0059a9","colorDark":"#00294f","angle":349.6,"snapDist":53,"label":0}},{"type":"Feature","geometry":{"type":"Point","coordinates":[21.79683,43.313741]},"properties":{"name":"Zeleni Vir (na zahtev) ( ka Mramoru)","lines":"33, 33P, 36, 36A","arr":["33","33P","36","36A"],"terminus":0,"mode":"bus","color":"#0059a9","colorDark":"#00294f","angle":348.2,"snapDist":19,"label":1}},{"type":"Feature","geometry":{"type":"Point","coordinates":[21.79224,43.313083]},"properties":{"name":"Vulkan","lines":"33, 33P, 36, 36A","arr":["33","33P","36","36A"],"terminus":0,"mode":"bus","color":"#0059a9","colorDark":"#00294f","angle":349.1,"snapDist":5,"label":0}},{"type":"Feature","geometry":{"type":"Point","coordinates":[21.784058,43.313384]},"properties":{"name":"Mramor okretnica ( ka Sečanici)","lines":"33, 33P, 36","arr":["33","33P","36"],"terminus":0,"mode":"bus","color":"#0059a9","colorDark":"#00294f","angle":75.6,"snapDist":22,"label":1}},{"type":"Feature","geometry":{"type":"Point","coordinates":[21.783169,43.315961]},"properties":{"name":"Niš Kralja Mihaila Vojisavljevića (iz grada)","lines":"33, 33P","arr":["33","33P"],"terminus":0,"mode":"bus","color":"#0059a9","colorDark":"#00294f","angle":77.1,"snapDist":17,"label":1}},{"type":"Feature","geometry":{"type":"Point","coordinates":[21.77995,43.321482]},"properties":{"name":"Krušce - ulaz ( ka Sečanici)","lines":"33, 33P, 36","arr":["33","33P","36"],"terminus":0,"mode":"bus","color":"#0059a9","colorDark":"#00294f","angle":67.4,"snapDist":7,"label":1}},{"type":"Feature","geometry":{"type":"Point","coordinates":[21.777073,43.32552]},"properties":{"name":"Krušce ( ka Sečanici)","lines":"33, 33P, 36","arr":["33","33P","36"],"terminus":0,"mode":"bus","color":"#0059a9","colorDark":"#00294f","angle":67.8,"snapDist":1,"label":1}},{"type":"Feature","geometry":{"type":"Point","coordinates":[21.77601,43.329317]},"properties":{"name":"Krušce - igralište (na zahtev) ( ka Sečanici)","lines":"33, 33P, 36","arr":["33","33P","36"],"terminus":1,"mode":"bus","color":"#0059a9","colorDark":"#00294f","angle":70.8,"snapDist":20,"label":1}},{"type":"Feature","geometry":{"type":"Point","coordinates":[21.765239,43.345391]},"properties":{"name":"Lalinsko pojate ( ka Sečanici)","lines":"33, 33P","arr":["33","33P"],"terminus":0,"mode":"bus","color":"#0059a9","colorDark":"#00294f","angle":66.5,"snapDist":6,"label":1}},{"type":"Feature","geometry":{"type":"Point","coordinates":[21.761584,43.351529]},"properties":{"name":"Dudulajce - raskrsnica ( ka Sečanici)","lines":"33, 33P","arr":["33","33P"],"terminus":0,"mode":"bus","color":"#0059a9","colorDark":"#00294f","angle":93.1,"snapDist":12,"label":1}},{"type":"Feature","geometry":{"type":"Point","coordinates":[21.763069,43.36916]},"properties":{"name":"Vikendice (na zahtev) ( ka Sečanici)","lines":"33, 33P","arr":["33","33P"],"terminus":0,"mode":"bus","color":"#0059a9","colorDark":"#00294f","angle":-67.2,"snapDist":36,"label":1}},{"type":"Feature","geometry":{"type":"Point","coordinates":[21.76321,43.377508]},"properties":{"name":"Sečanica - raskrsnica ( ka Sečanici)","lines":"33, 33P","arr":["33","33P"],"terminus":0,"mode":"bus","color":"#0059a9","colorDark":"#00294f","angle":335.8,"snapDist":6,"label":1}},{"type":"Feature","geometry":{"type":"Point","coordinates":[21.753115,43.374684]},"properties":{"name":"Sečanica - ulaz ( ka Sečanici)","lines":"33, 33P","arr":["33","33P"],"terminus":0,"mode":"bus","color":"#0059a9","colorDark":"#00294f","angle":326.7,"snapDist":7,"label":1}},{"type":"Feature","geometry":{"type":"Point","coordinates":[21.76321,43.377508]},"properties":{"name":"Sečanica - raskrsnica (na zahtev)","lines":"33P","arr":["33P"],"terminus":0,"mode":"bus","color":"#0059a9","colorDark":"#00294f","angle":335.8,"snapDist":6,"label":1}},{"type":"Feature","geometry":{"type":"Point","coordinates":[21.765157,43.387453]},"properties":{"name":"Supovac raskrsnica 2 ( ka Supovcu)","lines":"33P, 39","arr":["33P","39"],"terminus":0,"mode":"bus","color":"#0059a9","colorDark":"#00294f","angle":-61.7,"snapDist":7,"label":1}},{"type":"Feature","geometry":{"type":"Point","coordinates":[21.759718,43.389926]},"properties":{"name":"Supovac okretnica","lines":"33P, 39","arr":["33P","39"],"terminus":1,"mode":"bus","color":"#0059a9","colorDark":"#00294f","angle":357,"snapDist":3,"label":1}},{"type":"Feature","geometry":{"type":"Point","coordinates":[21.866286,43.338452]},"properties":{"name":"Aerodrom Niš","lines":"34A, 34B","arr":["34A","34B"],"terminus":1,"mode":"bus","color":"#0059a9","colorDark":"#00294f","angle":24.7,"snapDist":2,"label":1}},{"type":"Feature","geometry":{"type":"Point","coordinates":[21.865795,43.342817]},"properties":{"name":"Vazduhoplovaca","lines":"34A, 34B","arr":["34A","34B"],"terminus":0,"mode":"bus","color":"#0059a9","colorDark":"#00294f","angle":122.3,"snapDist":1,"label":1}},{"type":"Feature","geometry":{"type":"Point","coordinates":[21.877101,43.314917]},"properties":{"name":"Atina","lines":"34A","arr":["34A"],"terminus":0,"mode":"bus","color":"#0059a9","colorDark":"#00294f","angle":276.4,"snapDist":0,"label":1}},{"type":"Feature","geometry":{"type":"Point","coordinates":[21.884507,43.315323]},"properties":{"name":"Vojvode Gojka ( ka Pal. Pijaci)","lines":"34A","arr":["34A"],"terminus":0,"mode":"bus","color":"#0059a9","colorDark":"#00294f","angle":222.9,"snapDist":7,"label":1}},{"type":"Feature","geometry":{"type":"Point","coordinates":[21.925261,43.327429]},"properties":{"name":"Proleterska","lines":"34A","arr":["34A"],"terminus":0,"mode":"bus","color":"#0059a9","colorDark":"#00294f","angle":88.1,"snapDist":6,"label":1}},{"type":"Feature","geometry":{"type":"Point","coordinates":[21.901964,43.327763]},"properties":{"name":"Kasarna Knez Mihajlo","lines":"34A","arr":["34A"],"terminus":0,"mode":"bus","color":"#0059a9","colorDark":"#00294f","angle":17.6,"snapDist":6,"label":1}},{"type":"Feature","geometry":{"type":"Point","coordinates":[21.864783,43.341654]},"properties":{"name":"Vazduhoplovaca","lines":"34A, 34B","arr":["34A","34B"],"terminus":0,"mode":"bus","color":"#0059a9","colorDark":"#00294f","angle":-61.9,"snapDist":12,"label":0}},{"type":"Feature","geometry":{"type":"Point","coordinates":[21.866298,43.337998]},"properties":{"name":"Aerodrom Niš (iz grada)","lines":"34A, 34B","arr":["34A","34B"],"terminus":1,"mode":"bus","color":"#0059a9","colorDark":"#00294f","angle":204.3,"snapDist":10,"label":1}},{"type":"Feature","geometry":{"type":"Point","coordinates":[21.895964,43.331357]},"properties":{"name":"Nišauto ( ka Jagodin mali)","lines":"34B","arr":["34B"],"terminus":0,"mode":"bus","color":"#0059a9","colorDark":"#00294f","angle":231.5,"snapDist":10,"label":1}},{"type":"Feature","geometry":{"type":"Point","coordinates":[21.925222,43.328279]},"properties":{"name":"Proleterska (c)","lines":"34B","arr":["34B"],"terminus":0,"mode":"bus","color":"#0059a9","colorDark":"#00294f","angle":268.1,"snapDist":11,"label":1}},{"type":"Feature","geometry":{"type":"Point","coordinates":[21.895999,43.312734]},"properties":{"name":"Čačanska ( ka Njegoševoj)","lines":"34B","arr":["34B"],"terminus":0,"mode":"bus","color":"#0059a9","colorDark":"#00294f","angle":350.7,"snapDist":2,"label":1}},{"type":"Feature","geometry":{"type":"Point","coordinates":[21.892628,43.31207]},"properties":{"name":"Staro groblje ( ka V. Putnika)","lines":"34B","arr":["34B"],"terminus":0,"mode":"bus","color":"#0059a9","colorDark":"#00294f","angle":358.5,"snapDist":2,"label":1}},{"type":"Feature","geometry":{"type":"Point","coordinates":[21.888361,43.312915]},"properties":{"name":"Čarnojevića ( ka V. Putnika)","lines":"34B","arr":["34B"],"terminus":0,"mode":"bus","color":"#0059a9","colorDark":"#00294f","angle":28.7,"snapDist":4,"label":1}},{"type":"Feature","geometry":{"type":"Point","coordinates":[21.884858,43.315085]},"properties":{"name":"Vojvode Gojka ( ka V.Putnik)","lines":"34B","arr":["34B"],"terminus":0,"mode":"bus","color":"#0059a9","colorDark":"#00294f","angle":42.9,"snapDist":4,"label":1}},{"type":"Feature","geometry":{"type":"Point","coordinates":[21.877929,43.313591]},"properties":{"name":"Kajmakčalanska ( ka Ž. stanici)","lines":"34B","arr":["34B"],"terminus":0,"mode":"bus","color":"#0059a9","colorDark":"#00294f","angle":13.9,"snapDist":4,"label":1}},{"type":"Feature","geometry":{"type":"Point","coordinates":[21.83853,43.298197]},"properties":{"name":"Bubanj selo III - DAMM komerc ( ka G.Međurovu )","lines":"35","arr":["35"],"terminus":0,"mode":"bus","color":"#0059a9","colorDark":"#00294f","angle":294.4,"snapDist":2,"label":1}},{"type":"Feature","geometry":{"type":"Point","coordinates":[21.838148,43.294228]},"properties":{"name":"Bubanj selo II - Krst ( ka G.Međurovu )","lines":"35","arr":["35"],"terminus":0,"mode":"bus","color":"#0059a9","colorDark":"#00294f","angle":234.2,"snapDist":4,"label":1}},{"type":"Feature","geometry":{"type":"Point","coordinates":[21.84129,43.29045]},"properties":{"name":"Bubanj selo I - OŠ D.Maksimovic ( ka G.Međurovu )","lines":"35","arr":["35"],"terminus":0,"mode":"bus","color":"#0059a9","colorDark":"#00294f","angle":237.3,"snapDist":19,"label":1}},{"type":"Feature","geometry":{"type":"Point","coordinates":[21.843629,43.28768]},"properties":{"name":"Bubanj selo - ulaz ( ka G. Međurovu)","lines":"35","arr":["35"],"terminus":0,"mode":"bus","color":"#0059a9","colorDark":"#00294f","angle":223.6,"snapDist":4,"label":1}},{"type":"Feature","geometry":{"type":"Point","coordinates":[21.839766,43.2772]},"properties":{"name":"Konjički klub (na zahtev) ( ka G. Međurovu)","lines":"35","arr":["35"],"terminus":0,"mode":"bus","color":"#0059a9","colorDark":"#00294f","angle":253.8,"snapDist":11,"label":1}},{"type":"Feature","geometry":{"type":"Point","coordinates":[21.843033,43.276511]},"properties":{"name":"G. Međurovo centar - trafo ( ka Pasi Poljani)","lines":"35","arr":["35"],"terminus":0,"mode":"bus","color":"#0059a9","colorDark":"#00294f","angle":172.7,"snapDist":12,"label":1}},{"type":"Feature","geometry":{"type":"Point","coordinates":[21.84925,43.281615]},"properties":{"name":"G. Međurovo ulaz ( ka Pasi Poljani )","lines":"35","arr":["35"],"terminus":0,"mode":"bus","color":"#0059a9","colorDark":"#00294f","angle":142.7,"snapDist":16,"label":1}},{"type":"Feature","geometry":{"type":"Point","coordinates":[21.862079,43.301616]},"properties":{"name":"Gornjomeđurovački put","lines":"35","arr":["35"],"terminus":0,"mode":"bus","color":"#0059a9","colorDark":"#00294f","angle":124,"snapDist":1,"label":1}},{"type":"Feature","geometry":{"type":"Point","coordinates":[21.78383,43.313605]},"properties":{"name":"Mramor","lines":"36","arr":["36"],"terminus":1,"mode":"bus","color":"#0059a9","colorDark":"#00294f","angle":272.1,"snapDist":4,"label":1}},{"type":"Feature","geometry":{"type":"Point","coordinates":[21.784248,43.312366]},"properties":{"name":"Mramor ( ka Merošini)","lines":"36A","arr":["36A"],"terminus":0,"mode":"bus","color":"#0059a9","colorDark":"#00294f","angle":171.7,"snapDist":25,"label":1}},{"type":"Feature","geometry":{"type":"Point","coordinates":[21.777362,43.306018]},"properties":{"name":"Mramorsko brdo - NIŠPRODUKT ( ka Merošini)","lines":"36A","arr":["36A"],"terminus":0,"mode":"bus","color":"#0059a9","colorDark":"#00294f","angle":334.4,"snapDist":21,"label":1}},{"type":"Feature","geometry":{"type":"Point","coordinates":[21.770245,43.3034]},"properties":{"name":"Kvaliteta ( ka Merošini)","lines":"36A","arr":["36A"],"terminus":0,"mode":"bus","color":"#0059a9","colorDark":"#00294f","angle":333.8,"snapDist":28,"label":1}},{"type":"Feature","geometry":{"type":"Point","coordinates":[21.754102,43.29882]},"properties":{"name":"Mramorski Potok - ulaz ( ka M. Potoku)","lines":"36A","arr":["36A"],"terminus":0,"mode":"bus","color":"#0059a9","colorDark":"#00294f","angle":49.4,"snapDist":10,"label":1}},{"type":"Feature","geometry":{"type":"Point","coordinates":[21.749448,43.304943]},"properties":{"name":"Mramorski Potok - OŠ D.Maksimovic ( ka M. Potoku)","lines":"36A","arr":["36A"],"terminus":0,"mode":"bus","color":"#0059a9","colorDark":"#00294f","angle":60.1,"snapDist":5,"label":1}},{"type":"Feature","geometry":{"type":"Point","coordinates":[21.745668,43.310898]},"properties":{"name":"Mramorski Potok (selo) (A) ( ka M. Potoku)","lines":"36A","arr":["36A"],"terminus":0,"mode":"bus","color":"#0059a9","colorDark":"#00294f","angle":57.5,"snapDist":2,"label":1}},{"type":"Feature","geometry":{"type":"Point","coordinates":[21.743145,43.313428]},"properties":{"name":"Mramorski Potok - okretnica","lines":"36A","arr":["36A"],"terminus":1,"mode":"bus","color":"#0059a9","colorDark":"#00294f","angle":-65.5,"snapDist":23,"label":1}},{"type":"Feature","geometry":{"type":"Point","coordinates":[21.745747,43.310815]},"properties":{"name":"Mramorski Potok (selo) (B)","lines":"36A","arr":["36A"],"terminus":0,"mode":"bus","color":"#0059a9","colorDark":"#00294f","angle":235,"snapDist":10,"label":1}},{"type":"Feature","geometry":{"type":"Point","coordinates":[21.749434,43.304961]},"properties":{"name":"Mramorski Potok - OŠ D.Maksimovic","lines":"36A","arr":["36A"],"terminus":0,"mode":"bus","color":"#0059a9","colorDark":"#00294f","angle":240.1,"snapDist":4,"label":1}},{"type":"Feature","geometry":{"type":"Point","coordinates":[21.753247,43.299732]},"properties":{"name":"Mramorski Potok - ulaz","lines":"36A","arr":["36A"],"terminus":0,"mode":"bus","color":"#0059a9","colorDark":"#00294f","angle":253.9,"snapDist":4,"label":1}},{"type":"Feature","geometry":{"type":"Point","coordinates":[21.770226,43.303394]},"properties":{"name":"Kvaliteta","lines":"36A","arr":["36A"],"terminus":0,"mode":"bus","color":"#0059a9","colorDark":"#00294f","angle":-26.2,"snapDist":28,"label":1}},{"type":"Feature","geometry":{"type":"Point","coordinates":[21.77839,43.306385]},"properties":{"name":"Mramorsko brdo - NIŠPRODUKT","lines":"36A","arr":["36A"],"terminus":0,"mode":"bus","color":"#0059a9","colorDark":"#00294f","angle":-32.2,"snapDist":26,"label":1}},{"type":"Feature","geometry":{"type":"Point","coordinates":[21.995138,43.264589]},"properties":{"name":"Lazarevo Selo - raskrsnica","lines":"37","arr":["37"],"terminus":1,"mode":"bus","color":"#0059a9","colorDark":"#00294f","angle":66.2,"snapDist":2,"label":1}},{"type":"Feature","geometry":{"type":"Point","coordinates":[21.991232,43.275201]},"properties":{"name":"Prva Kutina - izlaz","lines":"37","arr":["37"],"terminus":0,"mode":"bus","color":"#0059a9","colorDark":"#00294f","angle":61.3,"snapDist":17,"label":1}},{"type":"Feature","geometry":{"type":"Point","coordinates":[21.989123,43.280589]},"properties":{"name":"Prva Kutina - centar","lines":"37","arr":["37"],"terminus":0,"mode":"bus","color":"#0059a9","colorDark":"#00294f","angle":65.8,"snapDist":3,"label":1}},{"type":"Feature","geometry":{"type":"Point","coordinates":[21.985276,43.287497]},"properties":{"name":"Prva Kutina - ulaz","lines":"37","arr":["37"],"terminus":0,"mode":"bus","color":"#0059a9","colorDark":"#00294f","angle":89.6,"snapDist":6,"label":1}},{"type":"Feature","geometry":{"type":"Point","coordinates":[21.985724,43.294283]},"properties":{"name":"N. Nikola Tesla - trafo","lines":"37","arr":["37"],"terminus":0,"mode":"bus","color":"#0059a9","colorDark":"#00294f","angle":76,"snapDist":5,"label":1}},{"type":"Feature","geometry":{"type":"Point","coordinates":[21.984569,43.29765]},"properties":{"name":"N. Nikola Tesla - crkva","lines":"37","arr":["37"],"terminus":0,"mode":"bus","color":"#0059a9","colorDark":"#00294f","angle":75.8,"snapDist":17,"label":1}},{"type":"Feature","geometry":{"type":"Point","coordinates":[21.764875,43.387862]},"properties":{"name":"Supovac raskrsnica 2","lines":"39","arr":["39"],"terminus":0,"mode":"bus","color":"#0059a9","colorDark":"#00294f","angle":15.8,"snapDist":30,"label":1}},{"type":"Feature","geometry":{"type":"Point","coordinates":[21.763778,43.39597]},"properties":{"name":"Supovac raskrsnica 1","lines":"39","arr":["39"],"terminus":0,"mode":"bus","color":"#0059a9","colorDark":"#00294f","angle":-14.6,"snapDist":10,"label":1}},{"type":"Feature","geometry":{"type":"Point","coordinates":[21.775709,43.395245]},"properties":{"name":"Mezgraja igralište","lines":"39","arr":["39"],"terminus":0,"mode":"bus","color":"#0059a9","colorDark":"#00294f","angle":-1.7,"snapDist":26,"label":1}},{"type":"Feature","geometry":{"type":"Point","coordinates":[21.776573,43.395264]},"properties":{"name":"Mezgraja igralište ( ka Supovcu)","lines":"39","arr":["39"],"terminus":0,"mode":"bus","color":"#0059a9","colorDark":"#00294f","angle":358.3,"snapDist":15,"label":1}},{"type":"Feature","geometry":{"type":"Point","coordinates":[21.763647,43.395945]},"properties":{"name":"Supovac raskrsnica 1 ( ka Supovcu)","lines":"39","arr":["39"],"terminus":0,"mode":"bus","color":"#0059a9","colorDark":"#00294f","angle":345.4,"snapDist":21,"label":1}}]}