{"type":"FeatureCollection","features":[{"type":"Feature","geometry":{"type":"LineString","coordinates":[[22.005527,43.293016],[22.005492,43.293041],[22.005366,43.29314]]},"properties":{"name":"Српских јунака"}},{"type":"Feature","geometry":{"type":"LineString","coordinates":[[22.005423,43.292909],[22.005427,43.292996],[22.005408,43.293068],[22.005366,43.29314],[22.005281,43.293217],[22.004993,43.29348],[22.004211,43.294349],[22.003932,43.294658],[22.002529,43.296217],[22.002144,43.296651],[22.002066,43.296737],[22.002018,43.296793],[22.000269,43.298783],[21.999225,43.299973]]},"properties":{"name":"Српских јунака"}},{"type":"Feature","geometry":{"type":"LineString","coordinates":[[21.998984,43.300369],[21.999031,43.300298],[21.999074,43.300209],[21.999176,43.300092],[21.999215,43.300036],[21.999225,43.299973],[21.999135,43.300025],[21.999057,43.300106],[21.998975,43.300202],[21.998818,43.300309]]},"properties":{"name":"Српских јунака"}},{"type":"Feature","geometry":{"type":"LineString","coordinates":[[21.998609,43.300494],[21.998484,43.300463],[21.998314,43.300443],[21.99689,43.300353],[21.996706,43.300341],[21.995766,43.300329],[21.995588,43.300328],[21.994995,43.300381],[21.994486,43.300434],[21.993938,43.300505],[21.991744,43.300898],[21.990346,43.301148],[21.983725,43.302333],[21.983268,43.302419],[21.983175,43.302435],[21.982972,43.302475],[21.982794,43.302507],[21.981636,43.302718],[21.981309,43.302776],[21.980469,43.302928],[21.980401,43.302941],[21.980201,43.302977],[21.980104,43.302993],[21.978231,43.303312],[21.977941,43.303363],[21.975218,43.303823],[21.972471,43.304294],[21.970417,43.304644],[21.967609,43.305116],[21.966609,43.305284],[21.966447,43.305321],[21.966366,43.305345]]},"properties":{"name":"Булевар Светог цара Константина"}},{"type":"Feature","geometry":{"type":"LineString","coordinates":[[21.966039,43.305408],[21.965848,43.305428],[21.965679,43.305442],[21.960444,43.306325],[21.960238,43.306358],[21.956509,43.306954],[21.956039,43.307027],[21.952604,43.307562],[21.952052,43.307648],[21.951345,43.307757],[21.951046,43.307804],[21.948765,43.308168],[21.948562,43.308187],[21.948437,43.308203],[21.94834,43.308224],[21.94816,43.308269]]},"properties":{"name":"Булевар Светог цара Константина"}},{"type":"Feature","geometry":{"type":"LineString","coordinates":[[21.934846,43.310324],[21.934731,43.310367],[21.934631,43.310393],[21.934603,43.310397],[21.934387,43.310419],[21.933875,43.310468],[21.933819,43.310477],[21.933112,43.310594],[21.930528,43.311027],[21.928539,43.311347],[21.928067,43.311444],[21.928007,43.311455],[21.927786,43.311494]]},"properties":{"name":"Булевар Светог цара Константина"}},{"type":"Feature","geometry":{"type":"LineString","coordinates":[[21.93522,43.310266],[21.935326,43.310262],[21.935404,43.310253],[21.935472,43.310244],[21.935738,43.310196],[21.936357,43.31009],[21.937395,43.309925],[21.937696,43.30988],[21.93867,43.309723],[21.942651,43.309082],[21.943451,43.308954],[21.945266,43.308655],[21.947336,43.308313],[21.947514,43.308268],[21.947672,43.308207],[21.947741,43.30818],[21.947812,43.308152]]},"properties":{"name":"Булевар Светог цара Константина"}},{"type":"Feature","geometry":{"type":"LineString","coordinates":[[21.947885,43.308295],[21.947799,43.308305],[21.947705,43.308319],[21.947583,43.308346],[21.947457,43.308375],[21.947334,43.308398],[21.938673,43.309804],[21.937727,43.309957],[21.937488,43.309993],[21.936539,43.310141],[21.936059,43.310222],[21.935782,43.310264],[21.935683,43.310291],[21.935528,43.310367],[21.935509,43.310378],[21.935439,43.310428],[21.935356,43.310489]]},"properties":{"name":"Булевар Светог цара Константина"}},{"type":"Feature","geometry":{"type":"LineString","coordinates":[[21.934848,43.31057],[21.934736,43.310538],[21.934628,43.310502],[21.934551,43.3105],[21.934446,43.310501],[21.934223,43.310529],[21.933988,43.310558],[21.933474,43.310637],[21.933141,43.310689],[21.932982,43.310717],[21.932573,43.310788],[21.931368,43.310981],[21.93054,43.311102],[21.928575,43.311399],[21.928239,43.311472],[21.928121,43.311521],[21.928059,43.311545],[21.928027,43.31156],[21.927898,43.311617]]},"properties":{"name":"Булевар Светог цара Константина"}},{"type":"Feature","geometry":{"type":"LineString","coordinates":[[21.927478,43.311682],[21.927397,43.311669],[21.927298,43.311661],[21.927229,43.311657],[21.927143,43.31166],[21.927058,43.311667],[21.92679,43.311712],[21.926177,43.311843],[21.925957,43.31189],[21.925796,43.311924],[21.925671,43.311952],[21.925246,43.312081],[21.925218,43.312091]]},"properties":{"name":"Булевар Светог цара Константина"}},{"type":"Feature","geometry":{"type":"LineString","coordinates":[[21.925174,43.31202],[21.925367,43.311956],[21.925548,43.311897],[21.925621,43.311872],[21.925799,43.311814],[21.926269,43.311702],[21.926369,43.311683],[21.92683,43.311596],[21.926954,43.311583],[21.927187,43.311572],[21.927292,43.31156],[21.927425,43.311541],[21.927523,43.311527]]},"properties":{"name":"Булевар Светог цара Константина"}},{"type":"Feature","geometry":{"type":"LineString","coordinates":[[21.948148,43.308083],[21.948336,43.308099],[21.948472,43.308101],[21.948616,43.3081],[21.948774,43.308088],[21.949219,43.308016],[21.950057,43.30788],[21.950079,43.307877],[21.950186,43.307859],[21.950299,43.307841],[21.950419,43.307821],[21.950525,43.307804],[21.950631,43.307787],[21.950971,43.307732],[21.951022,43.307724],[21.951388,43.307661],[21.952492,43.307478],[21.952604,43.307468],[21.954851,43.307134],[21.955556,43.307021],[21.956011,43.306949],[21.958472,43.306556],[21.960195,43.30627],[21.960408,43.306235],[21.963765,43.305678],[21.965674,43.305354],[21.965842,43.305307],[21.966001,43.305255]]},"properties":{"name":"Булевар Светог цара Константина"}},{"type":"Feature","geometry":{"type":"LineString","coordinates":[[21.966329,43.305223],[21.966401,43.305221],[21.966499,43.305221],[21.966605,43.305211],[21.966994,43.305144],[21.970399,43.304559],[21.972475,43.304205],[21.978178,43.303233],[21.980018,43.302914],[21.980087,43.302902],[21.980171,43.302887],[21.980366,43.302853],[21.981282,43.302694],[21.981618,43.302635],[21.982744,43.302439],[21.982773,43.302433],[21.982959,43.302401],[21.983155,43.302368],[21.990335,43.301072],[21.993939,43.300422],[21.99444,43.300348],[21.994986,43.300296],[21.995636,43.300248],[21.996127,43.300254],[21.996457,43.300258],[21.996982,43.300283],[21.998328,43.300359],[21.998503,43.300358],[21.998678,43.300347]]},"properties":{"name":"Булевар Светог цара Константина"}},{"type":"Feature","geometry":{"type":"LineString","coordinates":[[21.932507,43.310848],[21.931432,43.311009]]},"properties":{"name":"Булевар Светог цара Константина"}},{"type":"Feature","geometry":{"type":"LineString","coordinates":[[21.925218,43.312091],[21.925,43.312164],[21.92474,43.312247],[21.923775,43.312561],[21.92269,43.31292],[21.922255,43.313052],[21.921712,43.31324],[21.921146,43.313428],[21.920501,43.313683],[21.919783,43.31397],[21.919461,43.314112],[21.919351,43.314161],[21.917685,43.314895],[21.917068,43.31517],[21.916994,43.315204],[21.916782,43.3153],[21.916693,43.315339],[21.916521,43.315413],[21.916264,43.315525],[21.915816,43.315723],[21.914789,43.316175],[21.914742,43.316196],[21.914603,43.316271],[21.914067,43.316519],[21.913172,43.316931],[21.912632,43.31718],[21.912193,43.31738],[21.911536,43.317679],[21.911505,43.317693],[21.911359,43.31776],[21.911175,43.317843],[21.908961,43.318819],[21.908936,43.31883],[21.907519,43.319457],[21.90675,43.319793],[21.906695,43.319816],[21.906594,43.319861],[21.906523,43.319892]]},"properties":{"name":"Булевар др Зорана Ђинђића"}},{"type":"Feature","geometry":{"type":"LineString","coordinates":[[21.906462,43.319823],[21.906638,43.319746],[21.907519,43.319365],[21.907779,43.319253],[21.907889,43.319205],[21.908384,43.318991],[21.908748,43.318828],[21.908824,43.318794],[21.908885,43.318767],[21.909388,43.318537],[21.909474,43.318497],[21.910048,43.318235],[21.910121,43.318202],[21.91107,43.317785],[21.911109,43.317767],[21.911295,43.31768],[21.911441,43.317617],[21.913453,43.316698],[21.914628,43.316159],[21.914685,43.316133],[21.91562,43.31569],[21.916344,43.315363],[21.916445,43.315321],[21.916627,43.315246],[21.916714,43.315206],[21.916922,43.315109],[21.917669,43.314785],[21.918917,43.314238],[21.919321,43.314064],[21.919393,43.314032],[21.920156,43.313697],[21.921088,43.313348],[21.921681,43.313157],[21.922214,43.312984],[21.922646,43.312859],[21.924701,43.312183],[21.924958,43.312097],[21.925174,43.31202]]},"properties":{"name":"Булевар др Зорана Ђинђића"}},{"type":"Feature","geometry":{"type":"LineString","coordinates":[[21.911359,43.31776],[21.911295,43.31768],[21.911241,43.317601],[21.911211,43.31757],[21.910844,43.317136],[21.910335,43.316539],[21.910289,43.316489],[21.910205,43.316336],[21.910195,43.316213],[21.910198,43.316177],[21.910203,43.316149],[21.910211,43.316113],[21.910232,43.316024],[21.91024,43.316],[21.910419,43.315339],[21.91043,43.315298],[21.910486,43.315097],[21.910708,43.314239],[21.910752,43.314068],[21.910762,43.31403],[21.910864,43.313641],[21.910874,43.313604],[21.910882,43.313571],[21.910891,43.313536],[21.91102,43.313045],[21.911078,43.312811],[21.911107,43.3127],[21.911221,43.312231],[21.911225,43.312188],[21.911229,43.312133],[21.911233,43.312062],[21.911243,43.311875]]},"properties":{"name":"Зетска"}},{"type":"Feature","geometry":{"type":"LineString","coordinates":[[21.906462,43.319823],[21.906327,43.319886],[21.906268,43.3199],[21.905878,43.319982]]},"properties":{"name":"Вожда Карађорђа"}},{"type":"Feature","geometry":{"type":"LineString","coordinates":[[21.896486,43.3209],[21.89681,43.320873],[21.897285,43.320827],[21.897473,43.320809],[21.897763,43.320782],[21.897786,43.320779],[21.897876,43.320771],[21.897901,43.320769],[21.898428,43.320719],[21.89872,43.320692],[21.898994,43.320666],[21.899131,43.320653],[21.899449,43.320623],[21.899641,43.320605]]},"properties":{"name":"Вожда Карађорђа"}},{"type":"Feature","geometry":{"type":"LineString","coordinates":[[21.906523,43.319892],[21.906363,43.319943],[21.90628,43.319958],[21.905878,43.319982],[21.905557,43.320017],[21.904805,43.3201],[21.904798,43.320101],[21.904145,43.320173],[21.903739,43.32021],[21.903356,43.320245],[21.903318,43.320249],[21.90318,43.320261],[21.903054,43.320267],[21.90301,43.32027],[21.902851,43.320286],[21.902349,43.320335],[21.902182,43.320352],[21.90217,43.320353],[21.90176,43.320395]]},"properties":{"name":"Вожда Карађорђа"}},{"type":"Feature","geometry":{"type":"LineString","coordinates":[[21.90176,43.320395],[21.901498,43.320445],[21.900825,43.3205],[21.900736,43.32051],[21.900571,43.320534],[21.900467,43.320548],[21.900223,43.320575],[21.899839,43.320621],[21.899641,43.320605],[21.899834,43.320551],[21.899964,43.320534],[21.900152,43.320514],[21.900204,43.320509],[21.900433,43.320482],[21.900537,43.32047],[21.900718,43.320446],[21.900811,43.320434],[21.901492,43.320384],[21.90176,43.320395]]},"properties":{"name":"Вожда Карађорђа"}},{"type":"Feature","geometry":{"type":"LineString","coordinates":[[21.896486,43.3209],[21.896283,43.320919],[21.896122,43.320928],[21.895953,43.320933],[21.895465,43.32093]]},"properties":{"name":"Трг краља Милана"}},{"type":"Feature","geometry":{"type":"LineString","coordinates":[[21.895465,43.32093],[21.895295,43.320933],[21.895157,43.320927],[21.895039,43.320911],[21.894653,43.320844],[21.894509,43.320815],[21.894186,43.320754],[21.894112,43.320739],[21.893727,43.320665],[21.893533,43.320627],[21.89323,43.320567],[21.893081,43.320539],[21.892836,43.320492],[21.892788,43.320483],[21.892762,43.320478],[21.892698,43.320465],[21.892616,43.32045],[21.892518,43.32043],[21.891894,43.32031],[21.891887,43.320308],[21.891382,43.320211],[21.891295,43.320194],[21.891131,43.320169],[21.890961,43.32014],[21.890907,43.320131],[21.890782,43.320107],[21.89074,43.320099],[21.890477,43.320047],[21.890399,43.320032],[21.890181,43.319987],[21.889966,43.319942],[21.889839,43.319915],[21.889807,43.319909],[21.889566,43.319863],[21.889482,43.319847],[21.889446,43.31984],[21.889371,43.319826],[21.889313,43.319815],[21.888961,43.319748],[21.888538,43.319668],[21.88853,43.319666],[21.88837,43.319636],[21.888193,43.319602],[21.888108,43.319585],[21.888053,43.319574],[21.887921,43.319547]]},"properties":{"name":"Генерала Милојка Лешјанина"}},{"type":"Feature","geometry":{"type":"LineString","coordinates":[[21.887921,43.319547],[21.887898,43.319455],[21.88788,43.319411],[21.887859,43.319364],[21.887707,43.319084],[21.88759,43.318882],[21.887446,43.318632],[21.887362,43.318486],[21.887156,43.318129],[21.887018,43.31789],[21.886811,43.317553],[21.886774,43.317502],[21.886713,43.317416],[21.886682,43.317372],[21.886664,43.317337],[21.886651,43.317296]]},"properties":{"name":"Вардарска"}},{"type":"Feature","geometry":{"type":"LineString","coordinates":[[21.885722,43.315762],[21.885764,43.315835]]},"properties":{"name":"Вардарска"}},{"type":"Feature","geometry":{"type":"LineString","coordinates":[[21.883722,43.316248],[21.883817,43.316292],[21.883942,43.316337],[21.884286,43.316463],[21.884364,43.316491],[21.88507,43.316735],[21.885119,43.31675],[21.885198,43.316782],[21.886297,43.317178],[21.886362,43.317202],[21.886651,43.317296],[21.886923,43.31736],[21.886984,43.317374],[21.887041,43.317386],[21.887515,43.317474],[21.887624,43.317494],[21.888101,43.317581],[21.888135,43.317588],[21.888153,43.317591],[21.888249,43.317609],[21.889578,43.317852],[21.889989,43.317925],[21.89004,43.317934],[21.890158,43.317954]]},"properties":{"name":"Јована Ристића"}},{"type":"Feature","geometry":{"type":"LineString","coordinates":[[21.883722,43.316248],[21.883516,43.316177],[21.883386,43.316132],[21.88332,43.31611],[21.883189,43.31606],[21.88252,43.315809],[21.882503,43.315802],[21.882447,43.315781],[21.88235,43.315752],[21.882286,43.315737],[21.882219,43.315725],[21.882144,43.315718],[21.882063,43.31571],[21.881998,43.315705],[21.881895,43.315697],[21.881754,43.315689],[21.88151,43.315682],[21.881283,43.31568],[21.881066,43.315679],[21.880641,43.315675],[21.879698,43.315669],[21.879268,43.315666],[21.87887,43.315659],[21.878552,43.315653],[21.878324,43.315647],[21.878212,43.315648],[21.878136,43.315647],[21.878068,43.315646],[21.877695,43.315642],[21.877367,43.315639],[21.877207,43.315637],[21.877095,43.315635],[21.877011,43.315635],[21.876594,43.315629],[21.875894,43.315618],[21.875791,43.315616],[21.875101,43.315607],[21.874923,43.315604],[21.874807,43.315602],[21.874408,43.315594],[21.874381,43.315594],[21.87435,43.315593],[21.874315,43.315593],[21.873862,43.315575],[21.87338,43.315552],[21.872593,43.315501],[21.871859,43.31545],[21.871802,43.315446],[21.871696,43.315438],[21.871527,43.315427],[21.871339,43.315414],[21.871004,43.315398],[21.870975,43.315396],[21.870928,43.315393],[21.870873,43.315389],[21.870555,43.315378],[21.869739,43.315351],[21.869141,43.315324],[21.86847,43.315292],[21.868317,43.315284],[21.868055,43.315273],[21.867233,43.315239],[21.866622,43.315211],[21.866485,43.315209],[21.86646,43.315209],[21.866422,43.315208],[21.865996,43.315197],[21.865773,43.315192]]},"properties":{"name":"Димитрија Туцовића"}},{"type":"Feature","geometry":{"type":"LineString","coordinates":[[21.864395,43.315286],[21.864485,43.31526],[21.864597,43.31525],[21.865037,43.315242],[21.865519,43.315236],[21.865674,43.315219],[21.865773,43.315192],[21.865659,43.31517],[21.865532,43.315162],[21.865063,43.315158],[21.864592,43.315152],[21.864507,43.315147],[21.864407,43.315132]]},"properties":{"name":"Димитрија Туцовића"}},{"type":"Feature","geometry":{"type":"LineString","coordinates":[[21.864051,43.315313],[21.863894,43.315319],[21.863776,43.315319],[21.863653,43.315325]]},"properties":{"name":"Димитрија Туцовића"}},{"type":"Feature","geometry":{"type":"LineString","coordinates":[[21.855242,43.316025],[21.855357,43.316016],[21.855434,43.31601],[21.855492,43.316008],[21.855537,43.316007],[21.855774,43.316002],[21.855882,43.315999],[21.856022,43.315973]]},"properties":{"name":"Димитрија Туцовића"}},{"type":"Feature","geometry":{"type":"LineString","coordinates":[[21.855283,43.315865],[21.855397,43.315902],[21.855467,43.315918],[21.85552,43.315925],[21.855556,43.315928],[21.855615,43.315935],[21.855696,43.31594],[21.855799,43.315947],[21.855892,43.315949],[21.856022,43.315973],[21.856216,43.31597],[21.856853,43.315961],[21.856906,43.31596],[21.857392,43.315957],[21.85748,43.315954],[21.857686,43.315947],[21.858369,43.315923],[21.858439,43.31592],[21.859152,43.315891],[21.859957,43.315857],[21.860478,43.315838],[21.860738,43.315826],[21.860896,43.315816],[21.861032,43.315805],[21.861163,43.31579],[21.86141,43.315758],[21.861689,43.315719],[21.862016,43.315666],[21.862319,43.315605],[21.862622,43.315546],[21.86294,43.315478],[21.863653,43.315325],[21.863786,43.315283],[21.863859,43.315258],[21.863912,43.31523],[21.863987,43.315192]]},"properties":{"name":"Димитрија Туцовића"}},{"type":"Feature","geometry":{"type":"LineString","coordinates":[[21.855017,43.316021],[21.854931,43.316018],[21.854875,43.316014],[21.854826,43.316012],[21.854717,43.316012],[21.854359,43.316013],[21.85351,43.316016],[21.852684,43.316018],[21.852421,43.316026],[21.85219,43.316036],[21.851965,43.316046],[21.851687,43.316062],[21.851484,43.31608],[21.851313,43.316099],[21.851015,43.316127],[21.850742,43.316159],[21.849788,43.316269],[21.849238,43.316336],[21.848984,43.316367],[21.848839,43.316384],[21.848817,43.316387],[21.847821,43.316524],[21.84705,43.316618],[21.846445,43.316693],[21.846234,43.316719],[21.845447,43.316817],[21.844836,43.316888],[21.844154,43.316968],[21.844049,43.316979],[21.843452,43.317038],[21.843013,43.317082],[21.842423,43.317146],[21.841997,43.317189],[21.841728,43.317214],[21.841564,43.317234],[21.841514,43.31724],[21.84147,43.317248],[21.841422,43.317258],[21.841371,43.317271],[21.841254,43.317307]]},"properties":{"name":"Димитрија Туцовића"}},{"type":"Feature","geometry":{"type":"LineString","coordinates":[[21.840952,43.317327],[21.84083,43.317325],[21.840754,43.317323],[21.840684,43.317324],[21.840578,43.317328],[21.84022,43.317355],[21.838952,43.317476],[21.838498,43.317522],[21.837866,43.317586],[21.837742,43.317597],[21.837714,43.3176],[21.836489,43.317711],[21.835947,43.317767],[21.835539,43.317815],[21.835337,43.317842],[21.835272,43.317854],[21.835217,43.317866],[21.835078,43.317901]]},"properties":{"name":"Димитрија Туцовића"}},{"type":"Feature","geometry":{"type":"LineString","coordinates":[[21.834794,43.317953],[21.834669,43.317939],[21.834575,43.317942],[21.834225,43.31796],[21.83375,43.318004],[21.833635,43.318014],[21.832579,43.318113],[21.83224,43.318147],[21.832078,43.318161],[21.831922,43.318171],[21.831789,43.318176]]},"properties":{"name":"Димитрија Туцовића"}},{"type":"Feature","geometry":{"type":"LineString","coordinates":[[21.831768,43.318104],[21.831836,43.318101],[21.832022,43.318091],[21.832214,43.318076],[21.833172,43.317985],[21.833657,43.317929],[21.834517,43.31783],[21.834543,43.317827],[21.834644,43.317811],[21.834728,43.317788]]},"properties":{"name":"Димитрија Туцовића"}},{"type":"Feature","geometry":{"type":"LineString","coordinates":[[21.83505,43.317748],[21.835151,43.31775],[21.835213,43.31775],[21.835267,43.317748],[21.835853,43.317688],[21.836439,43.317625],[21.837319,43.317533],[21.837654,43.317498],[21.837689,43.317495],[21.837861,43.317477],[21.838484,43.317413],[21.838923,43.317374],[21.839424,43.317328],[21.839613,43.317311],[21.840173,43.317259],[21.840387,43.31724],[21.840609,43.317215],[21.840698,43.317205],[21.840746,43.317199],[21.84083,43.317186],[21.840911,43.317172]]},"properties":{"name":"Димитрија Туцовића"}},{"type":"Feature","geometry":{"type":"LineString","coordinates":[[21.841251,43.317143],[21.841352,43.317153],[21.841399,43.317157],[21.841452,43.317158],[21.841513,43.317155],[21.841636,43.317144],[21.841837,43.317125],[21.842084,43.3171],[21.842688,43.317037],[21.843292,43.316981],[21.843959,43.316916],[21.844157,43.316896],[21.845234,43.316766],[21.845553,43.316724],[21.846445,43.316606],[21.846601,43.316587],[21.848958,43.316289],[21.848983,43.316286],[21.84983,43.316181],[21.850743,43.316072],[21.851047,43.316036],[21.851373,43.316],[21.851587,43.315978],[21.851751,43.315966],[21.851953,43.315953],[21.85225,43.315938],[21.852593,43.315925],[21.852964,43.31592],[21.853218,43.315919],[21.853363,43.315918],[21.853961,43.315914],[21.85458,43.315907],[21.854739,43.315904],[21.854829,43.315901],[21.854894,43.315896],[21.854969,43.315886]]},"properties":{"name":"Димитрија Туцовића"}},{"type":"Feature","geometry":{"type":"LineString","coordinates":[[21.927575,43.311769],[21.927611,43.311894],[21.927628,43.311949],[21.927553,43.312354],[21.927509,43.313505],[21.927505,43.313665],[21.927505,43.313839],[21.927467,43.314287],[21.927408,43.314742],[21.927372,43.314927],[21.927317,43.315075],[21.927249,43.315205],[21.927155,43.31535],[21.927043,43.31548],[21.926926,43.315592],[21.926809,43.315686],[21.926705,43.315763],[21.926566,43.315857],[21.926452,43.315923],[21.926343,43.315977],[21.926093,43.316099],[21.925712,43.316278],[21.925255,43.316493],[21.925201,43.316517],[21.924968,43.316627],[21.923571,43.317268],[21.923142,43.317466],[21.92292,43.317567],[21.92007,43.318867],[21.920033,43.31888],[21.92,43.31889],[21.919926,43.318903],[21.919846,43.318902]]},"properties":{"name":"Булевар Немањића"}},{"type":"Feature","geometry":{"type":"LineString","coordinates":[[21.92782,43.311755],[21.927784,43.311857],[21.927771,43.311908],[21.927763,43.311959],[21.92776,43.311974],[21.927726,43.312347],[21.927663,43.31344],[21.92766,43.313506],[21.927658,43.313619],[21.927656,43.313674],[21.927653,43.31384],[21.927612,43.314467],[21.927568,43.314767],[21.927504,43.315002],[21.927455,43.315126],[21.92739,43.315255],[21.927329,43.31534],[21.927264,43.315432],[21.927199,43.315515],[21.927127,43.315596],[21.927044,43.315676],[21.926955,43.315752],[21.926875,43.315813],[21.926803,43.315864],[21.926678,43.315942],[21.92653,43.31603],[21.926377,43.316107],[21.926083,43.316246],[21.925703,43.316421],[21.925329,43.31659],[21.925279,43.316612],[21.925035,43.316714],[21.923627,43.317354],[21.923204,43.317544],[21.922986,43.317646],[21.921763,43.318206],[21.921638,43.318263],[21.920129,43.318945],[21.920088,43.318966],[21.920051,43.318995],[21.920019,43.31903],[21.919992,43.31908]]},"properties":{"name":"Булевар Немањића"}},{"type":"Feature","geometry":{"type":"LineString","coordinates":[[21.90881,43.324085],[21.908647,43.324161],[21.908552,43.324205],[21.908466,43.324242],[21.907346,43.32477],[21.90689,43.324952],[21.906777,43.324999],[21.906666,43.32503],[21.90656,43.325053],[21.906478,43.325066],[21.906373,43.325078],[21.906265,43.325077],[21.906193,43.325076],[21.906123,43.325069],[21.906036,43.325056],[21.905962,43.325037],[21.905832,43.324992],[21.905764,43.32497],[21.905589,43.32491]]},"properties":{"name":"Булевар Немањића"}},{"type":"Feature","geometry":{"type":"LineString","coordinates":[[21.909133,43.323796],[21.909259,43.32375],[21.909302,43.323734],[21.909516,43.323646],[21.910239,43.323329],[21.910917,43.323032],[21.911773,43.322657],[21.911864,43.322617],[21.912242,43.32245],[21.912285,43.322432],[21.912381,43.322384],[21.912507,43.322307]]},"properties":{"name":"Булевар Немањића"}},{"type":"Feature","geometry":{"type":"LineString","coordinates":[[21.912748,43.3222],[21.912866,43.322156],[21.912914,43.322137],[21.912982,43.322109],[21.913412,43.321906],[21.915446,43.320946],[21.916236,43.320573],[21.916724,43.320342],[21.916782,43.320316],[21.916964,43.320234],[21.917014,43.320211],[21.917209,43.320126],[21.917774,43.319876],[21.919322,43.31919],[21.919355,43.319175],[21.919393,43.319151],[21.919432,43.319119],[21.919466,43.319086],[21.919492,43.319053]]},"properties":{"name":"Булевар Немањића"}},{"type":"Feature","geometry":{"type":"LineString","coordinates":[[21.908734,43.323984],[21.908636,43.324061],[21.908553,43.324117],[21.908516,43.324138],[21.908484,43.324153],[21.908121,43.324316],[21.907288,43.324691],[21.906819,43.324905],[21.906712,43.324947],[21.906591,43.324979],[21.906485,43.324996],[21.90639,43.325006],[21.906313,43.325007],[21.906223,43.325007],[21.906113,43.324998],[21.906034,43.32498],[21.905922,43.324949],[21.905808,43.324909],[21.905633,43.324849]]},"properties":{"name":"Булевар Немањића"}},{"type":"Feature","geometry":{"type":"LineString","coordinates":[[21.912954,43.322338],[21.91302,43.322287],[21.913108,43.322218],[21.913136,43.3222],[21.913226,43.322143],[21.913337,43.322085],[21.913673,43.321927],[21.91435,43.321607],[21.915383,43.32111],[21.916862,43.320417],[21.917046,43.320332],[21.917101,43.320308],[21.917294,43.320223],[21.917345,43.3202],[21.917378,43.320185],[21.917822,43.319989],[21.918575,43.319654],[21.919432,43.319274],[21.919483,43.319256],[21.919537,43.319244],[21.919589,43.319238],[21.919642,43.319235]]},"properties":{"name":"Булевар Немањића"}},{"type":"Feature","geometry":{"type":"LineString","coordinates":[[21.91259,43.322509],[21.912429,43.322536],[21.91238,43.322548],[21.911822,43.322748],[21.910541,43.323318],[21.909802,43.32366],[21.909431,43.323828],[21.909403,43.323841],[21.909287,43.323919],[21.909243,43.323948]]},"properties":{"name":"Булевар Немањића"}},{"type":"Feature","geometry":{"type":"LineString","coordinates":[[21.911359,43.31776],[21.911433,43.31784],[21.911455,43.317863]]},"properties":{"name":"Пастерова"}},{"type":"Feature","geometry":{"type":"LineString","coordinates":[[21.883817,43.316292],[21.883753,43.316348],[21.883704,43.316377],[21.883645,43.316413]]},"properties":{"name":"Шумадијска"}},{"type":"Feature","geometry":{"type":"LineString","coordinates":[[21.882092,43.319946],[21.882131,43.319904],[21.88215,43.319844],[21.882142,43.319677],[21.882121,43.319028],[21.88214,43.318706],[21.88215,43.318448],[21.882165,43.318267],[21.882166,43.318139],[21.882187,43.317982],[21.882236,43.317836],[21.882269,43.317773],[21.882323,43.317692],[21.882438,43.317571],[21.882884,43.317152],[21.883157,43.316896],[21.883191,43.316866],[21.883224,43.316837],[21.883267,43.316795],[21.8833,43.316761],[21.883523,43.316536],[21.883582,43.316476],[21.883614,43.316443],[21.883645,43.316413],[21.883665,43.316365],[21.883683,43.31632],[21.883722,43.316248]]},"properties":{"name":"Шумадијска"}},{"type":"Feature","geometry":{"type":"LineString","coordinates":[[21.855043,43.315819],[21.85509,43.315745],[21.855103,43.315722],[21.855114,43.315692],[21.855146,43.315579],[21.855162,43.315525]]},"properties":{"name":"Петра Аранђеловића"}},{"type":"Feature","geometry":{"type":"LineString","coordinates":[[21.857949,43.311522],[21.857541,43.31176],[21.856851,43.312236],[21.856536,43.312471],[21.856268,43.312732],[21.856039,43.312974],[21.855834,43.313237],[21.855592,43.313608],[21.855453,43.313884],[21.855337,43.314155],[21.85527,43.314363],[21.855234,43.314575],[21.855207,43.314857],[21.855165,43.315411],[21.855162,43.315525],[21.85518,43.31558],[21.855202,43.315642],[21.855214,43.315683],[21.855226,43.315719],[21.855235,43.315755],[21.855244,43.315784],[21.855255,43.315838]]},"properties":{"name":"Петра Аранђеловића"}},{"type":"Feature","geometry":{"type":"LineString","coordinates":[[21.858169,43.311166],[21.85863,43.311051],[21.858976,43.310821],[21.861582,43.309135],[21.862377,43.308618]]},"properties":{"name":"Петра Аранђеловића"}},{"type":"Feature","geometry":{"type":"LineString","coordinates":[[21.862526,43.308521],[21.863911,43.30762],[21.864606,43.307168]]},"properties":{"name":"Петра Аранђеловића"}},{"type":"Feature","geometry":{"type":"LineString","coordinates":[[21.860396,43.312695],[21.861075,43.311872],[21.861812,43.311081],[21.86209,43.310861],[21.862155,43.310809],[21.862974,43.310274],[21.864323,43.309409],[21.864671,43.309185],[21.864994,43.308934],[21.865111,43.308815],[21.865207,43.308688],[21.865297,43.30854],[21.865345,43.308392],[21.865365,43.308206],[21.865356,43.30808],[21.865326,43.307953],[21.865277,43.30784],[21.865218,43.307726],[21.865139,43.307617],[21.865039,43.307508],[21.864606,43.307168]]},"properties":{"name":"Димитрија Лека"}},{"type":"Feature","geometry":{"type":"LineString","coordinates":[[21.858191,43.311496],[21.858442,43.311557],[21.858528,43.311601],[21.859242,43.31194],[21.859976,43.312337],[21.860396,43.312695],[21.860691,43.312956],[21.860858,43.313063],[21.861126,43.313234],[21.861471,43.313411],[21.861969,43.313587],[21.862394,43.313767],[21.862708,43.313938],[21.862955,43.314138],[21.863216,43.314277],[21.863705,43.314542],[21.864177,43.3148],[21.864208,43.314827],[21.864226,43.314851],[21.864231,43.31488]]},"properties":{"name":"Бубањски хероји"}},{"type":"Feature","geometry":{"type":"LineString","coordinates":[[21.85778,43.311271],[21.857517,43.311069],[21.856889,43.310762],[21.856247,43.310408],[21.855623,43.310046],[21.855218,43.309812],[21.854274,43.309277],[21.853449,43.308825],[21.852119,43.308051]]},"properties":{"name":"Бубањски хероји"}},{"type":"Feature","geometry":{"type":"LineString","coordinates":[[21.857517,43.311069],[21.857889,43.311171]]},"properties":{"name":"Бубањски хероји"}},{"type":"Feature","geometry":{"type":"LineString","coordinates":[[21.858292,43.311393],[21.858442,43.311557]]},"properties":{"name":"Бубањски хероји"}},{"type":"Feature","geometry":{"type":"LineString","coordinates":[[21.891668,43.318742],[21.891619,43.318871],[21.891603,43.318915],[21.891587,43.318956],[21.891509,43.319163],[21.891392,43.319475],[21.891296,43.319732],[21.891231,43.319903],[21.891194,43.320002],[21.89117,43.320068],[21.891131,43.320169],[21.891087,43.320288],[21.891062,43.320354],[21.891025,43.320453],[21.890903,43.320777],[21.890878,43.320844],[21.890865,43.320879],[21.89083,43.320971],[21.890819,43.321],[21.890802,43.321045],[21.890781,43.321103]]},"properties":{"name":"Кнегиње Љубице"}},{"type":"Feature","geometry":{"type":"LineString","coordinates":[[21.950465,43.330576],[21.951112,43.33056],[21.95135,43.330523],[21.951522,43.330468],[21.951667,43.330382],[21.952179,43.330035],[21.952266,43.329977],[21.952838,43.329604],[21.953107,43.329435],[21.953207,43.329377],[21.953318,43.329322],[21.953429,43.329282],[21.953533,43.329255],[21.953826,43.329175],[21.954528,43.329001],[21.955587,43.328739],[21.956009,43.328634],[21.956087,43.328615],[21.956207,43.328585],[21.958063,43.328129],[21.95895,43.327911],[21.959029,43.327892],[21.959402,43.3278],[21.960121,43.327599],[21.960647,43.327371],[21.962321,43.32653],[21.962447,43.326469],[21.962466,43.32646],[21.96302,43.326182],[21.963354,43.326015],[21.963844,43.325769],[21.964047,43.325668],[21.964249,43.325567],[21.964443,43.325483],[21.964659,43.325399],[21.964807,43.325359],[21.964955,43.325326],[21.965118,43.325298],[21.96527,43.325292],[21.965402,43.325296],[21.965542,43.325308],[21.965651,43.325328],[21.965725,43.325345],[21.965822,43.32537],[21.965897,43.325396],[21.965969,43.325423],[21.966056,43.325458],[21.966136,43.325495],[21.966219,43.325533],[21.966301,43.325581],[21.966475,43.325685],[21.96666,43.325806],[21.966793,43.325896]]},"properties":{"name":"Рузмарина"}},{"type":"Feature","geometry":{"type":"LineString","coordinates":[[21.950465,43.330576],[21.950374,43.330574],[21.949815,43.330575],[21.949536,43.330576],[21.949016,43.330579],[21.948706,43.33058],[21.948498,43.330574],[21.948128,43.330548],[21.94786,43.330527],[21.947667,43.330507],[21.947269,43.330468],[21.947141,43.330421],[21.946737,43.330381],[21.946213,43.330319],[21.945562,43.330241],[21.94469,43.330106],[21.944054,43.330012],[21.943817,43.329977],[21.943723,43.329967],[21.943183,43.329915],[21.942195,43.329866],[21.942123,43.329865],[21.940841,43.329852],[21.940704,43.329849],[21.940552,43.329846],[21.938737,43.329804],[21.938588,43.329801]]},"properties":{"name":"Врежински булевар"}},{"type":"Feature","geometry":{"type":"LineString","coordinates":[[21.947269,43.330468],[21.947119,43.330492],[21.945525,43.330311],[21.944686,43.330186],[21.944443,43.330151],[21.943826,43.330063],[21.943715,43.330051],[21.943177,43.329999],[21.942201,43.329944],[21.941915,43.329938],[21.941177,43.329928],[21.940549,43.329919],[21.938735,43.329873],[21.938596,43.329869]]},"properties":{"name":"Врежински булевар"}},{"type":"Feature","geometry":{"type":"LineString","coordinates":[[21.938596,43.329869],[21.937547,43.329844],[21.937448,43.329841],[21.93724,43.329836],[21.937085,43.329833],[21.936864,43.329829],[21.936462,43.32982],[21.936063,43.329812],[21.935983,43.329813],[21.935895,43.329784]]},"properties":{"name":"Књажевачка"}},{"type":"Feature","geometry":{"type":"LineString","coordinates":[[21.910759,43.329092],[21.911518,43.329117],[21.912061,43.329143],[21.912741,43.329164],[21.912883,43.329169],[21.913156,43.329171],[21.913419,43.32918],[21.914003,43.329191],[21.914127,43.329197],[21.914173,43.329198],[21.91419,43.329199],[21.914258,43.329202],[21.914548,43.329208],[21.915164,43.329241],[21.915917,43.329254],[21.915968,43.329256],[21.91631,43.32926],[21.916626,43.329263],[21.916809,43.329268],[21.917381,43.32928],[21.917451,43.329281],[21.918224,43.329309],[21.918962,43.329326],[21.91914,43.32933],[21.919541,43.329339],[21.919623,43.329341],[21.919695,43.329342],[21.920726,43.329369],[21.921469,43.329384],[21.921697,43.329388],[21.921738,43.329389],[21.921839,43.329391],[21.921948,43.329393],[21.922002,43.329392],[21.922948,43.329419],[21.92331,43.329438],[21.923538,43.329446],[21.92366,43.329453],[21.924422,43.329474],[21.924996,43.329484],[21.925064,43.329485],[21.925164,43.329487],[21.925255,43.329491],[21.925304,43.329492],[21.9259,43.329502],[21.926656,43.329524],[21.927309,43.329535],[21.927484,43.329538],[21.927804,43.329546],[21.928142,43.329552],[21.929786,43.3296],[21.929859,43.329602],[21.929968,43.329605],[21.931613,43.329653],[21.931668,43.329654],[21.933368,43.329718],[21.934884,43.32977],[21.935238,43.329785],[21.935586,43.329785],[21.935895,43.329784],[21.935945,43.329769],[21.935984,43.329758],[21.936803,43.329758],[21.936865,43.329759],[21.937087,43.329762],[21.937242,43.329766],[21.937452,43.329771],[21.938588,43.329801]]},"properties":{"name":"Књажевачка"}},{"type":"Feature","geometry":{"type":"LineString","coordinates":[[21.913419,43.32918],[21.913415,43.32925]]},"properties":{"name":"Курска"}},{"type":"Feature","geometry":{"type":"LineString","coordinates":[[21.910759,43.329092],[21.910624,43.329089],[21.910451,43.329089],[21.910266,43.329087],[21.910115,43.329069],[21.910013,43.329052],[21.909898,43.329027],[21.909077,43.328812],[21.909016,43.328793],[21.908855,43.32875],[21.908633,43.328694],[21.908601,43.328687],[21.908456,43.328651],[21.908035,43.328536],[21.907743,43.328461],[21.90686,43.328259],[21.906686,43.328212],[21.906534,43.328184],[21.906287,43.328126],[21.905358,43.327911],[21.905208,43.327878],[21.905098,43.327853],[21.90417,43.327672],[21.904082,43.327654],[21.903939,43.327625],[21.903699,43.327578],[21.9034,43.327503]]},"properties":{"name":"Пантелејска"}},{"type":"Feature","geometry":{"type":"LineString","coordinates":[[21.902857,43.327419],[21.902964,43.327431],[21.903047,43.327446],[21.903227,43.327473],[21.9034,43.327503],[21.903282,43.327443],[21.903111,43.327359],[21.903069,43.327336],[21.902934,43.32726]]},"properties":{"name":"Пантелејска"}},{"type":"Feature","geometry":{"type":"LineString","coordinates":[[21.908855,43.32875],[21.908853,43.328667]]},"properties":{"name":"Пантелејска"}},{"type":"Feature","geometry":{"type":"LineString","coordinates":[[21.903939,43.327625],[21.90392,43.327658],[21.903869,43.327801]]},"properties":{"name":"Пантелејска"}},{"type":"Feature","geometry":{"type":"LineString","coordinates":[[21.902736,43.327177],[21.902793,43.327131],[21.902858,43.327067],[21.90288,43.327141],[21.902889,43.32718],[21.902905,43.327223]]},"properties":{"name":"Булевар Николе Тесле"}},{"type":"Feature","geometry":{"type":"LineString","coordinates":[[21.895493,43.332002],[21.895426,43.332028],[21.89537,43.332057],[21.895335,43.332075],[21.895277,43.33211],[21.895184,43.332182],[21.89483,43.332487],[21.893851,43.33336],[21.893635,43.333553],[21.892122,43.334925]]},"properties":{"name":"Булевар Николе Тесле"}},{"type":"Feature","geometry":{"type":"LineString","coordinates":[[21.891682,43.335312],[21.890466,43.336404],[21.889803,43.336997],[21.889641,43.337142],[21.889611,43.33717],[21.888676,43.338009],[21.887972,43.338627],[21.887707,43.338859],[21.887318,43.3392],[21.887261,43.339268],[21.887228,43.339317],[21.887208,43.339362],[21.887191,43.33941],[21.887189,43.339432],[21.887189,43.339456],[21.887197,43.339502]]},"properties":{"name":"Булевар Николе Тесле"}},{"type":"Feature","geometry":{"type":"LineString","coordinates":[[21.887401,43.339027],[21.88751,43.338929],[21.889477,43.337163],[21.889522,43.337123],[21.889737,43.33695],[21.890233,43.336502],[21.890566,43.336202],[21.8916,43.335269]]},"properties":{"name":"Булевар Николе Тесле"}},{"type":"Feature","geometry":{"type":"LineString","coordinates":[[21.891873,43.335023],[21.891795,43.334981]]},"properties":{"name":"Булевар Николе Тесле"}},{"type":"Feature","geometry":{"type":"LineString","coordinates":[[21.892071,43.334854],[21.892331,43.334621],[21.893588,43.333491],[21.894011,43.333114],[21.894854,43.332363]]},"properties":{"name":"Булевар Николе Тесле"}},{"type":"Feature","geometry":{"type":"LineString","coordinates":[[21.895581,43.331583],[21.895657,43.331565],[21.89571,43.331542],[21.895764,43.33151],[21.895804,43.331487],[21.895841,43.331463],[21.895884,43.33143],[21.896014,43.331311],[21.896361,43.330994],[21.897223,43.330204],[21.897704,43.329763],[21.89842,43.329118],[21.898588,43.328971],[21.898847,43.328741],[21.899138,43.328538],[21.899518,43.328334],[21.899868,43.32819],[21.900268,43.328055],[21.901302,43.327833],[21.901702,43.327748],[21.902041,43.327659],[21.902267,43.327584],[21.902382,43.327528],[21.902427,43.327495],[21.902463,43.327464],[21.902531,43.32741],[21.902595,43.327346]]},"properties":{"name":"Булевар Николе Тесле"}},{"type":"Feature","geometry":{"type":"LineString","coordinates":[[21.902727,43.327434],[21.902623,43.327475],[21.902582,43.327498],[21.902543,43.327525],[21.902442,43.327591],[21.902345,43.327637],[21.90225,43.327677],[21.902113,43.327729],[21.901722,43.327819],[21.900301,43.328137],[21.899907,43.328266],[21.899587,43.328399],[21.89921,43.328607],[21.898927,43.328806],[21.897302,43.330249]]},"properties":{"name":"Булевар Николе Тесле"}},{"type":"Feature","geometry":{"type":"LineString","coordinates":[[21.902902,43.325961],[21.902906,43.325889],[21.902907,43.325865],[21.902936,43.325306],[21.902949,43.325063],[21.902946,43.324886],[21.902936,43.32473],[21.902908,43.32464],[21.902873,43.324573],[21.902826,43.324494],[21.902785,43.324428]]},"properties":{"name":"Краља Стефана Првовенчаног"}},{"type":"Feature","geometry":{"type":"LineString","coordinates":[[21.901989,43.323139],[21.902122,43.32346],[21.902197,43.323576],[21.902258,43.323684],[21.902306,43.323761],[21.902471,43.324035],[21.902506,43.324094],[21.902627,43.324265],[21.902785,43.324428],[21.902675,43.324213],[21.902568,43.324005],[21.902434,43.323803],[21.902401,43.323746],[21.902281,43.323551],[21.902246,43.323497],[21.902146,43.323327],[21.902017,43.323172],[21.901989,43.323139],[21.901736,43.322714],[21.901661,43.322589],[21.901465,43.322259],[21.901359,43.322067],[21.901289,43.321939],[21.901082,43.321558],[21.90095,43.321313],[21.90091,43.321231]]},"properties":{"name":"Краља Стефана Првовенчаног"}},{"type":"Feature","geometry":{"type":"LineString","coordinates":[[21.900537,43.32047],[21.900571,43.320534],[21.900627,43.320644],[21.900778,43.320938],[21.900818,43.321031],[21.90091,43.321231],[21.900833,43.321137],[21.900677,43.320944],[21.900557,43.320733],[21.900522,43.320655],[21.900467,43.320548],[21.900433,43.320482]]},"properties":{"name":"Краља Стефана Првовенчаног"}},{"type":"Feature","geometry":{"type":"LineString","coordinates":[[21.890369,43.317598],[21.890324,43.317502],[21.890318,43.317466],[21.890307,43.317435],[21.890282,43.31739],[21.890236,43.317334],[21.890168,43.317244],[21.889804,43.316823],[21.889588,43.316556],[21.889537,43.316493],[21.889498,43.316445],[21.889249,43.316139],[21.889232,43.316111],[21.889221,43.316088],[21.889215,43.316063],[21.889215,43.316054],[21.889217,43.316019],[21.889224,43.31597]]},"properties":{"name":"Топличина"}},{"type":"Feature","geometry":{"type":"LineString","coordinates":[[21.891445,43.316222],[21.891361,43.316195],[21.891301,43.316175],[21.891119,43.316116],[21.891021,43.316082],[21.890947,43.316064],[21.890878,43.316049],[21.89075,43.316034],[21.88937,43.315976],[21.889288,43.315973],[21.889224,43.31597],[21.889105,43.315964],[21.88891,43.315953],[21.887394,43.315869],[21.886971,43.315846],[21.88694,43.315844],[21.886913,43.315843],[21.886848,43.315839],[21.886243,43.315798],[21.885921,43.315775],[21.885897,43.315774],[21.885722,43.315762],[21.8856,43.315756],[21.885567,43.315755],[21.885512,43.315751],[21.88517,43.315728],[21.88513,43.315726],[21.885086,43.315726],[21.884752,43.315727],[21.884627,43.315728],[21.88453,43.315732],[21.884437,43.315743],[21.884338,43.315768],[21.884254,43.315797],[21.884149,43.315845]]},"properties":{"name":"Обилићев венац"}},{"type":"Feature","geometry":{"type":"LineString","coordinates":[[21.884101,43.315851],[21.884149,43.315845],[21.884142,43.315858],[21.88413,43.315875],[21.884109,43.315897],[21.884082,43.315921]]},"properties":{"name":"Обилићев венац"}},{"type":"Feature","geometry":{"type":"LineString","coordinates":[[21.893606,43.31702],[21.893633,43.316979],[21.893649,43.316957],[21.89366,43.316916],[21.893656,43.316887],[21.893622,43.316852],[21.893585,43.316832],[21.893546,43.316812],[21.893514,43.316802],[21.893446,43.316794]]},"properties":{"name":"Обилићев венац"}},{"type":"Feature","geometry":{"type":"LineString","coordinates":[[21.884254,43.315797],[21.884152,43.315752],[21.884085,43.315729],[21.883987,43.315698],[21.883963,43.31569],[21.883762,43.315621],[21.883613,43.315577],[21.883595,43.315572],[21.883574,43.315565],[21.883031,43.315406],[21.882966,43.315383],[21.882778,43.315316],[21.882678,43.31527],[21.882659,43.315259],[21.88264,43.315249],[21.882618,43.315236],[21.882615,43.315235],[21.881833,43.314789],[21.881657,43.314695],[21.881445,43.314544],[21.881366,43.314487]]},"properties":{"name":"Војводе Путника"}},{"type":"Feature","geometry":{"type":"LineString","coordinates":[[21.877184,43.311957],[21.877251,43.312048],[21.877283,43.312093],[21.877322,43.312145],[21.877498,43.312247],[21.877607,43.312321],[21.877644,43.312347],[21.878511,43.312919],[21.879107,43.313259],[21.879205,43.313314],[21.879683,43.313578],[21.879727,43.313602],[21.879728,43.313603],[21.879908,43.31369],[21.880264,43.313864],[21.880507,43.313967],[21.880663,43.314033]]},"properties":{"name":"Војводе Путника"}},{"type":"Feature","geometry":{"type":"LineString","coordinates":[[21.881118,43.314342],[21.881172,43.314373],[21.881265,43.314428],[21.881301,43.314449],[21.881366,43.314487],[21.881317,43.314401],[21.881238,43.314262]]},"properties":{"name":"Војводе Путника"}},{"type":"Feature","geometry":{"type":"LineString","coordinates":[[21.880855,43.314195],[21.880746,43.314104],[21.880714,43.314076],[21.880663,43.314033],[21.880711,43.314041],[21.880739,43.314046],[21.880891,43.314072],[21.880946,43.314081]]},"properties":{"name":"Војводе Путника"}},{"type":"Feature","geometry":{"type":"LineString","coordinates":[[21.877322,43.312145],[21.877265,43.312123],[21.877236,43.312112],[21.877197,43.312097],[21.877106,43.312063],[21.877036,43.312036]]},"properties":{"name":"Војводе Путника"}},{"type":"Feature","geometry":{"type":"LineString","coordinates":[[21.87686,43.311706],[21.876878,43.311687]]},"properties":{"name":"Војводе Путника"}},{"type":"Feature","geometry":{"type":"LineString","coordinates":[[21.87945,43.295722],[21.879397,43.295815],[21.879329,43.295936],[21.879156,43.296243],[21.878608,43.297222],[21.878126,43.298082],[21.878066,43.298177],[21.878025,43.298237],[21.877972,43.298309],[21.877933,43.298352],[21.877822,43.298459],[21.877672,43.298568],[21.877127,43.298906],[21.875067,43.300257],[21.875064,43.300259],[21.874671,43.300517],[21.873095,43.301546],[21.872934,43.301651],[21.871496,43.30259],[21.870272,43.30339],[21.868632,43.304477],[21.86821,43.304757],[21.867506,43.305209],[21.867438,43.305258],[21.867376,43.305311],[21.867353,43.30537],[21.867322,43.305451],[21.867313,43.305523],[21.867365,43.306079],[21.867424,43.306311],[21.86747,43.30641],[21.867515,43.306473],[21.86756,43.306526],[21.867829,43.306762],[21.86832,43.307151],[21.868408,43.307231],[21.868764,43.307636],[21.868925,43.30787],[21.868929,43.307875],[21.869089,43.308107],[21.869236,43.308286],[21.869405,43.308473],[21.869564,43.30862],[21.869686,43.30872],[21.869831,43.308825],[21.870043,43.30892],[21.870676,43.309328],[21.871059,43.309558],[21.871346,43.309697],[21.871679,43.309843],[21.871759,43.309878],[21.871839,43.309924],[21.871911,43.309974],[21.871977,43.310032],[21.872055,43.310105],[21.87236,43.310394],[21.872422,43.310453],[21.87247,43.310513],[21.872588,43.310537],[21.87269,43.310553],[21.872803,43.310566],[21.872947,43.310577],[21.873119,43.31058],[21.873218,43.310578],[21.873335,43.31057],[21.873756,43.310508],[21.873875,43.310496],[21.873989,43.310491],[21.874103,43.310492],[21.874192,43.310497],[21.874311,43.31051],[21.87443,43.310532],[21.874534,43.310553],[21.874594,43.310572],[21.874715,43.310616],[21.874807,43.310658],[21.875045,43.310808],[21.875181,43.310898],[21.876065,43.311451],[21.876353,43.311618],[21.876493,43.311699],[21.876639,43.311772],[21.876716,43.31179],[21.876749,43.311799],[21.876826,43.311816],[21.876878,43.311828]]},"properties":{"name":"Војводе Путника"}},{"type":"Feature","geometry":{"type":"LineString","coordinates":[[21.876842,43.311904],[21.876744,43.311844],[21.87672,43.311827],[21.876639,43.311772]]},"properties":{"name":"Војводе Путника"}},{"type":"Feature","geometry":{"type":"LineString","coordinates":[[21.87247,43.310513],[21.872345,43.310477],[21.872305,43.310456],[21.872265,43.310421],[21.871886,43.310064],[21.871819,43.310006],[21.871748,43.309956],[21.871668,43.309909],[21.871588,43.309875],[21.871279,43.309762],[21.871108,43.309684],[21.870933,43.309586],[21.870537,43.309342],[21.870045,43.309018],[21.869952,43.308952],[21.869831,43.308825]]},"properties":{"name":"Војводе Путника"}},{"type":"Feature","geometry":{"type":"LineString","coordinates":[[21.876916,43.311801],[21.876899,43.311768],[21.876878,43.311687],[21.876865,43.31164]]},"properties":{"name":"Змаја од Ноћаја"}},{"type":"Feature","geometry":{"type":"LineString","coordinates":[[21.876793,43.310851],[21.876715,43.311239],[21.876865,43.31164],[21.876984,43.311738],[21.877039,43.311778]]},"properties":{"name":"Змаја од Ноћаја"}},{"type":"Feature","geometry":{"type":"LineString","coordinates":[[21.876715,43.311239],[21.876675,43.311077]]},"properties":{"name":"Змаја од Ноћаја"}},{"type":"Feature","geometry":{"type":"LineString","coordinates":[[21.891445,43.316222],[21.891445,43.316298],[21.891446,43.316346],[21.891591,43.317179],[21.891639,43.317406],[21.891642,43.31742],[21.891664,43.317572],[21.891677,43.317659]]},"properties":{"name":"Југ Богданова"}},{"type":"Feature","geometry":{"type":"LineString","coordinates":[[21.917458,43.329208],[21.917451,43.329281],[21.917451,43.32929],[21.917449,43.329362],[21.917447,43.329393]]},"properties":{"name":"Војвођанска"}},{"type":"Feature","geometry":{"type":"LineString","coordinates":[[21.91823,43.329215],[21.918224,43.329309],[21.91822,43.329379]]},"properties":{"name":"Васе Пелагића"}},{"type":"Feature","geometry":{"type":"LineString","coordinates":[[21.969252,43.326021],[21.970046,43.325359],[21.970179,43.325255],[21.970312,43.325175],[21.97043,43.32511],[21.970492,43.325085],[21.970579,43.32506],[21.972093,43.324702]]},"properties":{"name":"Пут Ниш-Књажевац"}},{"type":"Feature","geometry":{"type":"LineString","coordinates":[[21.974813,43.325537],[21.975057,43.325535],[21.975752,43.325467],[21.976002,43.325461],[21.976584,43.325475],[21.976805,43.325467],[21.977031,43.325446],[21.977395,43.325392],[21.977667,43.325368],[21.977835,43.325375],[21.977931,43.325385],[21.978048,43.325407],[21.978278,43.325477],[21.979411,43.325825],[21.979611,43.325907],[21.979839,43.326014],[21.980045,43.326144],[21.980192,43.326246],[21.980269,43.326288],[21.980358,43.326344],[21.980528,43.326407],[21.980665,43.326448],[21.98095,43.326514],[21.981791,43.326613],[21.981946,43.326624],[21.982104,43.326604],[21.982244,43.326573],[21.982544,43.326462],[21.982691,43.326423],[21.982857,43.326395],[21.983051,43.326378],[21.983238,43.326361],[21.983436,43.326359],[21.983717,43.326378],[21.984314,43.326448],[21.984504,43.326471],[21.984642,43.326501],[21.984818,43.326585],[21.985126,43.326744],[21.985247,43.326802],[21.985371,43.326851],[21.98549,43.326882],[21.985614,43.326887],[21.985778,43.326886],[21.986364,43.326878],[21.986648,43.326887],[21.986783,43.326895],[21.986972,43.326926],[21.9872,43.32696],[21.987419,43.326981],[21.987645,43.327],[21.987888,43.327011],[21.988601,43.327031],[21.988936,43.32705],[21.989012,43.327065],[21.989096,43.327084],[21.989424,43.327181],[21.989868,43.327325],[21.990318,43.327484],[21.990617,43.327606],[21.990761,43.327671],[21.990934,43.327739],[21.991192,43.327843],[21.991466,43.327977],[21.991555,43.328012],[21.991648,43.328037],[21.991747,43.328045],[21.991808,43.328036],[21.991902,43.32802],[21.991977,43.327994],[21.99202,43.327972],[21.992165,43.327897],[21.992356,43.327799],[21.992601,43.327694]]},"properties":{"name":"Михаила Шолохова"}},{"type":"Feature","geometry":{"type":"LineString","coordinates":[[21.992601,43.327694],[21.992774,43.327619],[21.992858,43.327572],[21.992915,43.327513],[21.992937,43.327443],[21.992962,43.327393],[21.993184,43.327054],[21.993252,43.327001],[21.993334,43.326956],[21.993396,43.326929],[21.993464,43.326907],[21.993575,43.32688],[21.993686,43.326862],[21.994141,43.32682]]},"properties":{"name":"Иверичка"}},{"type":"Feature","geometry":{"type":"LineString","coordinates":[[21.994211,43.326802],[21.994264,43.32677],[21.99431,43.32673],[21.994342,43.326695],[21.994358,43.326606],[21.994362,43.326567],[21.994344,43.326414],[21.994311,43.326288],[21.994265,43.326178],[21.994209,43.326072],[21.993769,43.325443],[21.993703,43.325355],[21.99365,43.325266],[21.993632,43.325213],[21.993624,43.325153],[21.993626,43.325065],[21.993661,43.324606],[21.993676,43.324306],[21.993712,43.324084],[21.993805,43.323798],[21.993888,43.323606],[21.994079,43.323252],[21.994131,43.323064],[21.994147,43.322804],[21.994143,43.322562],[21.994121,43.322441],[21.994083,43.32232],[21.994015,43.322224],[21.993931,43.322134],[21.99383,43.322065],[21.993719,43.322011],[21.993588,43.321973],[21.993247,43.321926],[21.992925,43.321885],[21.992773,43.321851],[21.992632,43.321794],[21.99252,43.321729],[21.992392,43.32164],[21.991883,43.321221],[21.991808,43.321134],[21.991744,43.321035],[21.99169,43.320939],[21.991652,43.320846],[21.991601,43.32067],[21.991498,43.320331],[21.991475,43.320259]]},"properties":{"name":"Иверичка"}},{"type":"Feature","geometry":{"type":"LineString","coordinates":[[21.992915,43.327513],[21.992945,43.32763],[21.992997,43.327727],[21.993033,43.327803],[21.993155,43.327982],[21.993246,43.328096],[21.993311,43.328161],[21.99337,43.328203],[21.993468,43.328315],[21.993629,43.328491],[21.993841,43.328725],[21.993878,43.328793],[21.993898,43.328872],[21.9939,43.328956],[21.993885,43.32904],[21.993866,43.329118],[21.993871,43.329198],[21.993883,43.329225],[21.99394,43.32935],[21.993999,43.329412],[21.994079,43.329463],[21.994215,43.32952],[21.994305,43.329553],[21.994397,43.329568],[21.994579,43.329578],[21.994876,43.329544]]},"properties":{"name":"Матице српске"}},{"type":"Feature","geometry":{"type":"LineString","coordinates":[[21.892559,43.320551],[21.892578,43.320515],[21.892616,43.32045],[21.892639,43.320405]]},"properties":{"name":"Милорада Вељковића Шпаје"}},{"type":"Feature","geometry":{"type":"LineString","coordinates":[[21.937085,43.329833],[21.937087,43.329762],[21.937093,43.329624],[21.93713,43.32877],[21.937156,43.328184],[21.937244,43.32647],[21.937344,43.324545],[21.937398,43.323547],[21.937409,43.323341],[21.937336,43.322988],[21.937136,43.322055],[21.936956,43.321365],[21.936917,43.321217],[21.936902,43.321158],[21.936894,43.32113],[21.93688,43.321091],[21.936806,43.321001]]},"properties":{"name":"Булевар Медијана"}},{"type":"Feature","geometry":{"type":"LineString","coordinates":[[21.937002,43.320613],[21.937042,43.32069]]},"properties":{"name":"Булевар Медијана"}},{"type":"Feature","geometry":{"type":"LineString","coordinates":[[21.937242,43.329766],[21.937248,43.329627],[21.93725,43.329574],[21.937376,43.32679],[21.937541,43.32355],[21.937553,43.323314],[21.937458,43.322915],[21.937276,43.321979],[21.937101,43.321169],[21.937091,43.321129],[21.937104,43.321058],[21.937143,43.320949]]},"properties":{"name":"Булевар Медијана"}},{"type":"Feature","geometry":{"type":"LineString","coordinates":[[21.936783,43.320714],[21.936811,43.32062],[21.936815,43.320581],[21.936818,43.320516],[21.936803,43.320438],[21.936774,43.320352],[21.936228,43.31861]]},"properties":{"name":"Булевар Медијана"}},{"type":"Feature","geometry":{"type":"LineString","coordinates":[[21.935275,43.310595],[21.935266,43.310634]]},"properties":{"name":"Булевар Медијана"}},{"type":"Feature","geometry":{"type":"LineString","coordinates":[[21.937553,43.323314],[21.937684,43.323289],[21.937711,43.323285],[21.937734,43.323281],[21.938129,43.323218],[21.938891,43.323077],[21.939604,43.322994],[21.939754,43.322965],[21.940005,43.32292],[21.940143,43.322881],[21.940463,43.322763],[21.940531,43.322718],[21.94066,43.32267],[21.940846,43.32264],[21.941084,43.322612],[21.94153,43.322594],[21.942251,43.322556],[21.942694,43.322536],[21.943569,43.322501],[21.944793,43.322473],[21.945679,43.322446],[21.946566,43.322418]]},"properties":{"name":"Проф. др Милета Новаковића"}},{"type":"Feature","geometry":{"type":"LineString","coordinates":[[21.946566,43.322418],[21.946597,43.323705],[21.946638,43.324292],[21.946727,43.325301],[21.946745,43.32584]]},"properties":{"name":"Мајора Гавриловића"}},{"type":"Feature","geometry":{"type":"LineString","coordinates":[[21.877644,43.312347],[21.87753,43.312406]]},"properties":{"name":"Мостарска"}},{"type":"Feature","geometry":{"type":"LineString","coordinates":[[21.891476,43.317767],[21.891492,43.317764],[21.891511,43.317759],[21.891521,43.317756],[21.891548,43.317745],[21.891572,43.317733],[21.891601,43.317716],[21.891636,43.317692],[21.891677,43.317659],[21.891712,43.317629],[21.891745,43.317609],[21.891793,43.317584],[21.891874,43.317545],[21.891885,43.317541],[21.891927,43.317523],[21.892524,43.317263],[21.892951,43.317063],[21.89332,43.316897],[21.893416,43.316854],[21.893445,43.316838],[21.893514,43.316802]]},"properties":{"name":"Трг Павла Стојковића"}},{"type":"Feature","geometry":{"type":"LineString","coordinates":[[21.891898,43.318029],[21.89194,43.317914],[21.891967,43.317858],[21.891998,43.317805],[21.892033,43.317757],[21.892071,43.317709],[21.8921,43.317696],[21.892654,43.317441],[21.89326,43.317172],[21.893502,43.317066],[21.893606,43.31702],[21.893647,43.317005],[21.893714,43.316981],[21.893797,43.316952],[21.893902,43.31693],[21.894014,43.316914],[21.894244,43.316904],[21.89427,43.316902]]},"properties":{"name":"Трг Павла Стојковића"}},{"type":"Feature","geometry":{"type":"LineString","coordinates":[[21.935238,43.329846],[21.935238,43.329785]]},"properties":{"name":"Николетине Бурсаћа"}},{"type":"Feature","geometry":{"type":"LineString","coordinates":[[21.931664,43.329765],[21.931665,43.329744],[21.931668,43.329654]]},"properties":{"name":"Кнегиње Милице"}},{"type":"Feature","geometry":{"type":"LineString","coordinates":[[21.929881,43.329713],[21.929859,43.329602]]},"properties":{"name":"Србињска"}},{"type":"Feature","geometry":{"type":"LineString","coordinates":[[21.92817,43.329666],[21.928142,43.329552]]},"properties":{"name":"Школска"}},{"type":"Feature","geometry":{"type":"LineString","coordinates":[[21.926697,43.329647],[21.926683,43.329594],[21.926656,43.329524]]},"properties":{"name":"Деспота Ђурђа"}},{"type":"Feature","geometry":{"type":"LineString","coordinates":[[21.925901,43.329583],[21.9259,43.329502]]},"properties":{"name":"Озренска"}},{"type":"Feature","geometry":{"type":"LineString","coordinates":[[21.92517,43.329557],[21.925164,43.329487]]},"properties":{"name":"Жикице Јовановића Шпанца"}},{"type":"Feature","geometry":{"type":"LineString","coordinates":[[21.92366,43.329453],[21.92367,43.329547],[21.923675,43.329574]]},"properties":{"name":"Раданска"}},{"type":"Feature","geometry":{"type":"LineString","coordinates":[[21.921838,43.329498],[21.921839,43.329391]]},"properties":{"name":"Студеничка"}},{"type":"Feature","geometry":{"type":"LineString","coordinates":[[21.919539,43.329413],[21.919541,43.329339]]},"properties":{"name":"Пане Ђукића"}},{"type":"Feature","geometry":{"type":"LineString","coordinates":[[21.919126,43.329404],[21.91914,43.32933]]},"properties":{"name":"Радоја Домановића"}},{"type":"Feature","geometry":{"type":"LineString","coordinates":[[21.916809,43.329268],[21.916805,43.329345]]},"properties":{"name":"Виничка"}},{"type":"Feature","geometry":{"type":"LineString","coordinates":[[21.91631,43.32926],[21.916307,43.329335],[21.916306,43.329364]]},"properties":{"name":"Јелашничка"}},{"type":"Feature","geometry":{"type":"LineString","coordinates":[[21.915904,43.329352],[21.915907,43.329322],[21.915917,43.329254]]},"properties":{"name":"Илије Бирчанина"}},{"type":"Feature","geometry":{"type":"LineString","coordinates":[[21.915157,43.329301],[21.915164,43.329241],[21.915175,43.329158]]},"properties":{"name":"Книнска"}},{"type":"Feature","geometry":{"type":"LineString","coordinates":[[21.91454,43.329306],[21.914542,43.329281],[21.914548,43.329208]]},"properties":{"name":"Милована Глишића"}},{"type":"Feature","geometry":{"type":"LineString","coordinates":[[21.912882,43.329278],[21.912884,43.329242],[21.912883,43.329169]]},"properties":{"name":"Алексе Маркишића"}},{"type":"Feature","geometry":{"type":"LineString","coordinates":[[21.912061,43.329143],[21.912051,43.329215]]},"properties":{"name":"Колубарска"}},{"type":"Feature","geometry":{"type":"LineString","coordinates":[[21.911481,43.329251],[21.911498,43.329199],[21.911518,43.329117]]},"properties":{"name":"Леди Пеџет"}},{"type":"Feature","geometry":{"type":"LineString","coordinates":[[21.910735,43.329209],[21.910742,43.329172],[21.910759,43.329092]]},"properties":{"name":"Дубровачка"}},{"type":"Feature","geometry":{"type":"LineString","coordinates":[[21.906604,43.328646],[21.906605,43.328541],[21.906611,43.328475],[21.906619,43.328437],[21.906633,43.328401],[21.90665,43.328364],[21.906685,43.328286],[21.906685,43.328257],[21.906689,43.32824],[21.906689,43.328225],[21.906686,43.328212],[21.906659,43.328218],[21.90664,43.328229],[21.906625,43.328246],[21.90661,43.328271],[21.906584,43.328312],[21.90656,43.328347],[21.906545,43.328378],[21.90654,43.328418],[21.906537,43.328497],[21.906524,43.328468],[21.906495,43.328406],[21.906463,43.328333],[21.906431,43.328275],[21.906394,43.328225],[21.906349,43.32818],[21.906316,43.328151],[21.906287,43.328126]]},"properties":{"name":"Косовке Девојке"}},{"type":"Feature","geometry":{"type":"LineString","coordinates":[[21.906537,43.328497],[21.906569,43.328568],[21.906604,43.328646],[21.906686,43.328803],[21.906748,43.328919],[21.90691,43.329264],[21.906959,43.329369],[21.907077,43.329621],[21.907178,43.32983],[21.907229,43.329945],[21.907277,43.330048],[21.907342,43.330185],[21.907547,43.330613],[21.907836,43.331191],[21.907955,43.331433],[21.90803,43.331601],[21.908069,43.331689],[21.908093,43.331751],[21.90822,43.332062],[21.908384,43.332412],[21.908475,43.3326],[21.908612,43.33291],[21.908652,43.332986],[21.908687,43.333051],[21.908952,43.333662],[21.909001,43.333764],[21.909062,43.333931],[21.909196,43.334088],[21.909332,43.334237],[21.909426,43.334334],[21.909513,43.334415],[21.909538,43.334444],[21.909632,43.334515],[21.909695,43.334571],[21.909753,43.334629],[21.909975,43.334839]]},"properties":{"name":"Косовке Девојке"}},{"type":"Feature","geometry":{"type":"LineString","coordinates":[[21.904082,43.327654],[21.90407,43.327694],[21.904062,43.32772],[21.90406,43.327747],[21.904062,43.327833]]},"properties":{"name":"Милојева"}},{"type":"Feature","geometry":{"type":"LineString","coordinates":[[21.867714,43.344669],[21.867729,43.344637],[21.867752,43.344596],[21.867803,43.34455],[21.867825,43.34453],[21.86799,43.344396],[21.868403,43.344062],[21.869005,43.343599],[21.869908,43.342899],[21.870586,43.34237],[21.870734,43.342254],[21.870834,43.342178],[21.871696,43.341516],[21.87178,43.34145],[21.871888,43.341368],[21.874755,43.33916],[21.875314,43.338717],[21.875357,43.338686],[21.875536,43.338557],[21.875664,43.33846],[21.875808,43.338349],[21.875868,43.338303],[21.876571,43.337764],[21.876719,43.337646],[21.877781,43.336825],[21.878217,43.336492],[21.878246,43.336469],[21.878289,43.336436],[21.878371,43.336372],[21.878674,43.336147],[21.878923,43.335952],[21.879563,43.335449],[21.87964,43.335391],[21.880128,43.335005],[21.880215,43.334939],[21.880364,43.334829],[21.880406,43.334799],[21.881417,43.334015],[21.882117,43.333474],[21.882203,43.333406],[21.882298,43.333331],[21.883399,43.332483],[21.884099,43.33194],[21.884936,43.33129],[21.885682,43.330733],[21.885829,43.330623],[21.886175,43.330351],[21.886373,43.330177],[21.886576,43.329979],[21.886859,43.329691],[21.886986,43.329546],[21.887019,43.329506],[21.887872,43.328534],[21.888034,43.328369],[21.88814,43.328223],[21.88817,43.32819],[21.888953,43.327291],[21.889007,43.327244],[21.890016,43.326093],[21.890099,43.325957],[21.89017,43.32584],[21.890192,43.325795],[21.890233,43.325681],[21.890241,43.325585],[21.890209,43.325494]]},"properties":{"name":"Булевар 12. фебруар"}},{"type":"Feature","geometry":{"type":"LineString","coordinates":[[21.890552,43.32172],[21.890531,43.321807],[21.890525,43.321831],[21.890511,43.321867],[21.890162,43.32278],[21.890138,43.322846],[21.890113,43.322913],[21.890113,43.323],[21.890117,43.323055],[21.890141,43.32396],[21.890149,43.324253],[21.890151,43.324322],[21.890153,43.324369],[21.890158,43.324478],[21.89016,43.324543],[21.890204,43.325195],[21.890209,43.325494],[21.890118,43.325727],[21.890052,43.32584],[21.889995,43.325929],[21.889977,43.325959],[21.889906,43.326062],[21.888925,43.327209],[21.888849,43.327286],[21.888053,43.32819],[21.887942,43.328323],[21.887787,43.328496],[21.887754,43.328542],[21.887534,43.328792],[21.886905,43.329509],[21.88688,43.329533],[21.8868,43.329613],[21.886707,43.329706],[21.886499,43.329924],[21.886278,43.330125],[21.885921,43.330425],[21.885742,43.330575],[21.885603,43.330681],[21.885566,43.330709],[21.885239,43.330957],[21.885107,43.331057],[21.884864,43.331241],[21.883604,43.332217],[21.882235,43.333279],[21.882129,43.333361],[21.882089,43.333392],[21.881926,43.333519],[21.881611,43.333767],[21.881483,43.33386],[21.880745,43.334424],[21.880288,43.334774],[21.880209,43.334833],[21.880141,43.334886],[21.880051,43.334953],[21.879904,43.335066],[21.879619,43.335289],[21.879061,43.335727],[21.878792,43.335938],[21.878619,43.336074],[21.878317,43.336311],[21.878301,43.336324],[21.878218,43.336387],[21.878146,43.336443],[21.878115,43.336467],[21.875738,43.338301],[21.875593,43.338412],[21.875484,43.338497],[21.87529,43.338648],[21.875226,43.338693],[21.874678,43.339114],[21.871811,43.341315],[21.871662,43.341427],[21.871578,43.341494],[21.870759,43.342125],[21.870733,43.342145],[21.870656,43.342205],[21.870509,43.342317],[21.869835,43.34285],[21.869528,43.343089],[21.868067,43.344204],[21.867723,43.344467],[21.867693,43.344486],[21.867653,43.344513],[21.867583,43.344558]]},"properties":{"name":"Булевар 12. фебруар"}},{"type":"Feature","geometry":{"type":"LineString","coordinates":[[21.867552,43.344787],[21.867512,43.344803],[21.867459,43.34483],[21.867433,43.344843],[21.867127,43.345103],[21.866827,43.345331],[21.866524,43.345565],[21.866183,43.345829],[21.865796,43.346128],[21.865286,43.346518],[21.865251,43.346544],[21.864873,43.346832],[21.864469,43.347138],[21.864087,43.347418],[21.864018,43.347469]]},"properties":{"name":"Булевар 12. фебруар"}},{"type":"Feature","geometry":{"type":"LineString","coordinates":[[21.863885,43.347369],[21.864511,43.346917],[21.864663,43.346807],[21.864878,43.346637],[21.865362,43.346248],[21.865563,43.346091],[21.865783,43.34592],[21.865903,43.345828],[21.866085,43.345689],[21.866536,43.345345],[21.867174,43.344861],[21.867333,43.344737],[21.867398,43.344677]]},"properties":{"name":"Булевар 12. фебруар"}},{"type":"Feature","geometry":{"type":"LineString","coordinates":[[21.870586,43.34237],[21.870509,43.342317]]},"properties":{"name":"Горњеадровачка"}},{"type":"Feature","geometry":{"type":"LineString","coordinates":[[21.887942,43.328323],[21.888034,43.328369],[21.888124,43.328409],[21.888182,43.328435],[21.888252,43.328467],[21.888258,43.32847],[21.888772,43.328706],[21.888803,43.32872],[21.888823,43.328729],[21.888841,43.328737],[21.889692,43.329112],[21.890534,43.329475],[21.891208,43.329769],[21.891314,43.329817],[21.891414,43.329859],[21.89146,43.329878],[21.891484,43.329889],[21.891803,43.330034],[21.891878,43.330068],[21.892007,43.330128],[21.892415,43.330317],[21.893063,43.330632],[21.893846,43.330989],[21.893856,43.330994],[21.893867,43.330999],[21.894372,43.331233],[21.894555,43.331316],[21.894884,43.331471],[21.895072,43.331558],[21.895233,43.3316],[21.895284,43.331608],[21.895329,43.331612],[21.895433,43.331621]]},"properties":{"name":"Александра Медведева"}},{"type":"Feature","geometry":{"type":"LineString","coordinates":[[21.960195,43.30627],[21.960238,43.306358]]},"properties":{"name":"Душана Спасића"}},{"type":"Feature","geometry":{"type":"LineString","coordinates":[[21.966253,43.305441],[21.966022,43.305711],[21.965985,43.305907],[21.965937,43.30632],[21.965902,43.306998],[21.96587,43.307438],[21.965862,43.307722],[21.965853,43.307828],[21.965842,43.307927],[21.96582,43.308041],[21.965783,43.308151],[21.965683,43.308418]]},"properties":{"name":"29. новембра"}},{"type":"Feature","geometry":{"type":"LineString","coordinates":[[21.96592,43.308708],[21.965883,43.308674],[21.965745,43.308566],[21.965714,43.308522],[21.965695,43.308479],[21.965683,43.308418]]},"properties":{"name":"Павла Софрића"}},{"type":"Feature","geometry":{"type":"LineString","coordinates":[[21.960195,43.30627],[21.960151,43.30618],[21.959897,43.305622],[21.95984,43.305489],[21.959787,43.30539],[21.959729,43.305307],[21.959551,43.305109],[21.959326,43.30486],[21.959085,43.304622],[21.959031,43.30457],[21.95885,43.304426],[21.958524,43.304167],[21.958268,43.303984],[21.958176,43.303908],[21.957974,43.30372],[21.957859,43.303643],[21.957779,43.303612],[21.957708,43.303589],[21.957598,43.303572],[21.95722,43.303528],[21.957148,43.303509],[21.957065,43.303475],[21.957005,43.303436],[21.956957,43.303394],[21.956912,43.303342],[21.956293,43.302539],[21.956103,43.302291],[21.955955,43.302096],[21.955764,43.301895],[21.955615,43.30175],[21.95539,43.301604],[21.955219,43.301515],[21.955149,43.301397],[21.954893,43.300819],[21.95484,43.300704],[21.954841,43.300613],[21.954876,43.300502],[21.955176,43.299982],[21.955198,43.299908],[21.955235,43.299811],[21.955235,43.299727],[21.955222,43.299534],[21.955206,43.299291]]},"properties":{"name":"Маршала Тита"}},{"type":"Feature","geometry":{"type":"LineString","coordinates":[[21.817134,43.309208],[21.817028,43.309097],[21.816706,43.308841],[21.816503,43.308616],[21.816348,43.308338],[21.81628,43.30815],[21.816258,43.307949],[21.816312,43.307682],[21.816438,43.307445],[21.816653,43.307109],[21.817099,43.306407],[21.81735,43.306013],[21.817374,43.305828],[21.817347,43.30566],[21.817291,43.30558],[21.817221,43.305545],[21.816957,43.305496],[21.816556,43.305411],[21.816297,43.305291],[21.81528,43.304776],[21.815211,43.304654],[21.815203,43.30452],[21.815221,43.304334],[21.815269,43.304247],[21.815365,43.304168],[21.816092,43.303683],[21.816177,43.303627],[21.816461,43.303435],[21.816957,43.303164],[21.817038,43.30311],[21.817147,43.303025],[21.817349,43.302832],[21.817493,43.302689],[21.817747,43.30249],[21.817805,43.302445],[21.818221,43.302043],[21.818677,43.301618],[21.818845,43.301441],[21.818981,43.301208],[21.819212,43.300786],[21.819508,43.300154],[21.819584,43.300085],[21.819696,43.300041],[21.819852,43.300023],[21.820168,43.300021],[21.820632,43.30003],[21.820838,43.300025],[21.821252,43.299945],[21.821484,43.299849],[21.821624,43.299744],[21.821824,43.299569],[21.821968,43.299395],[21.822544,43.298524],[21.82266,43.298402],[21.822764,43.298344],[21.823204,43.298146],[21.823413,43.298051],[21.823496,43.297948],[21.823549,43.297681],[21.823797,43.297518],[21.824153,43.297332],[21.824493,43.297213],[21.824861,43.297105],[21.825125,43.29705],[21.825485,43.297032],[21.825693,43.297035],[21.826063,43.296955],[21.826269,43.296959],[21.826493,43.296988],[21.826705,43.297047],[21.826933,43.29714],[21.827553,43.297437],[21.827812,43.297576],[21.828065,43.297673],[21.828352,43.297767],[21.828569,43.29783],[21.82907,43.297969],[21.829483,43.298129],[21.829944,43.298287],[21.830442,43.298451],[21.830902,43.298571],[21.831265,43.298665],[21.831311,43.298675],[21.83153,43.298719],[21.831598,43.298733],[21.831812,43.298771],[21.831969,43.298821],[21.832121,43.29888],[21.833291,43.299507],[21.833511,43.299635],[21.833823,43.299781],[21.83408,43.299875],[21.834337,43.29997],[21.83491,43.300124],[21.835391,43.300242],[21.835723,43.300353],[21.836125,43.300511],[21.836489,43.300632],[21.837874,43.300984],[21.838496,43.301142],[21.839083,43.301319],[21.839411,43.301442],[21.839743,43.301593],[21.840218,43.301759],[21.840496,43.301858],[21.84062,43.301913],[21.840783,43.301997],[21.841036,43.302123],[21.840925,43.3019],[21.84061,43.301552],[21.840403,43.301188],[21.839935,43.300488],[21.839786,43.300245],[21.839074,43.29907],[21.838528,43.298193],[21.838306,43.297805],[21.838187,43.297475],[21.838101,43.297193],[21.838063,43.296862],[21.838086,43.296673],[21.838155,43.296419],[21.838354,43.295895],[21.83762,43.295603],[21.837453,43.295534],[21.837338,43.295475],[21.837276,43.295434],[21.837206,43.295383],[21.837235,43.295351],[21.83728,43.295303],[21.837785,43.294748],[21.837916,43.294525],[21.838008,43.294382],[21.83811,43.294266],[21.838228,43.294147],[21.838525,43.293904],[21.838769,43.293633],[21.83887,43.293474],[21.838933,43.293374],[21.839049,43.293156],[21.839225,43.29299],[21.839841,43.292501],[21.840045,43.292303],[21.840357,43.291914],[21.840477,43.291764],[21.840841,43.291237],[21.841189,43.290565],[21.841297,43.290443],[21.841386,43.290389],[21.841477,43.290335],[21.841585,43.29016],[21.841801,43.289762],[21.841869,43.289683],[21.842141,43.289462],[21.842213,43.28931],[21.842226,43.289134],[21.842239,43.289046],[21.842301,43.288877],[21.842433,43.288649],[21.842613,43.288452],[21.842972,43.28814],[21.843544,43.287738],[21.843948,43.287459]]},"properties":{"name":"Маршала Тита"}},{"type":"Feature","geometry":{"type":"LineString","coordinates":[[21.780415,43.383433],[21.780091,43.383726],[21.780029,43.383781],[21.779858,43.383968],[21.779812,43.384171],[21.779827,43.384414],[21.779773,43.384691],[21.779768,43.384996],[21.779858,43.385438],[21.780006,43.385771],[21.780157,43.386021],[21.780263,43.386195],[21.780387,43.386506],[21.780551,43.386687],[21.780694,43.38683],[21.780776,43.38693],[21.781002,43.38732],[21.781173,43.387699],[21.781414,43.387886],[21.781749,43.388101],[21.781951,43.388332],[21.78206,43.388609],[21.78206,43.388898],[21.782013,43.389576],[21.782044,43.389927],[21.782192,43.390237],[21.782667,43.391051],[21.783032,43.39177],[21.783061,43.391825],[21.783113,43.391925],[21.783297,43.392278],[21.783452,43.392663],[21.78432,43.395173],[21.784783,43.396393],[21.784795,43.396541],[21.784812,43.396604]]},"properties":{"name":"Маршала Тита"}},{"type":"Feature","geometry":{"type":"LineString","coordinates":[[21.787802,43.412018],[21.787254,43.412635],[21.786605,43.413305],[21.786552,43.413362],[21.786465,43.413457],[21.785701,43.414221],[21.785371,43.414457],[21.784998,43.414721],[21.784858,43.41485],[21.784756,43.414945],[21.784335,43.415336]]},"properties":{"name":"Маршала Тита"}},{"type":"Feature","geometry":{"type":"LineString","coordinates":[[21.856954,43.459704],[21.857959,43.460293],[21.858168,43.46045],[21.858433,43.460648],[21.85886,43.460938],[21.859142,43.461129],[21.859555,43.461327],[21.859768,43.461429],[21.860181,43.461627],[21.860416,43.461768],[21.860763,43.461992],[21.861065,43.462366],[21.861337,43.46292],[21.861595,43.463329],[21.861683,43.463479],[21.861753,43.463643],[21.861795,43.463755],[21.861838,43.463888],[21.861869,43.464069],[21.861873,43.464171],[21.861866,43.464239],[21.861848,43.464434],[21.861825,43.464635],[21.861818,43.464696]]},"properties":{"name":"Маршала Тита"}},{"type":"Feature","geometry":{"type":"LineString","coordinates":[[21.898975,43.320762],[21.898994,43.320666]]},"properties":{"name":"Орловића Павла"}},{"type":"Feature","geometry":{"type":"LineString","coordinates":[[21.897763,43.320782],[21.897752,43.320874]]},"properties":{"name":"Страхињића Бана"}},{"type":"Feature","geometry":{"type":"LineString","coordinates":[[21.894653,43.320844],[21.894629,43.320894],[21.894601,43.32095]]},"properties":{"name":"Давидова"}},{"type":"Feature","geometry":{"type":"LineString","coordinates":[[21.919396,43.314213],[21.919351,43.314161]]},"properties":{"name":"Бледска"}},{"type":"Feature","geometry":{"type":"LineString","coordinates":[[21.917739,43.314959],[21.917685,43.314895]]},"properties":{"name":"Хомољска"}},{"type":"Feature","geometry":{"type":"LineString","coordinates":[[21.906378,43.319733],[21.906462,43.319823],[21.906523,43.319892]]},"properties":{"name":"Војводе Мишића"}},{"type":"Feature","geometry":{"type":"LineString","coordinates":[[21.867443,43.344591],[21.867397,43.344534],[21.86737,43.344501],[21.867352,43.344479],[21.867123,43.344226],[21.866837,43.343911],[21.866723,43.343791],[21.866449,43.343502],[21.866369,43.343418],[21.865807,43.34283],[21.865676,43.342679],[21.865224,43.342164],[21.864783,43.341654],[21.864626,43.34144],[21.864509,43.341264],[21.864403,43.341098],[21.864283,43.340902],[21.864173,43.340719],[21.863885,43.340208],[21.863822,43.340096],[21.863793,43.34005],[21.863677,43.339762],[21.863658,43.339735],[21.863593,43.339676],[21.863509,43.339631],[21.863413,43.339604],[21.86331,43.339595],[21.863205,43.339595],[21.863615,43.339479]]},"properties":{"name":"Ваздухопловаца"}},{"type":"Feature","geometry":{"type":"LineString","coordinates":[[21.866157,43.338495],[21.865955,43.338559],[21.86588,43.338583]]},"properties":{"name":"Ваздухопловаца"}},{"type":"Feature","geometry":{"type":"LineString","coordinates":[[21.865675,43.338194],[21.865721,43.338284],[21.865744,43.338331],[21.865788,43.33842],[21.865808,43.338456],[21.86588,43.338583],[21.865925,43.338684],[21.865923,43.338705],[21.865911,43.338739],[21.865888,43.338771],[21.865832,43.338808],[21.865779,43.33883],[21.865721,43.338849],[21.865323,43.338973],[21.864768,43.339144],[21.864114,43.339328],[21.863999,43.339358]]},"properties":{"name":"Ваздухопловаца"}},{"type":"Feature","geometry":{"type":"LineString","coordinates":[[21.865224,43.342164],[21.865082,43.342203],[21.863879,43.342538],[21.862947,43.342798],[21.862853,43.342822],[21.862764,43.34285],[21.862717,43.342866],[21.86088,43.343363],[21.860369,43.343516],[21.859692,43.343718],[21.859534,43.343771],[21.859408,43.343814],[21.859134,43.343918],[21.858776,43.344102],[21.858417,43.344297]]},"properties":{"name":"Грује А. Костадиновића"}},{"type":"Feature","geometry":{"type":"LineString","coordinates":[[21.941177,43.335593],[21.940295,43.335577]]},"properties":{"name":"Ружа"}},{"type":"Feature","geometry":{"type":"LineString","coordinates":[[21.940295,43.335577],[21.94031,43.335159],[21.940366,43.334362],[21.940397,43.333445],[21.940414,43.332947]]},"properties":{"name":"Борова"}},{"type":"Feature","geometry":{"type":"LineString","coordinates":[[21.939016,43.334577],[21.940366,43.334362],[21.94123,43.334207]]},"properties":{"name":"Вукашина Мрњавчевића"}},{"type":"Feature","geometry":{"type":"LineString","coordinates":[[21.937248,43.33489],[21.938047,43.334746],[21.939016,43.334577]]},"properties":{"name":"Коче Капетана"}},{"type":"Feature","geometry":{"type":"LineString","coordinates":[[21.93671,43.335034],[21.93661,43.335053]]},"properties":{"name":"Булевар Светог Пантелејмона"}},{"type":"Feature","geometry":{"type":"LineString","coordinates":[[21.909538,43.334444],[21.909618,43.334439],[21.909831,43.334422],[21.911617,43.334281],[21.912195,43.334239],[21.91228,43.334232],[21.912791,43.334195],[21.913306,43.334155],[21.915049,43.334015],[21.916732,43.333879],[21.917312,43.33383],[21.917343,43.333829],[21.917666,43.33382]]},"properties":{"name":"Булевар Светог Пантелејмона"}},{"type":"Feature","geometry":{"type":"LineString","coordinates":[[21.918087,43.333969],[21.918297,43.334164],[21.918365,43.334215],[21.918437,43.334256],[21.918545,43.334308],[21.920442,43.334902],[21.921023,43.335084],[21.921441,43.335191],[21.921633,43.335232],[21.921827,43.335265],[21.921891,43.335274],[21.922,43.335281],[21.922076,43.335278],[21.922153,43.335267]]},"properties":{"name":"Булевар Светог Пантелејмона"}},{"type":"Feature","geometry":{"type":"LineString","coordinates":[[21.922411,43.33533],[21.922464,43.335354],[21.922537,43.335375],[21.922651,43.335394],[21.922851,43.335408],[21.926707,43.335497],[21.92674,43.335497],[21.926983,43.335503],[21.930653,43.335601],[21.931859,43.335627],[21.932478,43.335608],[21.933092,43.335549],[21.933528,43.335476],[21.935508,43.335136]]},"properties":{"name":"Булевар Светог Пантелејмона"}},{"type":"Feature","geometry":{"type":"LineString","coordinates":[[21.92237,43.335502],[21.922437,43.335501],[21.922518,43.335498],[21.922601,43.335496],[21.922628,43.335497],[21.9227,43.335496],[21.922872,43.335505],[21.923613,43.335537],[21.924709,43.335559],[21.9267,43.335607],[21.926979,43.335613],[21.927233,43.33562],[21.929357,43.335677],[21.930642,43.335704],[21.931017,43.335713],[21.931871,43.335744],[21.932506,43.335724],[21.933108,43.335659],[21.934389,43.335442],[21.935626,43.335227]]},"properties":{"name":"Булевар Светог Пантелејмона"}},{"type":"Feature","geometry":{"type":"LineString","coordinates":[[21.922081,43.335485],[21.921967,43.335435],[21.921851,43.335401],[21.921563,43.335338],[21.921324,43.335278],[21.921159,43.335232],[21.920965,43.335181],[21.92053,43.335055],[21.919765,43.334812],[21.91928,43.334668],[21.918339,43.334417],[21.918225,43.334383],[21.918064,43.33433],[21.917914,43.334275],[21.917769,43.334222]]},"properties":{"name":"Булевар Светог Пантелејмона"}},{"type":"Feature","geometry":{"type":"LineString","coordinates":[[21.917568,43.334143],[21.917538,43.334134],[21.917486,43.334113],[21.917343,43.334066],[21.917192,43.334015],[21.917115,43.333997],[21.917044,43.333984],[21.916921,43.333967],[21.916794,43.333961],[21.916605,43.33397],[21.916365,43.333989],[21.915814,43.334038],[21.914893,43.334119],[21.91366,43.334228],[21.912607,43.334302],[21.911632,43.334381],[21.911523,43.33439],[21.909937,43.334502],[21.909868,43.334507],[21.909632,43.334515]]},"properties":{"name":"Булевар Светог Пантелејмона"}},{"type":"Feature","geometry":{"type":"LineString","coordinates":[[21.936572,43.334944],[21.936676,43.334922]]},"properties":{"name":"Булевар Светог Пантелејмона"}},{"type":"Feature","geometry":{"type":"LineString","coordinates":[[21.936804,43.3348],[21.936854,43.334592],[21.936851,43.334183],[21.936925,43.333105],[21.936936,43.332879],[21.936988,43.331841],[21.937036,43.330881],[21.93704,43.330795],[21.937066,43.33029],[21.93708,43.330003],[21.937081,43.329957],[21.937085,43.329833]]},"properties":{"name":"Матејевачки пут"}},{"type":"Feature","geometry":{"type":"LineString","coordinates":[[21.936831,43.3351],[21.936867,43.335371],[21.936813,43.335804],[21.936821,43.336141],[21.936841,43.336289],[21.936863,43.336484],[21.936872,43.336549],[21.93689,43.336668],[21.936923,43.336788],[21.936951,43.336892],[21.936994,43.337033],[21.93705,43.337185],[21.937119,43.337339],[21.937186,43.337504],[21.937261,43.337656],[21.937371,43.337846],[21.937491,43.33804],[21.937684,43.338296],[21.937935,43.338625],[21.938418,43.339199],[21.938468,43.339258]]},"properties":{"name":"Матејевачки пут"}},{"type":"Feature","geometry":{"type":"LineString","coordinates":[[21.937242,43.329766],[21.93724,43.329836],[21.937233,43.329966],[21.937131,43.331848],[21.937062,43.33311],[21.936977,43.334358],[21.936968,43.334594],[21.936983,43.334799]]},"properties":{"name":"Матејевачки пут"}},{"type":"Feature","geometry":{"type":"LineString","coordinates":[[21.936755,43.320969],[21.936704,43.320963],[21.936609,43.320958],[21.936535,43.320961],[21.936451,43.320976],[21.936115,43.321042],[21.934862,43.321296],[21.934629,43.32136],[21.934397,43.321462],[21.934213,43.321553],[21.934017,43.321674],[21.933712,43.321877],[21.9331,43.322301],[21.93206,43.322985],[21.931396,43.323418],[21.931193,43.323525],[21.930986,43.323622],[21.930781,43.323691],[21.930556,43.323754],[21.93049,43.323767],[21.930448,43.32378],[21.930283,43.3238],[21.930117,43.323815],[21.929782,43.323828],[21.929486,43.323806],[21.92925,43.323757],[21.929041,43.323707],[21.928279,43.323444],[21.928101,43.323377],[21.927074,43.323021],[21.927056,43.323015],[21.926966,43.323002],[21.92691,43.322998],[21.926826,43.322992]]},"properties":{"name":"Византијски булевар"}},{"type":"Feature","geometry":{"type":"LineString","coordinates":[[21.92693,43.322834],[21.926989,43.322865],[21.92704,43.322891],[21.927112,43.322925],[21.928147,43.323298],[21.928335,43.323368],[21.929095,43.323621],[21.929212,43.323652],[21.929288,43.323668],[21.929513,43.323713],[21.929745,43.32373],[21.929826,43.323729],[21.930102,43.323726],[21.930326,43.323704],[21.930415,43.323695],[21.93072,43.323622],[21.930927,43.323548],[21.930994,43.323519],[21.931116,43.323467],[21.931158,43.323443],[21.931328,43.323346],[21.931366,43.323323],[21.931977,43.322931],[21.932804,43.322361],[21.932906,43.32229],[21.933534,43.321868],[21.933748,43.321724],[21.933773,43.321707],[21.933985,43.321562],[21.934145,43.321466],[21.934191,43.321443],[21.934304,43.321386],[21.934455,43.321321],[21.93458,43.321274],[21.934815,43.321204],[21.935182,43.321136],[21.93524,43.321125],[21.93547,43.321076],[21.936044,43.320953],[21.936134,43.320933],[21.936429,43.320877],[21.936512,43.320861],[21.936565,43.32085],[21.936611,43.320835],[21.936663,43.320811],[21.936711,43.320787]]},"properties":{"name":"Византијски булевар"}},{"type":"Feature","geometry":{"type":"LineString","coordinates":[[21.937116,43.320729],[21.937181,43.320718]]},"properties":{"name":"Византијски булевар"}},{"type":"Feature","geometry":{"type":"LineString","coordinates":[[21.926538,43.322907],[21.926488,43.322862],[21.926429,43.322816],[21.926361,43.322771],[21.926313,43.32275],[21.925172,43.322293],[21.925063,43.322253],[21.924592,43.322071],[21.923764,43.321751],[21.923476,43.321648],[21.923364,43.321607],[21.923158,43.321537],[21.921707,43.321044],[21.921594,43.321001],[21.921519,43.320967],[21.92144,43.320928],[21.921335,43.320866],[21.921251,43.320803],[21.921177,43.320739],[21.921098,43.32065],[21.921066,43.320615],[21.921017,43.320567],[21.920822,43.320357],[21.919921,43.319336],[21.919897,43.319315],[21.919857,43.319285],[21.919803,43.319265],[21.919762,43.31925]]},"properties":{"name":"Византијски булевар"}},{"type":"Feature","geometry":{"type":"LineString","coordinates":[[21.919981,43.319123],[21.919983,43.319168],[21.919993,43.319215],[21.920003,43.31925],[21.920006,43.31926],[21.920024,43.319285],[21.92041,43.319731],[21.921044,43.320461],[21.921094,43.320522],[21.921148,43.320584],[21.92126,43.320691],[21.921351,43.320765],[21.921458,43.320838],[21.921595,43.320908],[21.921744,43.320969],[21.92191,43.321024],[21.923215,43.321453],[21.923418,43.321524],[21.923534,43.321564],[21.923821,43.321668],[21.923895,43.321694],[21.924825,43.322044],[21.925398,43.322276],[21.926382,43.322665],[21.926479,43.322695],[21.926554,43.322707],[21.926611,43.322716],[21.926675,43.32272]]},"properties":{"name":"Византијски булевар"}},{"type":"Feature","geometry":{"type":"LineString","coordinates":[[21.926722,43.322715],[21.926796,43.322679],[21.926846,43.322654],[21.926905,43.32262],[21.926955,43.322577],[21.927033,43.322495],[21.927117,43.322428]]},"properties":{"name":"Бранка Миљковића"}},{"type":"Feature","geometry":{"type":"LineString","coordinates":[[21.927505,43.313665],[21.927656,43.313674],[21.927738,43.313678],[21.927798,43.313679],[21.927854,43.313681],[21.927899,43.313682],[21.927982,43.313691],[21.928012,43.3137],[21.928041,43.313717],[21.928065,43.313736],[21.928089,43.313759]]},"properties":{"name":"Бранка Миљковића"}},{"type":"Feature","geometry":{"type":"LineString","coordinates":[[21.927738,43.313616],[21.927863,43.31362],[21.928017,43.313636],[21.928038,43.313644],[21.928051,43.313652],[21.928064,43.313661],[21.928075,43.313672],[21.928085,43.313685],[21.928089,43.313698],[21.928089,43.313721],[21.928089,43.313759],[21.928099,43.313784],[21.928105,43.313801],[21.928122,43.313862],[21.928132,43.313915],[21.928205,43.314342],[21.928215,43.314401],[21.928279,43.314753],[21.928286,43.314801],[21.928294,43.314851],[21.928331,43.315088],[21.928383,43.31539],[21.928572,43.316385],[21.928708,43.317109],[21.928799,43.317591],[21.928818,43.31769],[21.928902,43.318093],[21.928952,43.318367],[21.928987,43.318595],[21.929102,43.319049],[21.929107,43.31911],[21.929111,43.319159],[21.92911,43.319216],[21.929107,43.319288],[21.929102,43.319343],[21.92909,43.319421],[21.929062,43.319503],[21.929034,43.319587],[21.928985,43.319681],[21.928935,43.319767],[21.928731,43.320069],[21.928371,43.32062],[21.928021,43.321126],[21.927975,43.321192],[21.927648,43.321682],[21.927252,43.322251],[21.927221,43.322292],[21.927117,43.322428],[21.927008,43.3226],[21.926979,43.322645],[21.926969,43.32267],[21.926953,43.322711],[21.926939,43.322751],[21.926917,43.322803]]},"properties":{"name":"Бранка Миљковића"}},{"type":"Feature","geometry":{"type":"LineString","coordinates":[[21.926558,43.322939],[21.926562,43.323028],[21.926565,43.323083],[21.926561,43.323136],[21.926545,43.323191],[21.926405,43.323412],[21.925931,43.324183],[21.925776,43.324477],[21.925752,43.324536],[21.925766,43.324688],[21.925865,43.324564],[21.925921,43.324379],[21.926606,43.323316],[21.926669,43.323216],[21.926698,43.323168],[21.926725,43.323128],[21.92676,43.323072],[21.926792,43.323003]]},"properties":{"name":"Бранка Миљковића"}},{"type":"Feature","geometry":{"type":"LineString","coordinates":[[21.890081,43.318371],[21.890037,43.318395]]},"properties":{"name":"Соколска"}},{"type":"Feature","geometry":{"type":"LineString","coordinates":[[21.889507,43.319777],[21.8895,43.319795],[21.889482,43.319847]]},"properties":{"name":"Соколска"}},{"type":"Feature","geometry":{"type":"LineString","coordinates":[[21.889587,43.31642],[21.889566,43.316426],[21.889498,43.316445]]},"properties":{"name":"Југовићева"}},{"type":"Feature","geometry":{"type":"LineString","coordinates":[[21.92269,43.31292],[21.922646,43.312859]]},"properties":{"name":"Радних бригада"}},{"type":"Feature","geometry":{"type":"LineString","coordinates":[[21.940414,43.332947],[21.939102,43.333012],[21.938083,43.333046],[21.93721,43.333101],[21.93716,43.333105],[21.937129,43.333107],[21.937062,43.33311]]},"properties":{"name":"Мирисних врба"}},{"type":"Feature","geometry":{"type":"LineString","coordinates":[[21.941183,43.335428],[21.94123,43.334207]]},"properties":{"name":"Ђорђа Стаменковића"}},{"type":"Feature","geometry":{"type":"LineString","coordinates":[[21.895039,43.320911],[21.895019,43.320969]]},"properties":{"name":"Балканска"}},{"type":"Feature","geometry":{"type":"LineString","coordinates":[[21.905589,43.32491],[21.905437,43.324859],[21.904535,43.324556],[21.904415,43.324515],[21.90438,43.324503],[21.904344,43.324491],[21.903789,43.324298],[21.903429,43.324174],[21.90273,43.323924],[21.90268,43.323907],[21.902434,43.323803],[21.902306,43.323761]]},"properties":{"name":"7. јули"}},{"type":"Feature","geometry":{"type":"LineString","coordinates":[[21.905633,43.324849],[21.905468,43.324791],[21.905394,43.324765],[21.905079,43.324655],[21.904566,43.324475],[21.904421,43.324429],[21.904383,43.324416],[21.903054,43.32397],[21.902715,43.323853],[21.902434,43.323803]]},"properties":{"name":"7. јули"}},{"type":"Feature","geometry":{"type":"LineString","coordinates":[[21.921094,43.320522],[21.921017,43.320567]]},"properties":{"name":"Романијска"}},{"type":"Feature","geometry":{"type":"LineString","coordinates":[[21.929111,43.319159],[21.929173,43.319161],[21.929275,43.319163],[21.929862,43.319174],[21.93043,43.319192],[21.930486,43.319194],[21.930549,43.319197],[21.931205,43.319201],[21.931255,43.319201],[21.931586,43.319186],[21.931835,43.319163],[21.93258,43.319085],[21.933125,43.319021],[21.933949,43.318925],[21.934668,43.318843],[21.935288,43.318761],[21.935438,43.318736],[21.935531,43.318715],[21.935856,43.318665],[21.936228,43.31861]]},"properties":{"name":"Ђердапска"}},{"type":"Feature","geometry":{"type":"LineString","coordinates":[[21.932594,43.319138],[21.93258,43.319085]]},"properties":{"name":"Ктитор"}},{"type":"Feature","geometry":{"type":"LineString","coordinates":[[21.936134,43.320933],[21.936122,43.320892],[21.936117,43.320879],[21.935916,43.320286],[21.935765,43.319847],[21.935718,43.319694],[21.935611,43.319361],[21.935514,43.319023],[21.935472,43.318866],[21.935464,43.318833],[21.935438,43.318736]]},"properties":{"name":"Мајаковског"}},{"type":"Feature","geometry":{"type":"LineString","coordinates":[[21.905589,43.32491],[21.905633,43.324849]]},"properties":{"name":"Војводе Танкосића"}},{"type":"Feature","geometry":{"type":"LineString","coordinates":[[21.946745,43.32584],[21.946349,43.325843],[21.946284,43.325843],[21.945878,43.325846]]},"properties":{"name":"Зорана Радосављевића Чупе"}},{"type":"Feature","geometry":{"type":"LineString","coordinates":[[21.945679,43.322446],[21.945738,43.324326],[21.945878,43.325846]]},"properties":{"name":"Толстојева"}},{"type":"Feature","geometry":{"type":"LineString","coordinates":[[21.917014,43.320211],[21.917101,43.320308]]},"properties":{"name":"Париске комуне"}},{"type":"Feature","geometry":{"type":"LineString","coordinates":[[21.893533,43.320627],[21.893552,43.32058],[21.893557,43.320567],[21.89357,43.320537]]},"properties":{"name":"Дрварска"}},{"type":"Feature","geometry":{"type":"LineString","coordinates":[[21.885945,43.305397],[21.885894,43.305417],[21.885843,43.305445],[21.885794,43.305483],[21.885676,43.305591],[21.885549,43.305693],[21.885447,43.305769],[21.885344,43.30584],[21.885274,43.30588],[21.885152,43.305942],[21.884302,43.306317],[21.883398,43.306732],[21.883128,43.306851],[21.883059,43.306873],[21.882979,43.306896]]},"properties":{"name":"Светислава Тргојевића"}},{"type":"Feature","geometry":{"type":"LineString","coordinates":[[21.885945,43.305397],[21.885975,43.305478],[21.886002,43.30555],[21.886032,43.305616],[21.886081,43.305703],[21.886209,43.305903],[21.886328,43.306091],[21.886369,43.306188],[21.886395,43.306285],[21.886404,43.306393],[21.886408,43.3065],[21.886385,43.306757],[21.88637,43.306869],[21.886343,43.30698],[21.886287,43.307136],[21.886215,43.307276],[21.886169,43.307337],[21.88565,43.308033],[21.88522,43.308467],[21.885076,43.308592],[21.884919,43.308733],[21.883906,43.309654],[21.883415,43.31008],[21.883367,43.310135],[21.883325,43.3102],[21.8833,43.310257],[21.883293,43.310295],[21.883285,43.311002],[21.883284,43.311045]]},"properties":{"name":"Дурмиторска"}},{"type":"Feature","geometry":{"type":"LineString","coordinates":[[21.888206,43.311232],[21.888195,43.311206],[21.888171,43.311185],[21.888136,43.311172],[21.8881,43.31117],[21.887436,43.311182],[21.887374,43.311177],[21.887312,43.311167],[21.887269,43.311155],[21.887228,43.311138],[21.887186,43.311114],[21.887157,43.311088],[21.887093,43.31103],[21.887072,43.311008],[21.88705,43.310994],[21.887022,43.31098],[21.886988,43.310972],[21.886948,43.310968],[21.886799,43.310967],[21.886237,43.310975],[21.885666,43.310988],[21.885133,43.311003],[21.884768,43.311014],[21.884563,43.311021],[21.883986,43.311032],[21.883741,43.311037],[21.883284,43.311045]]},"properties":{"name":"Рудничка"}},{"type":"Feature","geometry":{"type":"LineString","coordinates":[[21.888206,43.311232],[21.888204,43.311535],[21.888199,43.312087],[21.888234,43.312217],[21.88825,43.312286],[21.888379,43.312624],[21.888485,43.31282],[21.888497,43.312841],[21.888505,43.312858]]},"properties":{"name":"Чарнојевића"}},{"type":"Feature","geometry":{"type":"LineString","coordinates":[[21.888071,43.312344],[21.88825,43.312286]]},"properties":{"name":"Бранка Радичевића"}},{"type":"Feature","geometry":{"type":"LineString","coordinates":[[21.890838,43.31216],[21.890989,43.312101],[21.891178,43.312075],[21.892237,43.312062],[21.89297,43.312077],[21.89364,43.312076],[21.89375,43.312076],[21.893819,43.312076]]},"properties":{"name":"Бранка Радичевића"}},{"type":"Feature","geometry":{"type":"LineString","coordinates":[[21.890838,43.31216],[21.890711,43.312211],[21.89055,43.312263],[21.889504,43.31252],[21.888997,43.312679],[21.888744,43.312766],[21.888505,43.312858],[21.888427,43.312889],[21.888236,43.312965],[21.887962,43.313099],[21.887773,43.3132],[21.887598,43.313304],[21.886422,43.314041],[21.886139,43.314227],[21.886046,43.314287],[21.885672,43.314533],[21.885157,43.314882],[21.884039,43.315639],[21.884001,43.315665],[21.883986,43.315675],[21.883963,43.31569]]},"properties":{"name":"Војводе Гојка"}},{"type":"Feature","geometry":{"type":"LineString","coordinates":[[21.893977,43.312492],[21.894059,43.312503],[21.894105,43.31251],[21.896338,43.312774],[21.896469,43.312789],[21.896505,43.312793],[21.896594,43.312804],[21.89813,43.312989],[21.898277,43.313004],[21.898404,43.313015],[21.89858,43.313027],[21.898628,43.313026],[21.898681,43.313021],[21.89873,43.313011],[21.898768,43.313002]]},"properties":{"name":"Војводе Гојка"}},{"type":"Feature","geometry":{"type":"LineString","coordinates":[[21.893977,43.312492],[21.893959,43.312424],[21.893955,43.312412],[21.893842,43.312133],[21.89383,43.312104],[21.893819,43.312076],[21.893795,43.312027],[21.893778,43.311992],[21.893454,43.311323],[21.893438,43.311288],[21.893062,43.310469],[21.892926,43.310148],[21.892799,43.309913],[21.892765,43.30986],[21.892723,43.309796],[21.892476,43.309511],[21.892368,43.309386],[21.892268,43.309271],[21.892259,43.309259],[21.892243,43.309241],[21.892118,43.309121],[21.891989,43.309002],[21.891606,43.308751],[21.891552,43.308721],[21.891492,43.308695],[21.89143,43.308679],[21.891362,43.308669],[21.891276,43.308672],[21.89119,43.308685],[21.891129,43.308698],[21.891068,43.308718],[21.89075,43.308828],[21.890508,43.308911],[21.890357,43.308958],[21.890201,43.309003],[21.889879,43.309071],[21.889724,43.309094],[21.889568,43.309114],[21.889382,43.309127],[21.889243,43.309133],[21.889012,43.309131],[21.888843,43.309121],[21.888821,43.30912],[21.888613,43.309109],[21.888471,43.309089],[21.888393,43.309071],[21.888315,43.309054],[21.888232,43.309022],[21.888163,43.308977],[21.888127,43.308943],[21.888101,43.308908],[21.888084,43.308876],[21.888071,43.308748],[21.888066,43.30853],[21.888066,43.308398],[21.888074,43.308288],[21.888105,43.308166],[21.888182,43.307931]]},"properties":{"name":"Његошева"}},{"type":"Feature","geometry":{"type":"LineString","coordinates":[[21.894656,43.315019],[21.894628,43.314883],[21.894568,43.314625],[21.894537,43.314509],[21.894533,43.314494],[21.894421,43.314103],[21.894322,43.313807],[21.894097,43.312949],[21.894058,43.312802],[21.894051,43.312773],[21.894015,43.312652],[21.893977,43.312492]]},"properties":{"name":"Хиландарска"}},{"type":"Feature","geometry":{"type":"LineString","coordinates":[[21.894656,43.315019],[21.894655,43.315076],[21.894652,43.315339],[21.894649,43.315356],[21.894638,43.315602],[21.894631,43.315696],[21.89461,43.316047],[21.894569,43.31655],[21.894558,43.316688],[21.894532,43.316845],[21.89453,43.316857],[21.894516,43.316917]]},"properties":{"name":"Обреновићева"}},{"type":"Feature","geometry":{"type":"LineString","coordinates":[[21.893514,43.316802],[21.893938,43.316836],[21.894208,43.316889],[21.89427,43.316902],[21.894351,43.316907],[21.894368,43.316907],[21.894516,43.316917],[21.894584,43.316921]]},"properties":{"name":"Цара Душана"}},{"type":"Feature","geometry":{"type":"LineString","coordinates":[[21.885742,43.330575],[21.885668,43.330536],[21.88536,43.330368],[21.885309,43.33034],[21.885093,43.330225],[21.884947,43.330179],[21.884824,43.330171],[21.884691,43.330185],[21.884565,43.330202],[21.882676,43.330543],[21.88051,43.331],[21.879153,43.331275],[21.878553,43.331363],[21.877475,43.331519],[21.875125,43.331845]]},"properties":{"name":"63. падобранске бригаде"}},{"type":"Feature","geometry":{"type":"LineString","coordinates":[[21.900934,43.31186],[21.900796,43.311935],[21.89991,43.312383],[21.899696,43.312495],[21.898914,43.312929],[21.898865,43.312954],[21.898808,43.312983],[21.898768,43.313002],[21.898726,43.313035],[21.898659,43.313079],[21.898625,43.313095],[21.898522,43.313138],[21.898398,43.313209],[21.898298,43.313267],[21.897855,43.313501],[21.89745,43.313697],[21.89721,43.3138],[21.89715,43.313829],[21.897001,43.313896],[21.896196,43.314287],[21.896131,43.314318],[21.896012,43.314375],[21.895763,43.314489],[21.895508,43.31463],[21.895405,43.31473]]},"properties":{"name":"Епископска"}},{"type":"Feature","geometry":{"type":"LineString","coordinates":[[21.900934,43.31186],[21.900983,43.311871],[21.901061,43.311879],[21.901098,43.311883],[21.901624,43.31195],[21.901858,43.311981],[21.902012,43.312002],[21.902141,43.311946],[21.902208,43.311934],[21.902315,43.311913],[21.90237,43.311907],[21.902425,43.31191],[21.902504,43.311914],[21.903331,43.312108],[21.903532,43.312154],[21.903649,43.312167],[21.903736,43.312172],[21.904658,43.312135],[21.905215,43.31211],[21.905268,43.312108],[21.906039,43.312069],[21.906836,43.312035],[21.90764,43.312045],[21.907709,43.312041],[21.908924,43.311984],[21.909752,43.311943],[21.909865,43.311938],[21.910924,43.311889],[21.911009,43.311885],[21.911243,43.311875],[21.91145,43.311869],[21.911513,43.311865],[21.91268,43.311807],[21.913226,43.311786],[21.913488,43.311776],[21.914134,43.311755],[21.914853,43.311727],[21.915459,43.311713],[21.916437,43.311665],[21.917061,43.31164],[21.918379,43.311589],[21.918904,43.311542],[21.919049,43.311529],[21.919198,43.311513],[21.919284,43.3115],[21.920718,43.311297],[21.921016,43.311259],[21.921071,43.311252],[21.921148,43.311244],[21.921372,43.311244]]},"properties":{"name":"Душана Поповића"}},{"type":"Feature","geometry":{"type":"LineString","coordinates":[[21.921372,43.311244],[21.921425,43.31112],[21.921432,43.311101],[21.921447,43.311063],[21.921638,43.310693],[21.921906,43.310047],[21.921922,43.310014],[21.922276,43.309273],[21.922598,43.308614],[21.922622,43.308532],[21.922629,43.308471],[21.922618,43.308402],[21.922593,43.308328],[21.922542,43.308246],[21.922024,43.307496],[21.92197,43.307393],[21.921701,43.306923],[21.921653,43.306839],[21.921626,43.306739],[21.921615,43.306613],[21.921577,43.305977],[21.921544,43.305411],[21.921523,43.305333],[21.921499,43.305265],[21.921464,43.305199],[21.921407,43.305141],[21.920055,43.304009],[21.919794,43.30379],[21.919479,43.30357],[21.919159,43.303293],[21.918747,43.302951],[21.917984,43.302317],[21.916527,43.301012],[21.916442,43.300913],[21.916395,43.300846]]},"properties":{"name":"Габровачки пут"}},{"type":"Feature","geometry":{"type":"LineString","coordinates":[[21.916395,43.300846],[21.91653,43.300743],[21.916677,43.300647],[21.916771,43.300592],[21.916865,43.30056],[21.916926,43.300545],[21.916984,43.300539],[21.917154,43.300549],[21.917393,43.300569],[21.917775,43.300637],[21.917889,43.300654],[21.91797,43.300662],[21.918035,43.300664],[21.918024,43.300746],[21.918012,43.300832],[21.918067,43.300902],[21.918162,43.300977],[21.918651,43.301292],[21.921734,43.303131]]},"properties":{"name":"Габровачка река"}},{"type":"Feature","geometry":{"type":"LineString","coordinates":[[21.921885,43.303069],[21.922647,43.302758]]},"properties":{"name":"Габровачка река"}},{"type":"Feature","geometry":{"type":"LineString","coordinates":[[21.918035,43.300664],[21.918171,43.300677],[21.918299,43.300695],[21.91906,43.301007],[21.919656,43.301245],[21.920384,43.301569],[21.920946,43.30184],[21.921538,43.302143],[21.922276,43.302527],[21.922468,43.302639],[21.922647,43.302758]]},"properties":{"name":"Љубомира Николића"}},{"type":"Feature","geometry":{"type":"LineString","coordinates":[[21.873131,43.295822],[21.873134,43.295859],[21.873126,43.295961],[21.873121,43.296024],[21.873098,43.296145],[21.873114,43.296416],[21.873156,43.296714],[21.873201,43.296987],[21.87322,43.297117],[21.873248,43.297256],[21.873534,43.297929],[21.8737,43.298359],[21.874112,43.299341],[21.87462,43.30041],[21.874671,43.300517]]},"properties":{"name":"Сердара Јола Пилетића"}},{"type":"Feature","geometry":{"type":"LineString","coordinates":[[21.873131,43.295822],[21.873078,43.295777],[21.873014,43.29574],[21.872949,43.295709],[21.872141,43.295386],[21.871936,43.295296],[21.871741,43.295195],[21.871437,43.295012],[21.871259,43.294884],[21.8712,43.294834],[21.871122,43.294764],[21.870989,43.294616],[21.870804,43.294416],[21.870664,43.294292],[21.870629,43.294264],[21.870569,43.294233],[21.870386,43.294155],[21.870317,43.294124],[21.870233,43.294089],[21.870149,43.29404],[21.870099,43.294002],[21.870041,43.293962],[21.869972,43.29391],[21.869911,43.293846],[21.869884,43.293804],[21.869865,43.293759],[21.869843,43.293698],[21.869832,43.293673],[21.869814,43.293636],[21.869764,43.293555],[21.869689,43.293458],[21.869621,43.293377],[21.869579,43.293338],[21.869509,43.293281],[21.869449,43.293253],[21.869325,43.293212]]},"properties":{"name":"Глигорија Ђака"}},{"type":"Feature","geometry":{"type":"LineString","coordinates":[[21.869325,43.293212],[21.869207,43.293181],[21.869118,43.293165],[21.868907,43.293124],[21.868675,43.293095],[21.868266,43.29299],[21.868172,43.292953],[21.868106,43.292935],[21.868035,43.292929],[21.86798,43.292928],[21.867803,43.292961],[21.867656,43.292974],[21.867552,43.292976],[21.867431,43.292968],[21.867135,43.292939],[21.866478,43.292814],[21.86618,43.292794],[21.865882,43.292756],[21.865844,43.292754],[21.865811,43.292758],[21.865774,43.292768],[21.86574,43.292781]]},"properties":{"name":"Лужичких Срба"}},{"type":"Feature","geometry":{"type":"LineString","coordinates":[[21.867376,43.305311],[21.867358,43.305291],[21.867342,43.305265],[21.867331,43.305227],[21.867323,43.304785],[21.867323,43.304664],[21.867313,43.304557],[21.867292,43.304399],[21.867275,43.304232],[21.867103,43.303327],[21.866926,43.30123],[21.866871,43.300487],[21.866726,43.29936],[21.866552,43.297901],[21.866192,43.296537],[21.865888,43.295452],[21.865764,43.294963],[21.86577,43.294821],[21.865771,43.294708],[21.865769,43.294652],[21.865756,43.294588],[21.865738,43.294531],[21.865694,43.294471],[21.865508,43.294332],[21.865399,43.294242],[21.865328,43.29416],[21.865297,43.2941],[21.865276,43.294032],[21.865266,43.293955],[21.865267,43.293862],[21.865449,43.293422],[21.865557,43.29316],[21.865704,43.292828],[21.865726,43.292796],[21.86574,43.292781]]},"properties":{"name":"1300 каплара"}},{"type":"Feature","geometry":{"type":"LineString","coordinates":[[21.900934,43.31186],[21.900875,43.311829],[21.900796,43.311765],[21.900782,43.31175],[21.90054,43.311504],[21.900502,43.311466],[21.900442,43.311405],[21.900434,43.311398],[21.900361,43.311325],[21.900294,43.311258],[21.900281,43.311251],[21.900219,43.311217],[21.900155,43.311196],[21.900082,43.311184],[21.900008,43.311182],[21.899639,43.311187],[21.899332,43.311191],[21.89904,43.311196],[21.898819,43.3112],[21.898578,43.311206],[21.898386,43.311211],[21.897503,43.311233],[21.897382,43.311235],[21.897241,43.311238],[21.89651,43.311257],[21.896204,43.311266],[21.89578,43.311277],[21.895722,43.311279],[21.895015,43.311295],[21.894214,43.311309],[21.893592,43.311319],[21.893535,43.31132],[21.893454,43.311323]]},"properties":{"name":"Станоја Бунушевца"}},{"type":"Feature","geometry":{"type":"LineString","coordinates":[[21.895405,43.31473],[21.895401,43.314819],[21.89536,43.314863],[21.895336,43.314885],[21.895288,43.314913],[21.89523,43.314926],[21.895166,43.314928],[21.894762,43.314941],[21.894744,43.314942],[21.894726,43.314942],[21.894693,43.314962],[21.894676,43.31498],[21.894656,43.315019]]},"properties":{"name":"Трг 14. октобар"}},{"type":"Feature","geometry":{"type":"LineString","coordinates":[[21.894673,43.314919],[21.894628,43.314883]]},"properties":{"name":"Трг 14. октобар"}},{"type":"Feature","geometry":{"type":"LineString","coordinates":[[21.876852,43.31195],[21.876799,43.311969]]},"properties":{"name":"Ђуре Јакшића"}},{"type":"Feature","geometry":{"type":"LineString","coordinates":[[21.912107,43.304748],[21.911881,43.304892],[21.911673,43.305116],[21.911586,43.30523],[21.911553,43.305268],[21.911385,43.305463],[21.911215,43.305658],[21.911157,43.305725],[21.910858,43.306018],[21.910082,43.306724],[21.909778,43.306929],[21.908847,43.307404],[21.908751,43.307452],[21.908659,43.307502],[21.908439,43.30761],[21.907858,43.307929],[21.907269,43.308277],[21.906981,43.308441],[21.905599,43.309231],[21.904643,43.309777],[21.904536,43.309837],[21.904109,43.310076],[21.903878,43.310242],[21.903776,43.310297],[21.902688,43.310927],[21.902406,43.311075],[21.902355,43.311103],[21.901983,43.3113],[21.901192,43.311712],[21.900934,43.31186]]},"properties":{"name":"Мокрањчева"}},{"type":"Feature","geometry":{"type":"LineString","coordinates":[[21.880841,43.344895],[21.879233,43.343008],[21.878868,43.34258],[21.878447,43.342073],[21.878423,43.342041],[21.878345,43.34195],[21.87814,43.341708],[21.877983,43.341491],[21.877888,43.341414],[21.87742,43.34085],[21.877125,43.340484],[21.876809,43.34009],[21.876587,43.339835],[21.876293,43.339473],[21.875657,43.338714],[21.875638,43.338691],[21.875536,43.338557],[21.875484,43.338497]]},"properties":{"name":"Хумска"}},{"type":"Feature","geometry":{"type":"LineString","coordinates":[[21.938274,43.37539],[21.938316,43.375373],[21.938388,43.375367],[21.938509,43.375371],[21.939059,43.375405],[21.939465,43.375347],[21.939922,43.375376],[21.940022,43.375396],[21.940127,43.375417],[21.940392,43.375472],[21.940525,43.375479],[21.940676,43.375437]]},"properties":{"name":"Хумска"}},{"type":"Feature","geometry":{"type":"LineString","coordinates":[[21.880841,43.344895],[21.88134,43.345499],[21.881529,43.345728],[21.881802,43.346053],[21.882021,43.346314],[21.882284,43.346559],[21.882563,43.346819],[21.882967,43.347145],[21.883366,43.347468],[21.883946,43.347858],[21.884397,43.348105],[21.884585,43.348203],[21.884691,43.348255],[21.884805,43.348293],[21.885147,43.348391],[21.885487,43.34847],[21.885618,43.3485]]},"properties":{"name":"Прибојска"}},{"type":"Feature","geometry":{"type":"LineString","coordinates":[[21.896105,43.349305],[21.896095,43.349133]]},"properties":{"name":"Академика Ђорђа Лазаревића"}},{"type":"Feature","geometry":{"type":"LineString","coordinates":[[21.895614,43.348071],[21.896095,43.349133],[21.896212,43.349304]]},"properties":{"name":"Академика Ђорђа Лазаревића"}},{"type":"Feature","geometry":{"type":"LineString","coordinates":[[21.896762,43.348141],[21.896581,43.348129],[21.896416,43.34812],[21.895614,43.348071]]},"properties":{"name":"Матије Бана"}},{"type":"Feature","geometry":{"type":"LineString","coordinates":[[21.896762,43.348141],[21.896516,43.347488],[21.896481,43.347305],[21.89649,43.347072],[21.896524,43.346774],[21.89657,43.346399],[21.896618,43.346012],[21.896717,43.345232],[21.896732,43.345126],[21.896815,43.344547]]},"properties":{"name":"Дерокова"}},{"type":"Feature","geometry":{"type":"LineString","coordinates":[[21.831789,43.318176],[21.831661,43.318179],[21.831459,43.318178],[21.83129,43.318172],[21.831144,43.318165],[21.830946,43.318152],[21.830681,43.318126],[21.830444,43.318095],[21.83012,43.318046],[21.829798,43.317997],[21.829675,43.317983],[21.829613,43.31798],[21.829562,43.317982],[21.829491,43.317989],[21.829395,43.318002],[21.829292,43.318022]]},"properties":{"name":"Насеље Милка Протић улица 1"}},{"type":"Feature","geometry":{"type":"LineString","coordinates":[[21.828854,43.317966],[21.828752,43.317912],[21.828713,43.317893],[21.82868,43.317878],[21.828616,43.317858],[21.82858,43.317847],[21.828489,43.317826],[21.82841,43.317809],[21.828273,43.317778]]},"properties":{"name":"Насеље Милка Протић улица 1"}},{"type":"Feature","geometry":{"type":"LineString","coordinates":[[21.82712,43.317612],[21.827422,43.31765],[21.827454,43.317654],[21.827684,43.317687],[21.827948,43.317728],[21.828162,43.317761],[21.828273,43.317778],[21.828418,43.317766],[21.828492,43.31776],[21.828584,43.317751],[21.828644,43.317743],[21.828729,43.317727],[21.828814,43.317711],[21.828904,43.317691]]},"properties":{"name":"Насеље Милка Протић улица 1"}},{"type":"Feature","geometry":{"type":"LineString","coordinates":[[21.829386,43.317771],[21.829489,43.31783],[21.82954,43.317854],[21.829592,43.317872],[21.829718,43.317903],[21.829938,43.317939],[21.83046,43.318015],[21.830663,43.318044],[21.830829,43.318063],[21.830973,43.318074],[21.831212,43.31809],[21.831376,43.318099],[21.831514,43.318104],[21.831665,43.318107],[21.831768,43.318104]]},"properties":{"name":"Насеље Милка Протић улица 1"}},{"type":"Feature","geometry":{"type":"LineString","coordinates":[[21.829171,43.318063],[21.82912,43.318155],[21.829098,43.318193],[21.829035,43.318311],[21.828968,43.318448],[21.828941,43.318504],[21.828671,43.319058],[21.828376,43.319653],[21.828266,43.319861],[21.828184,43.320017],[21.827994,43.320353],[21.827764,43.320733],[21.827647,43.32092],[21.827534,43.321097],[21.827308,43.321439],[21.827154,43.321657],[21.827004,43.321865],[21.826708,43.322256],[21.826489,43.322543],[21.826429,43.322621],[21.82628,43.322802],[21.826134,43.322972],[21.825853,43.323292],[21.825688,43.323476],[21.825537,43.323637],[21.825386,43.323795],[21.825234,43.323948],[21.824967,43.324212],[21.824815,43.324365],[21.824248,43.324882],[21.823842,43.325246],[21.823764,43.325308],[21.823651,43.325395],[21.823433,43.325568],[21.823328,43.325648],[21.823243,43.325702]]},"properties":{"name":"158"}},{"type":"Feature","geometry":{"type":"LineString","coordinates":[[21.823082,43.325467],[21.823175,43.325447],[21.823284,43.325423],[21.823368,43.3254],[21.823444,43.325372],[21.82352,43.325334],[21.82357,43.325299],[21.823736,43.325163],[21.823977,43.324954],[21.824284,43.324677],[21.824602,43.32439],[21.824931,43.324076],[21.825123,43.32388],[21.825331,43.323666],[21.82555,43.323435],[21.82573,43.323236],[21.825914,43.32303],[21.826025,43.322902],[21.826139,43.322765],[21.826378,43.322477],[21.826657,43.322118],[21.826947,43.321739],[21.827231,43.32133],[21.827355,43.321143],[21.827479,43.320949],[21.827672,43.320642],[21.827884,43.320285],[21.828018,43.320047],[21.828153,43.319789]]},"properties":{"name":"158"}},{"type":"Feature","geometry":{"type":"LineString","coordinates":[[21.860026,43.349528],[21.860047,43.349568],[21.86007,43.34964],[21.860097,43.349773],[21.859984,43.349662],[21.859919,43.349578],[21.859857,43.349487],[21.859816,43.349403]]},"properties":{"name":"158"}},{"type":"Feature","geometry":{"type":"LineString","coordinates":[[21.795183,43.423747],[21.79523,43.423672],[21.795295,43.423589],[21.795374,43.42351],[21.795457,43.423442],[21.795558,43.423375],[21.795693,43.423305],[21.795846,43.423246],[21.79596,43.423214],[21.796625,43.423101]]},"properties":{"name":"158"}},{"type":"Feature","geometry":{"type":"LineString","coordinates":[[21.859783,43.349297],[21.859821,43.349286]]},"properties":{"name":"158"}},{"type":"Feature","geometry":{"type":"LineString","coordinates":[[21.828914,43.318061],[21.828909,43.318014]]},"properties":{"name":"158"}},{"type":"Feature","geometry":{"type":"LineString","coordinates":[[21.82712,43.317612],[21.82686,43.317578],[21.826697,43.317557],[21.826561,43.317539],[21.826396,43.317518],[21.826376,43.317515],[21.82628,43.3175],[21.826159,43.317481],[21.825634,43.3174],[21.825506,43.31738],[21.825291,43.317347],[21.825058,43.31731],[21.824841,43.317278],[21.824532,43.317234],[21.824105,43.317166],[21.82391,43.317135],[21.823875,43.317129],[21.823839,43.317123],[21.823766,43.317112],[21.823518,43.317078],[21.823485,43.317074],[21.823114,43.317023],[21.823084,43.317019],[21.822898,43.316994],[21.822812,43.316982],[21.822792,43.316979],[21.822503,43.31694],[21.822328,43.316916],[21.822301,43.316913],[21.822259,43.316907],[21.821996,43.316871],[21.821648,43.316824],[21.821611,43.316819],[21.821405,43.316791],[21.820996,43.316735],[21.820951,43.316729],[21.820534,43.316673],[21.820341,43.316652],[21.820306,43.316648],[21.820271,43.316644],[21.820205,43.316637],[21.820042,43.316619],[21.819917,43.316605],[21.819396,43.31655],[21.818489,43.316459],[21.818004,43.31641],[21.817959,43.316405],[21.8179,43.316399],[21.817831,43.316391],[21.817676,43.316375],[21.817643,43.316372],[21.817493,43.316356],[21.81698,43.316303],[21.816936,43.316298],[21.816763,43.316278],[21.816511,43.316248],[21.81617,43.316219],[21.816137,43.316216],[21.815962,43.316198],[21.815847,43.316186],[21.815679,43.316172],[21.815601,43.316161],[21.815567,43.316157],[21.815441,43.316143],[21.814852,43.31608],[21.814802,43.316077],[21.814554,43.316052],[21.814513,43.316048],[21.814411,43.316038],[21.814323,43.31603],[21.814271,43.316024],[21.814126,43.316009],[21.813863,43.315976],[21.813823,43.315971],[21.813697,43.315961],[21.81357,43.315948],[21.81344,43.315934],[21.813407,43.31593],[21.813123,43.315901],[21.81294,43.315877],[21.812905,43.315873],[21.812872,43.315869],[21.812654,43.315844],[21.812436,43.31582],[21.812379,43.315814],[21.812298,43.315803],[21.812094,43.315777],[21.811692,43.315724],[21.811607,43.315713],[21.811457,43.315692],[21.811409,43.315685],[21.811381,43.315681],[21.811362,43.315679],[21.811194,43.315656],[21.810845,43.31561],[21.810135,43.315515],[21.810038,43.315502],[21.809949,43.315491],[21.809354,43.315415],[21.809331,43.315412],[21.807917,43.315233],[21.807893,43.31523],[21.807554,43.315189],[21.806942,43.315115],[21.806538,43.315068],[21.806481,43.315061],[21.806381,43.31505],[21.806039,43.315007],[21.805944,43.314995],[21.805126,43.314888],[21.80434,43.314781],[21.803493,43.314666],[21.802861,43.31458],[21.801966,43.314461],[21.801122,43.314344],[21.800352,43.314238],[21.799575,43.314135],[21.798809,43.314032],[21.798601,43.314005],[21.79786,43.313896],[21.797541,43.313849],[21.79688,43.313748],[21.796538,43.313696],[21.796452,43.313683],[21.796417,43.313678],[21.796391,43.313674],[21.796258,43.313654],[21.796066,43.313627],[21.795995,43.313616],[21.795139,43.313494],[21.794803,43.313446],[21.794123,43.313349],[21.793395,43.313245],[21.793119,43.313206],[21.792339,43.313097],[21.791909,43.313037],[21.791437,43.312972],[21.790444,43.312836],[21.790368,43.312825],[21.790254,43.312809],[21.790113,43.312791],[21.789975,43.312776],[21.789844,43.31276],[21.78963,43.312738],[21.789446,43.312723],[21.789271,43.312707],[21.788945,43.312683],[21.788679,43.312666],[21.788296,43.312644],[21.788022,43.31263],[21.787514,43.312597],[21.78714,43.312574]]},"properties":{"name":"Топлички партизански одред"}},{"type":"Feature","geometry":{"type":"LineString","coordinates":[[21.828273,43.317778],[21.8283,43.318053],[21.828294,43.318285],[21.828287,43.318358]]},"properties":{"name":"Војника Радета Антонића"}},{"type":"Feature","geometry":{"type":"LineString","coordinates":[[21.916746,43.315416],[21.916693,43.315339],[21.916627,43.315246]]},"properties":{"name":"Сремска"}},{"type":"Feature","geometry":{"type":"LineString","coordinates":[[21.817959,43.316405],[21.817974,43.316463]]},"properties":{"name":"Војника Драгана Родића"}},{"type":"Feature","geometry":{"type":"LineString","coordinates":[[21.864133,43.324822],[21.86407,43.324816],[21.863954,43.32482]]},"properties":{"name":"Микија Јевремовића"}},{"type":"Feature","geometry":{"type":"LineString","coordinates":[[21.864279,43.324803],[21.864486,43.32479],[21.864746,43.324657],[21.866013,43.323925],[21.866063,43.323859],[21.866122,43.323786],[21.86634,43.323466],[21.866663,43.322945],[21.866914,43.3226],[21.866934,43.322582],[21.86698,43.322519],[21.867048,43.322438]]},"properties":{"name":"Микија Јевремовића"}},{"type":"Feature","geometry":{"type":"LineString","coordinates":[[21.864486,43.32479],[21.864435,43.324833],[21.864354,43.324905]]},"properties":{"name":"Микија Јевремовића"}},{"type":"Feature","geometry":{"type":"LineString","coordinates":[[21.862592,43.324382],[21.862656,43.324375],[21.862724,43.324374],[21.862813,43.324397],[21.862908,43.324432],[21.86314,43.324536],[21.863397,43.324684],[21.86348,43.324722],[21.863535,43.324741],[21.863593,43.32475],[21.863757,43.32478],[21.863853,43.324797],[21.863954,43.32482],[21.864095,43.324897]]},"properties":{"name":"Микија Јевремовића"}},{"type":"Feature","geometry":{"type":"LineString","coordinates":[[21.867537,43.321844],[21.867592,43.321796],[21.867648,43.321752],[21.867742,43.321691],[21.867816,43.321654],[21.867933,43.321613],[21.868034,43.321585],[21.868143,43.321565],[21.868707,43.321497],[21.870029,43.321354],[21.871511,43.321193],[21.872047,43.321135],[21.872556,43.321077],[21.872607,43.321071],[21.876019,43.320686],[21.876625,43.320617],[21.877684,43.320497],[21.877746,43.32049],[21.878436,43.320414],[21.878905,43.320354],[21.879678,43.320262],[21.881945,43.31999],[21.882027,43.319972],[21.882092,43.319946]]},"properties":{"name":"Ивана Милутиновића"}},{"type":"Feature","geometry":{"type":"LineString","coordinates":[[21.928371,43.32062],[21.928294,43.320594]]},"properties":{"name":"Радоја Дакића"}},{"type":"Feature","geometry":{"type":"LineString","coordinates":[[21.888182,43.307931],[21.888506,43.307925],[21.888702,43.307914],[21.888863,43.307897],[21.889087,43.30786],[21.88927,43.307811],[21.889382,43.307778],[21.889536,43.307721],[21.889699,43.30765],[21.889779,43.307608],[21.889874,43.307544],[21.889978,43.307463],[21.890192,43.307277],[21.890262,43.307218],[21.890397,43.307114],[21.890527,43.307038],[21.890673,43.306962],[21.89089,43.306881],[21.891082,43.306816],[21.89177,43.306629],[21.892084,43.306545],[21.892107,43.306539],[21.892133,43.306532]]},"properties":{"name":"Крагујевачка"}},{"type":"Feature","geometry":{"type":"LineString","coordinates":[[21.892133,43.306532],[21.892288,43.306791],[21.892399,43.306975],[21.89247,43.307099],[21.892521,43.307211],[21.892563,43.307325],[21.89262,43.307495],[21.892647,43.307608],[21.892653,43.307674],[21.892649,43.307731],[21.892638,43.307798],[21.892595,43.308022],[21.892528,43.308312],[21.892531,43.308345],[21.89253,43.3084],[21.892523,43.308492],[21.892431,43.309013],[21.892386,43.309295],[21.892368,43.309386]]},"properties":{"name":"Светолика Ранковића"}},{"type":"Feature","geometry":{"type":"LineString","coordinates":[[21.892122,43.334925],[21.892094,43.33495],[21.891938,43.335082],[21.891682,43.335312]]},"properties":{"name":"Булевар херојске 37. моторизоване бригаде"}},{"type":"Feature","geometry":{"type":"LineString","coordinates":[[21.88675,43.339939],[21.886666,43.33994],[21.886588,43.339949],[21.886543,43.339955],[21.886498,43.339965],[21.886429,43.33999],[21.886388,43.340012],[21.886348,43.340038],[21.886149,43.340168]]},"properties":{"name":"Булевар херојске 37. моторизоване бригаде"}},{"type":"Feature","geometry":{"type":"LineString","coordinates":[[21.883864,43.342205],[21.884229,43.341896],[21.884562,43.341594],[21.885224,43.340994],[21.8858,43.340472],[21.885851,43.340426],[21.885923,43.34036],[21.886149,43.340168],[21.886208,43.340099],[21.886283,43.340015],[21.886328,43.339964],[21.886358,43.339919],[21.886376,43.339856],[21.886382,43.3398],[21.88638,43.339716]]},"properties":{"name":"Булевар херојске 37. моторизоване бригаде"}},{"type":"Feature","geometry":{"type":"LineString","coordinates":[[21.886883,43.339327],[21.886968,43.339311],[21.887009,43.339302],[21.887051,43.339284],[21.88712,43.339251],[21.887183,43.339212],[21.887276,43.339139],[21.887401,43.339027]]},"properties":{"name":"Булевар херојске 37. моторизоване бригаде"}},{"type":"Feature","geometry":{"type":"LineString","coordinates":[[21.8916,43.335269],[21.891721,43.33516],[21.891873,43.335023],[21.891985,43.33493],[21.892015,43.334905],[21.892071,43.334854]]},"properties":{"name":"Булевар херојске 37. моторизоване бригаде"}},{"type":"Feature","geometry":{"type":"LineString","coordinates":[[21.894854,43.332363],[21.895134,43.332113],[21.89523,43.332007],[21.895278,43.33194],[21.89531,43.33185]]},"properties":{"name":"Булевар херојске 37. моторизоване бригаде"}},{"type":"Feature","geometry":{"type":"LineString","coordinates":[[21.884149,43.343245],[21.884185,43.343248],[21.884232,43.34325],[21.884297,43.343245],[21.884353,43.343231],[21.884398,43.343214],[21.884685,43.34309],[21.884869,43.343022],[21.885181,43.342929],[21.885997,43.342738],[21.886306,43.34267],[21.887143,43.342487],[21.887239,43.342474],[21.888291,43.34234]]},"properties":{"name":"Данила Киша"}},{"type":"Feature","geometry":{"type":"LineString","coordinates":[[21.888291,43.34234],[21.888274,43.342419],[21.888263,43.342443],[21.888254,43.342465],[21.888226,43.34251],[21.888082,43.34274],[21.887857,43.343138],[21.887646,43.343582],[21.887493,43.343887],[21.88732,43.344174],[21.887185,43.344429],[21.887072,43.344637],[21.886878,43.344972],[21.886641,43.34532],[21.88659,43.345419],[21.886553,43.345486],[21.886421,43.345763],[21.886405,43.345797],[21.886345,43.345954],[21.886273,43.34612],[21.886226,43.34622],[21.886144,43.346428],[21.886102,43.346582],[21.886008,43.346878],[21.885979,43.346969],[21.885888,43.347295],[21.88586,43.347395],[21.885748,43.34781],[21.8856,43.348383],[21.885596,43.348415],[21.885594,43.348428],[21.885598,43.348466],[21.885618,43.3485]]},"properties":{"name":"Мариборска"}},{"type":"Feature","geometry":{"type":"LineString","coordinates":[[21.885618,43.3485],[21.885639,43.348596],[21.885665,43.34871],[21.885671,43.348735],[21.885683,43.348859],[21.885663,43.348982],[21.885611,43.34924],[21.885557,43.349336],[21.885494,43.349426],[21.885388,43.349517],[21.884944,43.349801],[21.884644,43.349808],[21.884334,43.349767],[21.883961,43.34979],[21.883591,43.349808],[21.883235,43.349799],[21.882814,43.34975],[21.882768,43.349741],[21.8825,43.349688],[21.882408,43.349658],[21.882358,43.349642],[21.882158,43.349575],[21.882062,43.349537],[21.881954,43.349494],[21.881691,43.349334],[21.881532,43.349287],[21.881465,43.349267],[21.881268,43.349291],[21.880738,43.34956],[21.880513,43.349628],[21.880187,43.349633],[21.879795,43.349644],[21.879304,43.349621],[21.879049,43.349662],[21.878792,43.349711],[21.878137,43.349838],[21.87788,43.349883],[21.877674,43.349907],[21.877454,43.349925],[21.877238,43.349936],[21.877018,43.349934],[21.876642,43.349926],[21.876521,43.349921],[21.875855,43.349905],[21.874536,43.349875],[21.873312,43.349863],[21.872977,43.349852]]},"properties":{"name":"Младости"}},{"type":"Feature","geometry":{"type":"LineString","coordinates":[[21.872852,43.349791],[21.872954,43.349511],[21.872984,43.349609],[21.873006,43.349659],[21.873037,43.349701],[21.873162,43.349793],[21.873312,43.349863]]},"properties":{"name":"Пожаревачка"}},{"type":"Feature","geometry":{"type":"LineString","coordinates":[[21.888163,43.308977],[21.888127,43.309017]]},"properties":{"name":"Гостиварска"}},{"type":"Feature","geometry":{"type":"LineString","coordinates":[[21.926816,43.310779],[21.927285,43.310687],[21.927457,43.310647],[21.927555,43.310607],[21.927702,43.310539],[21.92804,43.310369],[21.928187,43.310303],[21.928323,43.31024],[21.928561,43.310098],[21.928662,43.310032],[21.928676,43.31002],[21.92876,43.309948],[21.929002,43.309677],[21.929082,43.309588],[21.929227,43.309426],[21.929241,43.30941],[21.929319,43.30932],[21.929453,43.309183],[21.929827,43.308766],[21.930046,43.30856],[21.930297,43.308386],[21.930867,43.308094],[21.931085,43.307996],[21.931347,43.307897],[21.931438,43.307864],[21.931545,43.307839],[21.931632,43.307829],[21.931738,43.307819],[21.931885,43.307812],[21.932007,43.307818],[21.932128,43.307825],[21.932534,43.307854],[21.933268,43.307847],[21.933662,43.307809],[21.934044,43.307761],[21.934279,43.307737],[21.934539,43.307711],[21.935062,43.307607],[21.935211,43.307571],[21.935464,43.307514],[21.936503,43.307248],[21.937064,43.307168],[21.937252,43.307169],[21.937649,43.307172],[21.937991,43.307188],[21.938374,43.307247],[21.938427,43.307256],[21.938801,43.30733],[21.939198,43.307472],[21.939499,43.307545],[21.939842,43.3076],[21.940025,43.307627],[21.940263,43.307662],[21.940715,43.307729],[21.940772,43.307757]]},"properties":{"name":"Бојана Митровића"}},{"type":"Feature","geometry":{"type":"LineString","coordinates":[[21.909975,43.334839],[21.910272,43.33512],[21.910503,43.335336],[21.910607,43.335433],[21.910662,43.335484],[21.910724,43.335542],[21.910755,43.335571],[21.910812,43.335625],[21.910895,43.335708],[21.910995,43.335793],[21.911107,43.335905],[21.911179,43.335997],[21.911258,43.336096],[21.911496,43.336437],[21.911815,43.336958],[21.912138,43.337458],[21.91215,43.337494],[21.912388,43.33785],[21.912609,43.33813],[21.91275,43.338244],[21.912916,43.338375],[21.913004,43.338431],[21.913192,43.338566],[21.913277,43.33863],[21.913415,43.3387],[21.913521,43.338755],[21.913893,43.338866],[21.914262,43.338956],[21.914425,43.339007],[21.914863,43.339115],[21.915074,43.339185],[21.915258,43.339263],[21.915374,43.339332],[21.915479,43.339408],[21.91563,43.339564],[21.915854,43.339843],[21.915977,43.339998],[21.916042,43.340079],[21.916125,43.340223],[21.916242,43.340416],[21.916359,43.340608],[21.916484,43.340744],[21.916594,43.340862],[21.916692,43.340953],[21.917014,43.341229],[21.917168,43.341346],[21.917214,43.34139],[21.917404,43.341523],[21.917601,43.341654],[21.918068,43.342021],[21.91858,43.342454],[21.919683,43.343421],[21.919983,43.343698],[21.920041,43.343754],[21.920535,43.344238],[21.920631,43.344329],[21.920679,43.344374],[21.920862,43.34451],[21.921,43.344607],[21.921985,43.345245],[21.922963,43.345759],[21.923154,43.345867],[21.923328,43.345974],[21.923526,43.346112],[21.923712,43.346257],[21.924205,43.346615],[21.924558,43.346872],[21.924869,43.347056],[21.925274,43.347236],[21.925519,43.347397],[21.925749,43.347616],[21.925945,43.347813],[21.926177,43.347966],[21.927092,43.348451],[21.927306,43.348547],[21.927565,43.348642],[21.927712,43.348722],[21.927801,43.348786],[21.927879,43.348872],[21.927992,43.349034],[21.928123,43.349276],[21.928178,43.349376],[21.928258,43.349478],[21.928358,43.349581]]},"properties":{"name":"Борска"}},{"type":"Feature","geometry":{"type":"LineString","coordinates":[[21.911252,43.335446],[21.910945,43.335344],[21.910899,43.335328],[21.910858,43.335315]]},"properties":{"name":"Горњоматејевачка"}},{"type":"Feature","geometry":{"type":"LineString","coordinates":[[21.928358,43.349581],[21.92855,43.349724],[21.928785,43.34983],[21.92921,43.349971],[21.929316,43.350024],[21.929479,43.350144],[21.929574,43.350236],[21.92962,43.350293],[21.929661,43.350356],[21.929721,43.350472],[21.929759,43.350613],[21.929761,43.350802],[21.929788,43.351096],[21.929935,43.352772],[21.929962,43.353076],[21.929974,43.353261],[21.930009,43.353372],[21.930037,43.353456],[21.930122,43.353661],[21.931038,43.355675],[21.931199,43.356027],[21.931681,43.356765],[21.931783,43.35692],[21.931973,43.357242],[21.93211,43.357565],[21.932152,43.357699],[21.932178,43.357832],[21.932184,43.358131],[21.932254,43.358672],[21.93226,43.358714]]},"properties":{"name":"Драгана Бараћа"}},{"type":"Feature","geometry":{"type":"LineString","coordinates":[[21.93226,43.358714],[21.9323,43.35894],[21.932587,43.360541],[21.932636,43.360972],[21.932656,43.361086],[21.932699,43.361211],[21.932915,43.361576],[21.933086,43.362017],[21.934018,43.364858],[21.934242,43.365455],[21.934364,43.365725],[21.935607,43.367797],[21.935686,43.367974],[21.93575,43.368157],[21.93581,43.368362],[21.935827,43.368579],[21.935884,43.369676],[21.935925,43.370398],[21.935928,43.370928],[21.935835,43.371356],[21.935813,43.371433],[21.935803,43.37151],[21.935811,43.371574],[21.935836,43.371646],[21.935873,43.371721],[21.935929,43.371786],[21.935994,43.371835]]},"properties":{"name":"Варошка"}},{"type":"Feature","geometry":{"type":"LineString","coordinates":[[21.936165,43.371907],[21.93642,43.371978],[21.93658,43.372014],[21.936695,43.372056],[21.936784,43.372109],[21.936853,43.372172],[21.936915,43.372251],[21.936957,43.372339],[21.936972,43.372451],[21.936982,43.37253],[21.937001,43.372617],[21.937031,43.372696],[21.937076,43.372766],[21.937115,43.372809],[21.937185,43.372867],[21.937577,43.373065],[21.938096,43.373364],[21.938955,43.373799],[21.939204,43.373931],[21.939344,43.374006],[21.939534,43.374143],[21.939665,43.374261],[21.939924,43.374496],[21.94029,43.374943],[21.94055,43.375296],[21.940676,43.375437]]},"properties":{"name":"Варошка"}},{"type":"Feature","geometry":{"type":"LineString","coordinates":[[21.928597,43.382087],[21.928663,43.382067],[21.92895,43.381952],[21.929085,43.381886],[21.929356,43.381766],[21.929425,43.381718],[21.929486,43.381654],[21.929649,43.381374],[21.929814,43.381098],[21.929933,43.380944],[21.930119,43.380726],[21.930292,43.380604],[21.930566,43.380442],[21.931248,43.380133],[21.931777,43.379907],[21.931974,43.379804],[21.932285,43.379615],[21.932444,43.379536],[21.932609,43.379482],[21.933371,43.3793],[21.933648,43.379217],[21.934206,43.378997],[21.934362,43.378906],[21.934487,43.378787],[21.935391,43.378004],[21.93567,43.377794],[21.936276,43.377435],[21.93643,43.377359],[21.936632,43.377301],[21.937583,43.377099],[21.937963,43.376983],[21.938034,43.376931],[21.938072,43.376873],[21.938085,43.376813],[21.938101,43.376523],[21.938127,43.376378],[21.938137,43.376247],[21.938198,43.376116],[21.938257,43.375938],[21.938262,43.375699],[21.93824,43.375486],[21.93825,43.375431],[21.938274,43.37539]]},"properties":{"name":"Потпуковника Животе Ђурића"}},{"type":"Feature","geometry":{"type":"LineString","coordinates":[[21.928346,43.382014],[21.928399,43.382064],[21.928457,43.382081],[21.928519,43.382089],[21.928597,43.382087]]},"properties":{"name":"Војника Дарка Бујошевића"}},{"type":"Feature","geometry":{"type":"LineString","coordinates":[[21.902587,43.327314],[21.902529,43.327242],[21.902516,43.327227],[21.902476,43.327187],[21.902103,43.326937],[21.901852,43.326797],[21.901812,43.326769],[21.901692,43.326691],[21.90111,43.326478],[21.900514,43.32625],[21.900184,43.326116],[21.899936,43.326001],[21.899832,43.325953],[21.899675,43.325874],[21.899507,43.325789],[21.899091,43.325549],[21.898739,43.325324],[21.898577,43.325219],[21.898187,43.324959],[21.898115,43.324905],[21.898073,43.324867],[21.89804,43.324833],[21.89801,43.324799],[21.897933,43.324711],[21.897856,43.324622],[21.897786,43.324539],[21.897699,43.324444],[21.897615,43.324352],[21.89721,43.323977],[21.897175,43.323942],[21.8971,43.323893],[21.896951,43.32382],[21.896742,43.323749],[21.895879,43.32341],[21.895642,43.323307],[21.895541,43.323269],[21.89546,43.323241],[21.895371,43.323217]]},"properties":{"name":"Хероја са Паштрика"}},{"type":"Feature","geometry":{"type":"LineString","coordinates":[[21.895371,43.323217],[21.895321,43.323215],[21.895202,43.323214],[21.895091,43.323214],[21.894626,43.323209],[21.893997,43.323187],[21.893971,43.323188],[21.893863,43.32319],[21.892826,43.323196],[21.892745,43.323196],[21.892657,43.323195],[21.892477,43.323194],[21.891731,43.323114],[21.891704,43.323111],[21.891637,43.323104],[21.8911,43.32304],[21.891031,43.323032],[21.890308,43.322939],[21.890271,43.322933],[21.890113,43.322913],[21.890018,43.322902]]},"properties":{"name":"Шуматовачка"}},{"type":"Feature","geometry":{"type":"LineString","coordinates":[[21.908774,43.332581],[21.90873,43.332896]]},"properties":{"name":"2. пролетерске бригаде"}},{"type":"Feature","geometry":{"type":"LineString","coordinates":[[21.90873,43.332896],[21.908705,43.332899],[21.908663,43.332903],[21.908612,43.33291]]},"properties":{"name":"Мавровска"}},{"type":"Feature","geometry":{"type":"LineString","coordinates":[[21.916125,43.340223],[21.916083,43.340218]]},"properties":{"name":"Каменичка"}},{"type":"Feature","geometry":{"type":"LineString","coordinates":[[21.925749,43.347616],[21.925609,43.347648]]},"properties":{"name":"Борска 3. прилаз"}},{"type":"Feature","geometry":{"type":"LineString","coordinates":[[21.940022,43.375396],[21.939917,43.375576]]},"properties":{"name":"Капетана Радослава Баловића"}},{"type":"Feature","geometry":{"type":"LineString","coordinates":[[21.940676,43.375437],[21.940755,43.375571],[21.941037,43.375899],[21.941138,43.376002]]},"properties":{"name":"Црквена"}},{"type":"Feature","geometry":{"type":"LineString","coordinates":[[21.941138,43.376002],[21.940991,43.37613],[21.940012,43.376847],[21.939672,43.377117],[21.939388,43.377377],[21.939081,43.377655],[21.938425,43.378172],[21.937555,43.3788],[21.93731,43.378963],[21.937037,43.379179],[21.936811,43.37941],[21.936717,43.379476],[21.936533,43.379557],[21.936013,43.379738],[21.935855,43.379843],[21.935733,43.37996],[21.935537,43.380285],[21.935448,43.380436],[21.935329,43.380559],[21.935058,43.380768],[21.934974,43.380838],[21.934928,43.380929],[21.934923,43.381027],[21.934965,43.381116],[21.935029,43.381247],[21.935183,43.381444],[21.93524,43.381553],[21.935277,43.381699],[21.935286,43.381918],[21.93528,43.382024],[21.935237,43.382144],[21.935164,43.382242],[21.934979,43.382442],[21.933972,43.383326],[21.933658,43.383643],[21.933625,43.383689],[21.933605,43.383735],[21.933597,43.38378],[21.933605,43.383826],[21.933629,43.383878],[21.933669,43.38393],[21.933721,43.38397],[21.933796,43.384],[21.934174,43.384126],[21.9349,43.384368],[21.934954,43.384382],[21.935008,43.38439],[21.935069,43.384394],[21.93513,43.384395],[21.935185,43.384392],[21.935239,43.384386],[21.935351,43.384365],[21.93591,43.384212],[21.935985,43.384195],[21.936068,43.384188],[21.936143,43.384196],[21.936205,43.384215],[21.936244,43.384234],[21.936309,43.384275],[21.936375,43.384332],[21.936451,43.38441],[21.936851,43.384867],[21.937057,43.385161],[21.937169,43.385272],[21.937287,43.385369],[21.937903,43.385825],[21.937988,43.385907],[21.938065,43.386056],[21.938159,43.386158],[21.938302,43.386281],[21.938819,43.386616],[21.938953,43.386708],[21.939061,43.386843],[21.939174,43.387014],[21.939521,43.387627],[21.939579,43.387775],[21.939788,43.388496],[21.939848,43.388691],[21.939906,43.388881],[21.940041,43.389326],[21.940097,43.389427],[21.940175,43.389533],[21.940314,43.389668],[21.940398,43.389817],[21.940451,43.390004],[21.940493,43.390306],[21.940463,43.390441],[21.940423,43.390539],[21.940363,43.390636],[21.939698,43.391538],[21.939612,43.391678],[21.939586,43.391769],[21.939612,43.391857],[21.939664,43.391967],[21.939688,43.392056],[21.939667,43.392179],[21.939274,43.392948],[21.939191,43.393073],[21.939009,43.393311],[21.938979,43.393401],[21.938991,43.393504],[21.939029,43.393632],[21.939075,43.393786],[21.938399,43.394424],[21.93812,43.394723],[21.937788,43.395103],[21.937607,43.39526],[21.937125,43.395737],[21.936992,43.395868],[21.936611,43.396299],[21.936478,43.396495],[21.936104,43.397116],[21.935774,43.397766],[21.935507,43.398188],[21.935168,43.398553],[21.934513,43.399123],[21.933929,43.399589],[21.933784,43.399753],[21.933583,43.400026],[21.933344,43.400277],[21.933012,43.40057],[21.932734,43.400817],[21.932521,43.401001],[21.932149,43.401435],[21.931809,43.401705],[21.930976,43.402605],[21.93061,43.40297],[21.930253,43.403249],[21.930189,43.4033],[21.92997,43.403511]]},"properties":{"name":"Планинска"}},{"type":"Feature","geometry":{"type":"LineString","coordinates":[[21.910562,43.427004],[21.910478,43.426961]]},"properties":{"name":"Бешеновска"}},{"type":"Feature","geometry":{"type":"LineString","coordinates":[[21.939788,43.388496],[21.939683,43.388538]]},"properties":{"name":"Поручника Зорана Гавриловића"}},{"type":"Feature","geometry":{"type":"LineString","coordinates":[[21.905335,43.327963],[21.905358,43.327911]]},"properties":{"name":"Чегарска"}},{"type":"Feature","geometry":{"type":"LineString","coordinates":[[21.906705,43.328159],[21.906686,43.328212]]},"properties":{"name":"Краља Милутина"}},{"type":"Feature","geometry":{"type":"LineString","coordinates":[[21.937045,43.343635],[21.936957,43.34379],[21.936901,43.343908],[21.936815,43.344134],[21.936675,43.344457],[21.936578,43.344726],[21.936518,43.344903],[21.936467,43.345071],[21.936427,43.345276],[21.936417,43.34542],[21.936416,43.345598],[21.936437,43.345791],[21.936477,43.345997],[21.936503,43.346124],[21.936541,43.346252],[21.936577,43.34634],[21.93663,43.346428],[21.936774,43.346631],[21.936921,43.346833],[21.937068,43.347034],[21.937901,43.348069],[21.938745,43.349091],[21.939137,43.349572],[21.939314,43.349762],[21.939484,43.349945],[21.939711,43.350133],[21.940113,43.35045],[21.940735,43.35094],[21.941575,43.351666],[21.94172,43.35178],[21.942121,43.352088],[21.942908,43.352651],[21.943421,43.35295],[21.944571,43.353593],[21.945166,43.353932],[21.946853,43.354804],[21.947474,43.355155],[21.948455,43.355701],[21.949366,43.35616],[21.949533,43.356249],[21.94967,43.356347],[21.949758,43.356429],[21.949814,43.356494],[21.949857,43.356563],[21.950002,43.356824],[21.950117,43.357107],[21.950157,43.357243],[21.950228,43.35739],[21.950254,43.357432],[21.950277,43.35747],[21.950349,43.357562],[21.950442,43.35765],[21.95058,43.357742],[21.950658,43.357785],[21.950755,43.357838],[21.951007,43.357972],[21.951211,43.358072],[21.952545,43.358716],[21.953163,43.359028],[21.954003,43.359419],[21.954412,43.359596],[21.954732,43.359744],[21.955175,43.359997],[21.955779,43.360362],[21.956045,43.360508],[21.956953,43.360948],[21.95744,43.361168],[21.95766,43.361267],[21.958238,43.361615],[21.958393,43.361696],[21.958486,43.361733],[21.958553,43.361755],[21.958664,43.361787],[21.959125,43.361904],[21.959608,43.361998],[21.95964,43.362004],[21.959869,43.362029],[21.960033,43.362017],[21.960673,43.361939],[21.960825,43.361933],[21.96101,43.361951],[21.961171,43.361989],[21.961325,43.362047],[21.961992,43.362364],[21.962513,43.362611],[21.962631,43.362678],[21.962753,43.362747],[21.962869,43.362819],[21.963054,43.362947],[21.96316,43.363034],[21.963252,43.363124],[21.963426,43.363264],[21.963493,43.36331],[21.963613,43.363384],[21.96374,43.363458],[21.963857,43.363512],[21.96399,43.363574],[21.964191,43.363663],[21.964865,43.363914],[21.965321,43.364098],[21.965432,43.36415],[21.965544,43.364214],[21.965718,43.364314],[21.965801,43.364371],[21.965924,43.364464],[21.966001,43.364505],[21.966097,43.364548],[21.966203,43.36459],[21.966342,43.364655],[21.966436,43.364709],[21.966509,43.364756],[21.966585,43.364803],[21.966677,43.364852],[21.96673,43.364878],[21.966778,43.364902],[21.966817,43.364914],[21.966864,43.364921],[21.966933,43.364921],[21.966998,43.364908],[21.96705,43.364888],[21.967081,43.364868],[21.967113,43.36484],[21.967134,43.364812],[21.967243,43.364535],[21.967251,43.364519],[21.967347,43.364327],[21.967617,43.363874],[21.967658,43.363828],[21.967684,43.36381],[21.967728,43.363791],[21.967775,43.36378]]},"properties":{"name":"Краља Александра"}},{"type":"Feature","geometry":{"type":"LineString","coordinates":[[21.967775,43.36378],[21.967804,43.363778],[21.967837,43.363779],[21.967873,43.363783],[21.96791,43.363794],[21.967985,43.363824],[21.968079,43.363873],[21.968268,43.363979],[21.968385,43.36404],[21.968506,43.364099],[21.968587,43.364136],[21.968675,43.364174],[21.968733,43.364194],[21.968801,43.364208],[21.968884,43.364216],[21.968978,43.364218],[21.969082,43.364207],[21.969223,43.364183],[21.970052,43.363988],[21.970171,43.363958],[21.970547,43.363858],[21.970648,43.363839],[21.970759,43.363825],[21.970842,43.363819],[21.970945,43.363822],[21.971033,43.363827],[21.97113,43.36384],[21.971243,43.363863],[21.971392,43.3639],[21.971629,43.363977],[21.972805,43.364314],[21.972897,43.364338],[21.972987,43.364356],[21.973073,43.36437],[21.973215,43.364386],[21.973318,43.364391],[21.973435,43.364391],[21.974743,43.364362],[21.974845,43.364368],[21.974918,43.364375],[21.975015,43.364391],[21.975098,43.364409],[21.975216,43.364443],[21.975326,43.364484],[21.975439,43.364539],[21.976638,43.365084],[21.976838,43.365162],[21.977122,43.365242],[21.977421,43.365299],[21.978319,43.365472],[21.978568,43.365503],[21.978825,43.365502],[21.979638,43.365418],[21.980043,43.365424],[21.980997,43.365532],[21.981136,43.365557],[21.98124,43.365587],[21.98132,43.365617],[21.981384,43.365651],[21.981432,43.365684],[21.981477,43.365729],[21.981519,43.365778],[21.981574,43.365862],[21.981729,43.366146],[21.981854,43.366332],[21.982013,43.366508],[21.982218,43.366688],[21.982499,43.366864],[21.98276,43.367041],[21.982996,43.367226],[21.983405,43.367632],[21.984104,43.368263],[21.984325,43.368419],[21.984586,43.368572],[21.984831,43.368703],[21.985352,43.368929],[21.985537,43.368978],[21.985824,43.369046],[21.986083,43.369128],[21.986271,43.369199],[21.986917,43.369385],[21.987132,43.369442],[21.98737,43.369467],[21.987523,43.369472],[21.98772,43.369469],[21.987913,43.369462],[21.987942,43.36946],[21.987965,43.369456],[21.987986,43.369451],[21.988009,43.369443],[21.988026,43.369435],[21.988038,43.369424],[21.98805,43.36941],[21.988057,43.369397],[21.988063,43.369378],[21.988069,43.369355],[21.988072,43.369331],[21.988097,43.369046],[21.988069,43.368781],[21.98806,43.368529],[21.988084,43.368368],[21.988109,43.368199],[21.988212,43.367861],[21.988275,43.367683],[21.98835,43.367537],[21.988399,43.367473],[21.988454,43.367417],[21.988528,43.367364],[21.988602,43.36732],[21.98866,43.367293],[21.988859,43.367193],[21.989396,43.366951],[21.98978,43.366824],[21.990003,43.366789],[21.990225,43.366778],[21.991207,43.366741],[21.991818,43.36674],[21.992108,43.366762],[21.992318,43.366787],[21.99256,43.366809],[21.992719,43.366801],[21.992883,43.366763],[21.993506,43.366485],[21.993837,43.366355],[21.994497,43.366237],[21.99477,43.366251],[21.994947,43.366235]]},"properties":{"name":"Хајдук Вељкова"}},{"type":"Feature","geometry":{"type":"LineString","coordinates":[[21.994927,43.366303],[21.994947,43.366235]]},"properties":{"name":"Воје Милошевића"}},{"type":"Feature","geometry":{"type":"LineString","coordinates":[[21.965924,43.364464],[21.965894,43.364497],[21.965891,43.364507]]},"properties":{"name":"Обилићева"}},{"type":"Feature","geometry":{"type":"LineString","coordinates":[[21.890158,43.324478],[21.890294,43.324476],[21.890501,43.324472]]},"properties":{"name":"Ђуке Динић"}},{"type":"Feature","geometry":{"type":"LineString","coordinates":[[21.924431,43.329589],[21.924425,43.329542]]},"properties":{"name":"Ивана Горана Ковачића"}},{"type":"Feature","geometry":{"type":"LineString","coordinates":[[22.046012,43.373434],[22.045924,43.373522],[22.045855,43.373613],[22.045801,43.373708],[22.045777,43.373792],[22.045767,43.37388],[22.045768,43.373986],[22.045799,43.374092],[22.045844,43.374181],[22.045897,43.374256],[22.045979,43.374338],[22.046052,43.374401],[22.046192,43.374526],[22.046453,43.374734],[22.046566,43.374835],[22.046654,43.374924],[22.046701,43.374993],[22.046751,43.375087],[22.046787,43.375177],[22.04687,43.375473],[22.046972,43.375887],[22.046982,43.376036],[22.046966,43.376144],[22.046951,43.3762],[22.046931,43.376257],[22.046833,43.376425],[22.046736,43.376547],[22.046599,43.376694],[22.046188,43.377073],[22.045924,43.377317],[22.045791,43.377469],[22.045645,43.377657],[22.045547,43.377804],[22.04547,43.377929],[22.045423,43.378018],[22.04539,43.3781],[22.045368,43.378182],[22.045356,43.378253],[22.045351,43.378331],[22.045356,43.378424],[22.045374,43.378523],[22.045397,43.378753]]},"properties":{"name":"Српских великана"}},{"type":"Feature","geometry":{"type":"LineString","coordinates":[[22.046223,43.373251],[22.046495,43.373027],[22.046605,43.372936],[22.046966,43.372639],[22.046973,43.372633],[22.047284,43.372372],[22.047363,43.372305],[22.047834,43.371909],[22.04817,43.371625],[22.048184,43.371614],[22.048429,43.371409],[22.048492,43.371353],[22.048544,43.371296],[22.048576,43.371253],[22.048608,43.3712],[22.048632,43.37115],[22.048652,43.371093],[22.048665,43.37103],[22.048669,43.370974],[22.048668,43.370909],[22.048659,43.370837],[22.048642,43.370764],[22.048613,43.37068],[22.048566,43.370607],[22.048517,43.37055],[22.048455,43.370493],[22.048391,43.370445],[22.048319,43.370402],[22.048224,43.370361],[22.048131,43.370333],[22.048041,43.370317],[22.047945,43.370308],[22.047834,43.370311],[22.047731,43.370325],[22.04761,43.370357],[22.047518,43.37039],[22.047437,43.370429],[22.04736,43.370473],[22.047069,43.370638],[22.046947,43.370696],[22.046779,43.370758],[22.046638,43.370798],[22.046514,43.370825],[22.046373,43.370847],[22.046216,43.370861],[22.046061,43.370865],[22.045927,43.370859],[22.045837,43.370851],[22.045742,43.370833],[22.045655,43.370806]]},"properties":{"name":"Српских великана"}},{"type":"Feature","geometry":{"type":"LineString","coordinates":[[22.045409,43.370634],[22.045388,43.370592],[22.04538,43.370554],[22.045382,43.37052],[22.045392,43.370485],[22.045415,43.370447],[22.045452,43.3704],[22.045497,43.370349],[22.045592,43.370241],[22.045608,43.370223],[22.045904,43.369885],[22.046109,43.369653],[22.04618,43.369567],[22.046189,43.369556],[22.046249,43.36947],[22.046306,43.369372],[22.046351,43.369275],[22.046391,43.36916],[22.046427,43.36901],[22.046633,43.368226],[22.046679,43.368061],[22.046734,43.367923],[22.046794,43.367808],[22.046865,43.367686],[22.046937,43.36759],[22.047034,43.36748],[22.047216,43.36731],[22.047512,43.367033],[22.047592,43.366959],[22.04763,43.366921],[22.047663,43.366881],[22.047694,43.366835],[22.047721,43.36678],[22.047738,43.366726],[22.047749,43.366665],[22.047748,43.366603],[22.04774,43.366553],[22.047726,43.366505],[22.047703,43.366454],[22.047677,43.366407],[22.047638,43.366355],[22.047588,43.366301],[22.047532,43.366254],[22.047464,43.366208],[22.047382,43.366165],[22.047203,43.366074],[22.047082,43.366006],[22.046989,43.365945],[22.046893,43.36587],[22.04681,43.365792],[22.046732,43.365709],[22.046667,43.365628],[22.046102,43.364912],[22.04606,43.364858],[22.045991,43.364774],[22.045922,43.364691],[22.045858,43.364625],[22.045793,43.364567],[22.045718,43.364507],[22.045631,43.364448],[22.045531,43.364389],[22.045419,43.36433],[22.045292,43.36427],[22.044651,43.363975],[22.04356,43.363458],[22.04145,43.36246],[22.040409,43.361968],[22.039062,43.36132],[22.038862,43.361227],[22.038667,43.361142],[22.038481,43.361066],[22.03829,43.360994],[22.03819,43.360958],[22.03807,43.360916],[22.037702,43.360801],[22.037267,43.360685],[22.037093,43.360639],[22.036538,43.360492],[22.03634,43.36044],[22.035985,43.360339],[22.035866,43.360299],[22.035755,43.360255],[22.035645,43.360205],[22.035542,43.360148],[22.035447,43.360091],[22.035361,43.360027],[22.03529,43.359962],[22.035229,43.359892],[22.035176,43.359821],[22.03513,43.359747],[22.03509,43.359667],[22.035052,43.359577],[22.035025,43.359502],[22.035002,43.359418],[22.034985,43.359328],[22.034741,43.357924],[22.034735,43.35789],[22.034614,43.357302],[22.034595,43.35721],[22.034571,43.357045],[22.03457,43.356986]]},"properties":{"name":"Српских великана"}},{"type":"Feature","geometry":{"type":"LineString","coordinates":[[22.03457,43.356929],[22.03458,43.356846],[22.034609,43.356749],[22.034658,43.356658],[22.034753,43.356518],[22.03546,43.35576],[22.035557,43.355651],[22.035626,43.355569],[22.03569,43.35548],[22.035742,43.355391],[22.035775,43.355324],[22.035779,43.355317],[22.035829,43.355203],[22.037701,43.35085],[22.037801,43.35062],[22.037897,43.350364],[22.038002,43.350028],[22.038386,43.348702],[22.038452,43.348472],[22.038559,43.348104],[22.038674,43.347705],[22.03869,43.34765],[22.038723,43.347538],[22.038751,43.347442],[22.038853,43.347093],[22.038855,43.347087],[22.039038,43.34646],[22.039062,43.346326],[22.039053,43.346216],[22.039026,43.346124],[22.038983,43.346039],[22.038936,43.345977],[22.038863,43.345908],[22.038767,43.345843],[22.038669,43.345796],[22.038563,43.345761],[22.038471,43.345736],[22.03837,43.34572],[22.038267,43.345709],[22.038162,43.345704],[22.038012,43.345707],[22.03785,43.34572],[22.036915,43.345823],[22.036778,43.345832],[22.036649,43.345832],[22.036537,43.345825],[22.03642,43.345812],[22.036302,43.345791],[22.036203,43.345763],[22.03611,43.345727],[22.036016,43.34568],[22.035926,43.345621],[22.035846,43.345553],[22.035783,43.345482],[22.035719,43.345391]]},"properties":{"name":"Српских великана"}},{"type":"Feature","geometry":{"type":"LineString","coordinates":[[22.035675,43.345298],[22.035647,43.34519],[22.03556,43.344737],[22.035455,43.344187],[22.035358,43.34369],[22.035357,43.343685],[22.035339,43.343589],[22.035312,43.343443],[22.035277,43.343312],[22.035232,43.343188],[22.035175,43.343063],[22.03511,43.342944],[22.034867,43.342549],[22.034765,43.342379],[22.034514,43.341964],[22.034444,43.341851],[22.034361,43.341727],[22.034283,43.341628],[22.034198,43.341533],[22.034113,43.341451],[22.034002,43.341355],[22.033877,43.34126],[22.03373,43.341163],[22.03357,43.341073],[22.033384,43.340967],[22.033128,43.340818],[22.03297,43.34073],[22.032813,43.340628],[22.032702,43.340545],[22.032603,43.340463],[22.032502,43.340368],[22.032445,43.340308],[22.032219,43.340056],[22.031959,43.339773],[22.031625,43.339406],[22.03162,43.339401],[22.031408,43.339172],[22.03066,43.33835],[22.030589,43.338272],[22.030476,43.338144],[22.03036,43.338017],[22.030081,43.337727],[22.029959,43.3376],[22.029671,43.337301],[22.029427,43.337034],[22.029105,43.336679],[22.028976,43.336537],[22.028866,43.33643],[22.028717,43.336291],[22.028481,43.336083],[22.028243,43.335891],[22.02801,43.335704],[22.027861,43.335588],[22.027834,43.335567],[22.027758,43.335508],[22.027687,43.335452]]},"properties":{"name":"Српских великана"}},{"type":"Feature","geometry":{"type":"LineString","coordinates":[[22.027321,43.335174],[22.027208,43.335078],[22.027089,43.334977],[22.026932,43.334843],[22.026849,43.334755],[22.026772,43.334662],[22.026716,43.334586],[22.026654,43.334489],[22.026604,43.334398],[22.026565,43.334314],[22.026525,43.33421],[22.026427,43.333949],[22.026335,43.333735],[22.026276,43.333612],[22.02623,43.333511],[22.02618,43.333422],[22.026125,43.333342],[22.026057,43.333257],[22.025988,43.333182],[22.025841,43.333038],[22.025782,43.332981],[22.025735,43.332927],[22.025699,43.332878],[22.025666,43.332825],[22.025637,43.332771],[22.025613,43.332712],[22.025594,43.332654],[22.02558,43.33259],[22.025567,43.332415],[22.025549,43.332249],[22.025531,43.332137],[22.025505,43.332033],[22.02547,43.331927],[22.025427,43.331826],[22.025373,43.331724],[22.025312,43.331625],[22.025222,43.331503],[22.025119,43.331368],[22.025112,43.331359],[22.024998,43.331211],[22.024569,43.330601],[22.024503,43.330508],[22.024271,43.330201],[22.024117,43.329992],[22.024056,43.329904],[22.024001,43.329813],[22.023952,43.329719],[22.023925,43.32966],[22.023894,43.329585],[22.023806,43.32937],[22.023805,43.329365],[22.023721,43.329121],[22.023645,43.328897],[22.023439,43.328306],[22.023374,43.328138],[22.023337,43.328039],[22.023335,43.328032],[22.023309,43.327962],[22.023189,43.327632],[22.023157,43.327542],[22.023074,43.32734],[22.023033,43.327241],[22.023001,43.32717],[22.022951,43.327069],[22.022905,43.326981],[22.022849,43.326885],[22.02279,43.326788],[22.022725,43.326692],[22.022659,43.326599],[22.022581,43.326497],[22.022502,43.326402],[22.022424,43.326313],[22.022341,43.326224],[22.022073,43.325961],[22.021989,43.325876],[22.021916,43.325786],[22.021861,43.325704],[22.021813,43.32561],[22.021779,43.325519],[22.021753,43.325414],[22.021698,43.325132],[22.021672,43.32504],[22.021638,43.324939],[22.021603,43.324849],[22.021558,43.324743],[22.021503,43.32463],[22.021446,43.324527],[22.021339,43.324348],[22.021336,43.324344],[22.021134,43.324007],[22.020774,43.323387],[22.020732,43.323323],[22.020685,43.323245],[22.020641,43.323164],[22.020603,43.323092],[22.020561,43.323006],[22.020521,43.322921],[22.020475,43.322816],[22.020436,43.322717],[22.020413,43.322654],[22.020203,43.322063],[22.020088,43.321716]]},"properties":{"name":"Српских великана"}},{"type":"Feature","geometry":{"type":"LineString","coordinates":[[22.046012,43.373434],[22.046084,43.373367],[22.046223,43.373251]]},"properties":{"name":"35"}},{"type":"Feature","geometry":{"type":"LineString","coordinates":[[22.045655,43.370806],[22.045609,43.370789],[22.045561,43.370767],[22.045521,43.370745],[22.045471,43.370706],[22.045439,43.370672],[22.045409,43.370634]]},"properties":{"name":"35"}},{"type":"Feature","geometry":{"type":"LineString","coordinates":[[22.03457,43.356986],[22.03457,43.356929]]},"properties":{"name":"35"}},{"type":"Feature","geometry":{"type":"LineString","coordinates":[[22.035719,43.345391],[22.035675,43.345298]]},"properties":{"name":"35"}},{"type":"Feature","geometry":{"type":"LineString","coordinates":[[22.027687,43.335452],[22.027321,43.335174]]},"properties":{"name":"35"}},{"type":"Feature","geometry":{"type":"LineString","coordinates":[[22.01985,43.320781],[22.019853,43.320911],[22.019864,43.321064],[22.019873,43.321186],[22.019885,43.321253],[22.019893,43.321295],[22.019925,43.321403],[22.019965,43.321505],[22.020014,43.321617],[22.020088,43.321716],[22.020063,43.3216],[22.020018,43.321476],[22.019989,43.321384],[22.019958,43.321268],[22.019938,43.321174],[22.019929,43.321032],[22.019923,43.320949],[22.019925,43.320842],[22.019938,43.320687],[22.019956,43.320583],[22.019971,43.320512],[22.019997,43.320384],[22.020017,43.3203]]},"properties":{"name":"35"}},{"type":"Feature","geometry":{"type":"LineString","coordinates":[[21.99363,43.31943],[21.994606,43.3192],[21.995241,43.319067],[21.995446,43.319036],[21.996,43.318962],[21.997876,43.318819],[21.998866,43.318756],[21.999041,43.318751],[21.999133,43.318755],[21.999231,43.318764],[21.999352,43.31878],[21.999472,43.318805],[21.999743,43.318876],[22.000003,43.318974],[22.000362,43.319146],[22.000694,43.319297],[22.000878,43.319378],[22.001097,43.319457],[22.001249,43.319497],[22.001439,43.31954],[22.001634,43.319564],[22.001854,43.319582],[22.002031,43.319594],[22.002201,43.319601],[22.002413,43.319597],[22.002611,43.319574],[22.002753,43.319548],[22.002944,43.319509],[22.003675,43.319303],[22.00456,43.318983],[22.004632,43.31896],[22.004741,43.318929],[22.004898,43.318894],[22.004998,43.31888],[22.005098,43.318871],[22.005298,43.318864],[22.005537,43.318855],[22.00591,43.318856],[22.008537,43.318909],[22.011595,43.318982],[22.012342,43.319],[22.01287,43.319012],[22.013889,43.319037],[22.014058,43.319041],[22.014154,43.319043],[22.014262,43.319046],[22.014771,43.319058],[22.014979,43.319063],[22.015036,43.319065],[22.015271,43.319069],[22.017736,43.319129],[22.017884,43.319137],[22.017959,43.319143],[22.018038,43.319149],[22.018176,43.319169],[22.018293,43.3192],[22.018473,43.319256],[22.018613,43.319313],[22.018724,43.319364],[22.018832,43.319429],[22.018915,43.319493],[22.018993,43.319565],[22.019064,43.319654],[22.019114,43.319752],[22.019169,43.319865],[22.019233,43.319987],[22.01927,43.320058],[22.019305,43.320129],[22.019339,43.32018],[22.019386,43.320222],[22.019427,43.320252],[22.019474,43.320277],[22.019547,43.320304],[22.019643,43.320329],[22.019909,43.320371],[22.019997,43.320384]]},"properties":{"name":"Светог Ђорђа"}},{"type":"Feature","geometry":{"type":"LineString","coordinates":[[22.019233,43.319987],[22.019316,43.320072],[22.019388,43.320136],[22.019457,43.320181],[22.019539,43.32022],[22.019587,43.320237],[22.019645,43.320251],[22.019842,43.320277],[22.019927,43.320287],[22.020017,43.3203]]},"properties":{"name":"Светог Ђорђа"}},{"type":"Feature","geometry":{"type":"LineString","coordinates":[[22.024503,43.330508],[22.02452,43.330506],[22.024538,43.330506],[22.02456,43.330512],[22.024574,43.330521],[22.02491,43.330815],[22.025,43.330872]]},"properties":{"name":"Светог Трифуна"}},{"type":"Feature","geometry":{"type":"LineString","coordinates":[[21.905098,43.327853],[21.905123,43.327793]]},"properties":{"name":"Воје Ринчића"}},{"type":"Feature","geometry":{"type":"LineString","coordinates":[[21.933368,43.329718],[21.933349,43.32964]]},"properties":{"name":"Изворска"}},{"type":"Feature","geometry":{"type":"LineString","coordinates":[[21.94732,43.330436],[21.947269,43.330468]]},"properties":{"name":"Ратка Павловића"}},{"type":"Feature","geometry":{"type":"LineString","coordinates":[[22.049372,43.352365],[22.049783,43.352129],[22.0501,43.351942],[22.050243,43.351839],[22.050363,43.351698],[22.050467,43.351614],[22.051111,43.35125],[22.051288,43.351199],[22.051543,43.351182],[22.051898,43.351205],[22.052098,43.351185],[22.052279,43.351107],[22.052522,43.350944],[22.05265,43.350874],[22.052839,43.350826],[22.053201,43.350706],[22.05351,43.350535],[22.053706,43.350361],[22.053888,43.350251],[22.054231,43.350072],[22.054311,43.350057],[22.054397,43.350049],[22.054493,43.350069],[22.054568,43.350103],[22.054658,43.350177],[22.054721,43.35027],[22.05477,43.350405],[22.054787,43.350746],[22.054751,43.351087],[22.054804,43.351326],[22.054852,43.351539],[22.05489,43.352147],[22.054944,43.352321],[22.055064,43.35245],[22.055191,43.352537],[22.055419,43.352655],[22.055504,43.35275],[22.055735,43.353227],[22.055901,43.353359],[22.056113,43.353434],[22.056313,43.353471],[22.056896,43.353468],[22.057223,43.353486],[22.057337,43.353516],[22.057448,43.353566],[22.05754,43.353629],[22.057835,43.353882],[22.057918,43.353962],[22.058006,43.354037],[22.058114,43.354103],[22.058401,43.354281],[22.058717,43.354512],[22.058821,43.35461],[22.058904,43.35472],[22.05903,43.35498],[22.059121,43.355105],[22.059302,43.355285],[22.059746,43.355692],[22.060128,43.356011],[22.060283,43.356107],[22.060343,43.356154],[22.060393,43.356208],[22.060419,43.356258],[22.060425,43.356309],[22.060405,43.356365],[22.060289,43.356511],[22.060144,43.356664],[22.060069,43.356762],[22.060016,43.356869],[22.059994,43.356953],[22.059973,43.357083],[22.05996,43.357273],[22.059952,43.357425],[22.059929,43.357504],[22.059897,43.357556],[22.059851,43.357595],[22.059797,43.357627],[22.059743,43.357653],[22.059105,43.357899],[22.058974,43.357948],[22.058839,43.358021],[22.058593,43.35821],[22.058373,43.358414],[22.058327,43.358459],[22.058298,43.358509],[22.058293,43.358546],[22.058296,43.358597],[22.05831,43.358648],[22.058332,43.358715],[22.058557,43.359213],[22.058829,43.359967],[22.05917,43.360969],[22.059274,43.361191],[22.059502,43.361452],[22.059656,43.361609],[22.059772,43.361858],[22.059884,43.362001],[22.060354,43.362469],[22.06089,43.36303],[22.06104,43.36316],[22.061207,43.363293],[22.061378,43.363412],[22.061566,43.36353],[22.061836,43.363679],[22.06215,43.363817],[22.062363,43.363928],[22.063394,43.364584],[22.063578,43.364682],[22.064078,43.365046],[22.064444,43.36525],[22.0647,43.365415],[22.064859,43.365477],[22.065049,43.365524],[22.065205,43.365599],[22.065336,43.365714],[22.065431,43.365833],[22.065492,43.365993],[22.065491,43.36615],[22.065422,43.366347],[22.065414,43.366437],[22.065445,43.36663],[22.065446,43.366705],[22.065421,43.366976],[22.065436,43.36706],[22.065493,43.367133],[22.065582,43.367192],[22.06616,43.367489],[22.066227,43.367542],[22.066259,43.367623],[22.066262,43.367928]]},"properties":{"name":"Ђурђеви ступови"}},{"type":"Feature","geometry":{"type":"LineString","coordinates":[[22.066262,43.367928],[22.06684,43.367916],[22.067044,43.367872],[22.067257,43.367781],[22.067403,43.367622],[22.067779,43.367272],[22.067821,43.367242],[22.067869,43.367228],[22.068021,43.367198],[22.068473,43.367211]]},"properties":{"name":"Генерала Саве Грујића"}},{"type":"Feature","geometry":{"type":"LineString","coordinates":[[21.947269,43.330468],[21.947214,43.33053]]},"properties":{"name":"Осми конгрес"}},{"type":"Feature","geometry":{"type":"LineString","coordinates":[[21.927297,43.329458],[21.927309,43.329535]]},"properties":{"name":"Алексиначка"}},{"type":"Feature","geometry":{"type":"LineString","coordinates":[[21.929786,43.3296],[21.929763,43.329515]]},"properties":{"name":"Гламочка"}},{"type":"Feature","geometry":{"type":"LineString","coordinates":[[22.086514,43.339102],[22.086293,43.33917],[22.086254,43.339185],[22.086199,43.33922],[22.08616,43.339254],[22.086124,43.339294],[22.086103,43.339323],[22.086087,43.339352],[22.086071,43.339408],[22.086069,43.339478],[22.086079,43.339513],[22.086099,43.339544],[22.086119,43.339567],[22.086151,43.339594],[22.086253,43.33967],[22.08631,43.339716],[22.086359,43.339763],[22.086368,43.339783],[22.08637,43.339801],[22.08637,43.339812],[22.086366,43.339839],[22.086344,43.339882],[22.086326,43.339914],[22.086292,43.33995],[22.086147,43.340044],[22.085947,43.340111],[22.08574,43.340143],[22.085557,43.340172],[22.085391,43.340206],[22.085116,43.340246],[22.085063,43.340242],[22.08502,43.340233],[22.084974,43.340218],[22.0849,43.340191],[22.084809,43.340148],[22.084734,43.340102],[22.08467,43.340059],[22.084631,43.340026],[22.084588,43.339989],[22.084451,43.339895],[22.084426,43.339882],[22.084385,43.339863],[22.084348,43.339851],[22.084281,43.339836],[22.083853,43.339819],[22.083616,43.339804],[22.083539,43.339801],[22.083432,43.33982],[22.083377,43.339836],[22.083267,43.33988],[22.083158,43.339924],[22.083086,43.339952],[22.083053,43.339962],[22.083019,43.339966],[22.082988,43.339966],[22.082967,43.339963],[22.082948,43.339961],[22.08292,43.339954],[22.082863,43.339936],[22.082605,43.33984],[22.082535,43.339812],[22.082476,43.339776],[22.082369,43.339692],[22.081986,43.339336],[22.081759,43.339103],[22.081493,43.338878],[22.081464,43.338851],[22.08137,43.338753],[22.081312,43.338683],[22.081273,43.338625],[22.08124,43.338556],[22.08121,43.338465],[22.08119,43.338356],[22.08116,43.33811],[22.081159,43.338062],[22.081168,43.338016],[22.081191,43.337975],[22.081222,43.337929],[22.081248,43.337884],[22.081266,43.33784],[22.081278,43.337809],[22.081282,43.337779],[22.081283,43.337757],[22.081278,43.337737],[22.081267,43.33771],[22.081251,43.337688],[22.081231,43.337665],[22.0812,43.337642],[22.081026,43.337513],[22.080915,43.337431],[22.08068,43.337263],[22.080512,43.337134],[22.080056,43.336757],[22.079912,43.336633],[22.079828,43.336566],[22.079744,43.336513],[22.07967,43.336482],[22.079592,43.336461],[22.079505,43.336456],[22.079405,43.336466],[22.079291,43.336487],[22.079056,43.336518],[22.0789,43.336522],[22.078729,43.336511],[22.078441,43.33649],[22.078263,43.336474],[22.078126,43.336443],[22.077987,43.336402],[22.077913,43.336386],[22.077819,43.336369],[22.077727,43.336367],[22.077654,43.336368],[22.077556,43.336383],[22.077215,43.336445],[22.076869,43.336496],[22.07643,43.336542],[22.076362,43.336549],[22.076292,43.336555],[22.076159,43.336558],[22.07611,43.336557],[22.07606,43.336546],[22.076002,43.336524],[22.07595,43.336496],[22.075914,43.336475],[22.075873,43.336443],[22.075787,43.336347],[22.075694,43.336229],[22.075539,43.336033],[22.075407,43.335837],[22.075324,43.335738],[22.075207,43.335637],[22.075078,43.335544],[22.074968,43.335454],[22.074868,43.335334],[22.074789,43.335224],[22.074733,43.335142],[22.074685,43.335086],[22.074649,43.335054],[22.07461,43.335023],[22.074548,43.334983],[22.07449,43.334952],[22.074417,43.334908],[22.074378,43.334881],[22.074346,43.334851],[22.07431,43.334812],[22.074278,43.334763],[22.074228,43.334675],[22.074161,43.334554],[22.074108,43.334452],[22.074077,43.334403],[22.074036,43.334355],[22.073962,43.334293],[22.073884,43.334236],[22.073787,43.334182],[22.073677,43.334126],[22.073295,43.333968],[22.073145,43.333916],[22.073043,43.333899],[22.072928,43.333891],[22.072798,43.333878],[22.072603,43.333844],[22.072408,43.333816],[22.072251,43.333802],[22.072013,43.333784],[22.071847,43.333748],[22.071683,43.333688],[22.071574,43.333637],[22.071482,43.333582],[22.07139,43.333519],[22.071301,43.333453],[22.071208,43.333391],[22.071113,43.333351],[22.071015,43.333327],[22.0709,43.333316],[22.070745,43.333309],[22.070593,43.333305],[22.070465,43.333309],[22.07035,43.333326],[22.070234,43.333365],[22.070091,43.333425],[22.069867,43.333535],[22.06978,43.333572],[22.069698,43.333596],[22.069591,43.333612],[22.069516,43.333609],[22.069444,43.333601],[22.069384,43.33359],[22.069334,43.333574],[22.069199,43.333504],[22.069001,43.333454],[22.068795,43.333424],[22.068643,43.333416],[22.06843,43.333413],[22.068334,43.333399],[22.068254,43.333366],[22.068209,43.33334],[22.068169,43.333315],[22.068127,43.333277],[22.068095,43.333248],[22.068037,43.333189],[22.067966,43.333108],[22.067879,43.333008],[22.067815,43.332942],[22.067783,43.332915],[22.067747,43.332897],[22.06771,43.332884],[22.06766,43.332875],[22.067558,43.332873],[22.067476,43.332867],[22.06734,43.332861],[22.067233,43.332856],[22.067163,43.332844],[22.067098,43.332824],[22.067028,43.332792],[22.066948,43.332743],[22.066821,43.332652],[22.066632,43.3325],[22.066475,43.332348],[22.066345,43.332206],[22.066248,43.332115],[22.065998,43.331898],[22.065822,43.331772],[22.065592,43.33158],[22.065454,43.331489],[22.065258,43.331359],[22.06511,43.331195],[22.065052,43.331112],[22.064893,43.330948],[22.064752,43.330716],[22.064702,43.330634],[22.064633,43.330495]]},"properties":{"name":"Лазара Хиландарца"}},{"type":"Feature","geometry":{"type":"LineString","coordinates":[[22.072798,43.333878],[22.072488,43.333922],[22.072336,43.333929],[22.072214,43.333943],[22.072048,43.333946],[22.071866,43.333922],[22.071733,43.333893],[22.071611,43.333832],[22.071314,43.333727],[22.071209,43.333661],[22.071126,43.33364],[22.070989,43.333631],[22.070828,43.333636],[22.070363,43.333684],[22.070173,43.333742],[22.06957,43.334041],[22.069489,43.334062],[22.069405,43.334069]]},"properties":{"name":"Доментијана Хиландарца"}},{"type":"Feature","geometry":{"type":"LineString","coordinates":[[22.042276,43.310979],[22.042753,43.311002],[22.043115,43.31103],[22.043457,43.311057],[22.043856,43.311088],[22.04411,43.311117],[22.044475,43.311168],[22.044899,43.311235],[22.045301,43.311305],[22.045704,43.311375],[22.046744,43.31157],[22.04708,43.311635],[22.047351,43.31169],[22.047742,43.311767],[22.047809,43.311778],[22.048785,43.311927],[22.048931,43.311958],[22.049343,43.312046],[22.049785,43.312151],[22.049973,43.312189],[22.050296,43.312281],[22.050656,43.312409],[22.051138,43.312607],[22.051232,43.312642],[22.051554,43.312786],[22.051926,43.31294],[22.052279,43.313138],[22.052389,43.313196],[22.052671,43.313352],[22.052923,43.31352],[22.053072,43.313629],[22.053204,43.313739],[22.053334,43.313863],[22.053441,43.313999],[22.053541,43.314147],[22.053653,43.314374],[22.053697,43.314475],[22.053735,43.314581],[22.053793,43.314793],[22.053819,43.314938],[22.053837,43.31511],[22.05384,43.315303],[22.053833,43.31542],[22.053819,43.315527],[22.053787,43.3157],[22.053753,43.315827],[22.053705,43.315982],[22.053625,43.316153],[22.053516,43.31635],[22.053356,43.316612],[22.05312,43.316961],[22.052834,43.317356],[22.052137,43.318278],[22.051462,43.319138],[22.050913,43.319889],[22.05075,43.320144],[22.050629,43.320411],[22.050562,43.32061],[22.050506,43.320817],[22.050444,43.321072],[22.050422,43.321352],[22.050455,43.321648],[22.050566,43.321981],[22.050654,43.322216],[22.050745,43.322405],[22.050877,43.322632],[22.051032,43.322829],[22.051187,43.323012],[22.05133,43.323151],[22.051479,43.323286],[22.051629,43.323413],[22.05179,43.323534],[22.051979,43.323657],[22.052221,43.323798],[22.05246,43.323917],[22.052739,43.324034],[22.052994,43.324126],[22.05327,43.324229],[22.053576,43.324343],[22.053779,43.324421],[22.053952,43.324488],[22.054934,43.324865],[22.055435,43.325075],[22.055727,43.325191],[22.056043,43.325341],[22.056261,43.325449],[22.056505,43.325575],[22.056826,43.325741],[22.057168,43.325915],[22.057416,43.32606],[22.057884,43.326348],[22.058414,43.326661],[22.058651,43.326817],[22.059238,43.327176],[22.059789,43.327514],[22.060001,43.327644],[22.060979,43.328242],[22.061773,43.328741]]},"properties":{"name":"Аврама Левића"}},{"type":"Feature","geometry":{"type":"LineString","coordinates":[[22.123359,43.335698],[22.122972,43.33561],[22.122587,43.335498],[22.122093,43.335297],[22.121981,43.335249],[22.121861,43.335192],[22.1216,43.335072],[22.121317,43.334941],[22.121028,43.334802],[22.120813,43.334697],[22.12057,43.334581],[22.120372,43.334487],[22.12002,43.334323],[22.119943,43.334287],[22.11873,43.333711],[22.118472,43.333588],[22.117895,43.333279],[22.11762,43.33311],[22.11748,43.333017],[22.117346,43.332916],[22.117236,43.332828],[22.117133,43.332743],[22.117026,43.332647],[22.116954,43.332571],[22.116792,43.332409],[22.116651,43.332237],[22.116559,43.332118],[22.116474,43.331992],[22.11638,43.331841],[22.116273,43.331641],[22.116128,43.331333],[22.116094,43.331265],[22.116006,43.331092],[22.115909,43.33092],[22.115804,43.330761],[22.115675,43.330603],[22.115503,43.330424],[22.115366,43.330302],[22.115204,43.330147],[22.114945,43.329988],[22.114476,43.32973],[22.113226,43.329099],[22.112912,43.328938],[22.112265,43.328604],[22.111551,43.328246],[22.111188,43.328075],[22.110804,43.327935],[22.110378,43.327816],[22.110136,43.327763],[22.109961,43.327738],[22.109787,43.327721],[22.109556,43.327719],[22.10919,43.327741],[22.108781,43.327764],[22.107774,43.327882],[22.107261,43.327923],[22.106698,43.327955],[22.10623,43.327958],[22.105594,43.32792],[22.10529,43.327889],[22.104523,43.327779],[22.103688,43.327659],[22.103459,43.327636],[22.103224,43.327628],[22.102773,43.327645],[22.102453,43.327678],[22.102144,43.327725],[22.101851,43.327795],[22.101568,43.327897],[22.101363,43.32798],[22.101054,43.328137],[22.100799,43.328323],[22.1006,43.328492],[22.100412,43.328676],[22.100254,43.328856],[22.100096,43.329065],[22.09984,43.329407],[22.0993,43.330196],[22.099,43.330554],[22.098829,43.330728],[22.098636,43.330895],[22.098331,43.331135],[22.097993,43.331375],[22.097411,43.331695],[22.09683,43.331953],[22.096614,43.332053],[22.096415,43.332169],[22.096299,43.332248],[22.096184,43.332335],[22.095951,43.332544],[22.094772,43.333607],[22.09462,43.333727],[22.094451,43.33384],[22.094234,43.333959],[22.093963,43.334088],[22.092607,43.334754],[22.092165,43.334971],[22.091661,43.335169],[22.091497,43.335227],[22.091415,43.335252],[22.091102,43.335343],[22.090841,43.335411],[22.09058,43.33546],[22.090277,43.335502],[22.090025,43.335532],[22.089664,43.335549],[22.089415,43.335549],[22.089002,43.335541],[22.088831,43.335529],[22.088516,43.335492],[22.088247,43.335453],[22.088202,43.335446],[22.088064,43.335429],[22.086676,43.335256],[22.086093,43.335183],[22.084956,43.335042],[22.084853,43.335029],[22.08262,43.334751],[22.08246,43.334724],[22.082014,43.334665],[22.081826,43.33464],[22.078446,43.333964],[22.078012,43.333848],[22.077318,43.333662],[22.076845,43.333517],[22.074897,43.332921],[22.074451,43.3328],[22.074279,43.332753],[22.073397,43.332555],[22.072689,43.332461],[22.072446,43.332428],[22.072153,43.332405],[22.071352,43.332342],[22.070293,43.332323],[22.069691,43.332323],[22.069477,43.332325],[22.068872,43.332326],[22.068663,43.332311],[22.068452,43.332289],[22.068213,43.332252],[22.067941,43.332198],[22.067637,43.33212],[22.067358,43.332032],[22.067087,43.33193],[22.066785,43.331798],[22.066487,43.331632],[22.065752,43.331178],[22.065124,43.330796],[22.064633,43.330495],[22.064606,43.330476],[22.064238,43.330249],[22.063832,43.33],[22.062544,43.32921]]},"properties":{"name":"Аврама Левића"}},{"type":"Feature","geometry":{"type":"LineString","coordinates":[[22.053779,43.324421],[22.05374,43.324449],[22.053709,43.324458],[22.053675,43.324458],[22.053639,43.324449],[22.053595,43.324435],[22.053553,43.324416],[22.053449,43.324386],[22.053383,43.324391],[22.053334,43.324419],[22.053255,43.324488]]},"properties":{"name":"Аврама Левића"}},{"type":"Feature","geometry":{"type":"LineString","coordinates":[[22.062544,43.32921],[22.062312,43.329068],[22.062235,43.329021],[22.062173,43.328984],[22.061773,43.328741],[22.061742,43.328776],[22.061734,43.328795],[22.061742,43.328814],[22.061768,43.328841],[22.062278,43.329157],[22.062335,43.329178],[22.062398,43.329192],[22.062544,43.32921]]},"properties":{"name":"Аврама Левића"}},{"type":"Feature","geometry":{"type":"LineString","coordinates":[[22.058414,43.326661],[22.058373,43.326686],[22.058346,43.326686],[22.058287,43.326674],[22.058027,43.326541],[22.057992,43.326532],[22.057965,43.326532],[22.057938,43.326543],[22.05789,43.326625]]},"properties":{"name":"Војника Миладина Гобељића"}},{"type":"Feature","geometry":{"type":"LineString","coordinates":[[22.057246,43.32621],[22.057299,43.326204],[22.057401,43.326216],[22.057531,43.32626],[22.057626,43.326304],[22.057717,43.32635],[22.057782,43.326369],[22.057884,43.326348]]},"properties":{"name":"Поручника Николе Вујчића"}},{"type":"Feature","geometry":{"type":"LineString","coordinates":[[22.056043,43.325341],[22.055999,43.325402],[22.055928,43.325519]]},"properties":{"name":"Мијата Мијатовића"}},{"type":"Feature","geometry":{"type":"LineString","coordinates":[[22.055435,43.325075],[22.055364,43.325153]]},"properties":{"name":"Станиславе Пешић"}},{"type":"Feature","geometry":{"type":"LineString","coordinates":[[22.051232,43.312642],[22.051205,43.312681],[22.051182,43.312711]]},"properties":{"name":"Константина Јиричека"}},{"type":"Feature","geometry":{"type":"LineString","coordinates":[[22.050028,43.312269],[22.049891,43.312244],[22.049756,43.31224],[22.049512,43.312214],[22.049305,43.312189],[22.049075,43.312173],[22.048907,43.31216],[22.048675,43.31215],[22.048687,43.312132],[22.048745,43.312011],[22.048785,43.311927]]},"properties":{"name":"Пуковника Слободана Перића"}},{"type":"Feature","geometry":{"type":"LineString","coordinates":[[22.042276,43.310979],[22.041782,43.310968],[22.041425,43.310972],[22.041085,43.310985],[22.040703,43.311002],[22.040052,43.311031],[22.040028,43.311032]]},"properties":{"name":"259"}},{"type":"Feature","geometry":{"type":"LineString","coordinates":[[22.040028,43.311032],[22.039934,43.310976],[22.039893,43.310941],[22.039866,43.310915],[22.039824,43.31087],[22.039769,43.310808],[22.039715,43.310727],[22.039667,43.310641],[22.039619,43.310551],[22.039563,43.310463],[22.039499,43.310379],[22.039428,43.310298],[22.039349,43.31022],[22.039426,43.310258],[22.039498,43.310304],[22.039568,43.310357],[22.039634,43.310417],[22.039692,43.310481],[22.039734,43.310527],[22.039852,43.31065],[22.039923,43.310716],[22.040001,43.310776],[22.040063,43.310809],[22.040113,43.310835],[22.040186,43.310863],[22.040275,43.31089],[22.040382,43.310912],[22.040458,43.310925],[22.040535,43.310933],[22.040747,43.310936],[22.040832,43.310941],[22.040917,43.310951],[22.041085,43.310985]]},"properties":{"name":"224"}},{"type":"Feature","geometry":{"type":"LineString","coordinates":[[22.032123,43.307379],[22.03261,43.307815]]},"properties":{"name":"224"}},{"type":"Feature","geometry":{"type":"LineString","coordinates":[[21.994106,43.265612],[21.993806,43.265832]]},"properties":{"name":"224"}},{"type":"Feature","geometry":{"type":"LineString","coordinates":[[22.039349,43.31022],[22.039286,43.31018],[22.039221,43.310144],[22.039111,43.310104],[22.039014,43.310074],[22.038708,43.309993],[22.037404,43.309715],[22.036546,43.309545],[22.036259,43.309484],[22.035309,43.309289],[22.034937,43.309177],[22.034589,43.309046],[22.034184,43.308872],[22.033841,43.308695],[22.033533,43.308508],[22.033237,43.308308],[22.032952,43.308101],[22.032659,43.307856],[22.03261,43.307815]]},"properties":{"name":"Цариградска"}},{"type":"Feature","geometry":{"type":"LineString","coordinates":[[22.032123,43.307379],[22.031701,43.307009],[22.031201,43.306594],[22.03089,43.306346],[22.030564,43.306107],[22.030242,43.305875],[22.029898,43.305647],[22.02948,43.305372],[22.029049,43.30511],[22.028568,43.304831],[22.028086,43.304562],[22.027499,43.304269],[22.0272,43.304121],[22.0269,43.303981],[22.026489,43.3038],[22.026102,43.303633],[22.02579,43.303508],[22.025267,43.303308],[22.02476,43.303122],[22.024308,43.302975],[22.023721,43.302792],[22.0233,43.302666],[22.022852,43.302545],[22.022153,43.302365],[22.021342,43.302191],[22.020886,43.302106],[22.020032,43.301958],[22.019856,43.301927],[22.018785,43.30179],[22.017813,43.301698],[22.016626,43.301619],[22.013311,43.301382],[22.010749,43.301224],[22.009626,43.301154],[22.009548,43.301149],[22.007244,43.301006],[22.005998,43.300926],[22.004051,43.300799],[22.004003,43.300796],[22.002282,43.300691],[22.000055,43.300552],[21.999466,43.300529],[21.999268,43.300522],[21.999105,43.300522],[21.999001,43.300539]]},"properties":{"name":"Цариградска"}},{"type":"Feature","geometry":{"type":"LineString","coordinates":[[21.999007,43.300396],[21.999135,43.300418],[21.999521,43.300462],[22.000055,43.300552]]},"properties":{"name":"Цариградска"}},{"type":"Feature","geometry":{"type":"LineString","coordinates":[[21.980201,43.302977],[21.980171,43.302887]]},"properties":{"name":"Друга Нишавска"}},{"type":"Feature","geometry":{"type":"LineString","coordinates":[[21.999225,43.299973],[21.999391,43.299955],[21.99973,43.299933],[22.000443,43.299897],[22.00118,43.299892],[22.002047,43.299885],[22.002736,43.299876],[22.00325,43.299889],[22.003855,43.299904],[22.005279,43.299971],[22.007803,43.300091],[22.00948,43.300162],[22.009591,43.300167],[22.012093,43.300273],[22.013471,43.300326],[22.014014,43.300349],[22.014205,43.300357],[22.014386,43.300364],[22.015179,43.300397],[22.016587,43.300447],[22.018122,43.300496],[22.019925,43.300587],[22.020255,43.300604],[22.02099,43.300641],[22.021403,43.300662],[22.021533,43.300668],[22.021784,43.300681],[22.022548,43.30072],[22.024647,43.300826],[22.02533,43.300869]]},"properties":{"name":"Железничка"}},{"type":"Feature","geometry":{"type":"LineString","coordinates":[[22.02533,43.300869],[22.02847,43.301069],[22.030637,43.301246],[22.031209,43.301293],[22.03175,43.301337],[22.03427,43.301543],[22.035775,43.30166],[22.036432,43.301711],[22.039243,43.301928],[22.039982,43.302012],[22.041314,43.302159],[22.04198,43.302244],[22.042153,43.302268],[22.042295,43.302301],[22.042444,43.302342],[22.042647,43.302426],[22.042764,43.302481],[22.043069,43.302649],[22.043429,43.302883],[22.043619,43.302979],[22.043771,43.303052],[22.043893,43.3031],[22.043943,43.303115],[22.043992,43.303126],[22.044041,43.303132],[22.044089,43.303137],[22.044195,43.303139],[22.044485,43.303099]]},"properties":{"name":"427"}},{"type":"Feature","geometry":{"type":"LineString","coordinates":[[22.062973,43.300214],[22.063038,43.300179]]},"properties":{"name":"427"}},{"type":"Feature","geometry":{"type":"LineString","coordinates":[[22.067351,43.299135],[22.067461,43.299123],[22.067687,43.2991],[22.071661,43.298628],[22.072655,43.298471],[22.073585,43.298307],[22.0746,43.298114],[22.075257,43.29799],[22.076271,43.297847],[22.077262,43.297743],[22.078021,43.297679],[22.078141,43.29765],[22.078223,43.29762],[22.078292,43.297578],[22.078357,43.297525],[22.078426,43.297429],[22.078486,43.297193],[22.078526,43.296732],[22.078579,43.296637],[22.078669,43.296549],[22.078815,43.296448],[22.078987,43.296346],[22.079532,43.296124],[22.079864,43.296022],[22.080165,43.295952],[22.081846,43.295767],[22.082124,43.295747],[22.082389,43.295739],[22.082753,43.295755],[22.083351,43.295774],[22.083654,43.295774],[22.084701,43.295692],[22.086634,43.295522],[22.087162,43.295524],[22.089163,43.295526],[22.089356,43.295509],[22.0896,43.295444],[22.090127,43.295275],[22.090719,43.295036],[22.091408,43.294759],[22.092481,43.294272],[22.092685,43.294192],[22.092876,43.294125],[22.093439,43.293927],[22.093996,43.293768],[22.094655,43.293548],[22.095266,43.29338],[22.095944,43.293151],[22.096537,43.292948],[22.097154,43.292736],[22.097824,43.292488],[22.098259,43.292287],[22.098724,43.292001],[22.098989,43.291784],[22.099189,43.291618],[22.099357,43.291507],[22.099498,43.291451],[22.099721,43.291422],[22.099933,43.291378],[22.100149,43.29133],[22.100345,43.291232],[22.10047,43.291123],[22.100751,43.290908],[22.101092,43.290749],[22.101486,43.29058],[22.10171,43.290527],[22.101965,43.290482],[22.102267,43.290396],[22.102603,43.290232],[22.103017,43.290022],[22.10346,43.289828],[22.103849,43.289633],[22.104238,43.289352],[22.104577,43.289205],[22.105608,43.288898],[22.106395,43.288643],[22.106719,43.288509],[22.107046,43.288382],[22.107283,43.2883],[22.107395,43.288278],[22.107443,43.288268],[22.107591,43.288246],[22.107822,43.288212],[22.107928,43.288197],[22.108291,43.288177],[22.108542,43.28818],[22.108909,43.288178],[22.109267,43.288114],[22.110465,43.287704]]},"properties":{"name":"427"}},{"type":"Feature","geometry":{"type":"LineString","coordinates":[[22.044485,43.303099],[22.0446,43.303067],[22.044669,43.303039],[22.044767,43.302987],[22.044894,43.302906],[22.046805,43.301704],[22.047282,43.301475],[22.047478,43.301416],[22.047677,43.301371],[22.047741,43.301357],[22.048843,43.301241],[22.049334,43.301212],[22.049494,43.30108],[22.050183,43.300524],[22.050472,43.300248],[22.050721,43.30001],[22.051174,43.299697],[22.051329,43.299589],[22.05156,43.29938],[22.052087,43.298915],[22.052987,43.298001],[22.054182,43.296929],[22.054368,43.296764],[22.054532,43.296598],[22.054671,43.296373],[22.054753,43.296244],[22.054886,43.29608],[22.054959,43.296],[22.055136,43.295937],[22.055888,43.295675],[22.056236,43.295516],[22.05683,43.295311],[22.056973,43.29526],[22.057106,43.295176]]},"properties":{"name":"Солунских јунака"}},{"type":"Feature","geometry":{"type":"LineString","coordinates":[[22.049334,43.301212],[22.049517,43.301205],[22.05037,43.301195],[22.050665,43.301191],[22.051118,43.301188],[22.051335,43.301205],[22.051589,43.301252],[22.051897,43.301291],[22.052339,43.301321],[22.052758,43.301373],[22.053171,43.301454],[22.053651,43.301621],[22.053882,43.301686],[22.054113,43.301722],[22.054553,43.301752],[22.055368,43.301739],[22.056219,43.301735],[22.057014,43.301669],[22.057664,43.301619],[22.057692,43.301617],[22.058266,43.30158],[22.059004,43.301508],[22.059407,43.301424],[22.060494,43.301123],[22.061927,43.300725],[22.06225,43.300602],[22.062973,43.300214]]},"properties":{"name":"Римски пут"}},{"type":"Feature","geometry":{"type":"LineString","coordinates":[[22.063038,43.300179],[22.063356,43.300032],[22.064089,43.299772],[22.064871,43.299472],[22.065295,43.299366],[22.065617,43.299316],[22.067351,43.299135]]},"properties":{"name":"Римски пут"}},{"type":"Feature","geometry":{"type":"LineString","coordinates":[[22.067687,43.2991],[22.067749,43.299198],[22.067787,43.29924],[22.067826,43.299266],[22.067875,43.299293],[22.067918,43.299313],[22.067965,43.299322],[22.06802,43.299324],[22.068088,43.299308],[22.068141,43.299289],[22.068256,43.299237],[22.068308,43.299218],[22.068371,43.299202],[22.069058,43.299158],[22.069501,43.299178],[22.069551,43.29918],[22.069614,43.299191],[22.069678,43.299213],[22.069862,43.299303],[22.070212,43.299421],[22.070403,43.299474],[22.070852,43.29964],[22.070971,43.299727],[22.071069,43.29983],[22.071139,43.299923],[22.071246,43.300064],[22.071374,43.300262],[22.071406,43.300292],[22.071446,43.300307],[22.071496,43.30031],[22.071533,43.300301]]},"properties":{"name":"Римски пут"}},{"type":"Feature","geometry":{"type":"LineString","coordinates":[[22.071602,43.300254],[22.071763,43.300125],[22.071815,43.300094],[22.071901,43.300056],[22.072129,43.300024],[22.072606,43.300012],[22.073966,43.30004],[22.074355,43.30008],[22.074682,43.300173],[22.074971,43.30029],[22.075398,43.300516],[22.075576,43.300581],[22.075664,43.300557],[22.075725,43.300492],[22.075748,43.30042],[22.075748,43.300286],[22.075725,43.300052],[22.075737,43.299931],[22.075831,43.299842],[22.075986,43.299757],[22.076219,43.299684],[22.076836,43.299547],[22.077135,43.299503],[22.077479,43.299519],[22.07779,43.2996],[22.078023,43.299697],[22.078173,43.299773],[22.078456,43.29987],[22.078767,43.299939],[22.079067,43.300016],[22.079322,43.300113],[22.079572,43.300214],[22.079849,43.300315],[22.079999,43.300359],[22.080155,43.300456],[22.08036,43.300585],[22.080499,43.30067],[22.080671,43.300706],[22.080815,43.300702],[22.08097,43.300658],[22.081059,43.300577],[22.081109,43.300484],[22.081087,43.300351],[22.081043,43.30021],[22.08097,43.300072],[22.080926,43.299979],[22.080854,43.299422],[22.080876,43.299301],[22.080948,43.299212],[22.081181,43.299115],[22.081531,43.29903],[22.081903,43.299022],[22.082069,43.299066],[22.082197,43.299159],[22.082302,43.299289],[22.08258,43.299701],[22.082613,43.299846],[22.082624,43.299939],[22.082635,43.300161],[22.082685,43.300323],[22.082791,43.300512],[22.082952,43.300706],[22.083168,43.300819],[22.083551,43.301017],[22.083862,43.301143],[22.084084,43.301211],[22.084312,43.301284],[22.084867,43.301421],[22.08505,43.30151],[22.085222,43.301623],[22.085377,43.301793],[22.085533,43.302007],[22.085777,43.302467],[22.085932,43.302637],[22.086115,43.302694],[22.086276,43.302686],[22.086382,43.302665],[22.086504,43.302726],[22.086593,43.302807],[22.086848,43.303005],[22.086992,43.303098],[22.087164,43.303118],[22.08732,43.303098],[22.087464,43.303025],[22.087658,43.302875],[22.087797,43.302669],[22.087886,43.302532],[22.087847,43.302435],[22.087725,43.302322],[22.087665,43.302229],[22.087641,43.302153],[22.087631,43.301983],[22.087642,43.301769],[22.087603,43.301611],[22.087514,43.301425],[22.087503,43.301235],[22.087503,43.301013],[22.087608,43.300864],[22.087692,43.300755],[22.087808,43.300658],[22.087941,43.300605],[22.088397,43.300468],[22.088563,43.30046],[22.088702,43.30048],[22.088768,43.300569],[22.088746,43.300662],[22.088707,43.300763],[22.088641,43.300916],[22.088652,43.301082],[22.088718,43.301223],[22.088885,43.301349],[22.089129,43.301458],[22.090045,43.301785],[22.090184,43.301858],[22.090311,43.301979],[22.090439,43.302181],[22.090572,43.302342],[22.0907,43.302407],[22.090855,43.302447],[22.091055,43.302447],[22.092093,43.302334],[22.092509,43.302245],[22.092864,43.302229],[22.093347,43.302233],[22.093791,43.302261],[22.094785,43.302249],[22.095051,43.302213],[22.095168,43.302189],[22.095401,43.302076],[22.095695,43.301987],[22.095934,43.301954],[22.096211,43.301946],[22.096439,43.301914],[22.096594,43.301833],[22.096716,43.301716],[22.096816,43.301591],[22.096883,43.301417],[22.096927,43.301034],[22.096966,43.30088],[22.097024,43.300799],[22.097277,43.30063]]},"properties":{"name":"Римски пут"}},{"type":"Feature","geometry":{"type":"LineString","coordinates":[[22.057106,43.295176],[22.057665,43.294563],[22.057749,43.294438],[22.057811,43.294314],[22.057841,43.294206],[22.05786,43.294102],[22.057898,43.293791],[22.05792,43.293653],[22.057962,43.293493],[22.058238,43.292871],[22.058524,43.292529],[22.05858,43.292389],[22.058607,43.292323],[22.058671,43.292043],[22.058689,43.291947],[22.058701,43.291828],[22.058684,43.291714],[22.05866,43.291651],[22.05862,43.291594],[22.05858,43.291556],[22.058513,43.291501],[22.058405,43.291429],[22.05825,43.291327],[22.058142,43.291253],[22.05806,43.291211],[22.057963,43.291157],[22.057918,43.291127],[22.057879,43.29109],[22.057852,43.291044],[22.057841,43.291005],[22.05783,43.290963],[22.057823,43.290891],[22.05783,43.290834],[22.057845,43.290779],[22.057879,43.290727],[22.05795,43.290642]]},"properties":{"name":"Српских просветитеља"}},{"type":"Feature","geometry":{"type":"LineString","coordinates":[[22.097277,43.30063],[22.097488,43.300492],[22.097621,43.300411],[22.097676,43.300306],[22.097671,43.300052],[22.097693,43.299967],[22.097887,43.299874],[22.098173,43.299802]]},"properties":{"name":"Рустема Сејдића"}},{"type":"Feature","geometry":{"type":"LineString","coordinates":[[22.11914,43.27689],[22.11934,43.276836],[22.119473,43.276779],[22.119497,43.276699],[22.119469,43.276644],[22.119387,43.276607],[22.119327,43.276598],[22.119202,43.276572],[22.119047,43.276517],[22.118914,43.27645],[22.118767,43.276349],[22.118661,43.276234],[22.118545,43.276144],[22.118345,43.275994],[22.118195,43.275905],[22.117868,43.275736],[22.11774,43.27559],[22.117679,43.275461],[22.117668,43.275331],[22.117646,43.275097],[22.117579,43.274944],[22.117446,43.27479],[22.117263,43.274657],[22.117046,43.274479],[22.116936,43.274342],[22.116885,43.274228],[22.116909,43.274151],[22.116956,43.274039],[22.116963,43.273894],[22.117011,43.273748],[22.117065,43.273639],[22.117254,43.273456],[22.117332,43.273353],[22.117446,43.273176],[22.117497,43.273071],[22.117474,43.272982],[22.117383,43.272942],[22.11723,43.272899],[22.116971,43.272848],[22.116814,43.272736],[22.116634,43.272548],[22.116512,43.272453],[22.116355,43.272413],[22.11621,43.272385],[22.11612,43.272342],[22.115861,43.27203]]},"properties":{"name":"Трговачка"}},{"type":"Feature","geometry":{"type":"LineString","coordinates":[[22.115861,43.27203],[22.11572,43.271984],[22.11567,43.27197],[22.115437,43.27192],[22.115129,43.271692],[22.114869,43.271569],[22.114792,43.27157],[22.114703,43.271626],[22.114672,43.271732]]},"properties":{"name":"Белог багрема"}},{"type":"Feature","geometry":{"type":"LineString","coordinates":[[22.144533,43.291028],[22.144369,43.29122]]},"properties":{"name":"Смиљке Калушевић"}},{"type":"Feature","geometry":{"type":"LineString","coordinates":[[22.144129,43.291438],[22.144056,43.291534],[22.14377,43.291694],[22.143655,43.291843],[22.143413,43.292138],[22.143131,43.292442],[22.142899,43.292695],[22.142863,43.292737],[22.142827,43.292787],[22.142808,43.292844],[22.142806,43.292879],[22.142818,43.292927],[22.142841,43.292976],[22.142912,43.293062],[22.143102,43.293274],[22.143301,43.293448],[22.14342,43.293544],[22.143497,43.293606],[22.143544,43.293666],[22.143572,43.293725],[22.143595,43.293792],[22.143607,43.293855],[22.143608,43.293894],[22.143597,43.293939]]},"properties":{"name":"Смиљке Калушевић"}},{"type":"Feature","geometry":{"type":"LineString","coordinates":[[22.142888,43.295322],[22.143121,43.294933],[22.143224,43.294615],[22.143282,43.294401],[22.143421,43.294163],[22.143597,43.293939],[22.143886,43.293652],[22.144154,43.293338],[22.14427,43.293219],[22.144434,43.293123],[22.144574,43.29305],[22.145037,43.292789],[22.146043,43.292082],[22.146229,43.291903],[22.146556,43.291581],[22.146836,43.291411],[22.147162,43.29125],[22.14799,43.290681],[22.148258,43.290435],[22.148375,43.290299],[22.148398,43.290266],[22.148421,43.290223],[22.148435,43.290198],[22.14843,43.29017]]},"properties":{"name":"Војника Драгана Илића"}},{"type":"Feature","geometry":{"type":"LineString","coordinates":[[22.126371,43.309763],[22.126218,43.310033],[22.126068,43.31019],[22.125808,43.310385],[22.125611,43.31058],[22.125584,43.310662],[22.12557,43.310751],[22.125564,43.31086],[22.12556,43.311004],[22.12557,43.311211],[22.125577,43.311404],[22.125568,43.311488],[22.125529,43.311604],[22.125485,43.311676],[22.125404,43.311761],[22.125321,43.311814],[22.125218,43.311886],[22.125159,43.311936],[22.125086,43.312043],[22.124963,43.312302],[22.124908,43.312562],[22.124811,43.312779],[22.124741,43.312891],[22.124579,43.313246]]},"properties":{"name":"Генерала Војислава Николајевића"}},{"type":"Feature","geometry":{"type":"LineString","coordinates":[[22.124579,43.313246],[22.124637,43.313259],[22.124747,43.313277],[22.124812,43.313274],[22.124876,43.313266],[22.124927,43.313255],[22.124978,43.313241],[22.125199,43.313162],[22.125268,43.313128],[22.125333,43.31309],[22.125401,43.313043],[22.125462,43.312993],[22.125592,43.312866],[22.125766,43.312716],[22.125857,43.312626],[22.125908,43.312537],[22.125977,43.312379],[22.126007,43.31233],[22.126029,43.312303],[22.126059,43.312281],[22.1261,43.312262],[22.126145,43.312252],[22.126193,43.312251],[22.126451,43.312257],[22.126534,43.312286]]},"properties":{"name":"Милутина Бутковића"}},{"type":"Feature","geometry":{"type":"LineString","coordinates":[[22.126622,43.312335],[22.126645,43.312366],[22.12669,43.312684],[22.126675,43.312759],[22.126611,43.312902],[22.126586,43.312973],[22.126593,43.313106],[22.126735,43.313291],[22.126823,43.313367],[22.126862,43.313419],[22.126873,43.313485],[22.126882,43.31357],[22.126867,43.313705],[22.126855,43.313825],[22.126884,43.313954],[22.12697,43.314198],[22.127006,43.314284],[22.126999,43.314361],[22.126975,43.31444],[22.126947,43.314503],[22.126905,43.314565],[22.12685,43.314633],[22.126795,43.31469],[22.126721,43.314754],[22.126363,43.314986],[22.126273,43.315097],[22.126205,43.3152],[22.126123,43.315309],[22.126055,43.315462],[22.126035,43.315531],[22.126004,43.315646],[22.125969,43.31574],[22.125873,43.315918],[22.12578,43.315995],[22.125691,43.316063],[22.125562,43.316153],[22.125408,43.31625],[22.125269,43.316316],[22.125141,43.316378],[22.124982,43.316498],[22.124708,43.316721],[22.12453,43.316925],[22.124074,43.317706],[22.123868,43.31785],[22.123576,43.317956],[22.122931,43.318081],[22.122286,43.318319],[22.121885,43.31842],[22.121444,43.318532],[22.120933,43.318767],[22.1188,43.319731],[22.118571,43.319926],[22.11853,43.320125],[22.118597,43.320424],[22.118495,43.320646],[22.118123,43.320894],[22.117838,43.32114],[22.117647,43.32129],[22.117554,43.321489],[22.117562,43.321791],[22.117735,43.322179],[22.117877,43.322487],[22.117964,43.322782],[22.117964,43.323038],[22.117904,43.323365],[22.117781,43.323699],[22.117696,43.324005],[22.117603,43.324318],[22.117639,43.324588],[22.117743,43.324901],[22.117844,43.325088],[22.118093,43.325523],[22.118164,43.325828],[22.118246,43.326088],[22.118489,43.326498],[22.118618,43.326657],[22.118774,43.326882],[22.118968,43.327043],[22.119034,43.327141],[22.119017,43.327292],[22.118973,43.327433],[22.118909,43.327681],[22.11888,43.327791],[22.118905,43.327921],[22.118971,43.328068],[22.11922,43.328378],[22.119373,43.328589],[22.119375,43.328786],[22.119291,43.328911],[22.119094,43.329104],[22.119069,43.329218],[22.119066,43.329367],[22.119209,43.32955],[22.119288,43.329741],[22.11949,43.330427],[22.119682,43.330769],[22.119944,43.331064],[22.120015,43.331183],[22.120119,43.331374],[22.120296,43.331485],[22.120379,43.331537],[22.120729,43.33174],[22.12098,43.331864],[22.121027,43.331887],[22.121279,43.331967],[22.121588,43.332152],[22.121954,43.332331],[22.122121,43.332446],[22.122266,43.332598],[22.12249,43.332844],[22.122537,43.332883],[22.122641,43.332968],[22.12275,43.333057],[22.122829,43.333147],[22.122924,43.333348],[22.122939,43.333379],[22.123076,43.333541],[22.123341,43.333785],[22.123497,43.33395],[22.123535,43.334012],[22.123544,43.334046],[22.12354,43.33408],[22.123526,43.334124],[22.1235,43.334165],[22.123443,43.334229]]},"properties":{"name":"Милутина Бутковића"}},{"type":"Feature","geometry":{"type":"LineString","coordinates":[[22.122952,43.334822],[22.122907,43.334883],[22.122873,43.334906],[22.122833,43.334924],[22.122788,43.334935],[22.122653,43.334951],[22.122601,43.334965],[22.122575,43.334987],[22.122551,43.335012],[22.122449,43.335142],[22.122439,43.33517],[22.122438,43.335194],[22.122446,43.335224],[22.122471,43.335255],[22.122519,43.335284],[22.122682,43.335352],[22.12318,43.335535],[22.123276,43.335565],[22.123352,43.335589],[22.123367,43.335599],[22.123379,43.335618],[22.12338,43.33564],[22.123359,43.335698]]},"properties":{"name":"Милутина Бутковића"}},{"type":"Feature","geometry":{"type":"LineString","coordinates":[[22.14843,43.29017],[22.148392,43.290144],[22.148339,43.290135],[22.148294,43.290129],[22.148209,43.290137],[22.148094,43.290155],[22.147952,43.290191]]},"properties":{"name":"Милице Рибникар"}},{"type":"Feature","geometry":{"type":"LineString","coordinates":[[22.147838,43.290241],[22.147694,43.29031],[22.147413,43.290423],[22.146917,43.290656],[22.146626,43.290843],[22.14644,43.290975],[22.146395,43.291006],[22.146201,43.291107],[22.146042,43.291172],[22.145817,43.291232],[22.145657,43.29126],[22.145507,43.291257],[22.145401,43.291238],[22.145352,43.291226],[22.145296,43.291208],[22.145258,43.291186],[22.145169,43.291108],[22.145067,43.291047],[22.144981,43.291018],[22.1449,43.291004],[22.144788,43.291003],[22.144672,43.291011],[22.144533,43.291028]]},"properties":{"name":"Милице Рибникар"}},{"type":"Feature","geometry":{"type":"LineString","coordinates":[[21.970399,43.304559],[21.970417,43.304644]]},"properties":{"name":"Др Михаила Мике Марковића"}},{"type":"Feature","geometry":{"type":"LineString","coordinates":[[22.057101,43.295193],[22.057106,43.295176]]},"properties":{"name":"Рударска колонија"}},{"type":"Feature","geometry":{"type":"LineString","coordinates":[[22.05795,43.290642],[22.058073,43.290533],[22.058096,43.290506],[22.058107,43.290478],[22.058118,43.29045],[22.058121,43.290407],[22.058112,43.290358],[22.058093,43.290303],[22.058063,43.290259],[22.057985,43.290169],[22.057883,43.29006],[22.057765,43.289932],[22.057697,43.289874],[22.057618,43.289816],[22.057482,43.289723],[22.057431,43.289668],[22.057393,43.289589],[22.057379,43.28951],[22.057384,43.289376],[22.057358,43.289222],[22.0573,43.289075],[22.056975,43.288499],[22.056954,43.28845],[22.056939,43.288407],[22.056932,43.288367],[22.056933,43.288323],[22.056961,43.288103],[22.057014,43.287679],[22.05711,43.287284],[22.057146,43.2872],[22.057164,43.287136],[22.057206,43.287058],[22.057304,43.286951],[22.05735,43.286905],[22.057438,43.286841],[22.057516,43.286803],[22.057573,43.286767],[22.057637,43.286742],[22.057843,43.286654],[22.057985,43.286578],[22.058083,43.28653],[22.058204,43.286455],[22.058245,43.286423],[22.058366,43.286334],[22.058562,43.286184],[22.058713,43.286116],[22.058828,43.286052],[22.058974,43.285982],[22.059087,43.285937],[22.059479,43.285816],[22.059536,43.285794],[22.059591,43.285768],[22.059658,43.28572],[22.059727,43.285658],[22.059787,43.285589],[22.059822,43.285537],[22.059858,43.285474],[22.059884,43.285398],[22.059894,43.285314],[22.059899,43.28523],[22.0599,43.285117],[22.059908,43.285081],[22.059921,43.285045],[22.059956,43.284986],[22.05999,43.284948],[22.060032,43.28491],[22.060115,43.284856],[22.060349,43.284734],[22.060564,43.284654],[22.060922,43.284448],[22.06107,43.28437],[22.061246,43.284301],[22.061637,43.284141],[22.06178,43.284061],[22.061816,43.28403],[22.061876,43.283977],[22.061964,43.283884],[22.062041,43.2838],[22.062129,43.283641],[22.062207,43.283497],[22.06235,43.283306],[22.062415,43.283194],[22.062476,43.283023],[22.062512,43.282845],[22.062595,43.282572],[22.062651,43.282479],[22.062704,43.282412],[22.062782,43.282322],[22.062842,43.282241],[22.062856,43.282184],[22.062828,43.282122],[22.062742,43.282023],[22.062603,43.281899]]},"properties":{"name":"Краља Милана"}},{"type":"Feature","geometry":{"type":"LineString","coordinates":[[22.063701,43.279498],[22.06365,43.279522],[22.0636,43.279554],[22.06354,43.279594],[22.063477,43.279646],[22.06333,43.279779],[22.063232,43.279876],[22.063158,43.279955],[22.063082,43.280044],[22.063002,43.280149],[22.062921,43.280267],[22.062743,43.280502],[22.062596,43.280677],[22.062473,43.28082],[22.062388,43.280935],[22.062327,43.281061],[22.062303,43.281135],[22.062281,43.281255],[22.062284,43.281422],[22.062288,43.281566],[22.0623,43.281612],[22.062314,43.28166],[22.06233,43.281693],[22.062357,43.281725]]},"properties":{"name":"Краља Милана"}},{"type":"Feature","geometry":{"type":"LineString","coordinates":[[22.074429,43.272671],[22.074378,43.27273],[22.074255,43.272889],[22.074182,43.272955],[22.074136,43.272987],[22.073979,43.273068],[22.073845,43.273124],[22.073715,43.273205],[22.073588,43.273297],[22.07345,43.27341],[22.073272,43.27351],[22.073075,43.273589],[22.072885,43.273627],[22.072786,43.273642],[22.072633,43.273679],[22.072511,43.273735],[22.0724,43.273811],[22.072204,43.273892],[22.072056,43.27395],[22.07183,43.274039],[22.071697,43.274143],[22.071594,43.274243],[22.071476,43.274407],[22.071376,43.274569],[22.071227,43.274691],[22.071033,43.274798],[22.070614,43.274973],[22.070437,43.275085],[22.070054,43.275341],[22.06971,43.275558],[22.069452,43.27569],[22.069178,43.275844],[22.069061,43.275926],[22.068923,43.276029],[22.068825,43.276114],[22.068713,43.276258],[22.068541,43.276508],[22.068415,43.276708],[22.068408,43.27672],[22.068306,43.276815],[22.068238,43.276853],[22.068085,43.276934],[22.067899,43.277041],[22.067828,43.277095],[22.067762,43.277156],[22.06767,43.277276],[22.067558,43.277428],[22.067519,43.277472],[22.067465,43.277515],[22.067273,43.277626],[22.06702,43.277737],[22.066821,43.277834],[22.066758,43.277849],[22.066691,43.277861],[22.066623,43.277865],[22.066551,43.277856],[22.066085,43.277801],[22.065966,43.27781],[22.065847,43.277836],[22.065625,43.277917],[22.06555,43.277962],[22.065494,43.278008],[22.065452,43.278056],[22.065426,43.2781],[22.065409,43.278141],[22.065389,43.278189],[22.065336,43.278278],[22.065195,43.278448],[22.065096,43.27856],[22.06496,43.278667],[22.064824,43.278759],[22.064754,43.278831],[22.064705,43.278914],[22.064674,43.279016],[22.064641,43.279068],[22.064599,43.279124],[22.064548,43.279164],[22.06449,43.279202],[22.064388,43.279257],[22.0643,43.279296],[22.064128,43.279358],[22.063903,43.279426]]},"properties":{"name":"Краља Милана"}},{"type":"Feature","geometry":{"type":"LineString","coordinates":[[22.074429,43.272671],[22.074507,43.272614],[22.074563,43.272568],[22.074654,43.272515],[22.074736,43.272471],[22.074798,43.272396],[22.074863,43.272307],[22.074939,43.272185],[22.075031,43.271986],[22.075111,43.271844],[22.075201,43.271735],[22.075278,43.271639],[22.075589,43.271396],[22.075755,43.271253],[22.076051,43.270925],[22.076113,43.270842],[22.076147,43.270776],[22.076208,43.270635],[22.076308,43.270494],[22.076511,43.270332],[22.076956,43.27005],[22.077119,43.269942],[22.077226,43.269841],[22.077605,43.269378],[22.077713,43.269271],[22.077937,43.269071],[22.078069,43.268987],[22.07841,43.26888],[22.078547,43.268806],[22.078635,43.268741],[22.078673,43.268641],[22.078746,43.268455],[22.07887,43.26782],[22.0789,43.267732],[22.078922,43.267688],[22.078976,43.267637],[22.079228,43.267555],[22.079529,43.267465],[22.079849,43.267353],[22.079955,43.267257],[22.080067,43.267158],[22.080084,43.266967],[22.0801,43.266855],[22.08021,43.266737],[22.080488,43.266583],[22.08072,43.266427],[22.080843,43.266308],[22.081018,43.266135],[22.081118,43.266063],[22.081283,43.265996],[22.081489,43.265897],[22.081648,43.265761],[22.081891,43.265543],[22.082144,43.265351],[22.082342,43.26524],[22.082545,43.265164],[22.08292,43.265091],[22.083524,43.264895],[22.083987,43.264743],[22.084213,43.264652],[22.08461,43.264266],[22.0848,43.264057],[22.085155,43.263764],[22.085352,43.263542],[22.085548,43.263345],[22.08582,43.262977],[22.085895,43.262909],[22.086116,43.262797],[22.086372,43.262713],[22.08677,43.26259],[22.087043,43.26247],[22.087129,43.26241],[22.087331,43.262301],[22.087516,43.262153],[22.087998,43.261885],[22.088121,43.261784],[22.088215,43.26164],[22.088524,43.261134],[22.088587,43.261071],[22.088672,43.261019],[22.088789,43.260951]]},"properties":{"name":"Метохијска"}},{"type":"Feature","geometry":{"type":"LineString","coordinates":[[22.093448,43.257501],[22.093432,43.257542],[22.093394,43.257585],[22.093321,43.257652],[22.092043,43.258487],[22.091858,43.258605],[22.091734,43.258712],[22.091354,43.259145],[22.091232,43.259294],[22.091172,43.259345],[22.090886,43.259507],[22.0907,43.259618],[22.090328,43.259921],[22.090075,43.260129],[22.089741,43.260377],[22.089363,43.260644],[22.089138,43.260787],[22.088961,43.26086],[22.088789,43.260951]]},"properties":{"name":"Српских владара"}},{"type":"Feature","geometry":{"type":"LineString","coordinates":[[22.097124,43.256605],[22.097093,43.256649],[22.097046,43.256682],[22.096935,43.256726],[22.096716,43.256801],[22.096607,43.256832],[22.096377,43.256874],[22.095956,43.256879],[22.095378,43.256878],[22.095228,43.25688],[22.094952,43.256917],[22.094745,43.256931],[22.094444,43.256973],[22.094179,43.257033],[22.093811,43.257191],[22.093644,43.257261],[22.093554,43.257307],[22.093504,43.257375]]},"properties":{"name":"Српских владара"}},{"type":"Feature","geometry":{"type":"LineString","coordinates":[[22.099403,43.249345],[22.099397,43.249528],[22.09936,43.249634],[22.099289,43.24984],[22.099273,43.24992],[22.099283,43.250071],[22.099278,43.250163],[22.099251,43.250349],[22.099198,43.250715],[22.099109,43.251083],[22.09913,43.251447],[22.099097,43.25157],[22.098984,43.252044],[22.09896,43.252201],[22.098958,43.252243],[22.09896,43.252285],[22.098991,43.252485],[22.099007,43.252537],[22.099015,43.252638],[22.098966,43.252868],[22.098883,43.253037],[22.098778,43.253172],[22.098665,43.253284],[22.098498,43.253448],[22.098322,43.253588],[22.098053,43.253776],[22.098,43.253817],[22.097957,43.253893],[22.097919,43.253991],[22.097897,43.254358],[22.097901,43.254424],[22.09789,43.254478],[22.09773,43.254856],[22.097707,43.2549],[22.09769,43.254934],[22.097406,43.255307],[22.097292,43.255524],[22.097267,43.255673],[22.097296,43.255845],[22.097348,43.256041],[22.097357,43.25612],[22.097342,43.256211],[22.097322,43.256285],[22.097284,43.256371],[22.097244,43.256437],[22.097229,43.256463]]},"properties":{"name":"Српских владара"}},{"type":"Feature","geometry":{"type":"LineString","coordinates":[[22.099253,43.249027],[22.09926,43.249133],[22.099269,43.249158],[22.099291,43.24919],[22.099323,43.24923]]},"properties":{"name":"Српских владара"}},{"type":"Feature","geometry":{"type":"LineString","coordinates":[[21.958776,43.266409],[21.958707,43.266557],[21.958479,43.266913],[21.958133,43.267426],[21.958043,43.26753],[21.957933,43.267616],[21.957795,43.267657],[21.957583,43.267663],[21.95744,43.267702],[21.95731,43.267797],[21.957098,43.268049],[21.957017,43.268221],[21.956935,43.26844],[21.956817,43.268784],[21.956593,43.269427],[21.956541,43.269593],[21.956264,43.269979],[21.956154,43.270112],[21.956064,43.270237],[21.956003,43.270367],[21.95595,43.270554],[21.955881,43.270753],[21.955698,43.271138],[21.955649,43.271277],[21.955645,43.271426],[21.955681,43.271826],[21.955665,43.27209],[21.955657,43.27228],[21.955669,43.272487],[21.955645,43.272653],[21.955531,43.272861],[21.955388,43.27308],[21.955274,43.273187],[21.955168,43.273296],[21.955054,43.273477],[21.954904,43.273637],[21.954765,43.273806],[21.954505,43.274061],[21.954395,43.27418],[21.95426,43.274408],[21.954199,43.274494],[21.954122,43.274544],[21.953833,43.274672],[21.953755,43.27474],[21.953674,43.274841],[21.953523,43.27506],[21.953434,43.275134],[21.953246,43.275238],[21.953169,43.275297],[21.953108,43.275372],[21.95301,43.27549],[21.952925,43.275552],[21.95207,43.276024],[21.951964,43.276065]]},"properties":{"name":"Ивка Јорганџије"}},{"type":"Feature","geometry":{"type":"LineString","coordinates":[[21.951964,43.276065],[21.951858,43.276107],[21.951683,43.276163],[21.951524,43.276234],[21.951304,43.276359],[21.95106,43.276534],[21.950718,43.276833],[21.950502,43.277041],[21.950351,43.277239],[21.950278,43.277384],[21.950144,43.277684],[21.949965,43.278004],[21.94981,43.278232],[21.949712,43.278351],[21.949566,43.278499],[21.949484,43.278624],[21.949293,43.278997],[21.949228,43.279086],[21.949118,43.279181],[21.948971,43.27927],[21.948873,43.279341],[21.948678,43.279498],[21.948535,43.279596],[21.948385,43.279646],[21.948242,43.279676],[21.947908,43.279697],[21.947737,43.279723],[21.947554,43.279774],[21.947379,43.279812],[21.947176,43.27983],[21.947009,43.279848],[21.946744,43.279895],[21.946463,43.279952],[21.946259,43.279981],[21.946137,43.280052],[21.946031,43.280112],[21.945958,43.28023],[21.945848,43.28031],[21.94573,43.280364],[21.94551,43.280375],[21.945254,43.280387],[21.945111,43.280441],[21.944928,43.280536],[21.944557,43.28079],[21.944322,43.280913],[21.944289,43.28093],[21.943943,43.281119],[21.943527,43.281377],[21.943218,43.28157],[21.942933,43.281686],[21.942656,43.281843],[21.942456,43.281914],[21.941972,43.282068],[21.941662,43.282181],[21.941357,43.282302],[21.941186,43.282338],[21.941003,43.282338],[21.940608,43.282335],[21.940502,43.282358],[21.940339,43.28243],[21.940082,43.28253],[21.940005,43.28256],[21.93983,43.282599],[21.939622,43.282628],[21.939411,43.282637],[21.939252,43.282649],[21.939077,43.282667],[21.938682,43.282717],[21.938376,43.282759],[21.938173,43.282768],[21.937969,43.28275],[21.937501,43.282693],[21.937265,43.282676],[21.937025,43.282673],[21.936389,43.282696],[21.936117,43.282682],[21.935746,43.282634],[21.935408,43.282584],[21.934264,43.282462],[21.933922,43.282421],[21.933592,43.282358],[21.933303,43.282293],[21.933148,43.282234],[21.932855,43.282112],[21.932684,43.28205],[21.932472,43.282],[21.93209,43.281905],[21.931809,43.281819],[21.931389,43.281695],[21.931088,43.281614],[21.930803,43.281546],[21.930253,43.281413],[21.930042,43.281351],[21.929956,43.281297],[21.92972,43.281137],[21.929561,43.281051],[21.929362,43.280989],[21.929227,43.280951],[21.92906,43.280856],[21.928942,43.280787],[21.92884,43.28077],[21.928511,43.280776],[21.928144,43.280767],[21.927994,43.280752],[21.927839,43.280716],[21.927745,43.280693]]},"properties":{"name":"Вукмановска"}},{"type":"Feature","geometry":{"type":"LineString","coordinates":[[21.91857,43.287753],[21.918664,43.287634],[21.918974,43.287233],[21.919348,43.286628],[21.919866,43.285631],[21.919994,43.285414],[21.920075,43.285313],[21.920214,43.285177],[21.921006,43.284616],[21.921755,43.284298],[21.922354,43.283954],[21.922999,43.283459],[21.923621,43.283157],[21.923944,43.282883],[21.924161,43.282683],[21.925282,43.281589],[21.925366,43.281507],[21.925425,43.281449],[21.925613,43.281286],[21.925779,43.281191],[21.926725,43.280776],[21.926981,43.280717],[21.927148,43.280702],[21.927266,43.280672],[21.927366,43.280621],[21.927401,43.280548],[21.927413,43.280477],[21.927421,43.280216],[21.927441,43.280162]]},"properties":{"name":"Победе"}},{"type":"Feature","geometry":{"type":"LineString","coordinates":[[21.927484,43.280068],[21.927564,43.279934],[21.92784,43.279508],[21.928013,43.279194],[21.928101,43.279033],[21.928142,43.2789],[21.928134,43.278752],[21.928109,43.27863],[21.92804,43.278538],[21.92771,43.278101],[21.927376,43.277661],[21.927303,43.277518],[21.927275,43.277421],[21.927067,43.276677],[21.926998,43.276475],[21.926998,43.276359],[21.927022,43.276232],[21.927055,43.276113],[21.927063,43.275995],[21.927034,43.275844],[21.926521,43.27392],[21.9262,43.27287],[21.926126,43.272754],[21.926024,43.272645],[21.925963,43.272529],[21.92578,43.272043],[21.925347,43.270978],[21.925322,43.270789],[21.92537,43.270504],[21.925423,43.269821],[21.925463,43.269508],[21.925487,43.269247],[21.925394,43.266867],[21.925397,43.266018],[21.925357,43.265481],[21.92536,43.265259],[21.925406,43.265074],[21.92546,43.264827],[21.925508,43.264663],[21.925554,43.26451],[21.925682,43.264272],[21.925817,43.264007],[21.925933,43.263794]]},"properties":{"name":"Победе"}},{"type":"Feature","geometry":{"type":"LineString","coordinates":[[21.942033,43.257165],[21.94206,43.257161],[21.942092,43.257164],[21.942123,43.257179],[21.942238,43.257274],[21.942361,43.257374],[21.942441,43.257491],[21.942494,43.257591],[21.942617,43.257874],[21.942677,43.257988],[21.94275,43.258103],[21.942818,43.258241],[21.942853,43.25834],[21.942877,43.25843],[21.942898,43.258479],[21.942931,43.258528],[21.942976,43.258569],[21.943026,43.258612],[21.943084,43.258668],[21.943112,43.258702],[21.943155,43.258786],[21.943193,43.258875],[21.943202,43.258912],[21.943208,43.258938],[21.943206,43.258983],[21.943199,43.259024],[21.943191,43.259052],[21.943163,43.259145],[21.943139,43.259237],[21.943088,43.259312],[21.943027,43.259384],[21.942925,43.259486],[21.94277,43.259595],[21.94257,43.259726],[21.94246,43.259847],[21.9422,43.260174],[21.942171,43.260233],[21.942173,43.260263],[21.942188,43.260283],[21.942213,43.2603],[21.942245,43.260313]]},"properties":{"name":"Победе"}},{"type":"Feature","geometry":{"type":"LineString","coordinates":[[21.785744,43.340827],[21.785828,43.341012],[21.785959,43.341428],[21.785973,43.341477],[21.786089,43.342114],[21.786096,43.342155],[21.786202,43.342923]]},"properties":{"name":"Победе"}},{"type":"Feature","geometry":{"type":"LineString","coordinates":[[21.899419,43.371539],[21.899401,43.371589],[21.899348,43.371631],[21.899223,43.371675],[21.899127,43.371715],[21.899061,43.371765],[21.899009,43.371837],[21.898722,43.372362],[21.898662,43.372434],[21.898549,43.372552],[21.898215,43.372825],[21.898143,43.372918],[21.897929,43.373241],[21.897381,43.374357],[21.897246,43.3746],[21.897082,43.374934],[21.896928,43.375327],[21.896774,43.375881],[21.896765,43.375902],[21.896748,43.375921],[21.896725,43.375935],[21.896702,43.375945],[21.896673,43.375952],[21.896646,43.375953],[21.89662,43.375952],[21.896528,43.375931],[21.896346,43.375876],[21.896113,43.375833],[21.895773,43.375787],[21.89554,43.375755],[21.895197,43.375739],[21.894895,43.375714],[21.894451,43.37565],[21.894256,43.375622],[21.894112,43.375602],[21.893857,43.37559],[21.893605,43.375581],[21.893432,43.375572],[21.893149,43.375517],[21.893035,43.3755],[21.892954,43.375487],[21.892579,43.375448],[21.892401,43.375431],[21.892157,43.375407],[21.891824,43.375366],[21.891644,43.375334],[21.891437,43.375306],[21.891213,43.375293],[21.890833,43.375279],[21.890666,43.375279],[21.890543,43.375249],[21.890373,43.375185],[21.890263,43.375162],[21.89015,43.375169],[21.890021,43.375213],[21.889876,43.375277]]},"properties":{"name":"Победе"}},{"type":"Feature","geometry":{"type":"LineString","coordinates":[[21.91857,43.287753],[21.918442,43.287935],[21.918374,43.28812],[21.918327,43.288312],[21.918288,43.288476],[21.918229,43.288614],[21.918109,43.288765],[21.917893,43.289026],[21.917609,43.289635],[21.917436,43.289998],[21.917377,43.290201],[21.917081,43.292043],[21.917052,43.292193],[21.916906,43.293086],[21.916584,43.294854],[21.916365,43.295631],[21.916204,43.296352],[21.916174,43.296662],[21.916217,43.297972],[21.91627,43.300226],[21.916347,43.300714],[21.916395,43.300846]]},"properties":{"name":"Габровачки пут 2. део"}},{"type":"Feature","geometry":{"type":"LineString","coordinates":[[21.89323,43.320567],[21.893203,43.320639]]},"properties":{"name":"Мише Блама"}},{"type":"Feature","geometry":{"type":"LineString","coordinates":[[21.925933,43.263794],[21.926037,43.263581],[21.926076,43.263367],[21.926078,43.26326],[21.926019,43.263063],[21.925947,43.262825],[21.925917,43.262702],[21.925902,43.262576],[21.925903,43.262462],[21.925909,43.262399],[21.925923,43.262348],[21.925947,43.262291],[21.925991,43.262236],[21.926083,43.26213],[21.92622,43.262031],[21.926314,43.261962]]},"properties":{"name":"Слободе"}},{"type":"Feature","geometry":{"type":"LineString","coordinates":[[21.926338,43.261872],[21.926304,43.261842],[21.926266,43.261821],[21.926232,43.261805],[21.926191,43.261776],[21.926153,43.261744],[21.926123,43.261704],[21.926101,43.261634],[21.926086,43.261546],[21.926082,43.261477],[21.926086,43.261283],[21.926065,43.261126],[21.926049,43.261031],[21.926057,43.260924],[21.926098,43.260797],[21.92611,43.260702],[21.926082,43.26061],[21.926053,43.260459],[21.926057,43.260364],[21.926106,43.260008],[21.926139,43.25986],[21.926118,43.259685],[21.926126,43.259516],[21.926183,43.259377],[21.926305,43.259258],[21.926513,43.259151],[21.926668,43.259116],[21.927018,43.259068],[21.927503,43.259036],[21.927682,43.259053],[21.927853,43.259083],[21.928272,43.259169],[21.928365,43.259172],[21.928459,43.259154],[21.928614,43.259104],[21.928948,43.258932],[21.92905,43.258798],[21.929095,43.258665],[21.929148,43.258564],[21.929245,43.258487],[21.929367,43.258454],[21.929481,43.258446],[21.929656,43.258437],[21.929803,43.258422],[21.929925,43.258357],[21.930027,43.258279],[21.930218,43.258075],[21.930426,43.257918],[21.930518,43.257856],[21.930711,43.257728],[21.930784,43.2577],[21.930858,43.257683],[21.930931,43.257676],[21.931004,43.257683],[21.931084,43.2577],[21.931163,43.257725],[21.931692,43.257924],[21.931937,43.258048],[21.932372,43.258324],[21.932503,43.258389],[21.932653,43.25844],[21.932894,43.258493],[21.933122,43.25857],[21.933378,43.258674],[21.933496,43.258757],[21.933704,43.25887],[21.933871,43.258938],[21.934135,43.259024],[21.934253,43.259045],[21.93471,43.259083],[21.935011,43.259083],[21.935296,43.25905],[21.935418,43.259022],[21.935536,43.258994],[21.93561,43.258966],[21.935898,43.258855],[21.936057,43.258828],[21.93624,43.25881],[21.936513,43.258813],[21.936631,43.258801],[21.936835,43.258766],[21.937136,43.258724],[21.937287,43.258718],[21.937682,43.258712],[21.937861,43.258698],[21.938024,43.258665],[21.938276,43.2586],[21.938508,43.258558],[21.938724,43.258552],[21.938952,43.258564],[21.939127,43.258597],[21.939274,43.2586],[21.939445,43.258579],[21.939782,43.2585],[21.939852,43.258484],[21.94008,43.258452],[21.940206,43.258412],[21.940319,43.258384],[21.940457,43.258355],[21.940597,43.258347],[21.940849,43.258347],[21.94093,43.258342],[21.941012,43.258308],[21.941091,43.25825],[21.941146,43.258179],[21.941241,43.257983],[21.941342,43.25779],[21.941481,43.257594],[21.941631,43.257408],[21.9419,43.257233],[21.942033,43.257165]]},"properties":{"name":"Слободе"}},{"type":"Feature","geometry":{"type":"LineString","coordinates":[[21.954711,43.262415],[21.954817,43.262401],[21.954927,43.262389],[21.955119,43.262383],[21.955303,43.262398],[21.955421,43.262421],[21.955555,43.262498],[21.955962,43.262875],[21.956883,43.26375],[21.957037,43.263862],[21.957188,43.263942],[21.957469,43.26407],[21.957615,43.264153],[21.957835,43.264319],[21.958009,43.264448],[21.958094,43.264498],[21.958568,43.264915],[21.958678,43.265128],[21.958861,43.265446],[21.958886,43.265597],[21.958865,43.26573],[21.958756,43.265982],[21.958727,43.266119],[21.958747,43.266285],[21.958776,43.266409]]},"properties":{"name":"Љубомира Поповића"}},{"type":"Feature","geometry":{"type":"LineString","coordinates":[[21.942245,43.260313],[21.94222,43.260413]]},"properties":{"name":"Ковиљска"}},{"type":"Feature","geometry":{"type":"LineString","coordinates":[[21.879329,43.295936],[21.879463,43.295949],[21.879721,43.295975],[21.880144,43.296015],[21.880243,43.296026],[21.880332,43.296044],[21.880404,43.296068],[21.880508,43.296113],[21.88069,43.29623],[21.881118,43.296555],[21.881191,43.296612],[21.881353,43.296695],[21.881481,43.296755],[21.881635,43.296807],[21.881784,43.296849],[21.881936,43.296877],[21.882059,43.296893],[21.882153,43.296902],[21.882321,43.296905],[21.882427,43.296897],[21.88253,43.296886],[21.882609,43.296875],[21.882745,43.296851],[21.884769,43.296432],[21.884953,43.296395],[21.885159,43.296351],[21.886146,43.296139],[21.887662,43.295814],[21.887897,43.295773],[21.888009,43.295765],[21.888112,43.29577],[21.888346,43.295784],[21.888612,43.29581],[21.888797,43.295817],[21.888919,43.295809],[21.889089,43.295779],[21.890115,43.295562],[21.890417,43.295511],[21.89063,43.295494],[21.890847,43.295508],[21.891061,43.295558],[21.891596,43.295731],[21.891975,43.29585],[21.892188,43.295897],[21.892888,43.295966],[21.893114,43.29599],[21.893276,43.295948],[21.893508,43.295994],[21.893986,43.296129],[21.894158,43.296166],[21.89433,43.296192],[21.895297,43.296276],[21.895805,43.296359],[21.897209,43.29661],[21.897444,43.296678]]},"properties":{"name":"Елизабете Рос"}},{"type":"Feature","geometry":{"type":"LineString","coordinates":[[21.897444,43.296678],[21.897671,43.296279],[21.898045,43.295783],[21.898249,43.29549],[21.898647,43.295017],[21.899267,43.294354],[21.899787,43.293726],[21.899881,43.293514],[21.899979,43.292922],[21.9,43.292844],[21.900413,43.292111],[21.900503,43.291944],[21.900767,43.29156],[21.901305,43.290735],[21.901362,43.290597],[21.901393,43.29049],[21.9014,43.290423],[21.901395,43.290354],[21.901428,43.290219],[21.901519,43.290124],[21.901822,43.289954],[21.902337,43.28971],[21.902552,43.28953],[21.903007,43.289164],[21.903227,43.289055],[21.903558,43.288849],[21.904155,43.288356],[21.904189,43.288311],[21.90422,43.288246],[21.904241,43.288156],[21.904252,43.28802],[21.904226,43.287663],[21.904231,43.287358],[21.904256,43.286802],[21.904327,43.286408],[21.904467,43.286201],[21.904596,43.285982],[21.905247,43.285103],[21.905309,43.284947],[21.90535,43.284784],[21.905343,43.284701],[21.905326,43.28461],[21.90523,43.2842],[21.90525,43.284113],[21.905291,43.284038],[21.905408,43.283926],[21.906309,43.283116],[21.906553,43.282795],[21.906641,43.282621],[21.906696,43.282511],[21.907023,43.282111],[21.907561,43.281526],[21.907674,43.281376],[21.907717,43.281226],[21.907778,43.280948],[21.907755,43.280696],[21.907628,43.280389],[21.907603,43.280299],[21.907537,43.279978],[21.907471,43.279871],[21.907429,43.279803],[21.907153,43.279585],[21.906835,43.279428],[21.906354,43.279154],[21.905977,43.278965],[21.905538,43.278772],[21.904776,43.278601],[21.904544,43.278491],[21.904495,43.278466],[21.904182,43.278271],[21.903974,43.278141],[21.903545,43.277824],[21.903387,43.277631],[21.903278,43.277322],[21.903215,43.277138],[21.903195,43.276993],[21.903203,43.2768],[21.903238,43.276623],[21.9033,43.276449],[21.90339,43.276286],[21.9035,43.276149],[21.903586,43.275989],[21.903645,43.27584],[21.903726,43.275657],[21.903812,43.275469],[21.903905,43.275335],[21.904036,43.27513],[21.90411,43.275011],[21.904191,43.274848],[21.904261,43.274661],[21.90432,43.274452],[21.904395,43.274039],[21.904458,43.273587],[21.904531,43.273245],[21.904546,43.273178],[21.904546,43.272909],[21.904526,43.272779],[21.904452,43.272657],[21.903716,43.271946],[21.903205,43.27156],[21.903082,43.271411],[21.902974,43.271244],[21.902885,43.271054],[21.902785,43.270824],[21.90269,43.270579],[21.902622,43.270303],[21.902582,43.270024],[21.902583,43.26988],[21.902567,43.269665],[21.902551,43.269459],[21.902483,43.269164],[21.902397,43.268876],[21.902219,43.26835],[21.902126,43.26807],[21.902084,43.267893],[21.902062,43.267736],[21.902081,43.267609],[21.90211,43.26745],[21.902442,43.266375],[21.902534,43.26621],[21.902621,43.266088],[21.902748,43.265919],[21.902827,43.265802],[21.902928,43.265601],[21.903015,43.265431],[21.903112,43.265299],[21.903223,43.265196],[21.903376,43.265108],[21.903545,43.265035],[21.903757,43.264963],[21.90397,43.26495],[21.904184,43.264976],[21.904429,43.265052],[21.904517,43.265061],[21.904606,43.265056],[21.904699,43.265046],[21.904775,43.265016],[21.904895,43.264913],[21.904976,43.264826],[21.905017,43.264744],[21.905037,43.264658],[21.904997,43.264498],[21.904973,43.264351],[21.904993,43.264159],[21.904974,43.26394],[21.904919,43.26361],[21.904882,43.263399],[21.904905,43.263219],[21.904979,43.2631],[21.905083,43.263013],[21.90524,43.262933],[21.905469,43.262888],[21.907709,43.26286],[21.907916,43.262805],[21.90813,43.262701],[21.908755,43.262193],[21.909134,43.261848],[21.909936,43.261377],[21.910145,43.261212],[21.910333,43.261039],[21.910546,43.26076],[21.910744,43.260499],[21.910981,43.260194],[21.911161,43.260017],[21.911194,43.259933],[21.911178,43.259827],[21.911156,43.259759],[21.911187,43.259653],[21.911303,43.259513],[21.911607,43.259212],[21.911739,43.25906],[21.911925,43.258915],[21.912081,43.258828],[21.912389,43.258533],[21.912423,43.258419],[21.912467,43.258054],[21.912426,43.257964],[21.912212,43.25777],[21.912149,43.257689],[21.912152,43.25752],[21.912292,43.257135],[21.912556,43.256683]]},"properties":{"name":"Доњовлашка"}},{"type":"Feature","geometry":{"type":"LineString","coordinates":[[21.817134,43.309208],[21.817201,43.309344],[21.817198,43.309584],[21.817151,43.309777],[21.817141,43.309817],[21.817018,43.310164],[21.816903,43.310504],[21.816858,43.310863],[21.816832,43.31107],[21.816834,43.3111],[21.81685,43.311359],[21.816921,43.31163],[21.817029,43.311849],[21.817186,43.312072],[21.81723,43.312227],[21.817229,43.312679],[21.817228,43.312833],[21.817228,43.313039],[21.817219,43.313246],[21.817219,43.313475],[21.817219,43.31391],[21.817186,43.314125],[21.817163,43.314361],[21.817157,43.314627],[21.817181,43.314709],[21.817209,43.314806],[21.8173,43.314985],[21.817354,43.315091],[21.817391,43.315155],[21.817505,43.315306],[21.817568,43.315413],[21.817834,43.31596],[21.817904,43.3162],[21.81793,43.316296],[21.817934,43.316312],[21.817959,43.316405]]},"properties":{"name":"Симе Динића"}},{"type":"Feature","geometry":{"type":"LineString","coordinates":[[21.890819,43.321],[21.890705,43.320979]]},"properties":{"name":"Кеј Кола српских сестара"}},{"type":"Feature","geometry":{"type":"LineString","coordinates":[[21.820042,43.316619],[21.820013,43.316645],[21.819971,43.316684],[21.819645,43.31698],[21.818979,43.317515],[21.818474,43.317832],[21.818069,43.317953],[21.816647,43.318209],[21.816123,43.318272],[21.816003,43.318293],[21.815778,43.318285],[21.815332,43.31827],[21.814661,43.318193],[21.814386,43.318223],[21.814289,43.318243],[21.813942,43.318317],[21.813888,43.318332],[21.813485,43.318449],[21.813198,43.318534],[21.812985,43.318644],[21.812568,43.318858],[21.812293,43.319022],[21.812123,43.319149],[21.811743,43.319424],[21.811372,43.319693],[21.810863,43.320081],[21.810572,43.32021],[21.810285,43.320292],[21.809577,43.320481],[21.808923,43.320716],[21.808648,43.320892],[21.808236,43.321174],[21.807767,43.32141],[21.807193,43.321627]]},"properties":{"name":"Јастребачких партизана"}},{"type":"Feature","geometry":{"type":"LineString","coordinates":[[21.806487,43.32189],[21.806021,43.322078],[21.805878,43.322153],[21.805667,43.322281],[21.805485,43.322474],[21.805359,43.322728],[21.805176,43.32337],[21.805143,43.323487],[21.804946,43.324348],[21.804882,43.324597],[21.804744,43.324808],[21.803871,43.32568],[21.80367,43.325853],[21.803225,43.32624],[21.803069,43.326452],[21.802927,43.326633],[21.802789,43.32685],[21.802705,43.327024],[21.802603,43.327315],[21.802552,43.327559],[21.802508,43.327842],[21.802498,43.328016],[21.802495,43.32824],[21.802513,43.328723],[21.802497,43.32885],[21.802402,43.329007],[21.802302,43.329138],[21.801876,43.329572],[21.801682,43.329719],[21.801501,43.329798],[21.801257,43.329857],[21.800651,43.330001],[21.800443,43.330059],[21.800309,43.330169],[21.80025,43.330284],[21.800215,43.330396],[21.800209,43.330538],[21.800236,43.330971],[21.800238,43.331004]]},"properties":{"name":"Јастребачких партизана"}},{"type":"Feature","geometry":{"type":"LineString","coordinates":[[21.800238,43.331004],[21.800161,43.331195],[21.800079,43.331343],[21.799955,43.331463],[21.799896,43.331522],[21.799751,43.331617],[21.79953,43.331777],[21.79943,43.331899],[21.799325,43.332044],[21.79913,43.332367],[21.798988,43.332533],[21.798772,43.332739],[21.798567,43.332977],[21.798431,43.333156],[21.798231,43.333454],[21.797942,43.334062],[21.797589,43.334765],[21.797472,43.334947],[21.797337,43.335122],[21.797139,43.33534],[21.796998,43.335417],[21.796763,43.335523],[21.796035,43.335863],[21.795848,43.336022],[21.795721,43.336247],[21.795611,43.336573],[21.79548,43.336803],[21.795312,43.336962],[21.795118,43.337103],[21.795031,43.33728],[21.794932,43.33763],[21.794907,43.337714],[21.794877,43.33778],[21.794833,43.33785],[21.794784,43.33791],[21.794743,43.337952],[21.794682,43.337994],[21.794601,43.338037],[21.794535,43.338064],[21.794445,43.338089],[21.794375,43.338097],[21.794267,43.338102],[21.794118,43.338106],[21.794018,43.338118],[21.793927,43.338133],[21.793835,43.338153],[21.793756,43.338192],[21.793656,43.33823],[21.793508,43.338299],[21.793392,43.338343],[21.793245,43.338391],[21.793148,43.338415],[21.79304,43.338427],[21.79292,43.338435],[21.792808,43.338436],[21.79262,43.338436],[21.79237,43.338428],[21.791689,43.338365],[21.790834,43.338243],[21.790559,43.338234],[21.790359,43.338279],[21.790326,43.338311],[21.790253,43.338379],[21.790224,43.338428],[21.790191,43.338484],[21.790121,43.338592],[21.790066,43.338679],[21.789998,43.338743],[21.789872,43.338861],[21.789666,43.339065],[21.789529,43.339365],[21.789441,43.339574],[21.789316,43.33966],[21.789284,43.339671],[21.789209,43.339697],[21.78916,43.339714],[21.788601,43.339845],[21.788498,43.339869],[21.788198,43.33996],[21.787975,43.340069],[21.78793,43.340091],[21.787618,43.340296],[21.787326,43.340457],[21.787203,43.3405],[21.786958,43.340562],[21.78675,43.3406],[21.785744,43.340827]]},"properties":{"name":"Нишка"}},{"type":"Feature","geometry":{"type":"LineString","coordinates":[[21.808381,43.374709],[21.808427,43.374638],[21.808431,43.374581],[21.808439,43.374488],[21.808412,43.374355],[21.80784,43.37277],[21.807498,43.37182],[21.807431,43.371664],[21.807244,43.371225],[21.807147,43.370999],[21.80712,43.370937],[21.806661,43.369561],[21.806635,43.369424],[21.806629,43.369178],[21.806678,43.368947],[21.8067,43.368894],[21.806952,43.368294],[21.806956,43.368224],[21.806928,43.368156],[21.806831,43.368105],[21.806677,43.368035],[21.806519,43.367962]]},"properties":{"name":"Нишка"}},{"type":"Feature","geometry":{"type":"LineString","coordinates":[[21.785175,43.312449],[21.78498,43.312433],[21.784791,43.312417],[21.78461,43.312402],[21.784445,43.312387],[21.784288,43.31237],[21.784232,43.312364],[21.784128,43.312353],[21.783889,43.312331],[21.783723,43.312318],[21.783586,43.312307],[21.783424,43.312294],[21.783249,43.312282],[21.783164,43.312275],[21.783094,43.312269],[21.783045,43.312261],[21.783007,43.312254],[21.782975,43.312246],[21.782945,43.312239],[21.782886,43.312218],[21.782833,43.312197],[21.782784,43.312174],[21.78274,43.312152],[21.782698,43.312128],[21.78266,43.312105],[21.782629,43.312082],[21.782597,43.312056],[21.782566,43.312028],[21.782535,43.311996],[21.782509,43.311966],[21.782486,43.311935],[21.782461,43.3119],[21.782436,43.311864],[21.78237,43.311743],[21.782303,43.311615],[21.78217,43.311357],[21.781905,43.310821],[21.781869,43.310759],[21.781829,43.310687],[21.781794,43.310629],[21.781764,43.310582],[21.781728,43.310527],[21.781697,43.310477],[21.78165,43.310405],[21.781602,43.310335],[21.781556,43.310267],[21.781505,43.310195],[21.781151,43.309714],[21.780829,43.309261],[21.780424,43.308708],[21.780017,43.308145],[21.779966,43.308076],[21.779915,43.308005],[21.779889,43.307968],[21.779863,43.307932],[21.779811,43.307856],[21.779784,43.307818],[21.779605,43.307563],[21.779492,43.307406],[21.779403,43.307284],[21.779355,43.307217],[21.779322,43.307172],[21.7793,43.307142],[21.779285,43.30712],[21.779251,43.307073],[21.779201,43.30701],[21.779151,43.306948],[21.779102,43.306894],[21.779051,43.30684],[21.779003,43.306792],[21.778942,43.306733],[21.778882,43.30668],[21.77882,43.306628],[21.778753,43.306577],[21.778715,43.306553],[21.778681,43.306531],[21.778628,43.3065],[21.778575,43.306472],[21.77852,43.306444],[21.778461,43.306418],[21.778403,43.306391],[21.778345,43.306364],[21.778155,43.306294],[21.777953,43.306223],[21.777276,43.305988],[21.776657,43.305778],[21.776074,43.305576],[21.775779,43.305474],[21.77545,43.30536],[21.775446,43.305359],[21.775174,43.305261],[21.774875,43.305145],[21.774558,43.305025],[21.773761,43.304723],[21.77326,43.304533],[21.772767,43.304346],[21.772021,43.304061],[21.771654,43.30392],[21.771317,43.303794],[21.770949,43.303656],[21.770627,43.303537],[21.770289,43.303416],[21.769962,43.303299],[21.769156,43.303016],[21.768406,43.302757],[21.768295,43.302719],[21.767543,43.302465],[21.766798,43.302211],[21.765838,43.301891],[21.765224,43.301677],[21.765071,43.301624],[21.763393,43.301048],[21.762852,43.300855],[21.762174,43.300618],[21.76172,43.300463],[21.761265,43.300302],[21.760716,43.300104],[21.760183,43.299908],[21.759636,43.299719],[21.75946,43.299652],[21.758845,43.29942],[21.75788,43.299062],[21.757643,43.298973],[21.757323,43.298853],[21.756935,43.298708],[21.756361,43.298491],[21.755918,43.298323],[21.755426,43.298135],[21.754945,43.29795]]},"properties":{"name":"Нишка"}},{"type":"Feature","geometry":{"type":"LineString","coordinates":[[21.79692,43.35934],[21.797196,43.359236],[21.797782,43.35902],[21.798447,43.358713],[21.798847,43.358478],[21.799745,43.357858],[21.800278,43.35741],[21.800957,43.356807],[21.801138,43.356622],[21.801391,43.356408],[21.801942,43.356082],[21.802076,43.356023],[21.802224,43.356],[21.802373,43.35603],[21.802625,43.356124],[21.803513,43.356335],[21.803806,43.356372],[21.804124,43.356329],[21.804409,43.35623],[21.805004,43.35578],[21.805472,43.355392],[21.805685,43.355256],[21.805861,43.355112],[21.806081,43.354888],[21.806214,43.35474],[21.806393,43.35462],[21.80672,43.354491],[21.806947,43.354333],[21.807069,43.354174],[21.807165,43.35402],[21.807362,43.353833],[21.807569,43.353708],[21.807667,43.353627],[21.807805,43.353507],[21.807895,43.353399],[21.808371,43.352739],[21.808388,43.352715],[21.808833,43.352112],[21.808952,43.351993],[21.809315,43.351691],[21.809466,43.351571],[21.810015,43.351232],[21.810218,43.351129],[21.810714,43.350974],[21.810815,43.35093],[21.810844,43.350918],[21.811156,43.350752],[21.811354,43.350622],[21.811666,43.35047],[21.811974,43.35035],[21.812296,43.35019],[21.813168,43.349726],[21.813566,43.349521],[21.813724,43.349432],[21.81403,43.349259],[21.81424,43.349131],[21.814423,43.349004],[21.814515,43.348933],[21.814577,43.348874],[21.814611,43.348824],[21.814642,43.348771],[21.814806,43.348429],[21.814862,43.348269],[21.814887,43.34811],[21.815004,43.347552],[21.815059,43.347317],[21.815188,43.346963],[21.815918,43.345105],[21.816026,43.344844],[21.816068,43.344694],[21.816072,43.344556],[21.81606,43.344397],[21.816049,43.344237],[21.816016,43.344082],[21.81596,43.343919],[21.815147,43.341863],[21.815029,43.34161],[21.814946,43.341442],[21.814918,43.341336],[21.814899,43.341242],[21.814899,43.341156],[21.814912,43.341074],[21.814947,43.340976],[21.814981,43.340906],[21.815024,43.340838],[21.815082,43.340771],[21.815159,43.340702],[21.815234,43.340643],[21.81533,43.340583],[21.815394,43.34055],[21.815459,43.340523],[21.815503,43.340505],[21.815555,43.340488],[21.815617,43.340472],[21.815691,43.340457],[21.815774,43.340444],[21.815895,43.340427],[21.815984,43.340419],[21.816087,43.34041],[21.816218,43.3404],[21.81635,43.340389],[21.816473,43.340377],[21.816598,43.340362],[21.81672,43.340342],[21.816833,43.340322],[21.816943,43.340299],[21.817053,43.340269],[21.817148,43.340241],[21.81725,43.340203],[21.817314,43.340176],[21.817383,43.340145],[21.817494,43.340085],[21.817588,43.340024],[21.817687,43.339946],[21.817846,43.339782],[21.817917,43.339692],[21.818009,43.339551],[21.818141,43.339309],[21.818276,43.339012]]},"properties":{"name":"Цара Лазара"}},{"type":"Feature","geometry":{"type":"LineString","coordinates":[[21.819868,43.355764],[21.819416,43.355742],[21.819087,43.355726],[21.818685,43.355682],[21.817941,43.355619],[21.817655,43.355595],[21.816966,43.355527],[21.816584,43.35549],[21.816435,43.355475],[21.816378,43.355467],[21.815402,43.35534],[21.815292,43.355325],[21.815087,43.355299],[21.814076,43.355096],[21.81344,43.354915],[21.813059,43.354787],[21.812256,43.35458],[21.811788,43.354501],[21.811467,43.354448],[21.810942,43.354373],[21.810101,43.354209],[21.809446,43.354031],[21.809219,43.35397],[21.808656,43.353822],[21.808147,43.35371],[21.807827,43.353676],[21.807569,43.353708]]},"properties":{"name":"Водника Дејана Митића"}},{"type":"Feature","geometry":{"type":"LineString","coordinates":[[21.819868,43.355764],[21.819803,43.35586]]},"properties":{"name":"Срђана Јаћимовића"}},{"type":"Feature","geometry":{"type":"LineString","coordinates":[[21.818276,43.339012],[21.818453,43.338672],[21.818654,43.338202],[21.818852,43.337597],[21.818999,43.336966],[21.819035,43.33683],[21.81909,43.336737],[21.819178,43.336619],[21.819761,43.336017],[21.820454,43.335295],[21.820553,43.335215],[21.820666,43.335156],[21.820948,43.335055],[21.821099,43.33498],[21.821245,43.334884],[21.821553,43.334506],[21.821769,43.334279],[21.821956,43.334148],[21.82293,43.333528],[21.823032,43.333455],[21.823106,43.333388],[21.823117,43.333378],[21.82323,43.333293],[21.823384,43.333167],[21.823434,43.333118],[21.823679,43.332879],[21.823959,43.332598],[21.824088,43.332431],[21.824173,43.332293],[21.824292,43.332101],[21.824392,43.33181],[21.824446,43.331459],[21.824471,43.331378],[21.824497,43.331312],[21.824532,43.331266],[21.824579,43.331215],[21.824624,43.331182],[21.824664,43.33116],[21.824728,43.331146],[21.82477,43.331147],[21.824824,43.331149],[21.825018,43.331161],[21.825372,43.331153],[21.825666,43.331181],[21.825727,43.331182],[21.825779,43.331174],[21.825948,43.331064],[21.826397,43.330764],[21.826444,43.330743],[21.826501,43.330718],[21.826787,43.330622],[21.82739,43.330473],[21.827647,43.330381],[21.827839,43.33032],[21.827934,43.33029],[21.828167,43.330224],[21.828525,43.330184],[21.828634,43.330172],[21.829529,43.330091],[21.830287,43.33001],[21.830535,43.329977],[21.831193,43.329861],[21.831678,43.329784],[21.831936,43.329754],[21.832206,43.329738],[21.832591,43.32975],[21.83284,43.329735],[21.832928,43.329719],[21.832969,43.329709],[21.833015,43.329685],[21.833076,43.329643],[21.833124,43.329604],[21.83316,43.329571],[21.833193,43.32953],[21.833227,43.329461],[21.833248,43.329391],[21.833398,43.328246],[21.833454,43.328081],[21.833499,43.328011],[21.833556,43.327955],[21.833683,43.32786],[21.833738,43.327842],[21.833824,43.327814],[21.834248,43.327728]]},"properties":{"name":"Миле Ђурђановића"}},{"type":"Feature","geometry":{"type":"LineString","coordinates":[[21.843328,43.327937],[21.843406,43.32789],[21.843527,43.327845],[21.843641,43.327822],[21.843787,43.327807],[21.84475,43.327731],[21.845274,43.327675],[21.845679,43.327588],[21.845854,43.327532],[21.845976,43.327477],[21.846252,43.327311],[21.846331,43.327262],[21.846507,43.327187],[21.849636,43.326459],[21.850006,43.32642],[21.851644,43.326356],[21.851888,43.32632],[21.852475,43.326169],[21.852829,43.326083],[21.853379,43.326002],[21.853731,43.325951],[21.85442,43.325865],[21.85588,43.325647],[21.855962,43.325631],[21.856181,43.325591],[21.856655,43.325486],[21.85723,43.325357],[21.858847,43.325266],[21.859059,43.325252],[21.859215,43.325247],[21.859997,43.32527],[21.860256,43.325279],[21.861292,43.325343],[21.861336,43.325343],[21.861369,43.325342],[21.861415,43.325337],[21.861469,43.32533],[21.86176,43.325281],[21.861892,43.325255],[21.862021,43.325219],[21.862116,43.325178],[21.862226,43.325122],[21.862264,43.325097],[21.86229,43.325072],[21.862312,43.325046],[21.862361,43.324934],[21.862562,43.32441],[21.862592,43.324382]]},"properties":{"name":"Поповачка"}},{"type":"Feature","geometry":{"type":"LineString","coordinates":[[21.830154,43.336119],[21.828566,43.335174],[21.828239,43.334984],[21.827716,43.334707],[21.825466,43.333926],[21.824551,43.333656],[21.823738,43.333455],[21.823486,43.333393],[21.823411,43.333368],[21.823348,43.333344],[21.82323,43.333293]]},"properties":{"name":"Богдана Стојановића"}},{"type":"Feature","geometry":{"type":"LineString","coordinates":[[21.803106,43.372065],[21.803284,43.372149],[21.803475,43.37227],[21.803806,43.372516],[21.803977,43.372604],[21.804284,43.372706],[21.80451,43.37281],[21.804564,43.372861],[21.804583,43.372969],[21.804642,43.373147],[21.804739,43.373291],[21.804832,43.373362],[21.804969,43.373415],[21.805303,43.373469],[21.80554,43.373523],[21.805731,43.373574],[21.806149,43.373748],[21.806893,43.374092],[21.807277,43.37426],[21.807886,43.374515],[21.808381,43.374709]]},"properties":{"name":"Београдска"}},{"type":"Feature","geometry":{"type":"LineString","coordinates":[[21.79692,43.35934],[21.796891,43.359363],[21.796876,43.359388],[21.79687,43.35942],[21.796875,43.359443],[21.79688,43.359465],[21.796899,43.359486],[21.796964,43.359527],[21.797053,43.359569],[21.797386,43.3597],[21.798376,43.360201],[21.799319,43.360702],[21.800587,43.361339],[21.801416,43.361699],[21.801873,43.361856],[21.802798,43.362169],[21.803019,43.362302],[21.803433,43.36254],[21.803848,43.362744],[21.80494,43.363268],[21.805279,43.363389],[21.806215,43.363745],[21.806817,43.364038],[21.807124,43.364281],[21.80728,43.364523],[21.807323,43.364785],[21.807237,43.365008],[21.806882,43.365841],[21.806758,43.366193],[21.806683,43.366541],[21.806624,43.366913],[21.806586,43.367159],[21.806457,43.367703],[21.806458,43.367731],[21.806442,43.367809],[21.806461,43.367898],[21.806519,43.367962]]},"properties":{"name":"Вртишка"}},{"type":"Feature","geometry":{"type":"LineString","coordinates":[[21.803106,43.372065],[21.802966,43.372122],[21.802736,43.37217],[21.802561,43.372218],[21.802443,43.372262],[21.802343,43.3723],[21.802164,43.372416],[21.802009,43.372523],[21.801705,43.372772],[21.801576,43.372837],[21.801485,43.372843],[21.801355,43.37284],[21.801122,43.372781],[21.801001,43.372718],[21.800912,43.372648],[21.800842,43.372583],[21.800752,43.372523],[21.800601,43.372455],[21.80048,43.372365],[21.800402,43.372291],[21.80034,43.372207],[21.800161,43.371913],[21.800094,43.371858],[21.800033,43.371808],[21.799889,43.371717],[21.799683,43.371655],[21.79943,43.37161],[21.799193,43.371593],[21.799002,43.371587],[21.798306,43.371624],[21.798065,43.371658],[21.797606,43.37172],[21.797448,43.371752],[21.797357,43.371771],[21.797182,43.371828],[21.797015,43.371896],[21.796828,43.372014],[21.796594,43.372192],[21.796209,43.372484],[21.795855,43.37273],[21.795557,43.372919],[21.795246,43.373078],[21.795067,43.37323],[21.794662,43.373649],[21.794323,43.37385],[21.793992,43.373975],[21.793597,43.374103],[21.793273,43.374144],[21.792826,43.374169],[21.79264,43.374226],[21.792474,43.374324],[21.792383,43.374378],[21.791832,43.3748],[21.791496,43.375057],[21.791309,43.375243],[21.791224,43.375458],[21.791107,43.375888],[21.790905,43.376431],[21.790524,43.377149],[21.790002,43.377907],[21.789489,43.378534],[21.789232,43.378749],[21.788898,43.378919],[21.788423,43.379179],[21.78826,43.379222],[21.78791,43.379315],[21.787243,43.379487],[21.787015,43.379546],[21.786727,43.379575],[21.786541,43.379546],[21.785903,43.379473],[21.785677,43.37949],[21.785459,43.379558],[21.785296,43.379705],[21.785187,43.379874],[21.785016,43.380112],[21.78479,43.380366],[21.784222,43.380892],[21.783857,43.381158],[21.783157,43.381508],[21.7829,43.381571],[21.782612,43.381576],[21.781624,43.381508],[21.781445,43.381531],[21.781401,43.381557],[21.781328,43.381599],[21.781235,43.38174],[21.781142,43.382102],[21.780986,43.382713],[21.780916,43.382877],[21.780729,43.383148],[21.780415,43.383433]]},"properties":{"name":"Светосавска"}},{"type":"Feature","geometry":{"type":"LineString","coordinates":[[21.870734,43.342254],[21.870656,43.342205]]},"properties":{"name":"Ратка Јовића"}},{"type":"Feature","geometry":{"type":"LineString","coordinates":[[21.860097,43.349773],[21.860153,43.349891],[21.860166,43.349939],[21.860174,43.349993],[21.860178,43.350041],[21.860177,43.35009],[21.860172,43.350137],[21.860157,43.350187],[21.860138,43.350234],[21.860119,43.350276],[21.860101,43.350317],[21.860066,43.350377],[21.859926,43.350497],[21.859822,43.350585],[21.859563,43.350784],[21.859077,43.351159],[21.858969,43.351242],[21.857918,43.352049],[21.8577,43.352217],[21.855889,43.353609],[21.85545,43.353946],[21.854907,43.354364],[21.854793,43.354451],[21.854609,43.354593],[21.854349,43.354792],[21.854014,43.35505],[21.853346,43.355562],[21.853341,43.355566],[21.853298,43.355599],[21.853293,43.355603],[21.853136,43.355725],[21.850655,43.357631],[21.850371,43.357865],[21.850273,43.35794],[21.847761,43.359853],[21.846966,43.360468],[21.846533,43.360806],[21.846515,43.36082],[21.846497,43.360834],[21.846406,43.360905],[21.846193,43.361047],[21.845917,43.361232],[21.845845,43.361288],[21.845293,43.361719],[21.845275,43.361734],[21.844509,43.362332],[21.844034,43.362704],[21.843456,43.363155],[21.840961,43.365105],[21.840337,43.365592],[21.840285,43.365634],[21.840165,43.365725],[21.838644,43.366881],[21.837428,43.367833],[21.83673,43.368377],[21.836082,43.36889],[21.83547,43.369349],[21.834925,43.369758],[21.833522,43.370793],[21.833186,43.371072],[21.830398,43.373207],[21.830015,43.3735],[21.829783,43.373679],[21.829598,43.373822],[21.829333,43.373971],[21.829328,43.373974],[21.829104,43.374106],[21.82865,43.374352],[21.828501,43.374422],[21.828373,43.37447],[21.828205,43.374518],[21.828005,43.374557],[21.82725,43.374701],[21.826848,43.374799],[21.82677,43.374823],[21.826685,43.374859],[21.826609,43.374902],[21.826539,43.374953],[21.826479,43.375011],[21.826432,43.375071],[21.826089,43.375546],[21.826056,43.375591],[21.826006,43.37566],[21.825691,43.376088],[21.825487,43.376366],[21.825291,43.376641],[21.825147,43.376843],[21.824983,43.377055],[21.824728,43.377385],[21.824409,43.377798],[21.823488,43.379041],[21.823413,43.379143],[21.82333,43.379255],[21.823323,43.379264],[21.823132,43.37952],[21.822502,43.380371],[21.822459,43.38043],[21.822275,43.380672],[21.822006,43.381],[21.821825,43.381232],[21.821458,43.381728],[21.820937,43.382406],[21.8205,43.383021],[21.820279,43.383317],[21.820274,43.383323],[21.820129,43.383517],[21.81974,43.384036],[21.819644,43.384163],[21.819403,43.384477],[21.818697,43.385393],[21.818599,43.38552],[21.81849,43.385662],[21.818363,43.385834],[21.818055,43.386253],[21.818026,43.386292],[21.817942,43.386406],[21.817147,43.387454],[21.816781,43.387936],[21.81663,43.388137],[21.816318,43.388551],[21.816308,43.388564],[21.816174,43.388742],[21.81522,43.390009],[21.814848,43.390503],[21.81464,43.390779],[21.81453,43.390924],[21.81421,43.391349],[21.813966,43.391674],[21.811859,43.394473],[21.81139,43.39509],[21.810468,43.396313],[21.81024,43.396616],[21.810209,43.396657],[21.810202,43.396666],[21.809639,43.397407],[21.809602,43.397457],[21.809336,43.397814],[21.80928,43.397887],[21.808659,43.39869],[21.808564,43.398815],[21.808463,43.398906],[21.808365,43.398974],[21.808273,43.399025],[21.808175,43.399067],[21.808151,43.399075],[21.80805,43.399107],[21.807952,43.399129],[21.807431,43.399252],[21.806993,43.39936],[21.806743,43.399414],[21.806722,43.399418],[21.806528,43.399459],[21.806398,43.399501],[21.806306,43.399539],[21.806211,43.399587],[21.80615,43.399624],[21.806116,43.399647],[21.80599,43.399752],[21.805906,43.399847],[21.805838,43.399959],[21.805795,43.400049],[21.805764,43.400154],[21.80575,43.400301],[21.805762,43.400404],[21.80579,43.400504],[21.805835,43.400606],[21.805838,43.400611],[21.805868,43.400658],[21.805944,43.400755],[21.806286,43.401137],[21.806448,43.401348],[21.806522,43.401493],[21.806534,43.401525],[21.80654,43.401552],[21.806583,43.401739],[21.80659,43.401808],[21.806632,43.402535],[21.80664,43.402685],[21.806643,43.40275],[21.806644,43.402766],[21.806645,43.402794],[21.806646,43.402806],[21.806658,43.403067],[21.806667,43.403261],[21.806677,43.403496],[21.806684,43.403663],[21.806679,43.403739],[21.806666,43.403813],[21.806638,43.403875],[21.806627,43.403892],[21.806611,43.403916],[21.806556,43.403986],[21.806421,43.404141],[21.806409,43.404155],[21.806397,43.404169],[21.806279,43.404305],[21.805515,43.405209],[21.805512,43.405212],[21.805157,43.405621]]},"properties":{"name":"Стевана Синђелића"}},{"type":"Feature","geometry":{"type":"LineString","coordinates":[[21.796625,43.423101],[21.796725,43.423085],[21.796923,43.423055],[21.797039,43.423026],[21.797165,43.422987],[21.797291,43.422939],[21.797393,43.422894]]},"properties":{"name":"Стевана Синђелића"}},{"type":"Feature","geometry":{"type":"LineString","coordinates":[[21.798617,43.397899],[21.799939,43.399487],[21.79998,43.399539],[21.800056,43.399608],[21.800158,43.399678],[21.800246,43.399725],[21.801228,43.400197],[21.802262,43.400668],[21.802683,43.400885],[21.804362,43.402104],[21.804591,43.402231],[21.804959,43.40236],[21.806512,43.40266],[21.806531,43.402664],[21.806551,43.402667],[21.80664,43.402685]]},"properties":{"name":"Десанке Максимовић"}},{"type":"Feature","geometry":{"type":"LineString","coordinates":[[21.786989,43.396271],[21.786664,43.396143],[21.786302,43.39606],[21.785916,43.39606],[21.785566,43.396131],[21.785006,43.396343],[21.784783,43.396393],[21.784534,43.396405],[21.784215,43.39645],[21.783859,43.396557],[21.783572,43.396616],[21.783298,43.396607],[21.782924,43.396539],[21.782501,43.396508],[21.782187,43.396466],[21.781709,43.396403],[21.781335,43.39634],[21.78093,43.396236],[21.780569,43.396141],[21.778985,43.395901],[21.778718,43.395851],[21.778487,43.395778],[21.777776,43.395457],[21.777396,43.395348],[21.776966,43.395285],[21.776764,43.395271],[21.776698,43.395267],[21.774894,43.395227],[21.772801,43.395188],[21.772541,43.395176],[21.772267,43.395181],[21.772086,43.395212],[21.771694,43.395303]]},"properties":{"name":"Пеке Дапчевића"}},{"type":"Feature","geometry":{"type":"LineString","coordinates":[[21.763647,43.395945],[21.763841,43.395982],[21.764408,43.396204],[21.764551,43.396227],[21.764944,43.396236],[21.765112,43.396272],[21.765328,43.396351],[21.765713,43.396491],[21.765785,43.396516],[21.765985,43.396585],[21.766234,43.396603],[21.766515,43.396576],[21.766745,43.396517],[21.769815,43.395757]]},"properties":{"name":"Пеке Дапчевића"}},{"type":"Feature","geometry":{"type":"LineString","coordinates":[[21.784812,43.396604],[21.784867,43.396672]]},"properties":{"name":"Силване Арменулић"}},{"type":"Feature","geometry":{"type":"LineString","coordinates":[[21.78505,43.396893],[21.785047,43.396978],[21.785031,43.397075],[21.784923,43.397515],[21.784895,43.397725],[21.784903,43.397965],[21.784996,43.398917],[21.785063,43.399129],[21.785494,43.400169],[21.785529,43.400339],[21.785677,43.401404],[21.785697,43.401732],[21.785673,43.402269],[21.785634,43.402398]]},"properties":{"name":"Силване Арменулић"}},{"type":"Feature","geometry":{"type":"LineString","coordinates":[[21.785634,43.402398],[21.785623,43.402436],[21.785572,43.402574],[21.78556,43.402693],[21.785572,43.40278],[21.785698,43.403234],[21.786107,43.404756],[21.786393,43.405822],[21.78647,43.406106],[21.786716,43.407023],[21.786848,43.407631],[21.786852,43.407776],[21.786861,43.408137],[21.786817,43.409219],[21.786785,43.409548],[21.78681,43.409799],[21.786898,43.410036],[21.787192,43.410405],[21.787363,43.410689],[21.787432,43.410894],[21.787514,43.411123],[21.787627,43.411314],[21.78769,43.411492],[21.787728,43.411871],[21.787802,43.412018]]},"properties":{"name":"Трећа"}},{"type":"Feature","geometry":{"type":"LineString","coordinates":[[21.784335,43.415336],[21.783486,43.416127],[21.783254,43.416406],[21.78282,43.416908],[21.782198,43.417775],[21.781987,43.417983],[21.781755,43.418181],[21.781735,43.418195],[21.781143,43.418624],[21.781098,43.418661],[21.780902,43.418822],[21.780671,43.419103],[21.780093,43.419966],[21.780044,43.420006],[21.779848,43.420171],[21.779278,43.420585],[21.779269,43.420644],[21.779315,43.420699],[21.780133,43.420963],[21.780958,43.421245],[21.781089,43.421316],[21.781199,43.421415],[21.78137,43.421648],[21.781415,43.421693],[21.781714,43.421999],[21.781919,43.422139],[21.781987,43.422186],[21.78236,43.422282],[21.782747,43.422291],[21.783016,43.422215],[21.783638,43.422],[21.784008,43.421918],[21.784784,43.421803],[21.785375,43.42166],[21.785649,43.42161],[21.785908,43.421589],[21.786163,43.421625],[21.786311,43.421665],[21.787571,43.421958],[21.787849,43.422023],[21.791614,43.422917],[21.792874,43.423216],[21.793845,43.423447],[21.794985,43.423718],[21.795183,43.423747]]},"properties":{"name":"23. бригаде"}},{"type":"Feature","geometry":{"type":"LineString","coordinates":[[21.797393,43.422894],[21.79749,43.42305],[21.797516,43.42318],[21.79746,43.423338],[21.797073,43.423891],[21.797004,43.424018],[21.79698,43.424133],[21.797017,43.424237],[21.797211,43.424575]]},"properties":{"name":"Великана српског спорта"}},{"type":"Feature","geometry":{"type":"LineString","coordinates":[[21.797264,43.424677],[21.797324,43.424784],[21.797383,43.424824],[21.797411,43.424829],[21.797457,43.424837],[21.797626,43.424828],[21.797771,43.424843],[21.797929,43.424886],[21.798353,43.425113],[21.798823,43.425517],[21.799213,43.42576],[21.799832,43.426046],[21.800232,43.426197],[21.801251,43.426461],[21.80175,43.426608],[21.802289,43.426791],[21.802614,43.42686],[21.803149,43.426944],[21.803857,43.427052],[21.804234,43.427146],[21.804353,43.427191],[21.804469,43.427235],[21.804701,43.427355],[21.805045,43.42755],[21.805256,43.427626],[21.806189,43.427922],[21.806725,43.428083],[21.807105,43.428148],[21.807552,43.428237],[21.807807,43.428302],[21.808091,43.4284],[21.808352,43.42853],[21.80867,43.428724],[21.809498,43.429261],[21.809676,43.429346],[21.809928,43.429466],[21.810007,43.429514],[21.810056,43.42955]]},"properties":{"name":"Великана српског спорта"}},{"type":"Feature","geometry":{"type":"LineString","coordinates":[[21.810056,43.42955],[21.810095,43.42953],[21.810178,43.429521],[21.810301,43.429517],[21.810468,43.429498],[21.81064,43.429466],[21.810881,43.429439],[21.810994,43.429429],[21.811148,43.429432],[21.811475,43.429456],[21.811611,43.429435],[21.811737,43.429378],[21.812013,43.429177],[21.812143,43.429082]]},"properties":{"name":"Слободана Крстића"}},{"type":"Feature","geometry":{"type":"LineString","coordinates":[[21.812305,43.428974],[21.812729,43.428797],[21.81393,43.428324],[21.814231,43.428293],[21.814402,43.428283],[21.815464,43.428332],[21.815951,43.428357],[21.816154,43.428391],[21.81669,43.428525],[21.816849,43.428557],[21.817178,43.42861],[21.817366,43.428669],[21.817741,43.428836],[21.817983,43.428936],[21.818575,43.42918],[21.819001,43.429402],[21.819346,43.429585],[21.819419,43.429608],[21.819615,43.429653],[21.819778,43.429657],[21.819922,43.429669],[21.82002,43.429702],[21.820233,43.429782],[21.820386,43.429801],[21.820913,43.429791],[21.821185,43.429804],[21.821445,43.429824]]},"properties":{"name":"Слободана Крстића"}},{"type":"Feature","geometry":{"type":"LineString","coordinates":[[21.821445,43.429824],[21.821458,43.429882]]},"properties":{"name":"Мирковић Светислава"}},{"type":"Feature","geometry":{"type":"LineString","coordinates":[[21.825779,43.331174],[21.825775,43.331194]]},"properties":{"name":"Иве Лоле Рибара"}},{"type":"Feature","geometry":{"type":"LineString","coordinates":[[21.856655,43.325486],[21.85667,43.325517]]},"properties":{"name":"Саве Ковачевића"}},{"type":"Feature","geometry":{"type":"LineString","coordinates":[[21.886633,43.349191],[21.887106,43.349807],[21.887248,43.349993],[21.887429,43.35016],[21.887712,43.350447],[21.888013,43.350784],[21.888119,43.350942],[21.888317,43.351222],[21.888448,43.351313],[21.8886,43.351388],[21.888982,43.351531],[21.890011,43.35188],[21.891774,43.352513],[21.89183,43.352541],[21.891876,43.352574],[21.891962,43.352645]]},"properties":{"name":"Сјеничка"}},{"type":"Feature","geometry":{"type":"LineString","coordinates":[[21.891962,43.352645],[21.892047,43.35276],[21.892078,43.352889],[21.892129,43.353216],[21.892124,43.353505],[21.892135,43.353534],[21.892158,43.353562],[21.892193,43.35358],[21.892227,43.353592],[21.892331,43.353623],[21.892386,43.353649],[21.892443,43.353693],[21.892483,43.353745],[21.892505,43.353806],[21.892536,43.353884],[21.892566,43.353961],[21.892642,43.354327],[21.892766,43.354571],[21.892773,43.35469],[21.892734,43.354996],[21.892726,43.355042]]},"properties":{"name":"14. октобра"}},{"type":"Feature","geometry":{"type":"LineString","coordinates":[[21.892726,43.355042],[21.892795,43.355091],[21.892841,43.355117],[21.892937,43.355156],[21.893004,43.355174],[21.893045,43.355177],[21.893086,43.355175],[21.893205,43.355167],[21.893503,43.355113],[21.893744,43.355101],[21.893878,43.355102],[21.894006,43.355113],[21.894418,43.355182],[21.894676,43.35523],[21.895214,43.35533],[21.895493,43.355395],[21.89574,43.35548],[21.896114,43.355607],[21.89639,43.35566],[21.896661,43.355724],[21.896725,43.355743],[21.896789,43.355773],[21.896873,43.355843],[21.897003,43.355947],[21.897109,43.356032],[21.897171,43.356071],[21.897233,43.356105]]},"properties":{"name":"Браће Митић"}},{"type":"Feature","geometry":{"type":"LineString","coordinates":[[21.897233,43.356105],[21.897198,43.35627],[21.897172,43.356458],[21.897189,43.356688],[21.897248,43.35691],[21.897323,43.357143],[21.897643,43.357869],[21.897688,43.358004],[21.897725,43.358123],[21.897732,43.358291],[21.897673,43.359],[21.897598,43.359737],[21.897621,43.360457],[21.897673,43.360781],[21.897668,43.361041],[21.897665,43.361204],[21.897628,43.361566],[21.897584,43.361967],[21.897524,43.362568],[21.897524,43.363072],[21.897546,43.363488],[21.897628,43.363949],[21.89768,43.364284],[21.897725,43.364501],[21.897732,43.364983],[21.897747,43.365399],[21.897777,43.365632],[21.897817,43.365866],[21.897829,43.365941],[21.897911,43.366184],[21.897978,43.36652],[21.898053,43.366931],[21.898142,43.367457],[21.898254,43.367906],[21.898351,43.368242],[21.899222,43.370618],[21.899266,43.370851],[21.899333,43.371365],[21.899419,43.371539],[21.899541,43.371657]]},"properties":{"name":"Данила Прице"}},{"type":"Feature","geometry":{"type":"LineString","coordinates":[[21.900404,43.373015],[21.900348,43.372943],[21.900323,43.372903],[21.900275,43.372821],[21.900201,43.372665],[21.900154,43.372506],[21.900088,43.372121],[21.900064,43.372065],[21.900034,43.372032],[21.899963,43.371957],[21.89963,43.371729]]},"properties":{"name":"Данила Прице"}},{"type":"Feature","geometry":{"type":"LineString","coordinates":[[21.881407,43.381526],[21.88131,43.381681],[21.881173,43.381946],[21.881091,43.382149],[21.881051,43.382314],[21.881023,43.382467],[21.881043,43.382628],[21.881083,43.382799],[21.881188,43.383001],[21.881392,43.383492],[21.881424,43.383568],[21.881484,43.383777],[21.881521,43.383906],[21.881581,43.384192],[21.881672,43.38446],[21.881801,43.384716],[21.881814,43.384805],[21.881792,43.384892],[21.881697,43.385128],[21.881688,43.385249],[21.881713,43.385375],[21.881804,43.385617],[21.881824,43.385668],[21.881833,43.385729],[21.881861,43.386054],[21.881882,43.386183],[21.881927,43.386319],[21.882031,43.386497],[21.882078,43.386671],[21.882088,43.386834],[21.882128,43.386959],[21.882191,43.387119],[21.882248,43.387357],[21.882273,43.387543],[21.882314,43.38768],[21.882349,43.387844],[21.882336,43.387984],[21.882289,43.388144],[21.882185,43.388373],[21.882191,43.388476],[21.882213,43.388581],[21.882327,43.388903],[21.882374,43.389022],[21.882383,43.389164],[21.88232,43.389388],[21.882286,43.389525],[21.882279,43.38968],[21.882315,43.389766],[21.882384,43.38987],[21.88246,43.38995],[21.882485,43.390054],[21.882481,43.39013],[21.882465,43.390221],[21.882455,43.390301],[21.882425,43.39041],[21.882383,43.390491],[21.88229,43.390621],[21.882277,43.390668],[21.882277,43.390706],[21.882322,43.390772],[21.882593,43.391035],[21.882695,43.391174],[21.882717,43.391267],[21.88268,43.391319],[21.882586,43.391335],[21.88247,43.391316],[21.882043,43.391213],[21.881787,43.391164],[21.881535,43.391132],[21.881374,43.391085],[21.881236,43.391026],[21.881057,43.39099],[21.880727,43.390917],[21.880614,43.390863],[21.880422,43.39067],[21.880206,43.390562],[21.879965,43.390474],[21.879826,43.390461],[21.879514,43.390459],[21.879421,43.390481]]},"properties":{"name":"Рујнички венац"}},{"type":"Feature","geometry":{"type":"LineString","coordinates":[[21.879421,43.390481],[21.879362,43.390554],[21.879353,43.390598],[21.879345,43.390651],[21.879264,43.391937],[21.879271,43.392028],[21.879312,43.392154],[21.879421,43.392255],[21.879564,43.392345],[21.880045,43.392653],[21.880206,43.392738],[21.88036,43.39279],[21.8805,43.392806],[21.880605,43.392809],[21.880717,43.392823],[21.880902,43.392858],[21.881482,43.392999],[21.882405,43.393226],[21.882557,43.393327],[21.882778,43.393502],[21.882888,43.393597],[21.882993,43.393671],[21.883054,43.393677],[21.883229,43.393674],[21.883398,43.393674],[21.883571,43.393704],[21.883639,43.39373],[21.883767,43.39378],[21.883898,43.393868],[21.884,43.393966],[21.884052,43.394097],[21.884071,43.394277],[21.884114,43.394452],[21.88424,43.394575],[21.88441,43.394707],[21.884531,43.394811],[21.884615,43.394901],[21.884653,43.395057],[21.884646,43.395233],[21.884596,43.395406],[21.884547,43.395594],[21.884536,43.39572],[21.884547,43.396058],[21.884532,43.396381],[21.884554,43.396449],[21.884614,43.396517],[21.884742,43.396602],[21.885133,43.396826],[21.885479,43.397077],[21.886091,43.397628],[21.88623,43.397784],[21.886362,43.397926],[21.886493,43.398008],[21.886644,43.398087],[21.886704,43.398155]]},"properties":{"name":"Смиље Аврамов"}},{"type":"Feature","geometry":{"type":"LineString","coordinates":[[21.894798,43.402597],[21.895624,43.402996],[21.895797,43.40304],[21.89603,43.403037],[21.89644,43.403031],[21.896729,43.403064],[21.896913,43.403124],[21.897033,43.403214],[21.897357,43.40352],[21.897399,43.403556],[21.897676,43.40379],[21.897909,43.403973],[21.898067,43.40405],[21.89824,43.404233],[21.89849,43.404379],[21.89854,43.40442]]},"properties":{"name":"Обреновачка"}},{"type":"Feature","geometry":{"type":"LineString","coordinates":[[21.89854,43.40442],[21.898637,43.404636],[21.898661,43.404694],[21.898664,43.404751]]},"properties":{"name":"Војника Младена Васиљевића"}},{"type":"Feature","geometry":{"type":"LineString","coordinates":[[21.88436,43.392341],[21.884313,43.392311],[21.884123,43.392222],[21.883934,43.392166],[21.883764,43.392164]]},"properties":{"name":"Радета Јашаревића"}},{"type":"Feature","geometry":{"type":"LineString","coordinates":[[21.883764,43.392164],[21.883626,43.392077],[21.883544,43.391993],[21.88331,43.391763],[21.883014,43.391565],[21.882813,43.3914],[21.88268,43.391319]]},"properties":{"name":"Потпоручника Александра Дражете"}},{"type":"Feature","geometry":{"type":"LineString","coordinates":[[21.896901,43.37587],[21.897185,43.375762],[21.897381,43.375713],[21.897922,43.375561],[21.898036,43.375545],[21.898186,43.375534],[21.898481,43.37553],[21.898686,43.375545],[21.898904,43.375577]]},"properties":{"name":"Свете Стојановића"}},{"type":"Feature","geometry":{"type":"LineString","coordinates":[[21.898904,43.375577],[21.898997,43.375505],[21.899107,43.375429],[21.899146,43.375391],[21.89917,43.375355],[21.899357,43.375013],[21.899408,43.374917],[21.899436,43.374844],[21.899443,43.374767],[21.899418,43.374713],[21.899281,43.374602],[21.89941,43.374279],[21.89946,43.374159],[21.899502,43.374092],[21.899546,43.37404],[21.899593,43.373987],[21.89962,43.373939],[21.899753,43.373696],[21.899862,43.373461],[21.899902,43.373404],[21.89996,43.373341],[21.900026,43.373283]]},"properties":{"name":"Браће Јанковића"}},{"type":"Feature","geometry":{"type":"LineString","coordinates":[[21.805157,43.405621],[21.805261,43.405682],[21.805366,43.405743],[21.805509,43.405815],[21.805928,43.405942],[21.806555,43.406124],[21.80663,43.406146],[21.806968,43.406231],[21.807394,43.406393],[21.807882,43.406605],[21.808223,43.406772],[21.808395,43.406889],[21.808682,43.407118],[21.808883,43.407248],[21.809281,43.407455],[21.809561,43.40763],[21.809814,43.407831],[21.80996,43.40799],[21.810295,43.4084],[21.810704,43.408779],[21.811005,43.408998],[21.811262,43.409119],[21.811536,43.409212],[21.811908,43.4093],[21.812281,43.409325],[21.813188,43.409268],[21.813676,43.409249],[21.81393,43.409241],[21.814229,43.409272],[21.814247,43.409278],[21.8144,43.409323],[21.814687,43.40942],[21.815046,43.40959],[21.815148,43.409648],[21.815897,43.41006],[21.816344,43.410407],[21.816532,43.410522],[21.816783,43.41063],[21.817087,43.410669],[21.817481,43.410673],[21.817711,43.410621],[21.818099,43.410461],[21.818685,43.410222],[21.818898,43.410072],[21.819292,43.409518],[21.819387,43.409399],[21.819558,43.409185],[21.819694,43.409041],[21.819971,43.408807],[21.820334,43.408564],[21.820666,43.408385],[21.821052,43.408182],[21.821295,43.408089],[21.821426,43.40803],[21.821609,43.40798],[21.82169,43.407965],[21.821941,43.407934],[21.822263,43.407918],[21.822669,43.407923],[21.823206,43.407982],[21.823565,43.408131],[21.823878,43.408309],[21.823977,43.408423],[21.82402,43.4085],[21.824029,43.408601],[21.824013,43.408737],[21.823996,43.408935],[21.823974,43.409223],[21.823942,43.409486],[21.823952,43.409703],[21.824028,43.409884],[21.824178,43.410086],[21.824361,43.410301],[21.824505,43.410453],[21.824662,43.410579],[21.824811,43.41068],[21.824974,43.410773],[21.825204,43.410893],[21.825434,43.411023],[21.825716,43.411178],[21.826244,43.41148],[21.826944,43.411861],[21.82726,43.41201],[21.827664,43.412167],[21.827961,43.412263],[21.828322,43.412343],[21.828627,43.412405],[21.828852,43.412473],[21.829028,43.412539],[21.829671,43.412823],[21.830297,43.413133],[21.830493,43.41324],[21.830575,43.413295],[21.830718,43.413437],[21.830846,43.41357],[21.831061,43.413993],[21.831154,43.414167],[21.831314,43.414317],[21.831517,43.414453],[21.831771,43.4146],[21.832228,43.414801],[21.832456,43.414885],[21.832717,43.414947],[21.83304,43.415012],[21.833453,43.415061],[21.833899,43.415158],[21.834074,43.415204],[21.834291,43.415256],[21.83452,43.415288],[21.83469,43.415299],[21.834902,43.415303],[21.835094,43.415326],[21.835325,43.41536],[21.835577,43.415454],[21.835807,43.415496],[21.836133,43.415537],[21.836476,43.415583],[21.836867,43.415661],[21.837044,43.415714],[21.83722,43.415778],[21.838223,43.416287],[21.838601,43.416513],[21.839104,43.416836],[21.839458,43.417033],[21.839875,43.417215],[21.840411,43.417416],[21.840694,43.417549],[21.841242,43.417772],[21.841593,43.417906],[21.841848,43.417983],[21.842102,43.418042],[21.843212,43.418165],[21.84358,43.418219],[21.844055,43.418321],[21.844572,43.418441],[21.844898,43.418453],[21.845772,43.418364],[21.846061,43.418367],[21.846325,43.41842],[21.847839,43.41886],[21.848263,43.419093],[21.84865,43.419466],[21.849103,43.419952],[21.849165,43.420171],[21.849156,43.420297],[21.849058,43.420699],[21.848946,43.421529],[21.848928,43.422457],[21.848891,43.422726],[21.848624,43.423472],[21.848597,43.42363],[21.848611,43.423817],[21.848959,43.424664],[21.849094,43.424903],[21.849168,43.425041],[21.849202,43.42513]]},"properties":{"name":"Царице Милице"}},{"type":"Feature","geometry":{"type":"LineString","coordinates":[[21.849202,43.42513],[21.849231,43.425133],[21.849285,43.425148],[21.849346,43.425176],[21.84943,43.425221],[21.849598,43.425355],[21.849845,43.425527],[21.850068,43.425668],[21.850226,43.425787],[21.850307,43.425851],[21.850385,43.425916],[21.85045,43.42596],[21.850503,43.425994],[21.850588,43.426027],[21.850787,43.426094],[21.850997,43.426192],[21.852034,43.4268],[21.852262,43.426896],[21.852419,43.426953],[21.852473,43.42697],[21.852495,43.426973],[21.852519,43.426972],[21.852546,43.426967],[21.852613,43.426946]]},"properties":{"name":"Миљка Ранђеловића"}},{"type":"Feature","geometry":{"type":"LineString","coordinates":[[21.858695,43.429954],[21.85848,43.429753],[21.85843,43.429706],[21.858315,43.429599],[21.858228,43.4295],[21.858103,43.429371],[21.858012,43.42924],[21.857666,43.428903],[21.857597,43.428833],[21.857524,43.428767],[21.856866,43.428431],[21.856576,43.428306],[21.856515,43.428272],[21.856349,43.42817],[21.856229,43.428071],[21.856169,43.428009],[21.856072,43.427907],[21.856029,43.427857],[21.855854,43.427699],[21.855702,43.427559],[21.855496,43.427452],[21.855275,43.427369],[21.854989,43.427251],[21.85477,43.427157],[21.854721,43.427132],[21.854575,43.427058],[21.85431,43.426905],[21.854249,43.42688],[21.854134,43.426852],[21.854045,43.426832],[21.853883,43.426826],[21.853592,43.426806],[21.853146,43.426805],[21.853066,43.426813],[21.852904,43.426849]]},"properties":{"name":"Миљка Ранђеловића"}},{"type":"Feature","geometry":{"type":"LineString","coordinates":[[21.858955,43.430175],[21.858695,43.429954]]},"properties":{"name":"Благоја Железара"}},{"type":"Feature","geometry":{"type":"LineString","coordinates":[[21.849202,43.42513],[21.849308,43.425411],[21.849352,43.425578],[21.849391,43.425856],[21.849404,43.425968],[21.849423,43.426039],[21.849497,43.426218],[21.849664,43.426588],[21.849799,43.426874],[21.849958,43.427119],[21.850147,43.427377],[21.850517,43.427815],[21.850591,43.427921],[21.850631,43.427982],[21.850805,43.428245],[21.850926,43.42846],[21.851028,43.42868],[21.851072,43.428769],[21.851116,43.428847],[21.851196,43.428938],[21.851219,43.429003],[21.851224,43.429051],[21.851209,43.429085],[21.851185,43.429113],[21.851149,43.429139],[21.851113,43.429154],[21.851053,43.429163],[21.851012,43.429162],[21.850889,43.42915],[21.850731,43.429121],[21.850608,43.429102],[21.85044,43.429086],[21.850231,43.429081],[21.85002,43.42909],[21.849714,43.429107],[21.84954,43.42911],[21.849399,43.42911],[21.849245,43.429094],[21.84907,43.429078],[21.848949,43.429068],[21.848835,43.429074],[21.848717,43.429088],[21.848639,43.429111],[21.848565,43.429153],[21.848521,43.429197],[21.848476,43.429257],[21.848458,43.429302],[21.848445,43.429393],[21.848445,43.429526],[21.84846,43.429596],[21.848497,43.429722],[21.848677,43.430175],[21.848767,43.430558],[21.84875,43.43069],[21.848704,43.430844],[21.848482,43.431209],[21.848431,43.431293],[21.848411,43.431326],[21.848179,43.431722],[21.848091,43.431872],[21.84701,43.433714],[21.846851,43.434001],[21.846755,43.43431],[21.846721,43.434811],[21.84671,43.435257],[21.846719,43.436018],[21.846678,43.436369],[21.84664,43.436653],[21.846599,43.436967],[21.846633,43.437315],[21.846665,43.437612],[21.846767,43.438005],[21.846849,43.438371],[21.846915,43.438856],[21.847171,43.44082],[21.84717,43.440972],[21.847163,43.441014],[21.847157,43.441153],[21.847103,43.441412],[21.84709,43.441778],[21.847135,43.445329],[21.847143,43.445669],[21.84715,43.445887],[21.847179,43.446078],[21.84719,43.446317],[21.847211,43.446488],[21.847275,43.447109],[21.847324,43.447382],[21.847399,43.447637],[21.847475,43.447799],[21.847566,43.447957],[21.847723,43.448205],[21.848168,43.448903],[21.848292,43.449237],[21.848458,43.44976],[21.848489,43.449947],[21.848552,43.450068],[21.848566,43.450096],[21.848776,43.450411],[21.848798,43.450444],[21.848967,43.450728],[21.849019,43.450809],[21.849407,43.451367],[21.849904,43.452084],[21.849973,43.452241],[21.850011,43.452391],[21.850042,43.452533],[21.850101,43.452711],[21.850176,43.452873],[21.850232,43.452971],[21.850409,43.453173],[21.850954,43.453811],[21.851308,43.454228],[21.851691,43.454772],[21.852304,43.455683],[21.853016,43.456521],[21.853523,43.45704],[21.854141,43.457695],[21.854736,43.458304],[21.854974,43.458518],[21.855372,43.458737],[21.855858,43.459032],[21.856954,43.459704]]},"properties":{"name":"Краља Уроша Великог"}},{"type":"Feature","geometry":{"type":"LineString","coordinates":[[21.850954,43.453811],[21.851214,43.453739],[21.851431,43.453694],[21.851707,43.453641],[21.851938,43.453624],[21.852311,43.453604],[21.852416,43.453604],[21.852534,43.453628],[21.852705,43.453708],[21.852901,43.453841],[21.853087,43.453912],[21.853269,43.453947],[21.853486,43.453934],[21.854017,43.453836],[21.854202,43.453815],[21.854301,43.453807],[21.854403,43.453819],[21.85456,43.453888],[21.854769,43.454018],[21.854845,43.454044],[21.854899,43.454055],[21.854953,43.454051],[21.855027,43.454039],[21.855095,43.454011],[21.855149,43.453974],[21.855176,43.453931],[21.855199,43.453892],[21.855202,43.453844],[21.855169,43.453325],[21.85519,43.453052],[21.855221,43.452969],[21.855267,43.452912],[21.855317,43.452868],[21.855367,43.452834],[21.855451,43.452797],[21.855502,43.452779],[21.855574,43.452767],[21.85563,43.45276],[21.855685,43.452765],[21.855757,43.452778],[21.855818,43.4528],[21.855929,43.452855],[21.856059,43.452957],[21.85619,43.45306],[21.856242,43.453089],[21.856309,43.453105],[21.856379,43.453111],[21.856433,43.453105],[21.856505,43.45308],[21.856566,43.453047],[21.856854,43.452836],[21.857133,43.452585],[21.857408,43.452358],[21.857501,43.452272],[21.857588,43.452175],[21.857785,43.451913],[21.858053,43.451567],[21.858116,43.451525],[21.858168,43.451508],[21.858234,43.4515],[21.858301,43.451508],[21.858411,43.451554],[21.858518,43.451634],[21.859317,43.452228],[21.859404,43.452283],[21.859492,43.452326],[21.859568,43.45235],[21.859638,43.452363],[21.859797,43.452379],[21.859864,43.452392],[21.859941,43.452413],[21.860005,43.452444],[21.86008,43.452495],[21.860182,43.452619],[21.86025,43.452786],[21.860319,43.452868],[21.86037,43.452901],[21.860437,43.452923],[21.860502,43.452928],[21.860596,43.452908],[21.860738,43.452843],[21.861574,43.45251],[21.861997,43.452377],[21.862135,43.452356],[21.862307,43.452355],[21.862457,43.452393],[21.862663,43.452462],[21.863091,43.452634],[21.863249,43.452678],[21.863453,43.452678],[21.863803,43.452643],[21.864098,43.452582],[21.864303,43.452498],[21.864484,43.452475],[21.864741,43.452514],[21.86527,43.452573],[21.866698,43.45275],[21.866923,43.452816],[21.867806,43.453121],[21.868109,43.453192],[21.87007,43.453498],[21.870406,43.453587]]},"properties":{"name":"Краљице Симониде Немањић"}},{"type":"Feature","geometry":{"type":"LineString","coordinates":[[21.870406,43.453587],[21.871188,43.453817],[21.871443,43.453928],[21.871655,43.454085],[21.871809,43.454252],[21.871997,43.454405],[21.872179,43.454514],[21.872832,43.454872],[21.873425,43.455262],[21.873691,43.455435],[21.873897,43.455611],[21.874036,43.455881],[21.874107,43.456074],[21.874146,43.456482],[21.8742,43.456758],[21.874336,43.456984],[21.874501,43.457138],[21.874759,43.457272],[21.875482,43.457603],[21.875696,43.457648],[21.875904,43.457642],[21.876231,43.457594],[21.87672,43.457464],[21.877005,43.457426],[21.877261,43.45745],[21.877474,43.457486],[21.877727,43.457562],[21.877997,43.457669],[21.878351,43.457854],[21.878924,43.458081],[21.879144,43.458201],[21.87936,43.458365],[21.879533,43.458548],[21.879747,43.458692],[21.880154,43.458917],[21.880356,43.459018],[21.880456,43.459048],[21.880543,43.459054],[21.880647,43.459033],[21.880759,43.458985],[21.880899,43.458906],[21.881082,43.458786],[21.881167,43.45874],[21.881264,43.458705],[21.881603,43.458655],[21.881836,43.458612],[21.881971,43.458576],[21.882074,43.45852],[21.882225,43.458416],[21.88243,43.458291],[21.882611,43.458213],[21.88278,43.458162],[21.882929,43.458124],[21.883064,43.4581],[21.883214,43.458094],[21.88333,43.458105],[21.883476,43.458141],[21.883617,43.458196],[21.883773,43.458307],[21.883906,43.458477],[21.88427,43.459023],[21.884322,43.459165],[21.884331,43.459338],[21.884313,43.459496],[21.884241,43.460038],[21.884211,43.460559],[21.884211,43.460983],[21.884272,43.461487],[21.884264,43.462005],[21.884322,43.462416],[21.884353,43.462811],[21.884521,43.463493],[21.884623,43.463695],[21.884769,43.463852],[21.884934,43.46399],[21.885074,43.464151],[21.885247,43.464401],[21.885407,43.464669],[21.885588,43.4648],[21.885831,43.464873],[21.886088,43.464883],[21.886323,43.464864],[21.886681,43.464877],[21.886994,43.464904],[21.887124,43.464902],[21.887229,43.464861],[21.887367,43.464768],[21.887673,43.464543],[21.888437,43.464191],[21.888593,43.464086],[21.888806,43.463897],[21.889018,43.463701],[21.889276,43.46343],[21.889381,43.463312],[21.889443,43.463184],[21.889638,43.46284],[21.889784,43.462676],[21.891081,43.461179],[21.891916,43.460056],[21.892074,43.459907],[21.89224,43.459817],[21.89245,43.459753],[21.892783,43.459749],[21.893059,43.459759],[21.894243,43.459863],[21.894467,43.459859],[21.894644,43.459798],[21.894917,43.459579],[21.895113,43.45946],[21.8961,43.45911],[21.896295,43.459097],[21.896454,43.459136],[21.896555,43.45923],[21.896715,43.459486],[21.897344,43.460299],[21.897702,43.460771],[21.897878,43.461077],[21.898096,43.461383],[21.898144,43.461419],[21.898202,43.461443],[21.898282,43.461455],[21.898361,43.461432],[21.898434,43.461397],[21.898521,43.461328],[21.898601,43.461213],[21.898771,43.460905],[21.89888,43.460695],[21.898919,43.460601],[21.898959,43.46049],[21.898979,43.460433],[21.899022,43.460403],[21.89907,43.460391],[21.899118,43.460395],[21.899167,43.460419],[21.899221,43.460472],[21.899264,43.460537],[21.899377,43.460725],[21.899443,43.460803],[21.899526,43.460864],[21.899587,43.460894],[21.899659,43.460902],[21.899759,43.460881],[21.899895,43.460826],[21.900021,43.460738],[21.900302,43.460505],[21.900511,43.46027],[21.900806,43.459991],[21.900984,43.459777],[21.901065,43.459671],[21.90113,43.459558],[21.901227,43.459377],[21.901475,43.458852],[21.90158,43.458664],[21.901668,43.458547],[21.90177,43.458453],[21.9019,43.458375],[21.902506,43.458019],[21.902663,43.457943],[21.902806,43.457898],[21.902957,43.457863],[21.903105,43.457838],[21.903389,43.457804],[21.903672,43.457795],[21.903885,43.457801],[21.904093,43.457811],[21.904348,43.457836],[21.904603,43.45787],[21.904769,43.457887],[21.904923,43.457889],[21.905193,43.457885],[21.905424,43.457885],[21.90558,43.457896],[21.90569,43.457911],[21.905802,43.457929],[21.905988,43.457973],[21.90636,43.458065],[21.906563,43.458079],[21.906842,43.45805],[21.907103,43.457969],[21.907252,43.457905],[21.90732,43.457876],[21.907604,43.457801],[21.907764,43.457784],[21.907895,43.457769],[21.90804,43.457769]]},"properties":{"name":"Пети конгрес КПЈ"}},{"type":"Feature","geometry":{"type":"LineString","coordinates":[[21.907396,43.457705],[21.907252,43.457905]]},"properties":{"name":"Кардељева"}},{"type":"Feature","geometry":{"type":"LineString","coordinates":[[21.745425,43.372458],[21.745494,43.372499],[21.745584,43.372527],[21.74595,43.372613],[21.746466,43.3727],[21.747089,43.372747],[21.747692,43.372762],[21.747942,43.372734],[21.748274,43.372699],[21.748903,43.372615],[21.74908,43.372608],[21.749244,43.372643],[21.74967,43.372756],[21.74986,43.3728],[21.750132,43.372865],[21.750239,43.372897],[21.750317,43.372962],[21.75036,43.373025],[21.750378,43.373058],[21.75052,43.373316],[21.750627,43.37342],[21.750795,43.373539],[21.751011,43.373683],[21.751175,43.37383],[21.751417,43.374047],[21.751528,43.374147],[21.75164,43.374206],[21.751834,43.374263],[21.752692,43.374513],[21.753093,43.374673],[21.75342,43.37483],[21.753623,43.374955],[21.753877,43.375105],[21.754067,43.37519],[21.754351,43.375262],[21.7546,43.37533],[21.754662,43.375347],[21.755571,43.375629],[21.755744,43.37572],[21.755882,43.375851],[21.756015,43.375992],[21.75617,43.376124],[21.756416,43.376249],[21.756761,43.376377],[21.757554,43.376625],[21.757821,43.376731],[21.758002,43.376835],[21.758476,43.377101],[21.758722,43.37722],[21.759041,43.37732],[21.760239,43.377678],[21.760541,43.377718],[21.760757,43.3777],[21.760982,43.377668],[21.761226,43.377629],[21.761374,43.377587],[21.761519,43.377534],[21.76195,43.377371],[21.762101,43.377336],[21.762278,43.377333],[21.763058,43.377461],[21.763183,43.377499],[21.763356,43.377555]]},"properties":{"name":"Димитрија Давидовића"}},{"type":"Feature","geometry":{"type":"LineString","coordinates":[[21.742742,43.366767],[21.743067,43.366969],[21.743495,43.3672],[21.744178,43.367569],[21.744447,43.36773],[21.744758,43.367921],[21.745079,43.368169],[21.745358,43.368413],[21.745635,43.368659],[21.745915,43.368979],[21.746111,43.369284],[21.746236,43.369504],[21.746496,43.370092],[21.746533,43.370249],[21.746511,43.370399],[21.746451,43.370528],[21.746373,43.3707],[21.746349,43.370826],[21.746271,43.371205],[21.746192,43.371531],[21.746166,43.371687],[21.746056,43.37191],[21.745951,43.372004],[21.745787,43.372099],[21.745599,43.372166],[21.745545,43.372193],[21.74547,43.372257],[21.745429,43.372355],[21.745425,43.372458]]},"properties":{"name":"Капетана Бојана Денића"}},{"type":"Feature","geometry":{"type":"LineString","coordinates":[[21.765287,43.344083],[21.765285,43.344141],[21.765293,43.344268],[21.765445,43.344738],[21.765476,43.344868],[21.765463,43.344978],[21.765427,43.345076],[21.764501,43.346627]]},"properties":{"name":"Лалинске појате"}},{"type":"Feature","geometry":{"type":"LineString","coordinates":[[21.765327,43.343961],[21.765338,43.343929],[21.765493,43.343705],[21.765945,43.342806],[21.766364,43.341817],[21.766469,43.341622],[21.766628,43.341396],[21.766689,43.34125],[21.766679,43.341077],[21.766709,43.340553],[21.76671,43.340421],[21.766733,43.340263],[21.766795,43.340084],[21.767238,43.339348],[21.767306,43.339197],[21.767335,43.338967],[21.767372,43.338776],[21.767591,43.338353],[21.767695,43.338133],[21.767732,43.337987],[21.767731,43.33777],[21.767731,43.337553],[21.767792,43.337309],[21.767851,43.337173],[21.767865,43.33714],[21.768432,43.336072],[21.768703,43.335681],[21.768883,43.33542],[21.768981,43.335216],[21.76928,43.334556],[21.769402,43.334427],[21.769554,43.334356],[21.77287,43.333478],[21.773001,43.333436],[21.773184,43.333354],[21.773286,43.333287],[21.773357,43.333234],[21.773441,43.333157],[21.773514,43.333082],[21.773813,43.332739],[21.774001,43.332515],[21.774065,43.332435],[21.774141,43.332351],[21.774223,43.332263],[21.774491,43.332042],[21.77468,43.331838],[21.775308,43.330889],[21.775613,43.330374],[21.775796,43.329869],[21.775856,43.329696],[21.775924,43.329496],[21.776162,43.329],[21.776253,43.328752],[21.776253,43.328552],[21.776187,43.328389],[21.775979,43.327878],[21.775939,43.327729],[21.775954,43.327634]]},"properties":{"name":"Лалинске појате"}},{"type":"Feature","geometry":{"type":"LineString","coordinates":[[21.782385,43.317709],[21.782251,43.317838],[21.782149,43.317908],[21.780788,43.318845],[21.780679,43.318951],[21.780605,43.319089],[21.780441,43.319665],[21.78038,43.320326],[21.780112,43.3212],[21.779947,43.321487],[21.779789,43.321763],[21.779429,43.322367],[21.778856,43.323009],[21.778582,43.323346],[21.778198,43.323991],[21.77807,43.324206],[21.777948,43.324512],[21.777777,43.324778],[21.777478,43.325107],[21.777078,43.325512],[21.776985,43.325679],[21.776714,43.326254],[21.776664,43.326359],[21.77617,43.32724],[21.775954,43.327634]]},"properties":{"name":"Чегарских јунака"}},{"type":"Feature","geometry":{"type":"LineString","coordinates":[[21.782385,43.317709],[21.782671,43.317257],[21.782861,43.316956],[21.78294,43.316783],[21.783086,43.316224],[21.783342,43.315412],[21.783814,43.314078],[21.783916,43.313787],[21.783966,43.313646],[21.78404,43.313437],[21.784167,43.313078],[21.784357,43.312595],[21.78439,43.312513],[21.784416,43.312451],[21.784445,43.312387]]},"properties":{"name":"Косовског боја"}},{"type":"Feature","geometry":{"type":"LineString","coordinates":[[21.762898,43.381672],[21.762898,43.382124],[21.762843,43.38235],[21.762837,43.382558],[21.762879,43.382789],[21.762977,43.382984],[21.763141,43.383232],[21.763257,43.383533],[21.763343,43.383737],[21.763531,43.384127],[21.763891,43.384596],[21.764708,43.386005],[21.764763,43.386178],[21.764769,43.386346],[21.764759,43.386549],[21.764745,43.386833],[21.764793,43.386962],[21.765364,43.387732],[21.765598,43.388069],[21.765665,43.388282],[21.765653,43.388561],[21.765531,43.388796],[21.76511,43.389593],[21.764952,43.389983],[21.764885,43.390359],[21.764818,43.391551],[21.76483,43.39179],[21.764918,43.392073],[21.765171,43.392601],[21.765177,43.392707],[21.765129,43.392858],[21.764111,43.39509],[21.763897,43.395418],[21.763733,43.395715],[21.763647,43.395945]]},"properties":{"name":"Викендашка"}},{"type":"Feature","geometry":{"type":"LineString","coordinates":[[21.765364,43.387732],[21.764961,43.387844],[21.764533,43.387932],[21.763495,43.388024],[21.762996,43.388156],[21.762717,43.388317],[21.762709,43.3884],[21.762739,43.388472],[21.76316,43.388762],[21.763183,43.388811],[21.763165,43.388881],[21.76306,43.388966],[21.762317,43.38933],[21.761536,43.389613],[21.761412,43.389678],[21.761367,43.389756],[21.761465,43.390027],[21.761502,43.390265],[21.76147,43.390315],[21.761404,43.390358],[21.761346,43.390363],[21.76128,43.390337],[21.761065,43.390205],[21.760784,43.390075],[21.760665,43.39004],[21.760144,43.389993],[21.760011,43.389947],[21.759829,43.38993],[21.759718,43.389926]]},"properties":{"name":"Светог Лазара"}},{"type":"Feature","geometry":{"type":"LineString","coordinates":[[21.877207,43.315637],[21.877202,43.315581],[21.8772,43.31556],[21.877194,43.315522],[21.877132,43.315119],[21.877064,43.314677],[21.877007,43.314307],[21.876998,43.314085],[21.877039,43.31392],[21.877159,43.313778],[21.877271,43.31371],[21.878602,43.31347],[21.879054,43.313353],[21.879087,43.313344],[21.879205,43.313314]]},"properties":{"name":"Кајмакчаланска"}},{"type":"Feature","geometry":{"type":"LineString","coordinates":[[21.925766,43.324688],[21.925674,43.324914],[21.925574,43.325171],[21.925511,43.325366],[21.925454,43.325599],[21.925408,43.325789],[21.925384,43.32591],[21.925367,43.326036],[21.925309,43.326451],[21.925272,43.327166],[21.925271,43.327212],[21.925202,43.328707],[21.925165,43.329364],[21.925163,43.329403],[21.925164,43.329487]]},"properties":{"name":"Пролетерска"}},{"type":"Feature","geometry":{"type":"LineString","coordinates":[[21.903699,43.327578],[21.903683,43.327609],[21.903629,43.327712]]},"properties":{"name":"Јована Јовановића Змаја"}},{"type":"Feature","geometry":{"type":"LineString","coordinates":[[21.902113,43.327729],[21.90216,43.327785],[21.902273,43.327917]]},"properties":{"name":"Скадарска"}},{"type":"Feature","geometry":{"type":"LineString","coordinates":[[21.844116,43.285517],[21.843928,43.285401],[21.843804,43.28529],[21.843676,43.285127],[21.843288,43.284061],[21.843204,43.28391],[21.842863,43.283427],[21.842493,43.282903],[21.842257,43.28251],[21.841641,43.281261],[21.841561,43.281019],[21.841553,43.280795],[21.841617,43.280611],[21.841689,43.280387],[21.841665,43.280079],[21.841557,43.279773],[21.841393,43.279496],[21.840575,43.278363],[21.840488,43.278294],[21.840365,43.278198],[21.840313,43.278163],[21.840069,43.277924],[21.839785,43.277589],[21.839737,43.27742],[21.839761,43.277214],[21.839789,43.277144]]},"properties":{"name":"Драгутина Митића"}},{"type":"Feature","geometry":{"type":"LineString","coordinates":[[21.839789,43.277144],[21.840291,43.277095],[21.840694,43.276949],[21.840937,43.276854],[21.841141,43.276756],[21.841271,43.276644],[21.84147,43.276501],[21.841787,43.276429],[21.841994,43.276405],[21.8423,43.276418],[21.842421,43.276412]]},"properties":{"name":"Душана Јовановића"}},{"type":"Feature","geometry":{"type":"LineString","coordinates":[[21.843033,43.276511],[21.843129,43.276706],[21.84325,43.277019],[21.843317,43.277213],[21.843412,43.277357],[21.84351,43.27746],[21.84358,43.277544],[21.843669,43.277686],[21.843751,43.277862],[21.843814,43.278022],[21.843812,43.278258],[21.843842,43.278365],[21.843917,43.278486],[21.844174,43.278766],[21.844299,43.278924],[21.844356,43.279036],[21.844459,43.279213],[21.844682,43.279468],[21.845167,43.280023],[21.845275,43.280141],[21.84537,43.280208],[21.845471,43.280281],[21.846193,43.280702],[21.846284,43.280755],[21.846925,43.281074],[21.847166,43.281141],[21.847446,43.281157],[21.848119,43.281133],[21.848325,43.28115],[21.848546,43.281226],[21.849428,43.281713],[21.8495,43.281781],[21.84977,43.28204],[21.849826,43.282094]]},"properties":{"name":"Владимира Вукадиновића"}},{"type":"Feature","geometry":{"type":"LineString","coordinates":[[21.849826,43.282094],[21.850247,43.282637],[21.850653,43.283075],[21.850922,43.283326],[21.851163,43.283481],[21.851282,43.283596],[21.851557,43.283997],[21.852099,43.284819],[21.852783,43.285674],[21.853295,43.286265],[21.853543,43.286542],[21.854254,43.287378],[21.85458,43.287778],[21.855206,43.288342],[21.855483,43.288647],[21.855794,43.289104],[21.855987,43.289408],[21.85623,43.289688],[21.856292,43.289865],[21.856405,43.290483],[21.856439,43.290631],[21.856594,43.290864],[21.856631,43.290919],[21.856846,43.291183],[21.857101,43.29145],[21.857678,43.291891],[21.85783,43.292014],[21.857943,43.292166],[21.858,43.292315],[21.857983,43.292438],[21.857904,43.292673],[21.857876,43.292759],[21.85788,43.292808],[21.857898,43.29285],[21.857924,43.292888],[21.857973,43.29293],[21.858079,43.292973]]},"properties":{"name":"Љубише Цветковића Робија"}},{"type":"Feature","geometry":{"type":"LineString","coordinates":[[21.858294,43.293039],[21.858356,43.293064],[21.8584,43.293087],[21.858436,43.293117],[21.85846,43.293154],[21.858469,43.293191],[21.858466,43.293256],[21.858448,43.293412],[21.858146,43.294536],[21.858113,43.294699],[21.85811,43.29492],[21.858432,43.29597],[21.858456,43.296203],[21.858469,43.296328],[21.858541,43.296682],[21.858633,43.296999],[21.858934,43.297726],[21.859097,43.298055],[21.859295,43.298299],[21.860123,43.299324],[21.861104,43.300475],[21.862049,43.301584],[21.862655,43.302238],[21.863733,43.303295],[21.864537,43.304085],[21.865118,43.304703],[21.865266,43.30486],[21.865454,43.305081],[21.865554,43.305214],[21.865701,43.30536],[21.865925,43.305541],[21.86599,43.305585],[21.867147,43.306255],[21.867316,43.306358],[21.867394,43.306388],[21.86747,43.30641]]},"properties":{"name":"Љубише Цветковића Робија"}},{"type":"Feature","geometry":{"type":"LineString","coordinates":[[21.754945,43.29795],[21.754584,43.298327]]},"properties":{"name":"Војвођанских досељеника"}},{"type":"Feature","geometry":{"type":"LineString","coordinates":[[21.752114,43.302022],[21.751762,43.302375],[21.750963,43.303119],[21.750777,43.30332],[21.750471,43.303653],[21.750216,43.303974],[21.749323,43.305101],[21.749131,43.305342],[21.748897,43.305658],[21.748711,43.305918],[21.74848,43.306284],[21.748084,43.306973],[21.747885,43.307246],[21.747458,43.307772],[21.747261,43.308086],[21.747213,43.308241],[21.747224,43.308354],[21.747282,43.308464],[21.747378,43.308557],[21.747575,43.30876],[21.74763,43.30888],[21.747623,43.309008],[21.74754,43.30912],[21.747458,43.309206],[21.745977,43.310576],[21.745677,43.310887],[21.745363,43.311245],[21.745131,43.311509],[21.745051,43.311601],[21.744681,43.311991],[21.744529,43.312145],[21.744248,43.312447],[21.744052,43.312676]]},"properties":{"name":"Јастребачка"}},{"type":"Feature","geometry":{"type":"LineString","coordinates":[[21.743204,43.312616],[21.743531,43.312658],[21.743796,43.312689],[21.744052,43.312676]]},"properties":{"name":"Династије Властимировић"}},{"type":"Feature","geometry":{"type":"LineString","coordinates":[[21.743204,43.312616],[21.743154,43.312703],[21.743117,43.312995],[21.743094,43.313275],[21.743109,43.313353],[21.74314,43.31342]]},"properties":{"name":"Кнеза Просигоја"}},{"type":"Feature","geometry":{"type":"LineString","coordinates":[[21.995138,43.264589],[21.995001,43.264815],[21.994874,43.264992],[21.994544,43.265299],[21.994272,43.265498],[21.994106,43.265612]]},"properties":{"name":"Првокутинска"}},{"type":"Feature","geometry":{"type":"LineString","coordinates":[[21.993806,43.265832],[21.993454,43.266006],[21.992806,43.266316],[21.992485,43.266566],[21.992272,43.266736],[21.992192,43.2668],[21.991897,43.267057],[21.991648,43.267306],[21.991608,43.267372],[21.991585,43.26741],[21.991538,43.267499],[21.99152,43.267592],[21.99154,43.267686],[21.991569,43.26776],[21.991616,43.267839],[21.991753,43.268033],[21.992046,43.268362],[21.992201,43.268615],[21.992278,43.268772],[21.99233,43.268959],[21.992333,43.269271],[21.99235,43.269362],[21.992384,43.269454],[21.99245,43.26957],[21.992547,43.269687],[21.992907,43.270065],[21.993099,43.270329],[21.993165,43.270475],[21.993182,43.270673],[21.993178,43.270793],[21.993135,43.270925],[21.993085,43.271045],[21.992956,43.271261],[21.992651,43.271635],[21.992523,43.271817],[21.992467,43.271909],[21.992416,43.27202],[21.992386,43.272147],[21.992373,43.272304],[21.992408,43.272716],[21.992402,43.272935],[21.992292,43.273218],[21.992051,43.27371],[21.991967,43.273864],[21.991683,43.27438],[21.991528,43.274689],[21.991464,43.274815],[21.99141,43.274923],[21.991267,43.275153],[21.991228,43.275206],[21.991088,43.275392],[21.990971,43.275522],[21.990673,43.275856],[21.99059,43.275943],[21.990289,43.276258],[21.989929,43.276718],[21.989729,43.277097],[21.989667,43.277283],[21.98962,43.277435],[21.989619,43.27744],[21.989608,43.277496],[21.989608,43.277501],[21.989557,43.277762],[21.989545,43.277825],[21.9895,43.278109],[21.989497,43.278128],[21.989465,43.278629],[21.989513,43.279066],[21.989585,43.279661],[21.989559,43.279809],[21.989553,43.279847],[21.989489,43.280051],[21.989405,43.280189],[21.989369,43.280249],[21.989178,43.280499],[21.989086,43.280649],[21.988904,43.280943],[21.988792,43.281158],[21.988788,43.281177],[21.98874,43.281418],[21.988502,43.282297],[21.988414,43.282622],[21.988312,43.282975],[21.98828,43.283093],[21.988257,43.283156],[21.988212,43.283277],[21.98813,43.283501],[21.988007,43.283733],[21.987912,43.283914],[21.987648,43.284316],[21.987489,43.284496],[21.987453,43.284537],[21.987192,43.284756],[21.987167,43.284777],[21.986557,43.285221],[21.986446,43.285302],[21.98618,43.28549],[21.986116,43.285535],[21.985911,43.285837],[21.985714,43.286114],[21.985676,43.286168],[21.985567,43.286321],[21.98539,43.2867],[21.985384,43.286723],[21.985372,43.286767],[21.985363,43.286798],[21.985286,43.287078],[21.985278,43.287298]]},"properties":{"name":"Првокутинска"}},{"type":"Feature","geometry":{"type":"LineString","coordinates":[[21.985278,43.287298],[21.98527,43.288133],[21.985318,43.288488],[21.98537,43.288626],[21.985471,43.28889],[21.985543,43.289193],[21.985695,43.289496],[21.985943,43.289852],[21.986165,43.290108],[21.986303,43.290329],[21.986383,43.290522],[21.986431,43.29072],[21.986434,43.290755],[21.986448,43.290936],[21.986465,43.291158],[21.98647,43.291213],[21.986503,43.29164],[21.986431,43.292234],[21.98616,43.29301],[21.986146,43.293051],[21.986105,43.293172],[21.985831,43.293972],[21.985647,43.294508],[21.985567,43.294721],[21.985473,43.295016],[21.985341,43.295402],[21.985239,43.295697],[21.985064,43.296209],[21.985039,43.296281],[21.98491,43.296657],[21.984713,43.297232],[21.98471,43.297248],[21.984658,43.297397],[21.984576,43.297631],[21.984527,43.297772],[21.984511,43.297818],[21.984454,43.297981],[21.984296,43.298434],[21.984225,43.298636],[21.984209,43.298685],[21.984128,43.298916],[21.984092,43.299021],[21.983962,43.299395],[21.983885,43.299616],[21.98378,43.299917],[21.983645,43.300305],[21.983485,43.30076],[21.983411,43.300993],[21.983339,43.301214],[21.983246,43.301501],[21.983172,43.301709],[21.983134,43.301811],[21.983105,43.301903],[21.983102,43.301916],[21.983097,43.301935],[21.983066,43.302005],[21.983023,43.302083],[21.98299,43.302157],[21.982964,43.302223],[21.98295,43.302275],[21.982953,43.302318],[21.982959,43.302401],[21.982972,43.302475]]},"properties":{"name":"Заплањска"}},{"type":"Feature","geometry":{"type":"LineString","coordinates":[[21.912632,43.31718],[21.912687,43.317247]]},"properties":{"name":"Рентгенова"}}]}